T3AE8 6890:012.041   SEGGER J-Link V7.52a Log File
T3AE8 6890:012.157   DLL Compiled: Jul 28 2021 11:08:12
T3AE8 6890:012.173   Logging started @ 2026-03-10 07:17
T3AE8 6890:012.186 - 48.722ms
T3AE8 6890:015.450 JLINK_ExecCommand("Device = AT91SAM4S8B", ...). 
T3AE8 6890:015.717   Device "ATSAM4S8B" selected.
T3AE8 6890:016.001 - 0.529ms returns 0x00
T3AE8 6890:016.022 JLINK_TIF_Select(JLINKARM_TIF_SWD)
T3AE8 6890:021.636 - 5.669ms returns 0x00
T3AE8 6890:021.704 JLINK_SetSpeed(4000)
T3AE8 6890:021.768 - 0.071ms
T3AE8 6890:021.785 JLINK_ResetPullsRESET(OFF)
T3AE8 6890:021.798 - 0.019ms
T3AE8 6890:021.813 JLINK_Connect()
T3AE8 6890:022.954   Found SW-DP with ID 0x2BA01477
T3AE8 6890:025.607   DPIDR: 0x2BA01477
T3AE8 6890:025.771   Scanning AP map to find all available APs
T3AE8 6890:026.274   AP[1]: Stopped AP scan as end of AP map has been reached
T3AE8 6890:026.286   AP[0]: AHB-AP (IDR: 0x24770011)
T3AE8 6890:026.298   Iterating through AP map to find AHB-AP to use
T3AE8 6890:027.112   AP[0]: Core found
T3AE8 6890:027.124   AP[0]: AHB-AP ROM base: 0xE00FF000
T3AE8 6890:027.740   CPUID register: 0x410FC241. Implementer code: 0x41 (ARM)
T3AE8 6890:027.753   Found Cortex-M4 r0p1, Little endian.
T3AE8 6890:128.857   -- Max. mem block: 0x00002B50
T3AE8 6890:128.972   CPU_ReadMem(4 bytes @ 0xE000EDF0)
T3AE8 6890:129.368   CPU_WriteMem(4 bytes @ 0xE000EDF0)
T3AE8 6890:130.011   CPU_ReadMem(4 bytes @ 0xE0002000)
T3AE8 6890:130.310   FPUnit: 6 code (BP) slots and 2 literal slots
T3AE8 6890:130.318   CPU_ReadMem(4 bytes @ 0xE000EDFC)
T3AE8 6890:130.583   CPU_WriteMem(4 bytes @ 0xE000EDFC)
T3AE8 6890:130.881   CPU_ReadMem(4 bytes @ 0xE0001000)
T3AE8 6890:131.212   CPU_WriteMem(4 bytes @ 0xE0001000)
T3AE8 6890:131.601   CPU_ReadMem(4 bytes @ 0xE000ED88)
T3AE8 6890:132.022   CPU_WriteMem(4 bytes @ 0xE000ED88)
T3AE8 6890:132.356   CPU_ReadMem(4 bytes @ 0xE000ED88)
T3AE8 6890:132.841   CPU_WriteMem(4 bytes @ 0xE000ED88)
T3AE8 6890:133.254   CoreSight components:
T3AE8 6890:133.274   ROMTbl[0] @ E00FF000
T3AE8 6890:133.282   CPU_ReadMem(64 bytes @ 0xE00FF000)
T3AE8 6890:133.953   CPU_ReadMem(32 bytes @ 0xE000EFE0)
T3AE8 6890:134.521   ROMTbl[0][0]: E000E000, CID: B105E00D, PID: 000BB000 SCS
T3AE8 6890:134.538   CPU_ReadMem(32 bytes @ 0xE0001FE0)
T3AE8 6890:135.070   ROMTbl[0][1]: E0001000, CID: B105E00D, PID: 003BB002 DWT
T3AE8 6890:135.087   CPU_ReadMem(32 bytes @ 0xE0002FE0)
T3AE8 6890:135.683   ROMTbl[0][2]: E0002000, CID: B105E00D, PID: 002BB003 FPB
T3AE8 6890:135.700   CPU_ReadMem(32 bytes @ 0xE0000FE0)
T3AE8 6890:136.215   ROMTbl[0][3]: E0000000, CID: B105E00D, PID: 003BB001 ITM
T3AE8 6890:136.232   CPU_ReadMem(32 bytes @ 0xE0040FE0)
T3AE8 6890:136.815   ROMTbl[0][4]: E0040000, CID: B105900D, PID: 000BB9A1 TPIU
T3AE8 6890:136.835 - 115.025ms returns 0x00
T3AE8 6890:136.893 JLINK_Halt()
T3AE8 6890:139.837 - 2.955ms returns 0x00
T3AE8 6890:140.169 JLINK_BeginDownload(Flags = 0x00000000)
T3AE8 6890:140.176 - 0.009ms
T3AE8 6890:140.256 JLINK_WriteMem(0x400E0A04, 0x4 Bytes, ...)
T3AE8 6890:140.266   Data:  0B 01 00 5A
T3AE8 6890:140.495   CPU_WriteMem(4 bytes @ 0x400E0A04)
T3AE8 6890:140.836 - 0.591ms returns 0x4
T3AE8 6890:140.876 JLINK_EndDownload()
T3AE8 6890:140.882 - 0.008ms returns 0 (0x0)
T3AE8 6890:140.898 JLINK_ReadMemHW(0x400E0A08, 0x0004 Bytes, ...)
T3AE8 6890:140.906   CPU_ReadMem(4 bytes @ 0x400E0A08)
T3AE8 6890:141.216   Data:  01 00 00 00
T3AE8 6890:141.233 - 0.337ms returns 0
T3AE8 6890:141.263 JLINK_SetResetType(JLINKARM_CM3_RESET_TYPE_NORMAL)
T3AE8 6890:141.268 - 0.007ms returns JLINKARM_CM3_RESET_TYPE_NORMAL
T3AE8 6890:141.281 JLINK_Reset()
T3AE8 6890:141.599   CPU_ReadMem(16 bytes @ 0x20000000)
T3AE8 6890:142.067   CPU_WriteMem(16 bytes @ 0x20000000)
T3AE8 6890:142.515   CPU_ReadMem(4 bytes @ 0xE000EDFC)
T3AE8 6890:142.848   CPU_WriteMem(4 bytes @ 0xE000EDFC)
T3AE8 6890:143.259   CPU_ReadMem(4 bytes @ 0xE0001000)
T3AE8 6890:158.187   CPU_WriteMem(4 bytes @ 0xE000EDFC)
T3AE8 6890:158.605   CPU_WriteMem(16 bytes @ 0x20000000)
T3AE8 6890:161.843   CPU_WriteMem(4 bytes @ 0xE0002000)
T3AE8 6890:162.245   CPU_ReadMem(4 bytes @ 0xE000EDFC)
T3AE8 6890:162.541   CPU_ReadMem(4 bytes @ 0xE0001000)
T3AE8 6890:162.807 - 21.528ms
T3AE8 6890:163.589 JLINK_JTAG_GetDeviceID(DeviceIndex = 0)
T3AE8 6890:163.601 - 0.014ms returns 0
T3AE8 6890:163.608 JLINK_ReadMemU32(0x400E0740, 0x1 Items)
T3AE8 6890:163.620   CPU_ReadMem(4 bytes @ 0x400E0740)
T3AE8 6890:164.122   Data:  E0 0A 9C 28
T3AE8 6890:164.140 - 0.535ms returns 1 (0x1)
T3AE8 6890:164.171 JLINK_ReadMemU32(0x400E0744, 0x1 Items)
T3AE8 6890:164.181   CPU_ReadMem(4 bytes @ 0x400E0744)
T3AE8 6890:164.535   Data:  00 00 00 00
T3AE8 6890:164.542 - 0.373ms returns 1 (0x1)
T0BF4 6890:173.089 JLINK_IsHalted()
T0BF4 6890:173.112 - 0.025ms returns TRUE
T0BF4 6890:173.120 JLINK_GetMOEs(...)
T0BF4 6890:173.130   CPU_ReadMem(4 bytes @ 0xE000ED30)
T0BF4 6890:173.489 - 0.383ms returns 0x01
T0BF4 6890:173.512 JLINK_ReadReg(R15 (PC))
T0BF4 6890:173.520 - 0.010ms returns 0xFFFFFFFE
T3AE8 6890:175.392 JLINK_BeginDownload(Flags = 0x00000000)
T3AE8 6890:175.407 - 0.016ms
T3AE8 6890:175.418 JLINK_WriteMem(0x00400000, 0x4000 Bytes, ...)
T3AE8 6890:175.425   Data:  A0 C5 01 20 49 24 40 00 11 25 40 00 11 25 40 00 ...
T3AE8 6890:175.710   completely In flash
T3AE8 6890:175.741    -- Read from flash cache (16384 bytes @ 0x00400000)
T3AE8 6890:175.750 - 0.334ms returns 0x4000
T3AE8 6890:175.769 JLINK_WriteMem(0x00404000, 0x55FC Bytes, ...)
T3AE8 6890:175.774   Data:  12 F8 01 1D 88 42 0C D1 B3 42 F7 D1 5F 46 78 19 ...
T3AE8 6890:175.788   completely In flash
T3AE8 6890:175.824    -- Read from flash cache (22012 bytes @ 0x00404000)
T3AE8 6890:175.834 - 0.067ms returns 0x55FC
T3AE8 6890:175.956 JLINK_WriteMem(0x004095FC, 0x8 Bytes, ...)
T3AE8 6890:175.963   Data:  5C A1 FF 7F 01 00 00 00
T3AE8 6890:175.970   completely In flash
T3AE8 6890:175.977 - 0.023ms returns 0x8
T3AE8 6890:176.020 JLINK_WriteMem(0x00409604, 0x9C0 Bytes, ...)
T3AE8 6890:176.026   Data:  BF F3 5F 8F 01 38 FB D1 70 47 00 00 00 09 3D 00 ...
T3AE8 6890:176.043   completely In flash
T3AE8 6890:176.054    -- Read from flash cache (2496 bytes @ 0x00409604)
T3AE8 6890:176.061 - 0.043ms returns 0x9C0
T3AE8 6890:179.145 JLINK_EndDownload()
T3AE8 6890:179.609   CPU_ReadMem(4 bytes @ 0xE000ED90)
T3AE8 6890:179.957   CPU_ReadMem(4 bytes @ 0xE000ED94)
T3AE8 6890:180.274    -- --------------------------------------
T3AE8 6890:180.284   Flash bank @ 0x00400000: Default: L2 verify disabled because algorithm performs L1 verify
T3AE8 6890:180.291    -- Start of determining dirty areas in flash cache
T3AE8 6890:180.376    -- End of determining dirty areas
T3AE8 6890:180.384    -- Start of preparing flash programming
T3AE8 6890:180.392    -- Calculating RAM usage
T3AE8 6890:180.405    -- RAM usage = 3916 Bytes
T3AE8 6890:180.412    -- Preserving CPU registers
T3AE8 6890:180.434    -- Preparing memory
T3AE8 6890:180.441    -- Preparing target
T3AE8 6890:337.328    -- Preserving target RAM temporarily used for programming
T3AE8 6890:357.824    -- Downloading RAMCode
T3AE8 6890:374.353    -- Preparing RAMCode
T3AE8 6890:379.981    -- Checking target RAM
T3AE8 6890:381.433    -- End of preparing flash programming
T3AE8 6890:381.588   Looking for J-Link GUI Server exe at: C:\Program Files (x86)\Atmel\Studio\7.0\atbackend\JLinkGUIServer.exe
T3AE8 6890:381.632   Looking for J-Link GUI Server exe at: C:\Program Files\SEGGER\JLink_V912\JLinkGUIServer.exe
T3AE8 6890:381.657   Forking J-Link GUI Server: C:\Program Files\SEGGER\JLink_V912\JLinkGUIServer.exe
T3AE8 6890:398.250   J-Link GUI Server info: "J-Link GUI server V9.12 "
T3AE8 6890:405.905    -- CPU is running at 90000 kHz.
T3AE8 6890:405.938    -- Start of comparing flash
T3AE8 6890:405.947    -- CRC check was estimated as fastest method
T3AE8 6890:428.424    -- Comparing range 0x400000 - 0x403FFF (32 Sectors, 16 KiB), using multi-block CRC calculation
T3AE8 6890:439.489    -- CRC does not match for sectors 0-31
T3AE8 6890:439.726    -- Comparing range 0x404000 - 0x409FFF (6 Sectors, 24 KiB), using multi-block CRC calculation
T3AE8 6890:443.951    -- CRC does not match for sectors 0-5
T3AE8 6890:443.976    -- End of comparing flash
T3AE8 6890:443.984    -- Start of erasing sectors
T3AE8 6890:443.992    -- End of erasing sectors
T3AE8 6890:443.999    -- Start of flash programming
T3AE8 6890:444.008    -- Programming range 0x00400000 - 0x00403FFF ( 32 Sectors, 16 KB)
T3AE8 6890:564.527    -- Programming range 0x00404000 - 0x00409FFF (  6 Sectors, 24 KB)
T3AE8 6890:764.367    -- End of flash programming
T3AE8 6890:764.395    -- 0x400000 - 0x403FFF ( 32 Sectors, 16 KoB)
T3AE8 6890:764.403    -- 0x404000 - 0x409FFF (  6 Sectors, 24 KoB)
T3AE8 6890:764.412    -- Start of restoring
T3AE8 6890:764.420    -- Restoring RAMCode
T3AE8 6890:778.174    -- Restoring target memory
T3AE8 6890:797.681    -- Restore target
T3AE8 6890:849.114    -- Restore memory
T3AE8 6890:849.146    -- Restoring CPU registers
T3AE8 6890:849.163    -- End of restoring
T3AE8 6890:849.211    -- Bank 0 @ 0x00400000: 2 ranges affected (40960 bytes)
T3AE8 6890:849.224    -- Total: 0.668s (Prepare: 0.225s, Compare: 0.038s, Erase: 0.000s, Program & Verify: 0.330s, Restore: 0.074s)
T3AE8 6890:849.235    -- Program & Verify speed: 121 KiB/s
T3AE8 6890:854.617 - 675.510ms returns 40960 (0xA000)
T3AE8 6890:855.151 JLINK_SetResetType(JLINKARM_CM3_RESET_TYPE_NORMAL)
T3AE8 6890:855.161 - 0.013ms returns JLINKARM_CM3_RESET_TYPE_NORMAL
T3AE8 6890:855.168 JLINK_Reset()
T3AE8 6890:855.545   CPU_ReadMem(16 bytes @ 0x20000000)
T3AE8 6890:855.987   CPU_WriteMem(16 bytes @ 0x20000000)
T3AE8 6890:856.418   CPU_ReadMem(4 bytes @ 0xE000EDFC)
T3AE8 6890:856.721   CPU_WriteMem(4 bytes @ 0xE000EDFC)
T3AE8 6890:857.042   CPU_ReadMem(4 bytes @ 0xE0001000)
T3AE8 6890:873.636   CPU_WriteMem(4 bytes @ 0xE000EDFC)
T3AE8 6890:873.947   CPU_WriteMem(16 bytes @ 0x20000000)
T3AE8 6890:877.070   CPU_WriteMem(4 bytes @ 0xE0002000)
T3AE8 6890:877.378   CPU_ReadMem(4 bytes @ 0xE000EDFC)
T3AE8 6890:877.634   CPU_ReadMem(4 bytes @ 0xE0001000)
T3AE8 6890:877.888 - 22.722ms
T0BF4 6890:977.282 JLINK_IsHalted()
T0BF4 6890:977.317 - 0.037ms returns TRUE
T47E8 6890:985.067 JLINK_Halt()
T47E8 6890:985.085 - 0.020ms returns 0x00
T47E8 6890:985.102 JLINK_ReadReg(R15 (PC))
T47E8 6890:985.110 - 0.010ms returns 0x00402448
T47E8 6890:985.119 JLINK_ReadReg(R13 (SP))
T47E8 6890:985.124 - 0.007ms returns 0x2001C5A0
T47E8 6890:990.008 JLINK_ReadMemHW(0x00402448, 0x0004 Bytes, ...)
T47E8 6890:990.026   CPU_ReadMem(4 bytes @ 0x00402448)
T47E8 6890:990.319   Data:  80 B5 84 B0
T47E8 6890:990.336 - 0.332ms returns 0
T47E8 6890:990.490 JLINK_ReadReg(R0)
T47E8 6890:990.506 - 0.026ms returns 0x400E1400
T47E8 6890:990.518 JLINK_ReadReg(R1)
T47E8 6890:990.527 - 0.012ms returns 0x40C00000
T47E8 6890:990.538 JLINK_ReadReg(R2)
T47E8 6890:990.545 - 0.010ms returns 0xA5000005
T47E8 6890:990.555 JLINK_ReadReg(R3)
T47E8 6890:990.563 - 0.010ms returns 0x00000001
T47E8 6890:990.573 JLINK_ReadReg(R4)
T47E8 6890:990.581 - 0.010ms returns 0x00000000
T47E8 6890:990.591 JLINK_ReadReg(R5)
T47E8 6890:990.599 - 0.010ms returns 0x4A9AA6AF
T47E8 6890:990.609 JLINK_ReadReg(R6)
T47E8 6890:990.616 - 0.010ms returns 0x00000032
T47E8 6890:990.627 JLINK_ReadReg(R7)
T47E8 6890:990.634 - 0.010ms returns 0x2001C4F0
T47E8 6890:990.645 JLINK_ReadReg(R8)
T47E8 6890:990.652 - 0.010ms returns 0x1E39B400
T47E8 6890:990.663 JLINK_ReadReg(R9)
T47E8 6890:990.670 - 0.010ms returns 0x00000003
T47E8 6890:990.680 JLINK_ReadReg(R10)
T47E8 6890:990.688 - 0.010ms returns 0x92A69C00
T47E8 6890:990.698 JLINK_ReadReg(R11)
T47E8 6890:990.705 - 0.010ms returns 0x0000000C
T47E8 6890:990.716 JLINK_ReadReg(R12)
T47E8 6890:990.723 - 0.010ms returns 0x004092C3
T47E8 6890:990.733 JLINK_ReadReg(R13 (SP))
T47E8 6890:990.741 - 0.011ms returns 0x2001C5A0
T47E8 6890:990.751 JLINK_ReadReg(R14)
T47E8 6890:990.759 - 0.010ms returns 0xFFFFFFFF
T47E8 6890:990.769 JLINK_ReadReg(R15 (PC))
T47E8 6890:990.776 - 0.010ms returns 0x00402448
T47E8 6890:990.794 JLINK_ReadReg(XPSR)
T47E8 6890:990.801 - 0.010ms returns 0x01000000
T47E8 6890:990.818 JLINK_ReadReg(MSP)
T47E8 6890:990.828 - 0.013ms returns 0x2001C5A0
T47E8 6890:990.838 JLINK_ReadReg(PSP)
T47E8 6890:990.846 - 0.010ms returns 0xBC04212C
T47E8 6890:990.856 JLINK_ReadReg(PRIMASK)
T47E8 6890:990.863 - 0.010ms returns 0x00000000
T47E8 6890:990.874 JLINK_ReadReg(BASEPRI)
T47E8 6890:990.881 - 0.011ms returns 0x00000000
T47E8 6890:990.892 JLINK_ReadReg(FAULTMASK)
T47E8 6890:990.899 - 0.010ms returns 0x00000000
T47E8 6890:990.910 JLINK_ReadReg(CONTROL)
T47E8 6890:990.917 - 0.010ms returns 0x00000000
T47E8 6890:991.226 JLINK_ReadMemHW(0x00402448, 0x0002 Bytes, ...)
T47E8 6890:991.245   CPU_ReadMem(2 bytes @ 0x00402448)
T47E8 6890:991.582   Data:  80 B5
T47E8 6890:991.599 - 0.375ms returns 0
T47E8 6891:028.755 JLINK_ReadReg(R0)
T47E8 6891:028.782 - 0.029ms returns 0x400E1400
T47E8 6891:028.792 JLINK_ReadReg(R1)
T47E8 6891:028.798 - 0.008ms returns 0x40C00000
T47E8 6891:028.805 JLINK_ReadReg(R2)
T47E8 6891:028.810 - 0.007ms returns 0xA5000005
T47E8 6891:028.817 JLINK_ReadReg(R3)
T47E8 6891:028.822 - 0.006ms returns 0x00000001
T47E8 6891:028.828 JLINK_ReadReg(R4)
T47E8 6891:028.852 - 0.030ms returns 0x00000000
T47E8 6891:028.873 JLINK_ReadReg(R5)
T47E8 6891:028.879 - 0.008ms returns 0x4A9AA6AF
T47E8 6891:028.886 JLINK_ReadReg(R6)
T47E8 6891:028.891 - 0.007ms returns 0x00000032
T47E8 6891:028.898 JLINK_ReadReg(R7)
T47E8 6891:028.902 - 0.006ms returns 0x2001C4F0
T47E8 6891:028.909 JLINK_ReadReg(R8)
T47E8 6891:028.914 - 0.007ms returns 0x1E39B400
T47E8 6891:028.921 JLINK_ReadReg(R9)
T47E8 6891:028.925 - 0.006ms returns 0x00000003
T47E8 6891:028.932 JLINK_ReadReg(R10)
T47E8 6891:028.937 - 0.006ms returns 0x92A69C00
T47E8 6891:028.943 JLINK_ReadReg(R11)
T47E8 6891:028.948 - 0.007ms returns 0x0000000C
T47E8 6891:028.955 JLINK_ReadReg(R12)
T47E8 6891:028.960 - 0.006ms returns 0x004092C3
T47E8 6891:028.966 JLINK_ReadReg(R13 (SP))
T47E8 6891:028.972 - 0.007ms returns 0x2001C5A0
T47E8 6891:028.978 JLINK_ReadReg(R14)
T47E8 6891:028.983 - 0.006ms returns 0xFFFFFFFF
T47E8 6891:028.989 JLINK_ReadReg(R15 (PC))
T47E8 6891:028.994 - 0.007ms returns 0x00402448
T47E8 6891:029.008 JLINK_ReadReg(XPSR)
T47E8 6891:029.012 - 0.007ms returns 0x01000000
T47E8 6891:029.019 JLINK_ReadReg(MSP)
T47E8 6891:029.024 - 0.006ms returns 0x2001C5A0
T47E8 6891:029.030 JLINK_ReadReg(PSP)
T47E8 6891:029.035 - 0.006ms returns 0xBC04212C
T47E8 6891:029.042 JLINK_ReadReg(PRIMASK)
T47E8 6891:029.046 - 0.007ms returns 0x00000000
T47E8 6891:029.053 JLINK_ReadReg(BASEPRI)
T47E8 6891:029.058 - 0.006ms returns 0x00000000
T47E8 6891:029.065 JLINK_ReadReg(FAULTMASK)
T47E8 6891:029.069 - 0.006ms returns 0x00000000
T47E8 6891:029.076 JLINK_ReadReg(CONTROL)
T47E8 6891:029.081 - 0.006ms returns 0x00000000
T47E8 6891:034.254 JLINK_ReadMemHW(0x00402448, 0x0004 Bytes, ...)
T47E8 6891:034.299   CPU_ReadMem(4 bytes @ 0x00402448)
T47E8 6891:034.622   Data:  80 B5 84 B0
T47E8 6891:034.639 - 0.388ms returns 0
T47E8 6891:047.389 JLINK_ReadMemHW(0x0040311C, 0x0002 Bytes, ...)
T47E8 6891:047.443   CPU_ReadMem(2 bytes @ 0x0040311C)
T47E8 6891:047.835   Data:  91 4B
T47E8 6891:047.850 - 0.464ms returns 0
T47E8 6891:048.080 JLINK_ReadMemHW(0x00403364, 0x0004 Bytes, ...)
T47E8 6891:048.095   CPU_ReadMem(4 bytes @ 0x00403364)
T47E8 6891:048.427   Data:  E5 12 40 00
T47E8 6891:048.437 - 0.358ms returns 0
T47E8 6891:049.008 JLINK_ReadMemHW(0x004032F0, 0x0002 Bytes, ...)
T47E8 6891:049.016   CPU_ReadMem(2 bytes @ 0x004032F0)
T47E8 6891:049.283   Data:  00 23
T47E8 6891:049.290 - 0.285ms returns 0
T3AE8 6891:068.227 JLINK_GetNumBPUnits(Type = 0xFFFFFF02)
T3AE8 6891:068.269 - 0.045ms returns 0x06
T3AE8 6891:068.276 JLINK_SetBPEx(Addr = 0x004032F0, Type = 0xFFFFFFF2)
T3AE8 6891:068.286 - 0.011ms returns 0x00000001
T3AE8 6891:068.292 JLINK_GetBPInfo(BPHandle = 1)
T3AE8 6891:068.297 - 0.007ms returns 0x0
T47E8 6891:079.076 JLINK_ReadMemHW(0x0040311C, 0x0002 Bytes, ...)
T47E8 6891:079.121   CPU_ReadMem(2 bytes @ 0x0040311C)
T47E8 6891:079.550   Data:  91 4B
T47E8 6891:079.570 - 0.611ms returns 0
T47E8 6891:079.995 JLINK_ReadMemHW(0x00403364, 0x0004 Bytes, ...)
T47E8 6891:080.030   CPU_ReadMem(4 bytes @ 0x00403364)
T47E8 6891:080.364   Data:  E5 12 40 00
T47E8 6891:080.386 - 0.394ms returns 0
T47E8 6891:080.667 JLINK_ReadMemHW(0x00403578, 0x0002 Bytes, ...)
T47E8 6891:080.683   CPU_ReadMem(2 bytes @ 0x00403578)
T47E8 6891:081.048   Data:  00 21
T47E8 6891:081.059 - 0.394ms returns 0
T3AE8 6891:083.523 JLINK_SetBPEx(Addr = 0x00403578, Type = 0xFFFFFFF2)
T3AE8 6891:083.537 - 0.017ms returns 0x00000002
T3AE8 6891:083.544 JLINK_GetBPInfo(BPHandle = 2)
T3AE8 6891:083.549 - 0.007ms returns 0x0
T47E8 6891:095.570 JLINK_SetResetType(JLINKARM_CM3_RESET_TYPE_NORMAL)
T47E8 6891:095.584 - 0.016ms returns JLINKARM_CM3_RESET_TYPE_NORMAL
T47E8 6891:095.591 JLINK_Reset()
T47E8 6891:095.611   CPU_ReadMem(16 bytes @ 0x20000000)
T47E8 6891:096.030   CPU_WriteMem(16 bytes @ 0x20000000)
T47E8 6891:096.438   CPU_ReadMem(4 bytes @ 0xE000EDFC)
T47E8 6891:096.747   CPU_WriteMem(4 bytes @ 0xE000EDFC)
T47E8 6891:097.094   CPU_ReadMem(4 bytes @ 0xE0001000)
T47E8 6891:097.554   CPU_WriteMem(4 bytes @ 0xE0001004)
T47E8 6891:112.957   CPU_WriteMem(4 bytes @ 0xE000EDFC)
T47E8 6891:113.411   CPU_WriteMem(16 bytes @ 0x20000000)
T47E8 6891:117.134   CPU_WriteMem(4 bytes @ 0xE0002000)
T47E8 6891:117.639   CPU_ReadMem(4 bytes @ 0xE000EDFC)
T47E8 6891:118.091   CPU_ReadMem(4 bytes @ 0xE0001000)
T47E8 6891:118.547 - 22.966ms
T0BF4 6891:118.896 JLINK_IsHalted()
T0BF4 6891:118.912 - 0.018ms returns TRUE
T0BF4 6891:118.920 JLINK_GetMOEs(...)
T0BF4 6891:118.927   CPU_ReadMem(4 bytes @ 0xE000ED30)
T0BF4 6891:119.297 - 0.389ms returns 0x01
T0BF4 6891:119.316 JLINK_ReadReg(R15 (PC))
T0BF4 6891:119.323 - 0.009ms returns 0x00402448
T47E8 6891:129.300 JLINK_ReadReg(R15 (PC))
T47E8 6891:129.322 - 0.025ms returns 0x00402448
T47E8 6891:129.332 JLINK_ReadReg(R13 (SP))
T47E8 6891:129.337 - 0.007ms returns 0x2001C5A0
T47E8 6891:129.605 JLINK_ReadMemHW(0x00402448, 0x0004 Bytes, ...)
T47E8 6891:129.630   CPU_ReadMem(4 bytes @ 0x00402448)
T47E8 6891:129.935   Data:  80 B5 84 B0
T47E8 6891:129.944 - 0.341ms returns 0
T47E8 6891:174.328 JLINK_ReadMemHW(0x00403114, 0x0001 Bytes, ...)
T47E8 6891:174.361   CPU_ReadMem(1 bytes @ 0x00403114)
T47E8 6891:174.686   Data:  2D
T47E8 6891:174.703 - 0.377ms returns 0
T47E8 6891:238.046 JLINK_ReadReg(R15 (PC))
T47E8 6891:238.068 - 0.024ms returns 0x00402448
T47E8 6891:238.138 JLINK_SetBPEx(Addr = 0x00403114, Type = 0xFFFFFFF2)
T47E8 6891:238.146 - 0.009ms returns 0x00000003
T47E8 6891:238.152 JLINK_GetBPInfo(BPHandle = 3)
T47E8 6891:238.157 - 0.007ms returns 0x0
T47E8 6891:238.219 JLINK_Go()
T47E8 6891:238.234   CPU_WriteMem(4 bytes @ 0xE0002000)
T47E8 6891:238.562   CPU_WriteMem(4 bytes @ 0xE0002000)
T47E8 6891:238.984   CPU_WriteMem(4 bytes @ 0xE0002000)
T47E8 6891:239.378   CPU_ReadMem(4 bytes @ 0xE0001000)
T47E8 6891:239.716   CPU_WriteMem(4 bytes @ 0xE000ED30)
T47E8 6891:240.086   CPU_WriteMem(4 bytes @ 0xE0002008)
T47E8 6891:240.104   CPU_WriteMem(4 bytes @ 0xE000200C)
T47E8 6891:240.111   CPU_WriteMem(4 bytes @ 0xE0002010)
T47E8 6891:240.117   CPU_WriteMem(4 bytes @ 0xE0002014)
T47E8 6891:240.124   CPU_WriteMem(4 bytes @ 0xE0002018)
T47E8 6891:240.131   CPU_WriteMem(4 bytes @ 0xE000201C)
T47E8 6891:241.548   CPU_WriteMem(4 bytes @ 0xE0001004)
T47E8 6891:242.469 - 4.262ms
T0BF4 6891:242.500 JLINK_IsHalted()
T0BF4 6891:242.860 - 0.371ms returns FALSE
T0BF4 6891:262.706 JLINK_IsHalted()
T0BF4 6891:263.227 - 0.534ms returns FALSE
T0BF4 6891:343.981 JLINK_IsHalted()
T0BF4 6891:346.919 - 2.960ms returns TRUE
T0BF4 6891:346.950 JLINK_GetMOEs(...)
T0BF4 6891:346.959   CPU_ReadMem(4 bytes @ 0xE000ED30)
T0BF4 6891:347.273 - 0.334ms returns 0x01
T0BF4 6891:347.292 JLINK_ReadReg(R15 (PC))
T0BF4 6891:347.299 - 0.009ms returns 0x00403114
T47E8 6891:348.035 JLINK_ReadReg(R15 (PC))
T47E8 6891:348.044 - 0.011ms returns 0x00403114
T47E8 6891:348.052 JLINK_ReadReg(R13 (SP))
T47E8 6891:348.057 - 0.007ms returns 0x2001C588
T47E8 6891:348.516 JLINK_ReadMemHW(0x00403114, 0x0004 Bytes, ...)
T47E8 6891:348.537   CPU_ReadMem(4 bytes @ 0x00403114)
T47E8 6891:348.856   Data:  2D E9 F0 4F
T47E8 6891:348.872 - 0.358ms returns 0
T47E8 6891:395.360 JLINK_WriteU32_64(0xE000EDFC, 0x01000000)
T47E8 6891:395.379   Debug reg: DEMCR
T47E8 6891:395.674   CPU_WriteMem(4 bytes @ 0xE000EDFC)
T47E8 6891:396.025 - 0.688ms returns 0 (0x00000000)
T47E8 6891:396.061 JLINK_ReadMem(0xE0001000, 0x4 Bytes, ...)
T47E8 6891:396.080   CPU_ReadMem(4 bytes @ 0xE0001000)
T47E8 6891:396.380   Data:  01 00 00 40
T47E8 6891:396.398   Debug reg: DWT_CTRL
T47E8 6891:396.405 - 0.346ms returns 0
T47E8 6891:396.453 JLINK_WriteU32_64(0xE0001000, 0x40000001)
T47E8 6891:396.458   Debug reg: DWT_CTRL
T47E8 6891:396.470 - 0.019ms returns 0 (0x00000000)
T47E8 6891:396.481 JLINK_WriteU32_64(0xE0001028, 0x00000100)
T47E8 6891:396.487   Debug reg: DWT_FUNC[0]
T47E8 6891:396.495 - 0.015ms returns 0 (0x00000000)
T47E8 6891:396.501 JLINK_ReadMem(0xE0001028, 0x4 Bytes, ...)
T47E8 6891:396.508   CPU_WriteMem(4 bytes @ 0xE0001028)
T47E8 6891:396.831   CPU_ReadMem(4 bytes @ 0xE0001028)
T47E8 6891:397.108   Data:  00 00 00 00
T47E8 6891:397.117   Debug reg: DWT_FUNC[0]
T47E8 6891:397.123 - 0.624ms returns 0
T47E8 6891:397.145 JLINK_WriteU32_64(0xE0001024, 0x0000001F)
T47E8 6891:397.150   Debug reg: DWT_MASK[0]
T47E8 6891:397.160 - 0.017ms returns 0 (0x00000000)
T47E8 6891:397.166 JLINK_ReadMem(0xE0001024, 0x4 Bytes, ...)
T47E8 6891:397.172   CPU_WriteMem(4 bytes @ 0xE0001024)
T47E8 6891:397.530   CPU_ReadMem(4 bytes @ 0xE0001024)
T47E8 6891:397.798   Data:  0F 00 00 00
T47E8 6891:397.809   Debug reg: DWT_MASK[0]
T47E8 6891:397.815 - 0.650ms returns 0
T47E8 6891:397.841 JLINK_WriteU32_64(0xE0001038, 0x00000100)
T47E8 6891:397.845   Debug reg: DWT_FUNC[1]
T47E8 6891:397.854 - 0.015ms returns 0 (0x00000000)
T47E8 6891:397.859 JLINK_ReadMem(0xE0001038, 0x4 Bytes, ...)
T47E8 6891:397.865   CPU_WriteMem(4 bytes @ 0xE0001038)
T47E8 6891:398.154   CPU_ReadMem(4 bytes @ 0xE0001038)
T47E8 6891:398.416   Data:  00 03 00 00
T47E8 6891:398.422   Debug reg: DWT_FUNC[1]
T47E8 6891:398.428 - 0.570ms returns 0
T47E8 6891:398.451 JLINK_WriteU32_64(0xE0001034, 0x0000001F)
T47E8 6891:398.456   Debug reg: DWT_MASK[1]
T47E8 6891:398.465 - 0.015ms returns 0 (0x00000000)
T47E8 6891:398.470 JLINK_ReadMem(0xE0001034, 0x4 Bytes, ...)
T47E8 6891:398.475   CPU_WriteMem(4 bytes @ 0xE0001034)
T47E8 6891:398.758   CPU_ReadMem(4 bytes @ 0xE0001034)
T47E8 6891:399.005   Data:  0F 00 00 00
T47E8 6891:399.011   Debug reg: DWT_MASK[1]
T47E8 6891:399.016 - 0.548ms returns 0
T47E8 6891:399.031 JLINK_WriteU32_64(0xE0001048, 0x00000100)
T47E8 6891:399.036   Debug reg: DWT_FUNC[2]
T47E8 6891:399.043 - 0.013ms returns 0 (0x00000000)
T47E8 6891:399.047 JLINK_ReadMem(0xE0001048, 0x4 Bytes, ...)
T47E8 6891:399.052   CPU_WriteMem(4 bytes @ 0xE0001048)
T47E8 6891:399.323   CPU_ReadMem(4 bytes @ 0xE0001048)
T47E8 6891:399.578   Data:  00 00 00 00
T47E8 6891:399.584   Debug reg: DWT_FUNC[2]
T47E8 6891:399.589 - 0.543ms returns 0
T47E8 6891:399.602 JLINK_WriteU32_64(0xE0001044, 0x0000001F)
T47E8 6891:399.606   Debug reg: DWT_MASK[2]
T47E8 6891:399.613 - 0.012ms returns 0 (0x00000000)
T47E8 6891:399.618 JLINK_ReadMem(0xE0001044, 0x4 Bytes, ...)
T47E8 6891:399.622   CPU_WriteMem(4 bytes @ 0xE0001044)
T47E8 6891:399.964   CPU_ReadMem(4 bytes @ 0xE0001044)
T47E8 6891:400.276   Data:  0F 00 00 00
T47E8 6891:400.291   Debug reg: DWT_MASK[2]
T47E8 6891:400.297 - 0.681ms returns 0
T47E8 6891:400.543 JLINK_WriteU32_64(0xE0001058, 0x00000100)
T47E8 6891:400.548   Debug reg: DWT_FUNC[3]
T47E8 6891:400.556 - 0.015ms returns 0 (0x00000000)
T47E8 6891:400.562 JLINK_ReadMem(0xE0001058, 0x4 Bytes, ...)
T47E8 6891:400.567   CPU_WriteMem(4 bytes @ 0xE0001058)
T47E8 6891:400.844   CPU_ReadMem(4 bytes @ 0xE0001058)
T47E8 6891:401.088   Data:  00 00 00 00
T47E8 6891:401.094   Debug reg: DWT_FUNC[3]
T47E8 6891:401.099 - 0.539ms returns 0
T47E8 6891:401.117 JLINK_WriteU32_64(0xE0001054, 0x0000001F)
T47E8 6891:401.122   Debug reg: DWT_MASK[3]
T47E8 6891:401.137 - 0.021ms returns 0 (0x00000000)
T47E8 6891:401.142 JLINK_ReadMem(0xE0001054, 0x4 Bytes, ...)
T47E8 6891:401.147   CPU_WriteMem(4 bytes @ 0xE0001054)
T47E8 6891:401.423   CPU_ReadMem(4 bytes @ 0xE0001054)
T47E8 6891:401.735   Data:  0F 00 00 00
T47E8 6891:401.741   Debug reg: DWT_MASK[3]
T47E8 6891:401.747 - 0.607ms returns 0
T47E8 6891:401.770 JLINK_WriteU32_64(0xE0001020, 0x00000000)
T47E8 6891:401.778   Debug reg: DWT_COMP[0]
T47E8 6891:401.785 - 0.017ms returns 0 (0x00000000)
T47E8 6891:401.817 JLINK_WriteU32_64(0xE0001024, 0x00000000)
T47E8 6891:401.821   Debug reg: DWT_MASK[0]
T47E8 6891:401.827 - 0.011ms returns 0 (0x00000000)
T47E8 6891:401.834 JLINK_WriteU32_64(0xE0001028, 0x00000000)
T47E8 6891:401.838   Debug reg: DWT_FUNC[0]
T47E8 6891:401.844 - 0.011ms returns 0 (0x00000000)
T47E8 6891:401.851 JLINK_WriteU32_64(0xE0001030, 0x00000000)
T47E8 6891:401.855   Debug reg: DWT_COMP[1]
T47E8 6891:401.861 - 0.011ms returns 0 (0x00000000)
T47E8 6891:401.868 JLINK_WriteU32_64(0xE0001034, 0x00000000)
T47E8 6891:401.872   Debug reg: DWT_MASK[1]
T47E8 6891:401.878 - 0.011ms returns 0 (0x00000000)
T47E8 6891:401.886 JLINK_WriteU32_64(0xE0001038, 0x00000000)
T47E8 6891:401.889   Debug reg: DWT_FUNC[1]
T47E8 6891:401.895 - 0.011ms returns 0 (0x00000000)
T47E8 6891:401.902 JLINK_WriteU32_64(0xE0001040, 0x00000000)
T47E8 6891:401.906   Debug reg: DWT_COMP[2]
T47E8 6891:401.912 - 0.011ms returns 0 (0x00000000)
T47E8 6891:401.919 JLINK_WriteU32_64(0xE0001044, 0x00000000)
T47E8 6891:401.923   Debug reg: DWT_MASK[2]
T47E8 6891:401.929 - 0.011ms returns 0 (0x00000000)
T47E8 6891:401.936 JLINK_WriteU32_64(0xE0001048, 0x00000000)
T47E8 6891:401.940   Debug reg: DWT_FUNC[2]
T47E8 6891:401.946 - 0.011ms returns 0 (0x00000000)
T47E8 6891:401.953 JLINK_WriteU32_64(0xE0001050, 0x00000000)
T47E8 6891:401.958   Debug reg: DWT_COMP[3]
T47E8 6891:401.966 - 0.015ms returns 0 (0x00000000)
T47E8 6891:401.974 JLINK_WriteU32_64(0xE0001054, 0x00000000)
T47E8 6891:401.978   Debug reg: DWT_MASK[3]
T47E8 6891:401.984 - 0.012ms returns 0 (0x00000000)
T47E8 6891:401.992 JLINK_WriteU32_64(0xE0001058, 0x00000000)
T47E8 6891:401.996   Debug reg: DWT_FUNC[3]
T47E8 6891:402.002 - 0.012ms returns 0 (0x00000000)
T47E8 6891:402.008 JLINK_GetBPInfo(BPHandle = 3)
T47E8 6891:402.012 - 0.006ms returns 0x0
T47E8 6891:402.017 JLINK_ClrBPEx(BPHandle = 0x00000003)
T47E8 6891:402.033 - 0.019ms returns 0x00
T47E8 6891:402.058 JLINK_ReadReg(R15 (PC))
T47E8 6891:402.075 - 0.019ms returns 0x00403114
T47E8 6891:402.186 JLINK_Go()
T47E8 6891:402.195   CPU_WriteMem(4 bytes @ 0xE0002000)
T47E8 6891:402.655   CPU_WriteMem(4 bytes @ 0xE0002000)
T47E8 6891:403.052   CPU_WriteMem(4 bytes @ 0xE0001000)
T47E8 6891:403.479   CPU_ReadMem(4 bytes @ 0xE0001000)
T47E8 6891:403.906   CPU_WriteMem(4 bytes @ 0xE000ED30)
T47E8 6891:404.241   CPU_WriteMem(4 bytes @ 0xE0001020)
T47E8 6891:404.250   CPU_WriteMem(4 bytes @ 0xE0001030)
T47E8 6891:404.257   CPU_WriteMem(4 bytes @ 0xE0001040)
T47E8 6891:404.263   CPU_WriteMem(4 bytes @ 0xE0001050)
T47E8 6891:404.270   CPU_WriteMem(4 bytes @ 0xE0001024)
T47E8 6891:404.276   CPU_WriteMem(4 bytes @ 0xE0001034)
T47E8 6891:404.282   CPU_WriteMem(4 bytes @ 0xE0001044)
T47E8 6891:404.289   CPU_WriteMem(4 bytes @ 0xE0001054)
T47E8 6891:404.295   CPU_WriteMem(4 bytes @ 0xE0001028)
T47E8 6891:404.302   CPU_WriteMem(4 bytes @ 0xE0001038)
T47E8 6891:404.308   CPU_WriteMem(4 bytes @ 0xE0001048)
T47E8 6891:404.314   CPU_WriteMem(4 bytes @ 0xE0001058)
T47E8 6891:404.321   CPU_WriteMem(4 bytes @ 0xE0002010)
T47E8 6891:407.840 - 5.666ms
T0BF4 6891:407.863 JLINK_IsHalted()
T0BF4 6891:408.128 - 0.268ms returns FALSE
T0BF4 6891:449.217 JLINK_IsHalted()
T0BF4 6891:449.678 - 0.472ms returns FALSE
T0BF4 6891:609.556 JLINK_IsHalted()
T0BF4 6891:609.911 - 0.371ms returns FALSE
T0BF4 6891:810.745 JLINK_IsHalted()
T0BF4 6891:811.252 - 0.517ms returns FALSE
T0BF4 6892:012.312 JLINK_IsHalted()
T0BF4 6892:012.673 - 0.372ms returns FALSE
T0BF4 6892:212.649 JLINK_IsHalted()
T0BF4 6892:213.043 - 0.403ms returns FALSE
T0BF4 6892:413.985 JLINK_IsHalted()
T0BF4 6892:414.418 - 0.445ms returns FALSE
T0BF4 6892:614.320 JLINK_IsHalted()
T0BF4 6892:614.824 - 0.513ms returns FALSE
T0BF4 6892:818.164 JLINK_IsHalted()
T0BF4 6892:818.750 - 0.596ms returns FALSE
T0BF4 6893:018.713 JLINK_IsHalted()
T0BF4 6893:019.152 - 0.449ms returns FALSE
T0BF4 6893:219.201 JLINK_IsHalted()
T0BF4 6893:219.686 - 0.496ms returns FALSE
T0BF4 6893:419.671 JLINK_IsHalted()
T0BF4 6893:420.154 - 0.492ms returns FALSE
T0BF4 6893:620.921 JLINK_IsHalted()
T0BF4 6893:621.416 - 0.504ms returns FALSE
T0BF4 6893:822.222 JLINK_IsHalted()
T0BF4 6893:822.679 - 0.467ms returns FALSE
T0BF4 6894:022.947 JLINK_IsHalted()
T0BF4 6894:023.470 - 0.534ms returns FALSE
T0BF4 6894:223.927 JLINK_IsHalted()
T0BF4 6894:224.379 - 0.462ms returns FALSE
T0BF4 6894:424.290 JLINK_IsHalted()
T0BF4 6894:424.771 - 0.490ms returns FALSE
T0BF4 6894:626.856 JLINK_IsHalted()
T0BF4 6894:629.813 - 2.966ms returns TRUE
T0BF4 6894:629.828 JLINK_GetMOEs(...)
T0BF4 6894:629.836   CPU_ReadMem(4 bytes @ 0xE000ED30)
T0BF4 6894:630.203 - 0.384ms returns 0x01
T0BF4 6894:630.218 JLINK_ReadReg(R15 (PC))
T0BF4 6894:630.224 - 0.008ms returns 0x004032F0
T47E8 6894:639.723 JLINK_ReadReg(R15 (PC))
T47E8 6894:639.749 - 0.029ms returns 0x004032F0
T47E8 6894:639.757 JLINK_ReadReg(R13 (SP))
T47E8 6894:639.762 - 0.006ms returns 0x2001C4F0
T47E8 6894:640.321 JLINK_ReadMemHW(0x004032F0, 0x0004 Bytes, ...)
T47E8 6894:640.339   CPU_ReadMem(4 bytes @ 0x004032F0)
T47E8 6894:640.638   Data:  00 23 87 F8
T47E8 6894:640.660 - 0.341ms returns 0
T47E8 6894:640.874 JLINK_ReadReg(R0)
T47E8 6894:640.887 - 0.015ms returns 0x00000000
T47E8 6894:640.895 JLINK_ReadReg(R1)
T47E8 6894:640.900 - 0.007ms returns 0x00000000
T47E8 6894:640.908 JLINK_ReadReg(R2)
T47E8 6894:640.913 - 0.007ms returns 0x200009E5
T47E8 6894:640.920 JLINK_ReadReg(R3)
T47E8 6894:640.924 - 0.007ms returns 0x00000000
T47E8 6894:640.931 JLINK_ReadReg(R4)
T47E8 6894:640.936 - 0.007ms returns 0x00000000
T47E8 6894:640.942 JLINK_ReadReg(R5)
T47E8 6894:640.947 - 0.007ms returns 0x4A9AA6AF
T47E8 6894:640.954 JLINK_ReadReg(R6)
T47E8 6894:640.958 - 0.007ms returns 0x00000032
T47E8 6894:640.965 JLINK_ReadReg(R7)
T47E8 6894:640.970 - 0.007ms returns 0x2001C4F0
T47E8 6894:640.976 JLINK_ReadReg(R8)
T47E8 6894:640.981 - 0.007ms returns 0x1E39B400
T47E8 6894:640.988 JLINK_ReadReg(R9)
T47E8 6894:640.993 - 0.006ms returns 0x00000003
T47E8 6894:640.999 JLINK_ReadReg(R10)
T47E8 6894:641.004 - 0.007ms returns 0x92A69C00
T47E8 6894:641.011 JLINK_ReadReg(R11)
T47E8 6894:641.015 - 0.006ms returns 0x0000000C
T47E8 6894:641.022 JLINK_ReadReg(R12)
T47E8 6894:641.027 - 0.007ms returns 0x00005C2A
T47E8 6894:641.034 JLINK_ReadReg(R13 (SP))
T47E8 6894:641.039 - 0.007ms returns 0x2001C4F0
T47E8 6894:641.045 JLINK_ReadReg(R14)
T47E8 6894:641.050 - 0.006ms returns 0x004032EB
T47E8 6894:641.056 JLINK_ReadReg(R15 (PC))
T47E8 6894:641.061 - 0.007ms returns 0x004032F0
T47E8 6894:641.075 JLINK_ReadReg(XPSR)
T47E8 6894:641.080 - 0.007ms returns 0x61000000
T47E8 6894:641.086 JLINK_ReadReg(MSP)
T47E8 6894:641.091 - 0.007ms returns 0x2001C4F0
T47E8 6894:641.098 JLINK_ReadReg(PSP)
T47E8 6894:641.103 - 0.006ms returns 0xBC04212C
T47E8 6894:641.109 JLINK_ReadReg(PRIMASK)
T47E8 6894:641.114 - 0.007ms returns 0x00000000
T47E8 6894:641.121 JLINK_ReadReg(BASEPRI)
T47E8 6894:641.126 - 0.007ms returns 0x00000000
T47E8 6894:641.133 JLINK_ReadReg(FAULTMASK)
T47E8 6894:641.137 - 0.006ms returns 0x00000000
T47E8 6894:641.144 JLINK_ReadReg(CONTROL)
T47E8 6894:641.149 - 0.007ms returns 0x00000000
T3AE8 6894:791.341 JLINK_ReadMem(0x40000000, 0x1A0 Bytes, ...)
T3AE8 6894:791.370   CPU_ReadMem(416 bytes @ 0x40000000)
T3AE8 6894:794.288   Data:  00 00 00 00 00 00 00 00 00 00 00 00 00 00 00 00 ...
T3AE8 6894:794.301 - 2.962ms returns 0
T3AE8 6894:795.737 JLINK_ReadMem(0x40000000, 0x1A0 Bytes, ...)
T3AE8 6894:795.755   CPU_ReadMem(416 bytes @ 0x40000000)
T3AE8 6894:798.747   Data:  00 00 00 00 00 00 00 00 00 00 00 00 00 00 00 00 ...
T3AE8 6894:798.804 - 3.069ms returns 0
T0BF4 6894:832.702 JLINK_IsHalted()
T0BF4 6894:832.728 - 0.028ms returns TRUE
T3AE8 6894:858.698 JLINK_ReadMem(0x400001A0, 0x82 Bytes, ...)
T3AE8 6894:858.730   CPU_ReadMem(130 bytes @ 0x400001A0)
T3AE8 6894:860.060   Data:  00 00 00 00 00 00 00 00 00 00 00 00 00 00 00 00 ...
T3AE8 6894:860.077 - 1.381ms returns 0
T3AE8 6894:863.316 JLINK_ReadMem(0x40000222, 0xBD Bytes, ...)
T3AE8 6894:863.339   CPU_ReadMem(189 bytes @ 0x40000222)
T3AE8 6894:865.106   Data:  00 00 00 00 00 00 00 00 00 00 00 00 00 00 00 00 ...
T3AE8 6894:865.122 - 1.808ms returns 0
T0BF4 6895:036.387 JLINK_IsHalted()
T0BF4 6895:036.420 - 0.035ms returns TRUE
T47E8 6895:055.661 JLINK_ReadMem(0x20000A8C, 0x1 Bytes, ...)
T47E8 6895:055.697   CPU_ReadMem(64 bytes @ 0x20000A80)
T47E8 6895:056.721    -- Updating C cache (64 bytes @ 0x20000A80)
T47E8 6895:056.740    -- Read from C cache (1 bytes @ 0x20000A8C)
T47E8 6895:056.748   Data:  06
T47E8 6895:056.755 - 1.096ms returns 0
T47E8 6895:087.613 JLINK_ReadMem(0x20000A7C, 0x4 Bytes, ...)
T47E8 6895:087.680   CPU_ReadMem(64 bytes @ 0x20000A40)
T47E8 6895:088.643    -- Updating C cache (64 bytes @ 0x20000A40)
T47E8 6895:088.666    -- Read from C cache (4 bytes @ 0x20000A7C)
T47E8 6895:088.677   Data:  00 00 00 00
T47E8 6895:088.684 - 1.072ms returns 0
T47E8 6895:118.287 JLINK_ReadMem(0x20000A80, 0x4 Bytes, ...)
T47E8 6895:118.314    -- Read from C cache (4 bytes @ 0x20000A80)
T47E8 6895:118.323   Data:  00 00 00 00
T47E8 6895:118.330 - 0.045ms returns 0
T47E8 6895:150.012 JLINK_ReadMem(0x20000A84, 0x4 Bytes, ...)
T47E8 6895:150.044    -- Read from C cache (4 bytes @ 0x20000A84)
T47E8 6895:150.055   Data:  00 00 00 00
T47E8 6895:150.065 - 0.056ms returns 0
T47E8 6895:197.827 JLINK_ReadMem(0x20000A88, 0x4 Bytes, ...)
T47E8 6895:197.858    -- Read from C cache (4 bytes @ 0x20000A88)
T47E8 6895:197.865   Data:  00 00 00 00
T47E8 6895:197.918 - 0.093ms returns 0
T47E8 6895:213.738 JLINK_ReadMem(0x200009E8, 0x4 Bytes, ...)
T47E8 6895:213.774   CPU_ReadMem(64 bytes @ 0x200009C0)
T47E8 6895:214.633    -- Updating C cache (64 bytes @ 0x200009C0)
T47E8 6895:214.653    -- Read from C cache (4 bytes @ 0x200009E8)
T47E8 6895:214.661   Data:  00 00 00 00
T47E8 6895:214.668 - 0.932ms returns 0
T0BF4 6895:237.354 JLINK_IsHalted()
T0BF4 6895:237.775 - 0.424ms returns TRUE
T47E8 6895:261.444 JLINK_ReadMem(0x20000A90, 0x4 Bytes, ...)
T47E8 6895:261.473    -- Read from C cache (4 bytes @ 0x20000A90)
T47E8 6895:261.481   Data:  00 00 00 00
T47E8 6895:261.489 - 0.048ms returns 0
T47E8 6895:293.004 JLINK_ReadMem(0x20000A7A, 0x1 Bytes, ...)
T47E8 6895:293.057    -- Read from C cache (1 bytes @ 0x20000A7A)
T47E8 6895:293.066   Data:  00
T47E8 6895:293.073 - 0.071ms returns 0
T47E8 6895:308.021 JLINK_ReadMem(0x20000A94, 0x4 Bytes, ...)
T47E8 6895:308.056    -- Read from C cache (4 bytes @ 0x20000A94)
T47E8 6895:308.075   Data:  00 00 00 00
T47E8 6895:308.082 - 0.064ms returns 0
T47E8 6895:328.612 JLINK_ReadMem(0x200009F4, 0x4 Bytes, ...)
T47E8 6895:328.637    -- Read from C cache (4 bytes @ 0x200009F4)
T47E8 6895:328.644   Data:  00 00 00 00
T47E8 6895:328.665 - 0.055ms returns 0
T47E8 6895:391.224 JLINK_ReadMem(0x200009DC, 0x4 Bytes, ...)
T47E8 6895:391.250    -- Read from C cache (4 bytes @ 0x200009DC)
T47E8 6895:391.258   Data:  DF 0C 00 00
T47E8 6895:391.264 - 0.042ms returns 0
T47E8 6895:416.714 JLINK_ReadMem(0x20000AD8, 0x1 Bytes, ...)
T47E8 6895:416.749   CPU_ReadMem(64 bytes @ 0x20000AC0)
T47E8 6895:417.629    -- Updating C cache (64 bytes @ 0x20000AC0)
T47E8 6895:417.645    -- Read from C cache (1 bytes @ 0x20000AD8)
T47E8 6895:417.652   Data:  00
T47E8 6895:417.657 - 0.945ms returns 0
T0BF4 6895:441.673 JLINK_IsHalted()
T0BF4 6895:441.692 - 0.021ms returns TRUE
T47E8 6895:462.988 JLINK_ReadMem(0x20000A79, 0x1 Bytes, ...)
T47E8 6895:463.025    -- Read from C cache (1 bytes @ 0x20000A79)
T47E8 6895:463.033   Data:  01
T47E8 6895:463.040 - 0.054ms returns 0
T47E8 6895:494.623 JLINK_ReadMem(0x20000A80, 0x4 Bytes, ...)
T47E8 6895:494.645    -- Read from C cache (4 bytes @ 0x20000A80)
T47E8 6895:494.652   Data:  00 00 00 00
T47E8 6895:494.659 - 0.038ms returns 0
T47E8 6895:540.291 JLINK_ReadMem(0x20000A84, 0x4 Bytes, ...)
T47E8 6895:540.316    -- Read from C cache (4 bytes @ 0x20000A84)
T47E8 6895:540.322   Data:  00 00 00 00
T47E8 6895:540.328 - 0.039ms returns 0
T47E8 6895:587.003 JLINK_ReadMem(0x20000A88, 0x4 Bytes, ...)
T47E8 6895:587.043    -- Read from C cache (4 bytes @ 0x20000A88)
T47E8 6895:587.051   Data:  00 00 00 00
T47E8 6895:587.058 - 0.058ms returns 0
T47E8 6895:602.286 JLINK_ReadMem(0x200009E8, 0x4 Bytes, ...)
T47E8 6895:602.306    -- Read from C cache (4 bytes @ 0x200009E8)
T47E8 6895:602.312   Data:  00 00 00 00
T47E8 6895:602.318 - 0.033ms returns 0
T0BF4 6895:641.642 JLINK_IsHalted()
T0BF4 6895:641.666 - 0.026ms returns TRUE
T47E8 6895:649.036 JLINK_ReadMem(0x20000A90, 0x4 Bytes, ...)
T47E8 6895:649.051    -- Read from C cache (4 bytes @ 0x20000A90)
T47E8 6895:649.057   Data:  00 00 00 00
T47E8 6895:649.064 - 0.030ms returns 0
T47E8 6895:679.663 JLINK_ReadMem(0x20000A7A, 0x1 Bytes, ...)
T47E8 6895:679.675    -- Read from C cache (1 bytes @ 0x20000A7A)
T47E8 6895:679.681   Data:  00
T47E8 6895:679.687 - 0.026ms returns 0
T47E8 6895:710.989 JLINK_ReadMem(0x20000A94, 0x4 Bytes, ...)
T47E8 6895:711.012    -- Read from C cache (4 bytes @ 0x20000A94)
T47E8 6895:711.020   Data:  00 00 00 00
T47E8 6895:711.026 - 0.039ms returns 0
T0BF4 6895:841.778 JLINK_IsHalted()
T0BF4 6895:842.246 - 0.479ms returns TRUE
T0BF4 6896:045.665 JLINK_IsHalted()
T0BF4 6896:045.691 - 0.028ms returns TRUE
T0BF4 6896:246.154 JLINK_IsHalted()
T0BF4 6896:246.177 - 0.025ms returns TRUE
T0BF4 6896:446.678 JLINK_IsHalted()
T0BF4 6896:447.189 - 0.521ms returns TRUE
T47E8 6896:570.848 JLINK_ReadReg(R15 (PC))
T47E8 6896:570.867 - 0.021ms returns 0x004032F0
T47E8 6896:570.937 JLINK_GetBPInfo(BPHandle = 1)
T47E8 6896:570.947 - 0.012ms returns 0x0
T47E8 6896:570.953 JLINK_ClrBPEx(BPHandle = 0x00000001)
T47E8 6896:570.960 - 0.009ms returns 0x00
T47E8 6896:570.981 JLINK_Step()
T47E8 6896:570.989    -- Read from flash cache (2 bytes @ 0x004032F0)
T47E8 6896:571.001   CPU_ReadMem(4 bytes @ 0xE000ED18)
T47E8 6896:571.758   CPU_WriteMem(4 bytes @ 0xE000ED18)
T47E8 6896:572.105   CPU_ReadMem(4 bytes @ 0xE000ED18)
T47E8 6896:572.475   CPU_WriteMem(4 bytes @ 0xE000ED18)
T47E8 6896:572.917   CPU_ReadMem(4 bytes @ 0xE0001004)
T47E8 6896:573.424   -- Simulated
T47E8 6896:573.440 - 2.460ms returns 0
T47E8 6896:573.449 JLINK_SetBPEx(Addr = 0x004032F0, Type = 0xFFFFFFF2)
T47E8 6896:573.456 - 0.009ms returns 0x00000004
T47E8 6896:573.462 JLINK_GetBPInfo(BPHandle = 4)
T47E8 6896:573.466 - 0.006ms returns 0x0
T47E8 6896:573.495 JLINK_Go()
T47E8 6896:573.505   CPU_WriteMem(4 bytes @ 0xE0002000)
T47E8 6896:573.857   CPU_WriteMem(4 bytes @ 0xE0002000)
T47E8 6896:574.247   CPU_ReadMem(4 bytes @ 0xE0001000)
T47E8 6896:574.749   CPU_WriteMem(4 bytes @ 0xE000ED30)
T47E8 6896:575.104   CPU_WriteMem(4 bytes @ 0xE0002008)
T47E8 6896:575.110   CPU_WriteMem(4 bytes @ 0xE000200C)
T47E8 6896:575.731   CPU_WriteMem(4 bytes @ 0xE0001004)
T47E8 6896:576.968 - 3.481ms
T0BF4 6896:577.002 JLINK_IsHalted()
T0BF4 6896:577.252 - 0.253ms returns FALSE
T0BF4 6896:592.563 JLINK_IsHalted()
T0BF4 6896:595.556 - 3.005ms returns TRUE
T0BF4 6896:595.575 JLINK_GetMOEs(...)
T0BF4 6896:595.583   CPU_ReadMem(4 bytes @ 0xE000ED30)
T0BF4 6896:595.830 - 0.264ms returns 0x01
T0BF4 6896:595.845 JLINK_ReadReg(R15 (PC))
T0BF4 6896:595.852 - 0.008ms returns 0x00403578
T47E8 6896:597.574 JLINK_ReadReg(R15 (PC))
T47E8 6896:597.591 - 0.019ms returns 0x00403578
T47E8 6896:597.610 JLINK_ReadReg(R13 (SP))
T47E8 6896:597.615 - 0.007ms returns 0x2001C4F0
T47E8 6896:597.804 JLINK_ReadMemHW(0x00403578, 0x0004 Bytes, ...)
T47E8 6896:597.818   CPU_ReadMem(4 bytes @ 0x00403578)
T47E8 6896:598.080   Data:  00 21 39 48
T47E8 6896:598.087 - 0.284ms returns 0
T47E8 6896:598.240 JLINK_ReadReg(R0)
T47E8 6896:598.251 - 0.017ms returns 0x20019178
T47E8 6896:598.265 JLINK_ReadReg(R1)
T47E8 6896:598.269 - 0.007ms returns 0x004092BC
T47E8 6896:598.276 JLINK_ReadReg(R2)
T47E8 6896:598.280 - 0.006ms returns 0x0000000D
T47E8 6896:598.287 JLINK_ReadReg(R3)
T47E8 6896:598.291 - 0.006ms returns 0x00000000
T47E8 6896:598.297 JLINK_ReadReg(R4)
T47E8 6896:598.302 - 0.006ms returns 0x00000000
T47E8 6896:598.308 JLINK_ReadReg(R5)
T47E8 6896:598.313 - 0.006ms returns 0x4A9AA6AF
T47E8 6896:598.319 JLINK_ReadReg(R6)
T47E8 6896:598.324 - 0.006ms returns 0x00000032
T47E8 6896:598.330 JLINK_ReadReg(R7)
T47E8 6896:598.334 - 0.006ms returns 0x2001C4F0
T47E8 6896:598.341 JLINK_ReadReg(R8)
T47E8 6896:598.345 - 0.006ms returns 0x1E39B400
T47E8 6896:598.351 JLINK_ReadReg(R9)
T47E8 6896:598.356 - 0.006ms returns 0x00000003
T47E8 6896:598.362 JLINK_ReadReg(R10)
T47E8 6896:598.366 - 0.006ms returns 0x92A69C00
T47E8 6896:598.372 JLINK_ReadReg(R11)
T47E8 6896:598.377 - 0.006ms returns 0x0000000C
T47E8 6896:598.383 JLINK_ReadReg(R12)
T47E8 6896:598.387 - 0.006ms returns 0x004092C3
T47E8 6896:598.394 JLINK_ReadReg(R13 (SP))
T47E8 6896:598.398 - 0.007ms returns 0x2001C4F0
T47E8 6896:598.405 JLINK_ReadReg(R14)
T47E8 6896:598.409 - 0.006ms returns 0x2001917F
T47E8 6896:598.416 JLINK_ReadReg(R15 (PC))
T47E8 6896:598.420 - 0.006ms returns 0x00403578
T47E8 6896:598.433 JLINK_ReadReg(XPSR)
T47E8 6896:598.437 - 0.006ms returns 0x61000000
T47E8 6896:598.444 JLINK_ReadReg(MSP)
T47E8 6896:598.448 - 0.006ms returns 0x2001C4F0
T47E8 6896:598.454 JLINK_ReadReg(PSP)
T47E8 6896:598.459 - 0.006ms returns 0xBC04212C
T47E8 6896:598.465 JLINK_ReadReg(PRIMASK)
T47E8 6896:598.470 - 0.006ms returns 0x00000000
T47E8 6896:598.476 JLINK_ReadReg(BASEPRI)
T47E8 6896:598.481 - 0.006ms returns 0x00000000
T47E8 6896:598.487 JLINK_ReadReg(FAULTMASK)
T47E8 6896:598.491 - 0.006ms returns 0x00000000
T47E8 6896:598.497 JLINK_ReadReg(CONTROL)
T47E8 6896:598.502 - 0.006ms returns 0x00000000
T3AE8 6896:697.423 JLINK_ReadMem(0x40000000, 0x2DF Bytes, ...)
T3AE8 6896:697.448   CPU_ReadMem(735 bytes @ 0x40000000)
T3AE8 6896:702.007   Data:  00 00 00 00 00 00 00 00 00 00 00 00 00 00 00 00 ...
T3AE8 6896:702.021 - 4.600ms returns 0
T3AE8 6896:703.694 JLINK_ReadMem(0x40000000, 0x2DF Bytes, ...)
T3AE8 6896:703.707   CPU_ReadMem(735 bytes @ 0x40000000)
T3AE8 6896:708.120   Data:  00 00 00 00 00 00 00 00 00 00 00 00 00 00 00 00 ...
T3AE8 6896:708.138 - 4.446ms returns 0
T0BF4 6896:795.595 JLINK_IsHalted()
T0BF4 6896:795.622 - 0.028ms returns TRUE
T47E8 6896:976.172 JLINK_ReadMem(0x20000A8C, 0x1 Bytes, ...)
T47E8 6896:976.223   CPU_ReadMem(64 bytes @ 0x20000A80)
T47E8 6896:977.034    -- Updating C cache (64 bytes @ 0x20000A80)
T47E8 6896:977.048    -- Read from C cache (1 bytes @ 0x20000A8C)
T47E8 6896:977.054   Data:  06
T47E8 6896:977.060 - 0.890ms returns 0
T0BF4 6896:999.765 JLINK_IsHalted()
T0BF4 6896:999.785 - 0.022ms returns TRUE
T47E8 6897:007.271 JLINK_ReadMem(0x20000A7C, 0x4 Bytes, ...)
T47E8 6897:007.324   CPU_ReadMem(64 bytes @ 0x20000A40)
T47E8 6897:008.027    -- Updating C cache (64 bytes @ 0x20000A40)
T47E8 6897:008.041    -- Read from C cache (4 bytes @ 0x20000A7C)
T47E8 6897:008.047   Data:  00 00 00 00
T47E8 6897:008.053 - 0.784ms returns 0
T47E8 6897:038.835 JLINK_ReadMem(0x20000A80, 0x4 Bytes, ...)
T47E8 6897:038.859    -- Read from C cache (4 bytes @ 0x20000A80)
T47E8 6897:038.865   Data:  00 00 00 00
T47E8 6897:038.871 - 0.038ms returns 0
T47E8 6897:070.183 JLINK_ReadMem(0x20000A84, 0x4 Bytes, ...)
T47E8 6897:070.214    -- Read from C cache (4 bytes @ 0x20000A84)
T47E8 6897:070.223   Data:  00 00 00 00
T47E8 6897:070.231 - 0.050ms returns 0
T47E8 6897:086.307 JLINK_ReadMem(0x20000A88, 0x4 Bytes, ...)
T47E8 6897:086.345    -- Read from C cache (4 bytes @ 0x20000A88)
T47E8 6897:086.353   Data:  00 00 00 00
T47E8 6897:086.360 - 0.056ms returns 0
T47E8 6897:118.195 JLINK_ReadMem(0x200009E8, 0x4 Bytes, ...)
T47E8 6897:118.259   CPU_ReadMem(64 bytes @ 0x200009C0)
T47E8 6897:119.052    -- Updating C cache (64 bytes @ 0x200009C0)
T47E8 6897:119.083    -- Read from C cache (4 bytes @ 0x200009E8)
T47E8 6897:119.091   Data:  00 00 00 00
T47E8 6897:119.099 - 0.906ms returns 0
T47E8 6897:166.290 JLINK_ReadMem(0x20000A90, 0x4 Bytes, ...)
T47E8 6897:166.358    -- Read from C cache (4 bytes @ 0x20000A90)
T47E8 6897:166.366   Data:  00 00 00 00
T47E8 6897:166.401 - 0.113ms returns 0
T47E8 6897:180.800 JLINK_ReadMem(0x20000A7A, 0x1 Bytes, ...)
T47E8 6897:180.826    -- Read from C cache (1 bytes @ 0x20000A7A)
T47E8 6897:180.834   Data:  00
T47E8 6897:180.842 - 0.043ms returns 0
T0BF4 6897:205.502 JLINK_IsHalted()
T0BF4 6897:205.995 - 0.504ms returns TRUE
T47E8 6897:228.943 JLINK_ReadMem(0x20000A94, 0x4 Bytes, ...)
T47E8 6897:228.974    -- Read from C cache (4 bytes @ 0x20000A94)
T47E8 6897:228.983   Data:  00 00 00 00
T47E8 6897:228.990 - 0.049ms returns 0
T47E8 6897:277.604 JLINK_ReadMem(0x200009F4, 0x4 Bytes, ...)
T47E8 6897:277.628    -- Read from C cache (4 bytes @ 0x200009F4)
T47E8 6897:277.635   Data:  00 00 00 00
T47E8 6897:277.643 - 0.042ms returns 0
T47E8 6897:340.444 JLINK_ReadMem(0x200009DC, 0x4 Bytes, ...)
T47E8 6897:340.469    -- Read from C cache (4 bytes @ 0x200009DC)
T47E8 6897:340.477   Data:  DF 0C 00 00
T47E8 6897:340.484 - 0.041ms returns 0
T47E8 6897:356.548 JLINK_ReadMem(0x20000AD8, 0x1 Bytes, ...)
T47E8 6897:356.584   CPU_ReadMem(64 bytes @ 0x20000AC0)
T47E8 6897:357.506    -- Updating C cache (64 bytes @ 0x20000AC0)
T47E8 6897:357.522    -- Read from C cache (1 bytes @ 0x20000AD8)
T47E8 6897:357.529   Data:  00
T47E8 6897:357.536 - 0.990ms returns 0
T0BF4 6897:406.683 JLINK_IsHalted()
T0BF4 6897:406.720 - 0.040ms returns TRUE
T47E8 6897:420.021 JLINK_ReadMem(0x20000A79, 0x1 Bytes, ...)
T47E8 6897:420.046    -- Read from C cache (1 bytes @ 0x20000A79)
T47E8 6897:420.054   Data:  01
T47E8 6897:420.062 - 0.043ms returns 0
T47E8 6897:467.832 JLINK_ReadMem(0x20000A80, 0x4 Bytes, ...)
T47E8 6897:467.854    -- Read from C cache (4 bytes @ 0x20000A80)
T47E8 6897:467.862   Data:  00 00 00 00
T47E8 6897:467.870 - 0.040ms returns 0
T47E8 6897:483.905 JLINK_ReadMem(0x20000A84, 0x4 Bytes, ...)
T47E8 6897:483.945    -- Read from C cache (4 bytes @ 0x20000A84)
T47E8 6897:483.952   Data:  00 00 00 00
T47E8 6897:483.960 - 0.056ms returns 0
T47E8 6897:515.330 JLINK_ReadMem(0x20000A88, 0x4 Bytes, ...)
T47E8 6897:515.355    -- Read from C cache (4 bytes @ 0x20000A88)
T47E8 6897:515.363   Data:  00 00 00 00
T47E8 6897:515.371 - 0.043ms returns 0
T47E8 6897:531.369 JLINK_ReadMem(0x200009E8, 0x4 Bytes, ...)
T47E8 6897:531.404    -- Read from C cache (4 bytes @ 0x200009E8)
T47E8 6897:531.412   Data:  00 00 00 00
T47E8 6897:531.419 - 0.053ms returns 0
T47E8 6897:562.949 JLINK_ReadMem(0x20000A90, 0x4 Bytes, ...)
T47E8 6897:562.983    -- Read from C cache (4 bytes @ 0x20000A90)
T47E8 6897:562.991   Data:  00 00 00 00
T47E8 6897:562.998 - 0.052ms returns 0
T0BF4 6897:610.158 JLINK_IsHalted()
T0BF4 6897:610.177 - 0.021ms returns TRUE
T47E8 6897:610.296 JLINK_ReadMem(0x20000A7A, 0x1 Bytes, ...)
T47E8 6897:610.326    -- Read from C cache (1 bytes @ 0x20000A7A)
T47E8 6897:610.333   Data:  00
T47E8 6897:610.340 - 0.046ms returns 0
T47E8 6897:672.200 JLINK_ReadMem(0x20000A94, 0x4 Bytes, ...)
T47E8 6897:672.225    -- Read from C cache (4 bytes @ 0x20000A94)
T47E8 6897:672.232   Data:  00 00 00 00
T47E8 6897:672.240 - 0.042ms returns 0
T0BF4 6897:810.692 JLINK_IsHalted()
T0BF4 6897:811.139 - 0.457ms returns TRUE
T0BF4 6898:016.899 JLINK_IsHalted()
T0BF4 6898:016.925 - 0.027ms returns TRUE
T0BF4 6898:218.593 JLINK_IsHalted()
T0BF4 6898:218.618 - 0.026ms returns TRUE
T0BF4 6898:418.987 JLINK_IsHalted()
T0BF4 6898:419.483 - 0.507ms returns TRUE
T47E8 6898:550.922 JLINK_ReadReg(R15 (PC))
T47E8 6898:550.947 - 0.042ms returns 0x00403578
T47E8 6898:551.046 JLINK_GetBPInfo(BPHandle = 2)
T47E8 6898:551.064 - 0.020ms returns 0x0
T47E8 6898:551.070 JLINK_ClrBPEx(BPHandle = 0x00000002)
T47E8 6898:551.077 - 0.009ms returns 0x00
T47E8 6898:551.109 JLINK_Step()
T47E8 6898:551.126    -- Read from flash cache (2 bytes @ 0x00403578)
T47E8 6898:551.147   CPU_ReadMem(4 bytes @ 0xE0001004)
T47E8 6898:551.537   -- Simulated
T47E8 6898:551.571 - 0.464ms returns 0
T47E8 6898:551.580 JLINK_SetBPEx(Addr = 0x00403578, Type = 0xFFFFFFF2)
T47E8 6898:551.587 - 0.009ms returns 0x00000005
T47E8 6898:551.594 JLINK_GetBPInfo(BPHandle = 5)
T47E8 6898:551.598 - 0.006ms returns 0x0
T47E8 6898:551.686 JLINK_Go()
T47E8 6898:551.699   CPU_WriteMem(4 bytes @ 0xE0002000)
T47E8 6898:551.996   CPU_WriteMem(4 bytes @ 0xE0002000)
T47E8 6898:552.352   CPU_ReadMem(4 bytes @ 0xE0001000)
T47E8 6898:552.723   CPU_WriteMem(4 bytes @ 0xE000ED30)
T47E8 6898:553.156   CPU_WriteMem(4 bytes @ 0xE0002008)
T47E8 6898:553.171   CPU_WriteMem(4 bytes @ 0xE000200C)
T47E8 6898:553.864   CPU_WriteMem(4 bytes @ 0xE0001004)
T47E8 6898:555.449 - 3.774ms
T0BF4 6898:555.720 JLINK_IsHalted()
T0BF4 6898:556.017 - 0.305ms returns FALSE
T0BF4 6898:566.034 JLINK_IsHalted()
T0BF4 6898:566.349 - 0.320ms returns FALSE
T0BF4 6898:607.012 JLINK_IsHalted()
T0BF4 6898:607.367 - 0.368ms returns FALSE
T0BF4 6898:770.895 JLINK_IsHalted()
T0BF4 6898:771.497 - 0.652ms returns FALSE
T0BF4 6898:972.644 JLINK_IsHalted()
T0BF4 6898:972.993 - 0.360ms returns FALSE
T0BF4 6899:174.958 JLINK_IsHalted()
T0BF4 6899:175.276 - 0.331ms returns FALSE
T0BF4 6899:376.389 JLINK_IsHalted()
T0BF4 6899:376.827 - 0.450ms returns FALSE
T0BF4 6899:576.624 JLINK_IsHalted()
T0BF4 6899:577.031 - 0.418ms returns FALSE
T0BF4 6899:779.988 JLINK_IsHalted()
T0BF4 6899:780.435 - 0.457ms returns FALSE
T0BF4 6899:983.146 JLINK_IsHalted()
T0BF4 6899:983.739 - 0.602ms returns FALSE
T0BF4 6900:187.255 JLINK_IsHalted()
T0BF4 6900:187.569 - 0.323ms returns FALSE
T0BF4 6900:389.178 JLINK_IsHalted()
T0BF4 6900:389.506 - 0.333ms returns FALSE
T0BF4 6900:593.121 JLINK_IsHalted()
T0BF4 6900:593.705 - 0.593ms returns FALSE
T0BF4 6900:796.325 JLINK_IsHalted()
T0BF4 6900:796.768 - 0.453ms returns FALSE
T0BF4 6900:998.480 JLINK_IsHalted()
T0BF4 6900:999.000 - 0.533ms returns FALSE
T0BF4 6901:199.820 JLINK_IsHalted()
T0BF4 6901:200.192 - 0.377ms returns FALSE
T0BF4 6901:401.243 JLINK_IsHalted()
T0BF4 6901:401.718 - 0.485ms returns FALSE
T0BF4 6901:601.975 JLINK_IsHalted()
T0BF4 6901:602.509 - 0.544ms returns FALSE
T0BF4 6901:808.408 JLINK_IsHalted()
T0BF4 6901:808.722 - 0.318ms returns FALSE
T0BF4 6902:010.038 JLINK_IsHalted()
T0BF4 6902:010.531 - 0.504ms returns FALSE
T0BF4 6902:215.358 JLINK_IsHalted()
T0BF4 6902:215.776 - 0.432ms returns FALSE
T0BF4 6902:417.096 JLINK_IsHalted()
T0BF4 6902:417.405 - 0.317ms returns FALSE
T0BF4 6902:618.677 JLINK_IsHalted()
T0BF4 6902:619.115 - 0.452ms returns FALSE
T0BF4 6902:820.867 JLINK_IsHalted()
T0BF4 6902:821.291 - 0.435ms returns FALSE
T0BF4 6903:023.388 JLINK_IsHalted()
T0BF4 6903:023.880 - 0.502ms returns FALSE
T0BF4 6903:224.989 JLINK_IsHalted()
T0BF4 6903:225.413 - 0.434ms returns FALSE
T0BF4 6903:426.645 JLINK_IsHalted()
T0BF4 6903:427.193 - 0.557ms returns FALSE
T0BF4 6903:628.778 JLINK_IsHalted()
T0BF4 6903:629.275 - 0.508ms returns FALSE
T0BF4 6903:830.974 JLINK_IsHalted()
T0BF4 6903:831.401 - 0.438ms returns FALSE
T47E8 6903:943.889 JLINK_Halt()
T47E8 6903:946.790 - 2.951ms returns 0x00
T0BF4 6904:034.724 JLINK_IsHalted()
T0BF4 6904:034.749 - 0.026ms returns TRUE
T0BF4 6904:034.755 JLINK_GetMOEs(...)
T0BF4 6904:034.764   CPU_ReadMem(4 bytes @ 0xE000ED30)
T0BF4 6904:035.179 - 0.435ms returns 0x01
T0BF4 6904:035.196 JLINK_ReadReg(R15 (PC))
T0BF4 6904:035.202 - 0.008ms returns 0x004035FA
T47E8 6904:040.446 JLINK_ReadReg(R15 (PC))
T47E8 6904:040.454 - 0.009ms returns 0x004035FA
T47E8 6904:040.461 JLINK_ReadReg(R13 (SP))
T47E8 6904:040.466 - 0.006ms returns 0x2001C4F0
T47E8 6904:041.252 JLINK_ReadMemHW(0x004035FA, 0x0004 Bytes, ...)
T47E8 6904:041.260   CPU_ReadMem(4 bytes @ 0x004035FA)
T47E8 6904:042.375   Data:  1B 78 DB B2
T47E8 6904:042.389 - 1.139ms returns 0
T47E8 6904:043.187 JLINK_ReadReg(R0)
T47E8 6904:043.193 - 0.008ms returns 0x00000000
T47E8 6904:043.199 JLINK_ReadReg(R1)
T47E8 6904:043.208 - 0.012ms returns 0x0000000A
T47E8 6904:043.216 JLINK_ReadReg(R2)
T47E8 6904:043.219 - 0.005ms returns 0x00000008
T47E8 6904:043.225 JLINK_ReadReg(R3)
T47E8 6904:043.228 - 0.005ms returns 0x20000A79
T47E8 6904:043.234 JLINK_ReadReg(R4)
T47E8 6904:043.237 - 0.005ms returns 0x00000000
T47E8 6904:043.243 JLINK_ReadReg(R5)
T47E8 6904:043.246 - 0.005ms returns 0x4A9AA6AF
T47E8 6904:043.252 JLINK_ReadReg(R6)
T47E8 6904:043.255 - 0.005ms returns 0x00000032
T47E8 6904:043.260 JLINK_ReadReg(R7)
T47E8 6904:043.264 - 0.005ms returns 0x2001C4F0
T47E8 6904:043.269 JLINK_ReadReg(R8)
T47E8 6904:043.273 - 0.005ms returns 0x1E39B400
T47E8 6904:043.279 JLINK_ReadReg(R9)
T47E8 6904:043.282 - 0.005ms returns 0x00000003
T47E8 6904:043.288 JLINK_ReadReg(R10)
T47E8 6904:043.291 - 0.005ms returns 0x92A69C00
T47E8 6904:043.296 JLINK_ReadReg(R11)
T47E8 6904:043.300 - 0.005ms returns 0x0000000C
T47E8 6904:043.305 JLINK_ReadReg(R12)
T47E8 6904:043.309 - 0.007ms returns 0x004092C3
T47E8 6904:043.317 JLINK_ReadReg(R13 (SP))
T47E8 6904:043.321 - 0.006ms returns 0x2001C4F0
T47E8 6904:043.326 JLINK_ReadReg(R14)
T47E8 6904:043.330 - 0.005ms returns 0x00400E77
T47E8 6904:043.335 JLINK_ReadReg(R15 (PC))
T47E8 6904:043.339 - 0.005ms returns 0x004035FA
T47E8 6904:043.350 JLINK_ReadReg(XPSR)
T47E8 6904:043.354 - 0.005ms returns 0x61000000
T47E8 6904:043.359 JLINK_ReadReg(MSP)
T47E8 6904:043.363 - 0.005ms returns 0x2001C4F0
T47E8 6904:043.368 JLINK_ReadReg(PSP)
T47E8 6904:043.372 - 0.005ms returns 0xBC04212C
T47E8 6904:043.377 JLINK_ReadReg(PRIMASK)
T47E8 6904:043.381 - 0.005ms returns 0x00000000
T47E8 6904:043.386 JLINK_ReadReg(BASEPRI)
T47E8 6904:043.390 - 0.005ms returns 0x00000000
T47E8 6904:043.395 JLINK_ReadReg(FAULTMASK)
T47E8 6904:043.399 - 0.005ms returns 0x00000000
T47E8 6904:043.404 JLINK_ReadReg(CONTROL)
T47E8 6904:043.408 - 0.005ms returns 0x00000000
T3AE8 6904:104.445 JLINK_ReadMem(0x40000000, 0x2DF Bytes, ...)
T3AE8 6904:104.483   CPU_ReadMem(735 bytes @ 0x40000000)
T3AE8 6904:108.908   Data:  00 00 00 00 00 00 00 00 00 00 00 00 00 00 00 00 ...
T3AE8 6904:108.934 - 4.491ms returns 0
T3AE8 6904:110.604 JLINK_ReadMem(0x40000000, 0x2DF Bytes, ...)
T3AE8 6904:110.626   CPU_ReadMem(735 bytes @ 0x40000000)
T3AE8 6904:115.068   Data:  00 00 00 00 00 00 00 00 00 00 00 00 00 00 00 00 ...
T3AE8 6904:115.085 - 4.483ms returns 0
T0BF4 6904:239.367 JLINK_IsHalted()
T0BF4 6904:239.395 - 0.030ms returns TRUE
T47E8 6904:383.458 JLINK_ReadMem(0x20000A8C, 0x1 Bytes, ...)
T47E8 6904:383.502   CPU_ReadMem(64 bytes @ 0x20000A80)
T47E8 6904:384.480    -- Updating C cache (64 bytes @ 0x20000A80)
T47E8 6904:384.494    -- Read from C cache (1 bytes @ 0x20000A8C)
T47E8 6904:384.501   Data:  08
T47E8 6904:384.506 - 1.050ms returns 0
T47E8 6904:388.491 JLINK_ReadMem(0x20000A7C, 0x4 Bytes, ...)
T47E8 6904:388.514   CPU_ReadMem(64 bytes @ 0x20000A40)
T47E8 6904:389.529    -- Updating C cache (64 bytes @ 0x20000A40)
T47E8 6904:389.542    -- Read from C cache (4 bytes @ 0x20000A7C)
T47E8 6904:389.549   Data:  00 00 00 00
T47E8 6904:389.554 - 1.065ms returns 0
T47E8 6904:415.292 JLINK_ReadMem(0x20000A80, 0x4 Bytes, ...)
T47E8 6904:415.325    -- Read from C cache (4 bytes @ 0x20000A80)
T47E8 6904:415.332   Data:  00 00 00 00
T47E8 6904:415.339 - 0.049ms returns 0
T0BF4 6904:443.328 JLINK_IsHalted()
T0BF4 6904:443.813 - 0.496ms returns TRUE
T47E8 6904:447.035 JLINK_ReadMem(0x20000A84, 0x4 Bytes, ...)
T47E8 6904:447.066    -- Read from C cache (4 bytes @ 0x20000A84)
T47E8 6904:447.073   Data:  00 00 00 00
T47E8 6904:447.080 - 0.047ms returns 0
T47E8 6904:477.942 JLINK_ReadMem(0x20000A88, 0x4 Bytes, ...)
T47E8 6904:477.972    -- Read from C cache (4 bytes @ 0x20000A88)
T47E8 6904:477.979   Data:  00 00 00 00
T47E8 6904:477.986 - 0.047ms returns 0
T47E8 6904:508.647 JLINK_ReadMem(0x200009E8, 0x4 Bytes, ...)
T47E8 6904:508.673   CPU_ReadMem(64 bytes @ 0x200009C0)
T47E8 6904:509.633    -- Updating C cache (64 bytes @ 0x200009C0)
T47E8 6904:509.646    -- Read from C cache (4 bytes @ 0x200009E8)
T47E8 6904:509.658   Data:  00 00 00 00
T47E8 6904:509.664 - 1.019ms returns 0
T47E8 6904:539.209 JLINK_ReadMem(0x20000A90, 0x4 Bytes, ...)
T47E8 6904:539.230    -- Read from C cache (4 bytes @ 0x20000A90)
T47E8 6904:539.256   Data:  00 00 00 00
T47E8 6904:539.263 - 0.057ms returns 0
T47E8 6904:571.840 JLINK_ReadMem(0x20000A7A, 0x1 Bytes, ...)
T47E8 6904:571.858    -- Read from C cache (1 bytes @ 0x20000A7A)
T47E8 6904:571.865   Data:  00
T47E8 6904:571.871 - 0.032ms returns 0
T47E8 6904:587.622 JLINK_ReadMem(0x20000A94, 0x4 Bytes, ...)
T47E8 6904:587.644    -- Read from C cache (4 bytes @ 0x20000A94)
T47E8 6904:587.650   Data:  00 00 00 00
T47E8 6904:587.656 - 0.035ms returns 0
T47E8 6904:601.539 JLINK_ReadMem(0x200009F4, 0x4 Bytes, ...)
T47E8 6904:601.561    -- Read from C cache (4 bytes @ 0x200009F4)
T47E8 6904:601.567   Data:  00 00 00 00
T47E8 6904:601.573 - 0.036ms returns 0
T47E8 6904:631.918 JLINK_ReadMem(0x200009DC, 0x4 Bytes, ...)
T47E8 6904:631.957    -- Read from C cache (4 bytes @ 0x200009DC)
T47E8 6904:631.965   Data:  DF 0C 00 00
T47E8 6904:631.972 - 0.057ms returns 0
T0BF4 6904:646.943 JLINK_IsHalted()
T0BF4 6904:646.958 - 0.017ms returns TRUE
T47E8 6904:663.741 JLINK_ReadMem(0x20000AD8, 0x1 Bytes, ...)
T47E8 6904:663.768   CPU_ReadMem(64 bytes @ 0x20000AC0)
T47E8 6904:664.767    -- Updating C cache (64 bytes @ 0x20000AC0)
T47E8 6904:664.782    -- Read from C cache (1 bytes @ 0x20000AD8)
T47E8 6904:664.788   Data:  00
T47E8 6904:664.794 - 1.055ms returns 0
T47E8 6904:695.437 JLINK_ReadMem(0x20000A79, 0x1 Bytes, ...)
T47E8 6904:695.473    -- Read from C cache (1 bytes @ 0x20000A79)
T47E8 6904:695.479   Data:  01
T47E8 6904:695.485 - 0.050ms returns 0
T47E8 6904:726.072 JLINK_ReadMem(0x20000A80, 0x4 Bytes, ...)
T47E8 6904:726.107    -- Read from C cache (4 bytes @ 0x20000A80)
T47E8 6904:726.124   Data:  00 00 00 00
T47E8 6904:726.131 - 0.061ms returns 0
T47E8 6904:757.388 JLINK_ReadMem(0x20000A84, 0x4 Bytes, ...)
T47E8 6904:757.406    -- Read from C cache (4 bytes @ 0x20000A84)
T47E8 6904:757.430   Data:  00 00 00 00
T47E8 6904:757.437 - 0.050ms returns 0
T47E8 6904:788.657 JLINK_ReadMem(0x20000A88, 0x4 Bytes, ...)
T47E8 6904:788.684    -- Read from C cache (4 bytes @ 0x20000A88)
T47E8 6904:788.690   Data:  00 00 00 00
T47E8 6904:788.696 - 0.040ms returns 0
T47E8 6904:804.628 JLINK_ReadMem(0x200009E8, 0x4 Bytes, ...)
T47E8 6904:804.648    -- Read from C cache (4 bytes @ 0x200009E8)
T47E8 6904:804.656   Data:  00 00 00 00
T47E8 6904:804.663 - 0.037ms returns 0
T47E8 6904:808.002 JLINK_ReadMem(0x20000A90, 0x4 Bytes, ...)
T47E8 6904:808.014    -- Read from C cache (4 bytes @ 0x20000A90)
T47E8 6904:808.020   Data:  00 00 00 00
T47E8 6904:808.026 - 0.026ms returns 0
T47E8 6904:835.136 JLINK_ReadMem(0x20000A7A, 0x1 Bytes, ...)
T47E8 6904:835.195    -- Read from C cache (1 bytes @ 0x20000A7A)
T47E8 6904:835.203   Data:  00
T47E8 6904:835.210 - 0.076ms returns 0
T0BF4 6904:847.158 JLINK_IsHalted()
T0BF4 6904:847.185 - 0.029ms returns TRUE
T47E8 6904:880.880 JLINK_ReadMem(0x20000A94, 0x4 Bytes, ...)
T47E8 6904:880.897    -- Read from C cache (4 bytes @ 0x20000A94)
T47E8 6904:880.904   Data:  00 00 00 00
T47E8 6904:880.910 - 0.032ms returns 0
T0BF4 6905:048.297 JLINK_IsHalted()
T0BF4 6905:048.794 - 0.507ms returns TRUE
T0BF4 6905:249.216 JLINK_IsHalted()
T0BF4 6905:249.242 - 0.028ms returns TRUE
T0BF4 6905:451.341 JLINK_IsHalted()
T0BF4 6905:451.371 - 0.031ms returns TRUE
T0BF4 6905:653.781 JLINK_IsHalted()
T0BF4 6905:654.218 - 0.447ms returns TRUE
T0BF4 6905:858.766 JLINK_IsHalted()
T0BF4 6905:858.789 - 0.026ms returns TRUE
T0BF4 6906:060.133 JLINK_IsHalted()
T0BF4 6906:060.157 - 0.026ms returns TRUE
T0BF4 6906:264.025 JLINK_IsHalted()
T0BF4 6906:264.392 - 0.381ms returns TRUE
T0BF4 6906:464.720 JLINK_IsHalted()
T0BF4 6906:464.747 - 0.028ms returns TRUE
T0BF4 6906:665.534 JLINK_IsHalted()
T0BF4 6906:665.564 - 0.032ms returns TRUE
T0BF4 6906:867.458 JLINK_IsHalted()
T0BF4 6906:867.951 - 0.503ms returns TRUE
T0BF4 6907:069.786 JLINK_IsHalted()
T0BF4 6907:069.821 - 0.037ms returns TRUE
T0BF4 6907:270.727 JLINK_IsHalted()
T0BF4 6907:270.758 - 0.033ms returns TRUE
T0BF4 6907:471.776 JLINK_IsHalted()
T0BF4 6907:472.248 - 0.481ms returns TRUE
T0BF4 6907:673.942 JLINK_IsHalted()
T0BF4 6907:673.973 - 0.032ms returns TRUE
T0BF4 6907:874.187 JLINK_IsHalted()
T0BF4 6907:874.213 - 0.028ms returns TRUE
T0BF4 6908:079.234 JLINK_IsHalted()
T0BF4 6908:079.724 - 0.500ms returns TRUE
T0BF4 6908:280.612 JLINK_IsHalted()
T0BF4 6908:280.651 - 0.041ms returns TRUE
T0BF4 6908:485.166 JLINK_IsHalted()
T0BF4 6908:485.191 - 0.027ms returns TRUE
T0BF4 6908:685.681 JLINK_IsHalted()
T0BF4 6908:686.049 - 0.380ms returns TRUE
T0BF4 6908:889.671 JLINK_IsHalted()
T0BF4 6908:889.696 - 0.027ms returns TRUE
T0BF4 6909:089.991 JLINK_IsHalted()
T0BF4 6909:090.012 - 0.022ms returns TRUE
T0BF4 6909:292.516 JLINK_IsHalted()
T0BF4 6909:293.368 - 0.866ms returns TRUE
T0BF4 6909:492.681 JLINK_IsHalted()
T0BF4 6909:492.705 - 0.026ms returns TRUE
T0BF4 6909:698.129 JLINK_IsHalted()
T0BF4 6909:698.154 - 0.027ms returns TRUE
T0BF4 6909:900.905 JLINK_IsHalted()
T0BF4 6909:901.479 - 0.585ms returns TRUE
T0BF4 6910:101.767 JLINK_IsHalted()
T0BF4 6910:101.804 - 0.039ms returns TRUE
T47E8 6910:107.115 JLINK_ReadReg(R15 (PC))
T47E8 6910:107.133 - 0.020ms returns 0x004035FA
T47E8 6910:107.226 JLINK_Go()
T47E8 6910:107.243   CPU_WriteMem(4 bytes @ 0xE0002000)
T47E8 6910:108.161   CPU_WriteMem(4 bytes @ 0xE0002000)
T47E8 6910:108.490   CPU_ReadMem(4 bytes @ 0xE0001000)
T47E8 6910:108.750   CPU_WriteMem(4 bytes @ 0xE000ED30)
T47E8 6910:109.597 - 2.383ms
T0BF4 6910:109.624 JLINK_IsHalted()
T0BF4 6910:109.923 - 0.310ms returns FALSE
T0BF4 6910:149.882 JLINK_IsHalted()
T0BF4 6910:150.391 - 0.518ms returns FALSE
T0BF4 6910:313.479 JLINK_IsHalted()
T0BF4 6910:313.815 - 0.346ms returns FALSE
T0BF4 6910:514.245 JLINK_IsHalted()
T0BF4 6910:514.628 - 0.395ms returns FALSE
T0BF4 6910:715.015 JLINK_IsHalted()
T0BF4 6910:715.360 - 0.349ms returns FALSE
T0BF4 6910:916.410 JLINK_IsHalted()
T0BF4 6910:916.732 - 0.326ms returns FALSE
T0BF4 6911:117.275 JLINK_IsHalted()
T0BF4 6911:118.065 - 0.801ms returns FALSE
T0BF4 6911:319.602 JLINK_IsHalted()
T0BF4 6911:319.946 - 0.354ms returns FALSE
T0BF4 6911:520.190 JLINK_IsHalted()
T0BF4 6911:520.683 - 0.504ms returns FALSE
T0BF4 6911:720.996 JLINK_IsHalted()
T0BF4 6911:721.424 - 0.438ms returns FALSE
T0BF4 6911:922.455 JLINK_IsHalted()
T0BF4 6911:922.892 - 0.447ms returns FALSE
T0BF4 6912:123.030 JLINK_IsHalted()
T0BF4 6912:123.484 - 0.463ms returns FALSE
T0BF4 6912:324.268 JLINK_IsHalted()
T0BF4 6912:324.610 - 0.346ms returns FALSE
T0BF4 6912:525.163 JLINK_IsHalted()
T0BF4 6912:525.671 - 0.517ms returns FALSE
T0BF4 6912:726.603 JLINK_IsHalted()
T0BF4 6912:727.071 - 0.479ms returns FALSE
T0BF4 6912:927.920 JLINK_IsHalted()
T0BF4 6912:928.362 - 0.451ms returns FALSE
T0BF4 6913:128.204 JLINK_IsHalted()
T0BF4 6913:128.647 - 0.452ms returns FALSE
T0BF4 6913:330.241 JLINK_IsHalted()
T0BF4 6913:330.707 - 0.477ms returns FALSE
T0BF4 6913:531.245 JLINK_IsHalted()
T0BF4 6913:531.752 - 0.518ms returns FALSE
T0BF4 6913:733.912 JLINK_IsHalted()
T0BF4 6913:734.427 - 0.524ms returns FALSE
T0BF4 6913:935.589 JLINK_IsHalted()
T0BF4 6913:936.058 - 0.478ms returns FALSE
T0BF4 6914:140.394 JLINK_IsHalted()
T0BF4 6914:140.790 - 0.406ms returns FALSE
T0BF4 6914:346.612 JLINK_IsHalted()
T0BF4 6914:347.036 - 0.433ms returns FALSE
T0BF4 6914:549.499 JLINK_IsHalted()
T0BF4 6914:549.910 - 0.420ms returns FALSE
T0BF4 6914:750.485 JLINK_IsHalted()
T0BF4 6914:750.804 - 0.323ms returns FALSE
T47E8 6914:818.752 JLINK_Halt()
T47E8 6914:822.254 - 3.517ms returns 0x00
T0BF4 6914:951.748 JLINK_IsHalted()
T0BF4 6914:951.773 - 0.026ms returns TRUE
T0BF4 6914:951.778 JLINK_GetMOEs(...)
T0BF4 6914:951.788   CPU_ReadMem(4 bytes @ 0xE000ED30)
T0BF4 6914:952.338 - 0.569ms returns 0x01
T0BF4 6914:952.355 JLINK_ReadReg(R15 (PC))
T0BF4 6914:952.361 - 0.008ms returns 0x00403606
T47E8 6914:956.603 JLINK_ReadReg(R15 (PC))
T47E8 6914:956.703 - 0.103ms returns 0x00403606
T47E8 6914:956.714 JLINK_ReadReg(R13 (SP))
T47E8 6914:956.718 - 0.006ms returns 0x2001C4F0
T47E8 6914:957.306 JLINK_ReadMemHW(0x00403606, 0x0004 Bytes, ...)
T47E8 6914:957.317   CPU_ReadMem(4 bytes @ 0x00403606)
T47E8 6914:957.826   Data:  DB B2 00 2B
T47E8 6914:957.840 - 0.535ms returns 0
T47E8 6914:957.970 JLINK_ReadReg(R0)
T47E8 6914:957.977 - 0.009ms returns 0x00000000
T47E8 6914:957.984 JLINK_ReadReg(R1)
T47E8 6914:957.988 - 0.006ms returns 0x0000000A
T47E8 6914:957.993 JLINK_ReadReg(R2)
T47E8 6914:958.015 - 0.023ms returns 0x00000008
T47E8 6914:958.021 JLINK_ReadReg(R3)
T47E8 6914:958.025 - 0.006ms returns 0x00000000
T47E8 6914:958.030 JLINK_ReadReg(R4)
T47E8 6914:958.034 - 0.007ms returns 0x00000000
T47E8 6914:958.049 JLINK_ReadReg(R5)
T47E8 6914:958.053 - 0.006ms returns 0x4A9AA6AF
T47E8 6914:958.059 JLINK_ReadReg(R6)
T47E8 6914:958.064 - 0.006ms returns 0x00000032
T47E8 6914:958.070 JLINK_ReadReg(R7)
T47E8 6914:958.074 - 0.006ms returns 0x2001C4F0
T47E8 6914:958.080 JLINK_ReadReg(R8)
T47E8 6914:958.085 - 0.006ms returns 0x1E39B400
T47E8 6914:958.091 JLINK_ReadReg(R9)
T47E8 6914:958.096 - 0.006ms returns 0x00000003
T47E8 6914:958.102 JLINK_ReadReg(R10)
T47E8 6914:958.107 - 0.006ms returns 0x92A69C00
T47E8 6914:958.113 JLINK_ReadReg(R11)
T47E8 6914:958.117 - 0.006ms returns 0x0000000C
T47E8 6914:958.123 JLINK_ReadReg(R12)
T47E8 6914:958.128 - 0.006ms returns 0x004092C3
T47E8 6914:958.134 JLINK_ReadReg(R13 (SP))
T47E8 6914:958.139 - 0.006ms returns 0x2001C4F0
T47E8 6914:958.145 JLINK_ReadReg(R14)
T47E8 6914:958.149 - 0.006ms returns 0x00400E77
T47E8 6914:958.155 JLINK_ReadReg(R15 (PC))
T47E8 6914:958.160 - 0.006ms returns 0x00403606
T47E8 6914:958.172 JLINK_ReadReg(XPSR)
T47E8 6914:958.177 - 0.006ms returns 0x21000000
T47E8 6914:958.183 JLINK_ReadReg(MSP)
T47E8 6914:958.188 - 0.006ms returns 0x2001C4F0
T47E8 6914:958.194 JLINK_ReadReg(PSP)
T47E8 6914:958.198 - 0.006ms returns 0xBC04212C
T47E8 6914:958.204 JLINK_ReadReg(PRIMASK)
T47E8 6914:958.210 - 0.007ms returns 0x00000000
T47E8 6914:958.215 JLINK_ReadReg(BASEPRI)
T47E8 6914:958.219 - 0.005ms returns 0x00000000
T47E8 6914:958.224 JLINK_ReadReg(FAULTMASK)
T47E8 6914:958.228 - 0.005ms returns 0x00000000
T47E8 6914:958.233 JLINK_ReadReg(CONTROL)
T47E8 6914:958.237 - 0.005ms returns 0x00000000
T3AE8 6915:022.811 JLINK_ReadMem(0x40000000, 0x2DF Bytes, ...)
T3AE8 6915:022.835   CPU_ReadMem(735 bytes @ 0x40000000)
T3AE8 6915:027.291   Data:  00 00 00 00 00 00 00 00 00 00 00 00 00 00 00 00 ...
T3AE8 6915:027.309 - 4.500ms returns 0
T3AE8 6915:028.810 JLINK_ReadMem(0x40000000, 0x2DF Bytes, ...)
T3AE8 6915:028.826   CPU_ReadMem(735 bytes @ 0x40000000)
T3AE8 6915:033.285   Data:  00 00 00 00 00 00 00 00 00 00 00 00 00 00 00 00 ...
T3AE8 6915:033.296 - 4.488ms returns 0
T0BF4 6915:157.079 JLINK_IsHalted()
T0BF4 6915:157.111 - 0.034ms returns TRUE
T47E8 6915:298.866 JLINK_ReadMem(0x20000A8C, 0x1 Bytes, ...)
T47E8 6915:298.924   CPU_ReadMem(64 bytes @ 0x20000A80)
T47E8 6915:300.175    -- Updating C cache (64 bytes @ 0x20000A80)
T47E8 6915:300.189    -- Read from C cache (1 bytes @ 0x20000A8C)
T47E8 6915:300.195   Data:  08
T47E8 6915:300.201 - 1.337ms returns 0
T47E8 6915:314.736 JLINK_ReadMem(0x20000A7C, 0x4 Bytes, ...)
T47E8 6915:314.764   CPU_ReadMem(64 bytes @ 0x20000A40)
T47E8 6915:315.488    -- Updating C cache (64 bytes @ 0x20000A40)
T47E8 6915:315.504    -- Read from C cache (4 bytes @ 0x20000A7C)
T47E8 6915:315.512   Data:  00 00 00 00
T47E8 6915:315.518 - 0.784ms returns 0
T47E8 6915:346.146 JLINK_ReadMem(0x20000A80, 0x4 Bytes, ...)
T47E8 6915:346.164    -- Read from C cache (4 bytes @ 0x20000A80)
T47E8 6915:346.171   Data:  00 00 00 00
T47E8 6915:346.179 - 0.036ms returns 0
T0BF4 6915:357.697 JLINK_IsHalted()
T0BF4 6915:358.056 - 0.371ms returns TRUE
T47E8 6915:393.898 JLINK_ReadMem(0x20000A84, 0x4 Bytes, ...)
T47E8 6915:393.915    -- Read from C cache (4 bytes @ 0x20000A84)
T47E8 6915:393.923   Data:  00 00 00 00
T47E8 6915:393.930 - 0.038ms returns 0
T47E8 6915:409.503 JLINK_ReadMem(0x20000A88, 0x4 Bytes, ...)
T47E8 6915:409.526    -- Read from C cache (4 bytes @ 0x20000A88)
T47E8 6915:409.534   Data:  00 00 00 00
T47E8 6915:409.541 - 0.040ms returns 0
T47E8 6915:440.780 JLINK_ReadMem(0x200009E8, 0x4 Bytes, ...)
T47E8 6915:440.814   CPU_ReadMem(64 bytes @ 0x200009C0)
T47E8 6915:441.828    -- Updating C cache (64 bytes @ 0x200009C0)
T47E8 6915:441.843    -- Read from C cache (4 bytes @ 0x200009E8)
T47E8 6915:441.849   Data:  00 00 00 00
T47E8 6915:441.854 - 1.076ms returns 0
T47E8 6915:455.817 JLINK_ReadMem(0x20000A90, 0x4 Bytes, ...)
T47E8 6915:455.850    -- Read from C cache (4 bytes @ 0x20000A90)
T47E8 6915:455.862   Data:  00 00 00 00
T47E8 6915:455.898 - 0.083ms returns 0
T47E8 6915:471.044 JLINK_ReadMem(0x20000A7A, 0x1 Bytes, ...)
T47E8 6915:471.065    -- Read from C cache (1 bytes @ 0x20000A7A)
T47E8 6915:471.073   Data:  00
T47E8 6915:471.081 - 0.040ms returns 0
T47E8 6915:485.884 JLINK_ReadMem(0x20000A94, 0x4 Bytes, ...)
T47E8 6915:485.957    -- Read from C cache (4 bytes @ 0x20000A94)
T47E8 6915:485.965   Data:  00 00 00 00
T47E8 6915:485.972 - 0.097ms returns 0
T47E8 6915:517.629 JLINK_ReadMem(0x200009F4, 0x4 Bytes, ...)
T47E8 6915:517.662    -- Read from C cache (4 bytes @ 0x200009F4)
T47E8 6915:517.679   Data:  00 00 00 00
T47E8 6915:517.686 - 0.059ms returns 0
T47E8 6915:533.062 JLINK_ReadMem(0x200009DC, 0x4 Bytes, ...)
T47E8 6915:533.082    -- Read from C cache (4 bytes @ 0x200009DC)
T47E8 6915:533.090   Data:  DF 0C 00 00
T47E8 6915:533.097 - 0.037ms returns 0
T47E8 6915:548.385 JLINK_ReadMem(0x20000AD8, 0x1 Bytes, ...)
T47E8 6915:548.421   CPU_ReadMem(64 bytes @ 0x20000AC0)
T47E8 6915:549.406    -- Updating C cache (64 bytes @ 0x20000AC0)
T47E8 6915:549.420    -- Read from C cache (1 bytes @ 0x20000AD8)
T47E8 6915:549.426   Data:  00
T47E8 6915:549.432 - 1.049ms returns 0
T0BF4 6915:564.340 JLINK_IsHalted()
T0BF4 6915:564.356 - 0.018ms returns TRUE
T47E8 6915:595.142 JLINK_ReadMem(0x20000A79, 0x1 Bytes, ...)
T47E8 6915:595.180    -- Read from C cache (1 bytes @ 0x20000A79)
T47E8 6915:595.188   Data:  01
T47E8 6915:595.194 - 0.054ms returns 0
T47E8 6915:642.271 JLINK_ReadMem(0x20000A80, 0x4 Bytes, ...)
T47E8 6915:642.293    -- Read from C cache (4 bytes @ 0x20000A80)
T47E8 6915:642.301   Data:  00 00 00 00
T47E8 6915:642.308 - 0.039ms returns 0
T47E8 6915:689.562 JLINK_ReadMem(0x20000A84, 0x4 Bytes, ...)
T47E8 6915:689.576    -- Read from C cache (4 bytes @ 0x20000A84)
T47E8 6915:689.582   Data:  00 00 00 00
T47E8 6915:689.588 - 0.028ms returns 0
T47E8 6915:704.770 JLINK_ReadMem(0x20000A88, 0x4 Bytes, ...)
T47E8 6915:704.816    -- Read from C cache (4 bytes @ 0x20000A88)
T47E8 6915:704.825   Data:  00 00 00 00
T47E8 6915:704.833 - 0.065ms returns 0
T47E8 6915:736.478 JLINK_ReadMem(0x200009E8, 0x4 Bytes, ...)
T47E8 6915:736.502    -- Read from C cache (4 bytes @ 0x200009E8)
T47E8 6915:736.510   Data:  00 00 00 00
T47E8 6915:736.516 - 0.040ms returns 0
T0BF4 6915:764.457 JLINK_IsHalted()
T0BF4 6915:764.477 - 0.022ms returns TRUE
T47E8 6915:766.969 JLINK_ReadMem(0x20000A90, 0x4 Bytes, ...)
T47E8 6915:766.980    -- Read from C cache (4 bytes @ 0x20000A90)
T47E8 6915:766.986   Data:  00 00 00 00
T47E8 6915:766.992 - 0.025ms returns 0
T47E8 6915:797.613 JLINK_ReadMem(0x20000A7A, 0x1 Bytes, ...)
T47E8 6915:797.626    -- Read from C cache (1 bytes @ 0x20000A7A)
T47E8 6915:797.632   Data:  00
T47E8 6915:797.639 - 0.027ms returns 0
T47E8 6915:828.455 JLINK_ReadMem(0x20000A94, 0x4 Bytes, ...)
T47E8 6915:828.467    -- Read from C cache (4 bytes @ 0x20000A94)
T47E8 6915:828.473   Data:  00 00 00 00
T47E8 6915:828.479 - 0.026ms returns 0
T0BF4 6915:965.815 JLINK_IsHalted()
T0BF4 6915:966.320 - 0.515ms returns TRUE
T0BF4 6916:168.364 JLINK_IsHalted()
T0BF4 6916:168.388 - 0.026ms returns TRUE
T0BF4 6916:369.939 JLINK_IsHalted()
T0BF4 6916:369.969 - 0.032ms returns TRUE
T0BF4 6916:571.675 JLINK_IsHalted()
T0BF4 6916:572.182 - 0.516ms returns TRUE
T0BF4 6916:773.138 JLINK_IsHalted()
T0BF4 6916:773.173 - 0.037ms returns TRUE
T0BF4 6916:975.053 JLINK_IsHalted()
T0BF4 6916:975.080 - 0.028ms returns TRUE
T0BF4 6917:177.992 JLINK_IsHalted()
T0BF4 6917:178.495 - 0.513ms returns TRUE
T0BF4 6917:380.548 JLINK_IsHalted()
T0BF4 6917:380.575 - 0.029ms returns TRUE
T0BF4 6917:581.741 JLINK_IsHalted()
T0BF4 6917:581.767 - 0.028ms returns TRUE
T0BF4 6917:784.446 JLINK_IsHalted()
T0BF4 6917:784.937 - 0.500ms returns TRUE
T0BF4 6917:987.317 JLINK_IsHalted()
T0BF4 6917:987.343 - 0.027ms returns TRUE
T0BF4 6918:189.580 JLINK_IsHalted()
T0BF4 6918:189.612 - 0.038ms returns TRUE
T0BF4 6918:391.115 JLINK_IsHalted()
T0BF4 6918:391.566 - 0.469ms returns TRUE
T0BF4 6918:591.242 JLINK_IsHalted()
T0BF4 6918:591.267 - 0.027ms returns TRUE
T0BF4 6918:792.033 JLINK_IsHalted()
T0BF4 6918:792.052 - 0.021ms returns TRUE
T0BF4 6918:995.881 JLINK_IsHalted()
T0BF4 6918:996.222 - 0.346ms returns TRUE
T0BF4 6919:196.982 JLINK_IsHalted()
T0BF4 6919:197.005 - 0.024ms returns TRUE
T0BF4 6919:398.479 JLINK_IsHalted()
T0BF4 6919:398.505 - 0.028ms returns TRUE
T0BF4 6919:600.294 JLINK_IsHalted()
T0BF4 6919:600.811 - 0.528ms returns TRUE
T0BF4 6919:800.375 JLINK_IsHalted()
T0BF4 6919:800.400 - 0.026ms returns TRUE
T0BF4 6920:007.122 JLINK_IsHalted()
T0BF4 6920:007.148 - 0.028ms returns TRUE
T0BF4 6920:208.207 JLINK_IsHalted()
T0BF4 6920:208.697 - 0.500ms returns TRUE
T0BF4 6920:409.696 JLINK_IsHalted()
T0BF4 6920:409.725 - 0.031ms returns TRUE
T0BF4 6920:612.275 JLINK_IsHalted()
T0BF4 6920:612.304 - 0.031ms returns TRUE
T0BF4 6920:815.274 JLINK_IsHalted()
T0BF4 6920:815.739 - 0.476ms returns TRUE
T0BF4 6921:015.686 JLINK_IsHalted()
T0BF4 6921:015.716 - 0.032ms returns TRUE
T0BF4 6921:216.343 JLINK_IsHalted()
T0BF4 6921:216.370 - 0.029ms returns TRUE
T0BF4 6921:416.495 JLINK_IsHalted()
T0BF4 6921:416.865 - 0.384ms returns TRUE
T0BF4 6921:618.968 JLINK_IsHalted()
T0BF4 6921:618.994 - 0.027ms returns TRUE
T0BF4 6921:821.980 JLINK_IsHalted()
T0BF4 6921:822.004 - 0.025ms returns TRUE
T0BF4 6922:027.587 JLINK_IsHalted()
T0BF4 6922:028.035 - 0.459ms returns TRUE
T0BF4 6922:229.852 JLINK_IsHalted()
T0BF4 6922:229.875 - 0.025ms returns TRUE
T0BF4 6922:431.298 JLINK_IsHalted()
T0BF4 6922:431.323 - 0.026ms returns TRUE
T0BF4 6922:631.535 JLINK_IsHalted()
T0BF4 6922:632.016 - 0.504ms returns TRUE
T0BF4 6922:832.702 JLINK_IsHalted()
T0BF4 6922:832.727 - 0.027ms returns TRUE
T0BF4 6923:033.659 JLINK_IsHalted()
T0BF4 6923:033.682 - 0.025ms returns TRUE
T0BF4 6923:236.106 JLINK_IsHalted()
T0BF4 6923:236.550 - 0.454ms returns TRUE
T0BF4 6923:436.852 JLINK_IsHalted()
T0BF4 6923:436.881 - 0.031ms returns TRUE
T0BF4 6923:637.292 JLINK_IsHalted()
T0BF4 6923:637.321 - 0.031ms returns TRUE
T0BF4 6923:838.107 JLINK_IsHalted()
T0BF4 6923:838.684 - 0.586ms returns TRUE
T0BF4 6924:045.667 JLINK_IsHalted()
T0BF4 6924:045.690 - 0.024ms returns TRUE
T0BF4 6924:248.376 JLINK_IsHalted()
T0BF4 6924:248.410 - 0.035ms returns TRUE
T0BF4 6924:449.212 JLINK_IsHalted()
T0BF4 6924:449.529 - 0.320ms returns TRUE
T0BF4 6924:651.688 JLINK_IsHalted()
T0BF4 6924:651.714 - 0.027ms returns TRUE
T0BF4 6924:855.645 JLINK_IsHalted()
T0BF4 6924:855.674 - 0.031ms returns TRUE
T0BF4 6925:055.946 JLINK_IsHalted()
T0BF4 6925:056.328 - 0.393ms returns TRUE
T0BF4 6925:261.590 JLINK_IsHalted()
T0BF4 6925:261.624 - 0.036ms returns TRUE
T0BF4 6925:462.598 JLINK_IsHalted()
T0BF4 6925:462.628 - 0.032ms returns TRUE
T0BF4 6925:665.233 JLINK_IsHalted()
T0BF4 6925:665.721 - 0.497ms returns TRUE
T0BF4 6925:869.902 JLINK_IsHalted()
T0BF4 6925:869.926 - 0.026ms returns TRUE
T0BF4 6926:070.692 JLINK_IsHalted()
T0BF4 6926:070.762 - 0.072ms returns TRUE
T0BF4 6926:271.070 JLINK_IsHalted()
T0BF4 6926:271.611 - 0.550ms returns TRUE
T0BF4 6926:473.518 JLINK_IsHalted()
T0BF4 6926:473.552 - 0.036ms returns TRUE
T0BF4 6926:675.352 JLINK_IsHalted()
T0BF4 6926:675.378 - 0.028ms returns TRUE
T0BF4 6926:878.293 JLINK_IsHalted()
T0BF4 6926:878.842 - 0.559ms returns TRUE
T0BF4 6927:082.240 JLINK_IsHalted()
T0BF4 6927:082.267 - 0.030ms returns TRUE
T0BF4 6927:286.786 JLINK_IsHalted()
T0BF4 6927:286.828 - 0.044ms returns TRUE
T0BF4 6927:488.843 JLINK_IsHalted()
T0BF4 6927:489.247 - 0.418ms returns TRUE
T0BF4 6927:689.897 JLINK_IsHalted()
T0BF4 6927:689.921 - 0.026ms returns TRUE
T0BF4 6927:893.138 JLINK_IsHalted()
T0BF4 6927:893.170 - 0.034ms returns TRUE
T0BF4 6928:093.678 JLINK_IsHalted()
T0BF4 6928:094.188 - 0.521ms returns TRUE
T0BF4 6928:296.106 JLINK_IsHalted()
T0BF4 6928:296.131 - 0.027ms returns TRUE
T0BF4 6928:496.754 JLINK_IsHalted()
T0BF4 6928:496.781 - 0.029ms returns TRUE
T0BF4 6928:698.529 JLINK_IsHalted()
T0BF4 6928:699.029 - 0.510ms returns TRUE
T0BF4 6928:900.141 JLINK_IsHalted()
T0BF4 6928:900.165 - 0.026ms returns TRUE
T0BF4 6929:103.382 JLINK_IsHalted()
T0BF4 6929:103.415 - 0.034ms returns TRUE
T0BF4 6929:303.554 JLINK_IsHalted()
T0BF4 6929:304.073 - 0.528ms returns TRUE
T0BF4 6929:508.699 JLINK_IsHalted()
T0BF4 6929:508.736 - 0.040ms returns TRUE
T0BF4 6929:708.671 JLINK_IsHalted()
T0BF4 6929:708.700 - 0.031ms returns TRUE
T0BF4 6929:911.474 JLINK_IsHalted()
T0BF4 6929:911.973 - 0.510ms returns TRUE
T0BF4 6930:112.168 JLINK_IsHalted()
T0BF4 6930:112.191 - 0.025ms returns TRUE
T0BF4 6930:313.803 JLINK_IsHalted()
T0BF4 6930:313.828 - 0.026ms returns TRUE
T0BF4 6930:515.991 JLINK_IsHalted()
T0BF4 6930:516.469 - 0.490ms returns TRUE
T0BF4 6930:721.372 JLINK_IsHalted()
T0BF4 6930:721.399 - 0.028ms returns TRUE
T0BF4 6930:923.478 JLINK_IsHalted()
T0BF4 6930:923.504 - 0.027ms returns TRUE
T0BF4 6931:123.889 JLINK_IsHalted()
T0BF4 6931:124.425 - 0.546ms returns TRUE
T0BF4 6931:324.404 JLINK_IsHalted()
T0BF4 6931:324.430 - 0.028ms returns TRUE
T0BF4 6931:524.574 JLINK_IsHalted()
T0BF4 6931:524.604 - 0.032ms returns TRUE
T0BF4 6931:726.823 JLINK_IsHalted()
T0BF4 6931:727.241 - 0.441ms returns TRUE
T0BF4 6931:928.315 JLINK_IsHalted()
T0BF4 6931:928.340 - 0.027ms returns TRUE
T0BF4 6932:129.162 JLINK_IsHalted()
T0BF4 6932:129.185 - 0.024ms returns TRUE
T0BF4 6932:329.921 JLINK_IsHalted()
T0BF4 6932:330.424 - 0.513ms returns TRUE
T0BF4 6932:532.325 JLINK_IsHalted()
T0BF4 6932:532.351 - 0.028ms returns TRUE
T0BF4 6932:732.919 JLINK_IsHalted()
T0BF4 6932:732.949 - 0.031ms returns TRUE
T0BF4 6932:938.186 JLINK_IsHalted()
T0BF4 6932:938.732 - 0.556ms returns TRUE
T0BF4 6933:142.244 JLINK_IsHalted()
T0BF4 6933:142.267 - 0.025ms returns TRUE
T0BF4 6933:342.621 JLINK_IsHalted()
T0BF4 6933:342.646 - 0.027ms returns TRUE
T0BF4 6933:544.073 JLINK_IsHalted()
T0BF4 6933:545.034 - 0.976ms returns TRUE
T0BF4 6933:745.853 JLINK_IsHalted()
T0BF4 6933:745.880 - 0.029ms returns TRUE
T0BF4 6933:949.946 JLINK_IsHalted()
T0BF4 6933:949.972 - 0.027ms returns TRUE
T0BF4 6934:150.272 JLINK_IsHalted()
T0BF4 6934:150.712 - 0.450ms returns TRUE
T0BF4 6934:353.452 JLINK_IsHalted()
T0BF4 6934:353.479 - 0.029ms returns TRUE
T0BF4 6934:555.197 JLINK_IsHalted()
T0BF4 6934:555.222 - 0.027ms returns TRUE
T0BF4 6934:755.827 JLINK_IsHalted()
T0BF4 6934:756.172 - 0.356ms returns TRUE
T0BF4 6934:959.277 JLINK_IsHalted()
T0BF4 6934:959.298 - 0.023ms returns TRUE
T0BF4 6935:159.335 JLINK_IsHalted()
T0BF4 6935:159.359 - 0.025ms returns TRUE
T0BF4 6935:359.999 JLINK_IsHalted()
T0BF4 6935:360.522 - 0.534ms returns TRUE
T0BF4 6935:560.640 JLINK_IsHalted()
T0BF4 6935:560.664 - 0.026ms returns TRUE
T0BF4 6935:763.751 JLINK_IsHalted()
T0BF4 6935:763.775 - 0.025ms returns TRUE
T0BF4 6935:965.558 JLINK_IsHalted()
T0BF4 6935:966.070 - 0.522ms returns TRUE
T0BF4 6936:167.733 JLINK_IsHalted()
T0BF4 6936:167.762 - 0.030ms returns TRUE
T0BF4 6936:369.190 JLINK_IsHalted()
T0BF4 6936:369.218 - 0.029ms returns TRUE
T0BF4 6936:569.848 JLINK_IsHalted()
T0BF4 6936:570.322 - 0.484ms returns TRUE
T0BF4 6936:770.687 JLINK_IsHalted()
T0BF4 6936:770.717 - 0.031ms returns TRUE
T0BF4 6936:972.302 JLINK_IsHalted()
T0BF4 6936:972.333 - 0.032ms returns TRUE
T0BF4 6937:175.967 JLINK_IsHalted()
T0BF4 6937:176.545 - 0.588ms returns TRUE
T0BF4 6937:377.681 JLINK_IsHalted()
T0BF4 6937:377.706 - 0.032ms returns TRUE
T0BF4 6937:580.475 JLINK_IsHalted()
T0BF4 6937:580.504 - 0.031ms returns TRUE
T0BF4 6937:781.281 JLINK_IsHalted()
T0BF4 6937:781.799 - 0.527ms returns TRUE
T0BF4 6937:983.583 JLINK_IsHalted()
T0BF4 6937:983.613 - 0.032ms returns TRUE
T0BF4 6938:183.803 JLINK_IsHalted()
T0BF4 6938:183.834 - 0.033ms returns TRUE
T0BF4 6938:386.408 JLINK_IsHalted()
T0BF4 6938:386.912 - 0.514ms returns TRUE
T0BF4 6938:590.486 JLINK_IsHalted()
T0BF4 6938:590.510 - 0.026ms returns TRUE
T0BF4 6938:791.822 JLINK_IsHalted()
T0BF4 6938:791.850 - 0.030ms returns TRUE
T0BF4 6938:992.339 JLINK_IsHalted()
T0BF4 6938:992.851 - 0.522ms returns TRUE
T0BF4 6939:193.461 JLINK_IsHalted()
T0BF4 6939:193.485 - 0.026ms returns TRUE
T0BF4 6939:393.604 JLINK_IsHalted()
T0BF4 6939:393.626 - 0.023ms returns TRUE
T0BF4 6939:598.384 JLINK_IsHalted()
T0BF4 6939:598.861 - 0.488ms returns TRUE
T0BF4 6939:801.193 JLINK_IsHalted()
T0BF4 6939:801.223 - 0.031ms returns TRUE
T0BF4 6940:002.887 JLINK_IsHalted()
T0BF4 6940:002.917 - 0.032ms returns TRUE
T0BF4 6940:204.007 JLINK_IsHalted()
T0BF4 6940:204.514 - 0.519ms returns TRUE
T0BF4 6940:406.793 JLINK_IsHalted()
T0BF4 6940:406.816 - 0.026ms returns TRUE
T0BF4 6940:608.649 JLINK_IsHalted()
T0BF4 6940:608.674 - 0.028ms returns TRUE
T0BF4 6940:814.590 JLINK_IsHalted()
T0BF4 6940:814.916 - 0.340ms returns TRUE
T0BF4 6941:017.698 JLINK_IsHalted()
T0BF4 6941:017.725 - 0.098ms returns TRUE
T0BF4 6941:225.557 JLINK_IsHalted()
T0BF4 6941:225.605 - 0.049ms returns TRUE
T0BF4 6941:426.911 JLINK_IsHalted()
T0BF4 6941:427.240 - 0.333ms returns TRUE
T0BF4 6941:629.209 JLINK_IsHalted()
T0BF4 6941:629.234 - 0.027ms returns TRUE
T0BF4 6941:831.664 JLINK_IsHalted()
T0BF4 6941:832.285 - 0.626ms returns TRUE
T0BF4 6942:036.643 JLINK_IsHalted()
T0BF4 6942:037.164 - 0.552ms returns TRUE
T0BF4 6942:242.166 JLINK_IsHalted()
T0BF4 6942:242.189 - 0.025ms returns TRUE
T0BF4 6942:449.668 JLINK_IsHalted()
T0BF4 6942:449.695 - 0.029ms returns TRUE
T0BF4 6942:656.100 JLINK_IsHalted()
T0BF4 6942:656.502 - 0.421ms returns TRUE
T0BF4 6942:860.894 JLINK_IsHalted()
T0BF4 6942:860.917 - 0.026ms returns TRUE
T0BF4 6943:068.308 JLINK_IsHalted()
T0BF4 6943:068.336 - 0.030ms returns TRUE
T0BF4 6943:276.509 JLINK_IsHalted()
T0BF4 6943:276.874 - 0.375ms returns TRUE
T0BF4 6943:484.551 JLINK_IsHalted()
T0BF4 6943:484.577 - 0.028ms returns TRUE
T0BF4 6943:692.498 JLINK_IsHalted()
T0BF4 6943:692.527 - 0.030ms returns TRUE
T0BF4 6943:900.210 JLINK_IsHalted()
T0BF4 6943:900.761 - 0.574ms returns TRUE
T0BF4 6944:106.484 JLINK_IsHalted()
T0BF4 6944:106.509 - 0.027ms returns TRUE
T0BF4 6944:315.847 JLINK_IsHalted()
T0BF4 6944:315.879 - 0.036ms returns TRUE
T0BF4 6944:520.768 JLINK_IsHalted()
T0BF4 6944:521.315 - 0.560ms returns TRUE
T0BF4 6944:729.490 JLINK_IsHalted()
T0BF4 6944:729.547 - 0.061ms returns TRUE
T0BF4 6944:935.417 JLINK_IsHalted()
T0BF4 6944:935.444 - 0.028ms returns TRUE
T0BF4 6945:143.005 JLINK_IsHalted()
T0BF4 6945:144.208 - 1.221ms returns TRUE
T0BF4 6945:350.731 JLINK_IsHalted()
T0BF4 6945:350.759 - 0.029ms returns TRUE
T0BF4 6945:557.957 JLINK_IsHalted()
T0BF4 6945:557.984 - 0.029ms returns TRUE
T0BF4 6945:766.454 JLINK_IsHalted()
T0BF4 6945:766.755 - 0.309ms returns TRUE
T0BF4 6945:974.219 JLINK_IsHalted()
T0BF4 6945:974.257 - 0.042ms returns TRUE
T0BF4 6946:182.083 JLINK_IsHalted()
T0BF4 6946:182.109 - 0.028ms returns TRUE
T0BF4 6946:390.059 JLINK_IsHalted()
T0BF4 6946:390.633 - 0.584ms returns TRUE
T0BF4 6946:598.511 JLINK_IsHalted()
T0BF4 6946:598.535 - 0.026ms returns TRUE
T0BF4 6946:805.675 JLINK_IsHalted()
T0BF4 6946:805.700 - 0.026ms returns TRUE
T0BF4 6947:014.279 JLINK_IsHalted()
T0BF4 6947:014.679 - 0.413ms returns TRUE
T0BF4 6947:221.120 JLINK_IsHalted()
T0BF4 6947:221.169 - 0.051ms returns TRUE
T0BF4 6947:427.644 JLINK_IsHalted()
T0BF4 6947:427.670 - 0.028ms returns TRUE
T0BF4 6947:634.928 JLINK_IsHalted()
T0BF4 6947:635.429 - 0.511ms returns TRUE
T0BF4 6947:841.994 JLINK_IsHalted()
T0BF4 6947:842.031 - 0.047ms returns TRUE
T0BF4 6948:048.294 JLINK_IsHalted()
T0BF4 6948:048.321 - 0.029ms returns TRUE
T0BF4 6948:256.204 JLINK_IsHalted()
T0BF4 6948:256.579 - 0.387ms returns TRUE
T0BF4 6948:463.649 JLINK_IsHalted()
T0BF4 6948:463.683 - 0.038ms returns TRUE
T0BF4 6948:669.283 JLINK_IsHalted()
T0BF4 6948:669.310 - 0.029ms returns TRUE
T0BF4 6948:878.899 JLINK_IsHalted()
T0BF4 6948:880.008 - 1.123ms returns TRUE
T0BF4 6949:084.174 JLINK_IsHalted()
T0BF4 6949:084.203 - 0.030ms returns TRUE
T0BF4 6949:290.750 JLINK_IsHalted()
T0BF4 6949:290.785 - 0.037ms returns TRUE
T0BF4 6949:499.205 JLINK_IsHalted()
T0BF4 6949:499.692 - 0.498ms returns TRUE
T0BF4 6949:705.315 JLINK_IsHalted()
T0BF4 6949:705.436 - 0.127ms returns TRUE
T0BF4 6949:913.259 JLINK_IsHalted()
T0BF4 6949:913.285 - 0.027ms returns TRUE
T0BF4 6950:121.035 JLINK_IsHalted()
T0BF4 6950:121.844 - 0.830ms returns TRUE
T0BF4 6950:327.873 JLINK_IsHalted()
T0BF4 6950:327.897 - 0.026ms returns TRUE
T0BF4 6950:535.109 JLINK_IsHalted()
T0BF4 6950:535.135 - 0.028ms returns TRUE
T0BF4 6950:741.149 JLINK_IsHalted()
T0BF4 6950:741.697 - 0.582ms returns TRUE
T0BF4 6950:948.774 JLINK_IsHalted()
T0BF4 6950:948.797 - 0.025ms returns TRUE
T0BF4 6951:156.727 JLINK_IsHalted()
T0BF4 6951:156.751 - 0.026ms returns TRUE
T0BF4 6951:363.124 JLINK_IsHalted()
T0BF4 6951:363.511 - 0.398ms returns TRUE
T0BF4 6951:571.840 JLINK_IsHalted()
T0BF4 6951:571.866 - 0.028ms returns TRUE
T0BF4 6951:777.558 JLINK_IsHalted()
T0BF4 6951:777.595 - 0.041ms returns TRUE
T0BF4 6951:977.614 JLINK_IsHalted()
T0BF4 6951:978.066 - 0.463ms returns TRUE
T0BF4 6952:179.788 JLINK_IsHalted()
T0BF4 6952:179.810 - 0.023ms returns TRUE
T0BF4 6952:381.709 JLINK_IsHalted()
T0BF4 6952:381.733 - 0.026ms returns TRUE
T0BF4 6952:590.516 JLINK_IsHalted()
T0BF4 6952:590.941 - 0.435ms returns TRUE
T0BF4 6952:793.407 JLINK_IsHalted()
T0BF4 6952:793.434 - 0.029ms returns TRUE
T0BF4 6952:995.359 JLINK_IsHalted()
T0BF4 6952:995.383 - 0.026ms returns TRUE
T0BF4 6953:195.346 JLINK_IsHalted()
T0BF4 6953:195.709 - 0.375ms returns TRUE
T0BF4 6953:395.684 JLINK_IsHalted()
T0BF4 6953:395.704 - 0.022ms returns TRUE
T0BF4 6953:597.667 JLINK_IsHalted()
T0BF4 6953:597.696 - 0.031ms returns TRUE
T0BF4 6953:798.577 JLINK_IsHalted()
T0BF4 6953:798.946 - 0.379ms returns TRUE
T0BF4 6954:001.625 JLINK_IsHalted()
T0BF4 6954:001.722 - 0.111ms returns TRUE
T0BF4 6954:210.362 JLINK_IsHalted()
T0BF4 6954:210.406 - 0.047ms returns TRUE
T0BF4 6954:417.636 JLINK_IsHalted()
T0BF4 6954:418.117 - 0.496ms returns TRUE
T0BF4 6954:622.624 JLINK_IsHalted()
T0BF4 6954:622.665 - 0.056ms returns TRUE
T0BF4 6954:825.878 JLINK_IsHalted()
T0BF4 6954:825.906 - 0.029ms returns TRUE
T0BF4 6955:030.756 JLINK_IsHalted()
T0BF4 6955:031.195 - 0.450ms returns TRUE
T0BF4 6955:232.200 JLINK_IsHalted()
T0BF4 6955:232.225 - 0.026ms returns TRUE
T0BF4 6955:431.722 JLINK_IsHalted()
T0BF4 6955:431.745 - 0.024ms returns TRUE
T0BF4 6955:637.869 JLINK_IsHalted()
T0BF4 6955:638.280 - 0.418ms returns TRUE
T0BF4 6955:839.435 JLINK_IsHalted()
T0BF4 6955:839.461 - 0.028ms returns TRUE
T0BF4 6956:041.560 JLINK_IsHalted()
T0BF4 6956:041.583 - 0.024ms returns TRUE
T0BF4 6956:241.570 JLINK_IsHalted()
T0BF4 6956:241.962 - 0.402ms returns TRUE
T0BF4 6956:442.332 JLINK_IsHalted()
T0BF4 6956:442.356 - 0.026ms returns TRUE
T0BF4 6956:642.979 JLINK_IsHalted()
T0BF4 6956:643.003 - 0.025ms returns TRUE
T0BF4 6956:843.751 JLINK_IsHalted()
T0BF4 6956:844.255 - 0.514ms returns TRUE
T0BF4 6957:046.461 JLINK_IsHalted()
T0BF4 6957:046.522 - 0.063ms returns TRUE
T47E8 6957:070.079 JLINK_ReadReg(R15 (PC))
T47E8 6957:070.102 - 0.026ms returns 0x00403606
T47E8 6957:070.222 JLINK_Go()
T47E8 6957:070.239   CPU_WriteMem(4 bytes @ 0xE0002000)
T47E8 6957:070.690   CPU_WriteMem(4 bytes @ 0xE0002000)
T47E8 6957:071.081   CPU_ReadMem(4 bytes @ 0xE0001000)
T47E8 6957:071.502   CPU_WriteMem(4 bytes @ 0xE000ED30)
T47E8 6957:072.518 - 2.307ms
T0BF4 6957:072.547 JLINK_IsHalted()
T0BF4 6957:072.837 - 0.301ms returns FALSE
T0BF4 6957:112.994 JLINK_IsHalted()
T0BF4 6957:113.424 - 0.441ms returns FALSE
T0BF4 6957:273.432 JLINK_IsHalted()
T0BF4 6957:273.849 - 0.438ms returns FALSE
T0BF4 6957:474.949 JLINK_IsHalted()
T0BF4 6957:475.279 - 0.398ms returns FALSE
T0BF4 6957:675.441 JLINK_IsHalted()
T0BF4 6957:675.938 - 0.507ms returns FALSE
T0BF4 6957:877.344 JLINK_IsHalted()
T0BF4 6957:877.815 - 0.481ms returns FALSE
T0BF4 6958:077.864 JLINK_IsHalted()
T0BF4 6958:078.268 - 0.416ms returns FALSE
T0BF4 6958:279.022 JLINK_IsHalted()
T0BF4 6958:280.273 - 1.264ms returns FALSE
T0BF4 6958:482.123 JLINK_IsHalted()
T0BF4 6958:482.569 - 0.457ms returns FALSE
T0BF4 6958:685.442 JLINK_IsHalted()
T0BF4 6958:685.853 - 0.434ms returns FALSE
T0BF4 6958:886.437 JLINK_IsHalted()
T0BF4 6958:886.768 - 0.340ms returns FALSE
T0BF4 6959:088.015 JLINK_IsHalted()
T0BF4 6959:088.578 - 0.572ms returns FALSE
T0BF4 6959:288.885 JLINK_IsHalted()
T0BF4 6959:289.407 - 0.531ms returns FALSE
T0BF4 6959:489.428 JLINK_IsHalted()
T0BF4 6959:489.924 - 0.506ms returns FALSE
T0BF4 6959:689.795 JLINK_IsHalted()
T0BF4 6959:690.128 - 0.344ms returns FALSE
T0BF4 6959:890.267 JLINK_IsHalted()
T0BF4 6959:890.733 - 0.475ms returns FALSE
T0BF4 6960:091.952 JLINK_IsHalted()
T0BF4 6960:092.377 - 0.435ms returns FALSE
T0BF4 6960:293.245 JLINK_IsHalted()
T0BF4 6960:293.732 - 0.497ms returns FALSE
T0BF4 6960:494.178 JLINK_IsHalted()
T0BF4 6960:494.699 - 0.532ms returns FALSE
T0BF4 6960:696.324 JLINK_IsHalted()
T0BF4 6960:697.135 - 0.827ms returns FALSE
T0BF4 6960:896.701 JLINK_IsHalted()
T0BF4 6960:897.019 - 0.322ms returns FALSE
T0BF4 6961:097.389 JLINK_IsHalted()
T0BF4 6961:097.904 - 0.524ms returns FALSE
T0BF4 6961:297.624 JLINK_IsHalted()
T0BF4 6961:298.028 - 0.415ms returns FALSE
T0BF4 6961:498.568 JLINK_IsHalted()
T0BF4 6961:499.064 - 0.505ms returns FALSE
T0BF4 6961:700.538 JLINK_IsHalted()
T0BF4 6961:701.003 - 0.476ms returns FALSE
T0BF4 6961:901.995 JLINK_IsHalted()
T0BF4 6961:902.561 - 0.578ms returns FALSE
T0BF4 6962:103.086 JLINK_IsHalted()
T0BF4 6962:103.629 - 0.552ms returns FALSE
T0BF4 6962:304.756 JLINK_IsHalted()
T0BF4 6962:305.311 - 0.564ms returns FALSE
T0BF4 6962:505.684 JLINK_IsHalted()
T0BF4 6962:506.186 - 0.512ms returns FALSE
T0BF4 6962:706.684 JLINK_IsHalted()
T0BF4 6962:707.183 - 0.508ms returns FALSE
T0BF4 6962:911.354 JLINK_IsHalted()
T0BF4 6962:911.899 - 0.554ms returns FALSE
T0BF4 6963:112.270 JLINK_IsHalted()
T0BF4 6963:113.434 - 1.176ms returns FALSE
T0BF4 6963:315.386 JLINK_IsHalted()
T0BF4 6963:315.885 - 0.509ms returns FALSE
T0BF4 6963:515.880 JLINK_IsHalted()
T0BF4 6963:516.347 - 0.501ms returns FALSE
T0BF4 6963:717.485 JLINK_IsHalted()
T0BF4 6963:720.707 - 3.246ms returns TRUE
T0BF4 6963:720.740 JLINK_GetMOEs(...)
T0BF4 6963:720.748   CPU_ReadMem(4 bytes @ 0xE000ED30)
T0BF4 6963:721.223 - 0.493ms returns 0x01
T0BF4 6963:721.240 JLINK_ReadReg(R15 (PC))
T0BF4 6963:721.246 - 0.008ms returns 0x004032F0
T47E8 6963:731.012 JLINK_ReadReg(R15 (PC))
T47E8 6963:731.031 - 0.020ms returns 0x004032F0
T47E8 6963:731.039 JLINK_ReadReg(R13 (SP))
T47E8 6963:731.043 - 0.006ms returns 0x2001C4F0
T47E8 6963:731.263 JLINK_ReadMemHW(0x004032F0, 0x0004 Bytes, ...)
T47E8 6963:731.277   CPU_ReadMem(4 bytes @ 0x004032F0)
T47E8 6963:731.578   Data:  00 23 87 F8
T47E8 6963:731.586 - 0.325ms returns 0
T47E8 6963:731.846 JLINK_ReadReg(R0)
T47E8 6963:731.862 - 0.017ms returns 0x00000000
T47E8 6963:731.870 JLINK_ReadReg(R1)
T47E8 6963:731.874 - 0.006ms returns 0x00000000
T47E8 6963:731.881 JLINK_ReadReg(R2)
T47E8 6963:731.886 - 0.007ms returns 0x200009E5
T47E8 6963:731.892 JLINK_ReadReg(R3)
T47E8 6963:731.897 - 0.006ms returns 0x00000000
T47E8 6963:731.903 JLINK_ReadReg(R4)
T47E8 6963:731.908 - 0.007ms returns 0x00000000
T47E8 6963:731.915 JLINK_ReadReg(R5)
T47E8 6963:731.919 - 0.006ms returns 0x4A9AA6AF
T47E8 6963:731.925 JLINK_ReadReg(R6)
T47E8 6963:731.930 - 0.007ms returns 0x00000032
T47E8 6963:731.937 JLINK_ReadReg(R7)
T47E8 6963:731.941 - 0.006ms returns 0x2001C4F0
T47E8 6963:731.947 JLINK_ReadReg(R8)
T47E8 6963:731.956 - 0.013ms returns 0x1E39B400
T47E8 6963:731.965 JLINK_ReadReg(R9)
T47E8 6963:731.970 - 0.006ms returns 0x00000003
T47E8 6963:731.976 JLINK_ReadReg(R10)
T47E8 6963:731.980 - 0.006ms returns 0x92A69C00
T47E8 6963:731.987 JLINK_ReadReg(R11)
T47E8 6963:731.991 - 0.006ms returns 0x0000000C
T47E8 6963:731.997 JLINK_ReadReg(R12)
T47E8 6963:732.002 - 0.006ms returns 0x00005C2A
T47E8 6963:732.008 JLINK_ReadReg(R13 (SP))
T47E8 6963:732.013 - 0.006ms returns 0x2001C4F0
T47E8 6963:732.019 JLINK_ReadReg(R14)
T47E8 6963:732.023 - 0.006ms returns 0x004032EB
T47E8 6963:732.030 JLINK_ReadReg(R15 (PC))
T47E8 6963:732.034 - 0.006ms returns 0x004032F0
T47E8 6963:732.047 JLINK_ReadReg(XPSR)
T47E8 6963:732.051 - 0.007ms returns 0x61000000
T47E8 6963:732.058 JLINK_ReadReg(MSP)
T47E8 6963:732.062 - 0.006ms returns 0x2001C4F0
T47E8 6963:732.069 JLINK_ReadReg(PSP)
T47E8 6963:732.073 - 0.006ms returns 0xBC04212C
T47E8 6963:732.080 JLINK_ReadReg(PRIMASK)
T47E8 6963:732.084 - 0.006ms returns 0x00000000
T47E8 6963:732.090 JLINK_ReadReg(BASEPRI)
T47E8 6963:732.095 - 0.006ms returns 0x00000000
T47E8 6963:732.101 JLINK_ReadReg(FAULTMASK)
T47E8 6963:732.105 - 0.006ms returns 0x00000000
T47E8 6963:732.112 JLINK_ReadReg(CONTROL)
T47E8 6963:732.116 - 0.006ms returns 0x00000000
T3AE8 6963:873.169 JLINK_ReadMem(0x40000000, 0x2DF Bytes, ...)
T3AE8 6963:873.200   CPU_ReadMem(735 bytes @ 0x40000000)
T3AE8 6963:877.881   Data:  00 00 00 00 00 00 00 00 00 00 00 00 00 00 00 00 ...
T3AE8 6963:877.894 - 4.727ms returns 0
T3AE8 6963:879.585 JLINK_ReadMem(0x40000000, 0x2DF Bytes, ...)
T3AE8 6963:879.625   CPU_ReadMem(735 bytes @ 0x40000000)
T3AE8 6963:884.066   Data:  00 00 00 00 00 00 00 00 00 00 00 00 00 00 00 00 ...
T3AE8 6963:884.080 - 4.497ms returns 0
T0BF4 6963:925.026 JLINK_IsHalted()
T0BF4 6963:925.051 - 0.026ms returns TRUE
T0BF4 6964:130.805 JLINK_IsHalted()
T0BF4 6964:130.829 - 0.026ms returns TRUE
T47E8 6964:151.300 JLINK_ReadMem(0x20000A8C, 0x1 Bytes, ...)
T47E8 6964:151.409   CPU_ReadMem(64 bytes @ 0x20000A80)
T47E8 6964:152.330    -- Updating C cache (64 bytes @ 0x20000A80)
T47E8 6964:152.351    -- Read from C cache (1 bytes @ 0x20000A8C)
T47E8 6964:152.357   Data:  06
T47E8 6964:152.363 - 1.065ms returns 0
T47E8 6964:166.411 JLINK_ReadMem(0x20000A7C, 0x4 Bytes, ...)
T47E8 6964:166.445   CPU_ReadMem(64 bytes @ 0x20000A40)
T47E8 6964:167.420    -- Updating C cache (64 bytes @ 0x20000A40)
T47E8 6964:167.436    -- Read from C cache (4 bytes @ 0x20000A7C)
T47E8 6964:167.442   Data:  00 00 00 00
T47E8 6964:167.448 - 1.038ms returns 0
T47E8 6964:198.107 JLINK_ReadMem(0x20000A80, 0x4 Bytes, ...)
T47E8 6964:198.135    -- Read from C cache (4 bytes @ 0x20000A80)
T47E8 6964:198.142   Data:  00 00 00 00
T47E8 6964:198.148 - 0.084ms returns 0
T47E8 6964:244.938 JLINK_ReadMem(0x20000A84, 0x4 Bytes, ...)
T47E8 6964:244.968    -- Read from C cache (4 bytes @ 0x20000A84)
T47E8 6964:244.977   Data:  00 00 00 00
T47E8 6964:244.984 - 0.049ms returns 0
T47E8 6964:260.421 JLINK_ReadMem(0x20000A88, 0x4 Bytes, ...)
T47E8 6964:260.446    -- Read from C cache (4 bytes @ 0x20000A88)
T47E8 6964:260.454   Data:  00 00 00 00
T47E8 6964:260.461 - 0.043ms returns 0
T47E8 6964:276.044 JLINK_ReadMem(0x200009E8, 0x4 Bytes, ...)
T47E8 6964:276.077   CPU_ReadMem(64 bytes @ 0x200009C0)
T47E8 6964:276.964    -- Updating C cache (64 bytes @ 0x200009C0)
T47E8 6964:276.983    -- Read from C cache (4 bytes @ 0x200009E8)
T47E8 6964:276.991   Data:  00 00 00 00
T47E8 6964:276.998 - 0.956ms returns 0
T47E8 6964:291.357 JLINK_ReadMem(0x20000A90, 0x4 Bytes, ...)
T47E8 6964:291.405    -- Read from C cache (4 bytes @ 0x20000A90)
T47E8 6964:291.414   Data:  00 00 00 00
T47E8 6964:291.421 - 0.066ms returns 0
T47E8 6964:306.208 JLINK_ReadMem(0x20000A7A, 0x1 Bytes, ...)
T47E8 6964:306.238    -- Read from C cache (1 bytes @ 0x20000A7A)
T47E8 6964:306.246   Data:  00
T47E8 6964:306.254 - 0.048ms returns 0
T47E8 6964:321.476 JLINK_ReadMem(0x20000A94, 0x4 Bytes, ...)
T47E8 6964:321.519    -- Read from C cache (4 bytes @ 0x20000A94)
T47E8 6964:321.537   Data:  00 00 00 00
T47E8 6964:321.545 - 0.071ms returns 0
T0BF4 6964:331.142 JLINK_IsHalted()
T0BF4 6964:331.514 - 0.385ms returns TRUE
T47E8 6964:336.641 JLINK_ReadMem(0x200009F4, 0x4 Bytes, ...)
T47E8 6964:336.675    -- Read from C cache (4 bytes @ 0x200009F4)
T47E8 6964:336.684   Data:  00 00 00 00
T47E8 6964:336.692 - 0.053ms returns 0
T47E8 6964:383.510 JLINK_ReadMem(0x200009DC, 0x4 Bytes, ...)
T47E8 6964:383.535    -- Read from C cache (4 bytes @ 0x200009DC)
T47E8 6964:383.542   Data:  DF 0C 00 00
T47E8 6964:383.550 - 0.042ms returns 0
T47E8 6964:398.878 JLINK_ReadMem(0x20000AD8, 0x1 Bytes, ...)
T47E8 6964:398.914   CPU_ReadMem(64 bytes @ 0x20000AC0)
T47E8 6964:399.644    -- Updating C cache (64 bytes @ 0x20000AC0)
T47E8 6964:399.660    -- Read from C cache (1 bytes @ 0x20000AD8)
T47E8 6964:399.668   Data:  00
T47E8 6964:399.675 - 0.798ms returns 0
T47E8 6964:445.842 JLINK_ReadMem(0x20000A79, 0x1 Bytes, ...)
T47E8 6964:445.871    -- Read from C cache (1 bytes @ 0x20000A79)
T47E8 6964:445.878   Data:  01
T47E8 6964:445.885 - 0.045ms returns 0
T47E8 6964:476.529 JLINK_ReadMem(0x20000A80, 0x4 Bytes, ...)
T47E8 6964:476.566    -- Read from C cache (4 bytes @ 0x20000A80)
T47E8 6964:476.573   Data:  00 00 00 00
T47E8 6964:476.599 - 0.072ms returns 0
T47E8 6964:507.379 JLINK_ReadMem(0x20000A84, 0x4 Bytes, ...)
T47E8 6964:507.396    -- Read from C cache (4 bytes @ 0x20000A84)
T47E8 6964:507.405   Data:  00 00 00 00
T47E8 6964:507.412 - 0.036ms returns 0
T47E8 6964:523.196 JLINK_ReadMem(0x20000A88, 0x4 Bytes, ...)
T47E8 6964:523.222    -- Read from C cache (4 bytes @ 0x20000A88)
T47E8 6964:523.230   Data:  00 00 00 00
T47E8 6964:523.238 - 0.044ms returns 0
T0BF4 6964:531.906 JLINK_IsHalted()
T0BF4 6964:531.927 - 0.023ms returns TRUE
T47E8 6964:538.606 JLINK_ReadMem(0x200009E8, 0x4 Bytes, ...)
T47E8 6964:538.626    -- Read from C cache (4 bytes @ 0x200009E8)
T47E8 6964:538.634   Data:  00 00 00 00
T47E8 6964:538.670 - 0.067ms returns 0
T47E8 6964:568.807 JLINK_ReadMem(0x20000A90, 0x4 Bytes, ...)
T47E8 6964:568.847    -- Read from C cache (4 bytes @ 0x20000A90)
T47E8 6964:568.868   Data:  00 00 00 00
T47E8 6964:568.875 - 0.071ms returns 0
T47E8 6964:584.339 JLINK_ReadMem(0x20000A7A, 0x1 Bytes, ...)
T47E8 6964:584.378    -- Read from C cache (1 bytes @ 0x20000A7A)
T47E8 6964:584.386   Data:  00
T47E8 6964:584.393 - 0.056ms returns 0
T47E8 6964:600.058 JLINK_ReadMem(0x20000A94, 0x4 Bytes, ...)
T47E8 6964:600.096    -- Read from C cache (4 bytes @ 0x20000A94)
T47E8 6964:600.104   Data:  00 00 00 00
T47E8 6964:600.111 - 0.054ms returns 0
T0BF4 6964:734.349 JLINK_IsHalted()
T0BF4 6964:734.376 - 0.029ms returns TRUE
T0BF4 6964:936.647 JLINK_IsHalted()
T0BF4 6964:937.004 - 0.367ms returns TRUE
T0BF4 6965:141.471 JLINK_IsHalted()
T0BF4 6965:141.495 - 0.026ms returns TRUE
T0BF4 6965:342.422 JLINK_IsHalted()
T0BF4 6965:342.446 - 0.026ms returns TRUE
T0BF4 6965:543.047 JLINK_IsHalted()
T0BF4 6965:543.460 - 0.425ms returns TRUE
T0BF4 6965:743.672 JLINK_IsHalted()
T0BF4 6965:743.705 - 0.035ms returns TRUE
T0BF4 6965:944.458 JLINK_IsHalted()
T0BF4 6965:944.500 - 0.044ms returns TRUE
T0BF4 6966:145.678 JLINK_IsHalted()
T0BF4 6966:146.096 - 0.434ms returns TRUE
T0BF4 6966:347.028 JLINK_IsHalted()
T0BF4 6966:347.055 - 0.029ms returns TRUE
T0BF4 6966:547.554 JLINK_IsHalted()
T0BF4 6966:547.577 - 0.024ms returns TRUE
T0BF4 6966:748.472 JLINK_IsHalted()
T0BF4 6966:748.980 - 0.518ms returns TRUE
T0BF4 6966:950.189 JLINK_IsHalted()
T0BF4 6966:950.215 - 0.029ms returns TRUE
T0BF4 6967:153.866 JLINK_IsHalted()
T0BF4 6967:153.896 - 0.032ms returns TRUE
T0BF4 6967:356.165 JLINK_IsHalted()
T0BF4 6967:356.552 - 0.401ms returns TRUE
T0BF4 6967:559.614 JLINK_IsHalted()
T0BF4 6967:559.633 - 0.021ms returns TRUE
T0BF4 6967:772.726 JLINK_IsHalted()
T0BF4 6967:772.752 - 0.027ms returns TRUE
T0BF4 6967:974.534 JLINK_IsHalted()
T0BF4 6967:974.991 - 0.470ms returns TRUE
T0BF4 6968:175.492 JLINK_IsHalted()
T0BF4 6968:175.517 - 0.027ms returns TRUE
T0BF4 6968:378.943 JLINK_IsHalted()
T0BF4 6968:378.976 - 0.035ms returns TRUE
T0BF4 6968:582.152 JLINK_IsHalted()
T0BF4 6968:582.638 - 0.496ms returns TRUE
T0BF4 6968:783.801 JLINK_IsHalted()
T0BF4 6968:783.829 - 0.029ms returns TRUE
T0BF4 6968:988.186 JLINK_IsHalted()
T0BF4 6968:988.210 - 0.026ms returns TRUE
T47E8 6969:100.517 JLINK_ReadMemHW(0x00400D3C, 0x0001 Bytes, ...)
T47E8 6969:100.561   CPU_ReadMem(1 bytes @ 0x00400D3C)
T47E8 6969:100.912   Data:  80
T47E8 6969:100.926 - 0.410ms returns 0
T0BF4 6969:191.411 JLINK_IsHalted()
T0BF4 6969:191.851 - 0.450ms returns TRUE
T0BF4 6969:394.030 JLINK_IsHalted()
T0BF4 6969:394.054 - 0.025ms returns TRUE
T0BF4 6969:598.501 JLINK_IsHalted()
T0BF4 6969:598.527 - 0.028ms returns TRUE
T47E8 6969:773.234 JLINK_ReadMem(0x20000A8C, 0x1 Bytes, ...)
T47E8 6969:773.248    -- Read from C cache (1 bytes @ 0x20000A8C)
T47E8 6969:773.268   Data:  06
T47E8 6969:773.275 - 0.043ms returns 0
T0BF4 6969:800.779 JLINK_IsHalted()
T0BF4 6969:801.327 - 0.559ms returns TRUE
T0BF4 6970:000.855 JLINK_IsHalted()
T0BF4 6970:000.883 - 0.029ms returns TRUE
T0BF4 6970:206.855 JLINK_IsHalted()
T0BF4 6970:206.881 - 0.027ms returns TRUE
T0BF4 6970:406.468 JLINK_IsHalted()
T0BF4 6970:406.926 - 0.468ms returns TRUE
T0BF4 6970:611.989 JLINK_IsHalted()
T0BF4 6970:612.264 - 0.280ms returns TRUE
T0BF4 6970:813.384 JLINK_IsHalted()
T0BF4 6970:813.422 - 0.039ms returns TRUE
T0BF4 6971:019.335 JLINK_IsHalted()
T0BF4 6971:019.752 - 0.428ms returns TRUE
T0BF4 6971:221.194 JLINK_IsHalted()
T0BF4 6971:221.218 - 0.026ms returns TRUE
T0BF4 6971:420.477 JLINK_IsHalted()
T0BF4 6971:420.504 - 0.029ms returns TRUE
T0BF4 6971:623.907 JLINK_IsHalted()
T0BF4 6971:624.234 - 0.340ms returns TRUE
T0BF4 6971:824.603 JLINK_IsHalted()
T0BF4 6971:824.634 - 0.033ms returns TRUE
T0BF4 6972:024.823 JLINK_IsHalted()
T0BF4 6972:024.868 - 0.049ms returns TRUE
T0BF4 6972:225.907 JLINK_IsHalted()
T0BF4 6972:226.255 - 0.361ms returns TRUE
T0BF4 6972:426.560 JLINK_IsHalted()
T0BF4 6972:426.587 - 0.029ms returns TRUE
T0BF4 6972:627.527 JLINK_IsHalted()
T0BF4 6972:627.549 - 0.024ms returns TRUE
T0BF4 6972:830.216 JLINK_IsHalted()
T0BF4 6972:830.727 - 0.521ms returns TRUE
T0BF4 6973:030.777 JLINK_IsHalted()
T0BF4 6973:030.824 - 0.050ms returns TRUE
T0BF4 6973:234.542 JLINK_IsHalted()
T0BF4 6973:234.564 - 0.024ms returns TRUE
T0BF4 6973:436.122 JLINK_IsHalted()
T0BF4 6973:436.597 - 0.486ms returns TRUE
T0BF4 6973:639.256 JLINK_IsHalted()
T0BF4 6973:639.291 - 0.037ms returns TRUE
T0BF4 6973:844.121 JLINK_IsHalted()
T0BF4 6973:844.145 - 0.026ms returns TRUE
T0BF4 6974:044.994 JLINK_IsHalted()
T0BF4 6974:045.506 - 0.521ms returns TRUE
T0BF4 6974:247.950 JLINK_IsHalted()
T0BF4 6974:247.973 - 0.024ms returns TRUE
T0BF4 6974:447.832 JLINK_IsHalted()
T0BF4 6974:447.860 - 0.029ms returns TRUE
T0BF4 6974:649.373 JLINK_IsHalted()
T0BF4 6974:649.894 - 0.530ms returns TRUE
T0BF4 6974:851.950 JLINK_IsHalted()
T0BF4 6974:851.978 - 0.029ms returns TRUE
T0BF4 6975:053.437 JLINK_IsHalted()
T0BF4 6975:053.460 - 0.025ms returns TRUE
T0BF4 6975:254.330 JLINK_IsHalted()
T0BF4 6975:254.840 - 0.520ms returns TRUE
T0BF4 6975:455.292 JLINK_IsHalted()
T0BF4 6975:455.316 - 0.026ms returns TRUE
T0BF4 6975:656.861 JLINK_IsHalted()
T0BF4 6975:656.916 - 0.057ms returns TRUE
T0BF4 6975:857.418 JLINK_IsHalted()
T0BF4 6975:857.885 - 0.478ms returns TRUE
T47E8 6976:047.695 JLINK_ReadReg(R15 (PC))
T47E8 6976:047.732 - 0.039ms returns 0x004032F0
T47E8 6976:047.818 JLINK_GetBPInfo(BPHandle = 4)
T47E8 6976:047.824 - 0.008ms returns 0x0
T47E8 6976:047.830 JLINK_ClrBPEx(BPHandle = 0x00000004)
T47E8 6976:047.836 - 0.008ms returns 0x00
T47E8 6976:047.852 JLINK_Step()
T47E8 6976:047.861    -- Read from flash cache (2 bytes @ 0x004032F0)
T47E8 6976:047.872   CPU_ReadMem(4 bytes @ 0xE0001004)
T47E8 6976:048.402   -- Simulated
T47E8 6976:048.419 - 0.569ms returns 0
T47E8 6976:048.429 JLINK_SetBPEx(Addr = 0x004032F0, Type = 0xFFFFFFF2)
T47E8 6976:048.437 - 0.010ms returns 0x00000006
T47E8 6976:048.443 JLINK_GetBPInfo(BPHandle = 6)
T47E8 6976:048.454 - 0.013ms returns 0x0
T47E8 6976:048.480 JLINK_Go()
T47E8 6976:048.492   CPU_WriteMem(4 bytes @ 0xE0002000)
T47E8 6976:048.820   CPU_WriteMem(4 bytes @ 0xE0002000)
T47E8 6976:049.159   CPU_ReadMem(4 bytes @ 0xE0001000)
T47E8 6976:049.440   CPU_WriteMem(4 bytes @ 0xE000ED30)
T47E8 6976:049.723   CPU_WriteMem(4 bytes @ 0xE0002008)
T47E8 6976:049.731   CPU_WriteMem(4 bytes @ 0xE000200C)
T47E8 6976:050.299   CPU_WriteMem(4 bytes @ 0xE0001004)
T47E8 6976:051.631 - 3.155ms
T0BF4 6976:051.651 JLINK_IsHalted()
T0BF4 6976:051.935 - 0.287ms returns FALSE
T0BF4 6976:061.290 JLINK_IsHalted()
T0BF4 6976:064.129 - 2.858ms returns TRUE
T0BF4 6976:064.158 JLINK_GetMOEs(...)
T0BF4 6976:064.168   CPU_ReadMem(4 bytes @ 0xE000ED30)
T0BF4 6976:064.529 - 0.385ms returns 0x01
T0BF4 6976:064.552 JLINK_ReadReg(R15 (PC))
T0BF4 6976:064.560 - 0.010ms returns 0x00403578
T47E8 6976:073.321 JLINK_ReadReg(R15 (PC))
T47E8 6976:073.351 - 0.032ms returns 0x00403578
T47E8 6976:073.378 JLINK_ReadReg(R13 (SP))
T47E8 6976:073.384 - 0.008ms returns 0x2001C4F0
T47E8 6976:073.859 JLINK_ReadMemHW(0x00403578, 0x0004 Bytes, ...)
T47E8 6976:073.891   CPU_ReadMem(4 bytes @ 0x00403578)
T47E8 6976:074.183   Data:  00 21 39 48
T47E8 6976:074.194 - 0.337ms returns 0
T47E8 6976:074.403 JLINK_ReadReg(R0)
T47E8 6976:074.424 - 0.025ms returns 0x20019178
T47E8 6976:074.439 JLINK_ReadReg(R1)
T47E8 6976:074.445 - 0.007ms returns 0x004092BC
T47E8 6976:074.452 JLINK_ReadReg(R2)
T47E8 6976:074.457 - 0.007ms returns 0x0000000D
T47E8 6976:074.463 JLINK_ReadReg(R3)
T47E8 6976:074.468 - 0.007ms returns 0x00000000
T47E8 6976:074.475 JLINK_ReadReg(R4)
T47E8 6976:074.480 - 0.006ms returns 0x00000000
T47E8 6976:074.486 JLINK_ReadReg(R5)
T47E8 6976:074.491 - 0.007ms returns 0x4A9AA6AF
T47E8 6976:074.498 JLINK_ReadReg(R6)
T47E8 6976:074.502 - 0.007ms returns 0x00000032
T47E8 6976:074.509 JLINK_ReadReg(R7)
T47E8 6976:074.514 - 0.007ms returns 0x2001C4F0
T47E8 6976:074.521 JLINK_ReadReg(R8)
T47E8 6976:074.525 - 0.007ms returns 0x1E39B400
T47E8 6976:074.532 JLINK_ReadReg(R9)
T47E8 6976:074.537 - 0.006ms returns 0x00000003
T47E8 6976:074.543 JLINK_ReadReg(R10)
T47E8 6976:074.548 - 0.006ms returns 0x92A69C00
T47E8 6976:074.555 JLINK_ReadReg(R11)
T47E8 6976:074.559 - 0.006ms returns 0x0000000C
T47E8 6976:074.566 JLINK_ReadReg(R12)
T47E8 6976:074.570 - 0.006ms returns 0x004092C3
T47E8 6976:074.577 JLINK_ReadReg(R13 (SP))
T47E8 6976:074.582 - 0.007ms returns 0x2001C4F0
T47E8 6976:074.589 JLINK_ReadReg(R14)
T47E8 6976:074.594 - 0.007ms returns 0x2001917F
T47E8 6976:074.600 JLINK_ReadReg(R15 (PC))
T47E8 6976:074.605 - 0.007ms returns 0x00403578
T47E8 6976:074.619 JLINK_ReadReg(XPSR)
T47E8 6976:074.623 - 0.007ms returns 0x61000000
T47E8 6976:074.630 JLINK_ReadReg(MSP)
T47E8 6976:074.635 - 0.006ms returns 0x2001C4F0
T47E8 6976:074.641 JLINK_ReadReg(PSP)
T47E8 6976:074.646 - 0.006ms returns 0xBC04212C
T47E8 6976:074.653 JLINK_ReadReg(PRIMASK)
T47E8 6976:074.658 - 0.007ms returns 0x00000000
T47E8 6976:074.665 JLINK_ReadReg(BASEPRI)
T47E8 6976:074.669 - 0.007ms returns 0x00000000
T47E8 6976:074.676 JLINK_ReadReg(FAULTMASK)
T47E8 6976:074.681 - 0.007ms returns 0x00000000
T47E8 6976:074.687 JLINK_ReadReg(CONTROL)
T47E8 6976:074.692 - 0.006ms returns 0x00000000
T3AE8 6976:117.093 JLINK_ReadMem(0x40000000, 0x2DF Bytes, ...)
T3AE8 6976:117.124   CPU_ReadMem(735 bytes @ 0x40000000)
T3AE8 6976:121.646   Data:  00 00 00 00 00 00 00 00 00 00 00 00 00 00 00 00 ...
T3AE8 6976:121.663 - 4.572ms returns 0
T3AE8 6976:123.578 JLINK_ReadMem(0x40000000, 0x2DF Bytes, ...)
T3AE8 6976:123.626   CPU_ReadMem(735 bytes @ 0x40000000)
T3AE8 6976:128.080   Data:  00 00 00 00 00 00 00 00 00 00 00 00 00 00 00 00 ...
T3AE8 6976:128.096 - 4.520ms returns 0
T0BF4 6976:264.852 JLINK_IsHalted()
T0BF4 6976:264.884 - 0.033ms returns TRUE
T47E8 6976:408.192 JLINK_ReadMem(0x20000A8C, 0x1 Bytes, ...)
T47E8 6976:408.220   CPU_ReadMem(64 bytes @ 0x20000A80)
T47E8 6976:409.056    -- Updating C cache (64 bytes @ 0x20000A80)
T47E8 6976:409.076    -- Read from C cache (1 bytes @ 0x20000A8C)
T47E8 6976:409.083   Data:  06
T47E8 6976:409.088 - 0.898ms returns 0
T47E8 6976:416.702 JLINK_ReadMem(0x20000A7C, 0x4 Bytes, ...)
T47E8 6976:416.728   CPU_ReadMem(64 bytes @ 0x20000A40)
T47E8 6976:417.595    -- Updating C cache (64 bytes @ 0x20000A40)
T47E8 6976:417.610    -- Read from C cache (4 bytes @ 0x20000A7C)
T47E8 6976:417.616   Data:  00 00 00 00
T47E8 6976:417.622 - 0.921ms returns 0
T47E8 6976:439.654 JLINK_ReadMem(0x20000A80, 0x4 Bytes, ...)
T47E8 6976:439.680    -- Read from C cache (4 bytes @ 0x20000A80)
T47E8 6976:439.689   Data:  00 00 00 00
T47E8 6976:439.695 - 0.043ms returns 0
T0BF4 6976:466.433 JLINK_IsHalted()
T0BF4 6976:466.456 - 0.026ms returns TRUE
T47E8 6976:470.893 JLINK_ReadMem(0x20000A84, 0x4 Bytes, ...)
T47E8 6976:470.912    -- Read from C cache (4 bytes @ 0x20000A84)
T47E8 6976:470.920   Data:  00 00 00 00
T47E8 6976:470.947 - 0.056ms returns 0
T47E8 6976:486.804 JLINK_ReadMem(0x20000A88, 0x4 Bytes, ...)
T47E8 6976:486.829    -- Read from C cache (4 bytes @ 0x20000A88)
T47E8 6976:486.837   Data:  00 00 00 00
T47E8 6976:486.879 - 0.078ms returns 0
T47E8 6976:517.746 JLINK_ReadMem(0x200009E8, 0x4 Bytes, ...)
T47E8 6976:517.769   CPU_ReadMem(64 bytes @ 0x200009C0)
T47E8 6976:518.620    -- Updating C cache (64 bytes @ 0x200009C0)
T47E8 6976:518.658    -- Read from C cache (4 bytes @ 0x200009E8)
T47E8 6976:518.664   Data:  00 00 00 00
T47E8 6976:518.671 - 0.927ms returns 0
T47E8 6976:533.284 JLINK_ReadMem(0x20000A90, 0x4 Bytes, ...)
T47E8 6976:533.329    -- Read from C cache (4 bytes @ 0x20000A90)
T47E8 6976:533.337   Data:  00 00 00 00
T47E8 6976:533.344 - 0.062ms returns 0
T47E8 6976:564.861 JLINK_ReadMem(0x20000A7A, 0x1 Bytes, ...)
T47E8 6976:564.878    -- Read from C cache (1 bytes @ 0x20000A7A)
T47E8 6976:564.886   Data:  00
T47E8 6976:564.893 - 0.034ms returns 0
T47E8 6976:581.177 JLINK_ReadMem(0x20000A94, 0x4 Bytes, ...)
T47E8 6976:581.193    -- Read from C cache (4 bytes @ 0x20000A94)
T47E8 6976:581.200   Data:  00 00 00 00
T47E8 6976:581.212 - 0.037ms returns 0
T47E8 6976:615.164 JLINK_ReadMem(0x200009F4, 0x4 Bytes, ...)
T47E8 6976:615.180    -- Read from C cache (4 bytes @ 0x200009F4)
T47E8 6976:615.188   Data:  00 00 00 00
T47E8 6976:615.195 - 0.033ms returns 0
T47E8 6976:632.795 JLINK_ReadMem(0x200009DC, 0x4 Bytes, ...)
T47E8 6976:632.823    -- Read from C cache (4 bytes @ 0x200009DC)
T47E8 6976:632.829   Data:  DF 0C 00 00
T47E8 6976:632.835 - 0.041ms returns 0
T0BF4 6976:667.658 JLINK_IsHalted()
T0BF4 6976:667.977 - 0.327ms returns TRUE
T47E8 6976:674.816 JLINK_ReadMem(0x20000AD8, 0x1 Bytes, ...)
T47E8 6976:674.840   CPU_ReadMem(64 bytes @ 0x20000AC0)
T47E8 6976:675.802    -- Updating C cache (64 bytes @ 0x20000AC0)
T47E8 6976:675.816    -- Read from C cache (1 bytes @ 0x20000AD8)
T47E8 6976:675.822   Data:  00
T47E8 6976:675.828 - 1.013ms returns 0
T47E8 6976:737.166 JLINK_ReadMem(0x20000A79, 0x1 Bytes, ...)
T47E8 6976:737.222    -- Read from C cache (1 bytes @ 0x20000A79)
T47E8 6976:737.228   Data:  01
T47E8 6976:737.235 - 0.070ms returns 0
T47E8 6976:753.326 JLINK_ReadMem(0x20000A80, 0x4 Bytes, ...)
T47E8 6976:753.338    -- Read from C cache (4 bytes @ 0x20000A80)
T47E8 6976:753.344   Data:  00 00 00 00
T47E8 6976:753.350 - 0.025ms returns 0
T47E8 6976:756.974 JLINK_ReadMem(0x20000A84, 0x4 Bytes, ...)
T47E8 6976:756.993    -- Read from C cache (4 bytes @ 0x20000A84)
T47E8 6976:757.000   Data:  00 00 00 00
T47E8 6976:757.007 - 0.035ms returns 0
T47E8 6976:783.947 JLINK_ReadMem(0x20000A88, 0x4 Bytes, ...)
T47E8 6976:783.968    -- Read from C cache (4 bytes @ 0x20000A88)
T47E8 6976:783.975   Data:  00 00 00 00
T47E8 6976:783.982 - 0.038ms returns 0
T47E8 6976:815.097 JLINK_ReadMem(0x200009E8, 0x4 Bytes, ...)
T47E8 6976:815.119    -- Read from C cache (4 bytes @ 0x200009E8)
T47E8 6976:815.127   Data:  00 00 00 00
T47E8 6976:815.134 - 0.039ms returns 0
T47E8 6976:845.629 JLINK_ReadMem(0x20000A90, 0x4 Bytes, ...)
T47E8 6976:845.667    -- Read from C cache (4 bytes @ 0x20000A90)
T47E8 6976:845.677   Data:  00 00 00 00
T47E8 6976:845.684 - 0.057ms returns 0
T47E8 6976:866.921 JLINK_ReadMem(0x20000A7A, 0x1 Bytes, ...)
T47E8 6976:866.954    -- Read from C cache (1 bytes @ 0x20000A7A)
T47E8 6976:866.961   Data:  00
T47E8 6976:866.968 - 0.049ms returns 0
T0BF4 6976:870.716 JLINK_IsHalted()
T0BF4 6976:870.730 - 0.016ms returns TRUE
T47E8 6976:908.208 JLINK_ReadMem(0x20000A94, 0x4 Bytes, ...)
T47E8 6976:908.221    -- Read from C cache (4 bytes @ 0x20000A94)
T47E8 6976:908.227   Data:  00 00 00 00
T47E8 6976:908.233 - 0.027ms returns 0
T0BF4 6977:071.363 JLINK_IsHalted()
T0BF4 6977:071.388 - 0.026ms returns TRUE
T0BF4 6977:271.897 JLINK_IsHalted()
T0BF4 6977:272.414 - 0.527ms returns TRUE
T0BF4 6977:473.752 JLINK_IsHalted()
T0BF4 6977:473.776 - 0.026ms returns TRUE
T0BF4 6977:674.748 JLINK_IsHalted()
T0BF4 6977:674.770 - 0.024ms returns TRUE
T0BF4 6977:875.115 JLINK_IsHalted()
T0BF4 6977:875.615 - 0.509ms returns TRUE
T0BF4 6978:075.296 JLINK_IsHalted()
T0BF4 6978:075.320 - 0.026ms returns TRUE
T0BF4 6978:277.002 JLINK_IsHalted()
T0BF4 6978:277.025 - 0.025ms returns TRUE
T0BF4 6978:478.511 JLINK_IsHalted()
T0BF4 6978:478.839 - 0.332ms returns TRUE
T0BF4 6978:678.875 JLINK_IsHalted()
T0BF4 6978:678.899 - 0.025ms returns TRUE
T47E8 6978:744.333 JLINK_ReadMemHW(0x00400DF8, 0x0001 Bytes, ...)
T47E8 6978:744.383   CPU_ReadMem(1 bytes @ 0x00400DF8)
T47E8 6978:744.694   Data:  80
T47E8 6978:744.702 - 0.371ms returns 0
T0BF4 6978:879.781 JLINK_IsHalted()
T0BF4 6978:879.814 - 0.035ms returns TRUE
T0BF4 6979:080.212 JLINK_IsHalted()
T0BF4 6979:080.604 - 0.398ms returns TRUE
T0BF4 6979:281.917 JLINK_IsHalted()
T0BF4 6979:281.941 - 0.026ms returns TRUE
T0BF4 6979:482.311 JLINK_IsHalted()
T0BF4 6979:482.335 - 0.026ms returns TRUE
T0BF4 6979:682.661 JLINK_IsHalted()
T0BF4 6979:683.234 - 0.583ms returns TRUE
T0BF4 6979:885.846 JLINK_IsHalted()
T0BF4 6979:885.873 - 0.029ms returns TRUE
T0BF4 6980:092.336 JLINK_IsHalted()
T0BF4 6980:092.368 - 0.034ms returns TRUE
T47E8 6980:145.424 JLINK_ReadMemHW(0x0040311C, 0x0002 Bytes, ...)
T47E8 6980:145.469   CPU_ReadMem(2 bytes @ 0x0040311C)
T47E8 6980:146.965   Data:  91 4B
T47E8 6980:146.991 - 1.568ms returns 0
T47E8 6980:147.349 JLINK_ReadMemHW(0x00403364, 0x0004 Bytes, ...)
T47E8 6980:147.363   CPU_ReadMem(4 bytes @ 0x00403364)
T47E8 6980:147.701   Data:  E5 12 40 00
T47E8 6980:147.719 - 0.372ms returns 0
T47E8 6980:147.881 JLINK_ReadMemHW(0x004035B6, 0x0002 Bytes, ...)
T47E8 6980:147.892   CPU_ReadMem(2 bytes @ 0x004035B6)
T47E8 6980:148.235   Data:  29 4B
T47E8 6980:148.248 - 0.368ms returns 0
T3AE8 6980:150.691 JLINK_SetBPEx(Addr = 0x004035B6, Type = 0xFFFFFFF2)
T3AE8 6980:150.703 - 0.013ms returns 0x00000007
T3AE8 6980:150.709 JLINK_GetBPInfo(BPHandle = 7)
T3AE8 6980:150.713 - 0.006ms returns 0x0
T0BF4 6980:293.367 JLINK_IsHalted()
T0BF4 6980:293.995 - 0.638ms returns TRUE
T0BF4 6980:500.946 JLINK_IsHalted()
T0BF4 6980:500.977 - 0.033ms returns TRUE
T0BF4 6980:704.709 JLINK_IsHalted()
T0BF4 6980:704.731 - 0.024ms returns TRUE
T0BF4 6980:907.430 JLINK_IsHalted()
T0BF4 6980:907.830 - 0.410ms returns TRUE
T0BF4 6981:110.354 JLINK_IsHalted()
T0BF4 6981:110.384 - 0.032ms returns TRUE
T0BF4 6981:310.752 JLINK_IsHalted()
T0BF4 6981:310.778 - 0.027ms returns TRUE
T0BF4 6981:512.714 JLINK_IsHalted()
T0BF4 6981:513.552 - 0.852ms returns TRUE
T0BF4 6981:716.209 JLINK_IsHalted()
T0BF4 6981:716.239 - 0.031ms returns TRUE
T0BF4 6981:918.327 JLINK_IsHalted()
T0BF4 6981:918.356 - 0.031ms returns TRUE
T47E8 6982:083.889 JLINK_ReadReg(R15 (PC))
T47E8 6982:084.292 - 0.419ms returns 0x00403578
T47E8 6982:084.409 JLINK_GetBPInfo(BPHandle = 5)
T47E8 6982:084.415 - 0.008ms returns 0x0
T47E8 6982:084.421 JLINK_ClrBPEx(BPHandle = 0x00000005)
T47E8 6982:084.427 - 0.008ms returns 0x00
T47E8 6982:084.453 JLINK_Step()
T47E8 6982:084.486    -- Read from flash cache (2 bytes @ 0x00403578)
T47E8 6982:084.500   CPU_ReadMem(4 bytes @ 0xE0001004)
T47E8 6982:084.856   -- Simulated
T47E8 6982:084.877 - 0.426ms returns 0
T47E8 6982:084.885 JLINK_SetBPEx(Addr = 0x00403578, Type = 0xFFFFFFF2)
T47E8 6982:084.891 - 0.007ms returns 0x00000008
T47E8 6982:084.895 JLINK_GetBPInfo(BPHandle = 8)
T47E8 6982:084.899 - 0.005ms returns 0x0
T47E8 6982:084.921 JLINK_Go()
T47E8 6982:084.930   CPU_WriteMem(4 bytes @ 0xE0002000)
T47E8 6982:085.365   CPU_WriteMem(4 bytes @ 0xE0002000)
T47E8 6982:085.886   CPU_WriteMem(4 bytes @ 0xE0002000)
T47E8 6982:086.276   CPU_ReadMem(4 bytes @ 0xE0001000)
T47E8 6982:086.658   CPU_WriteMem(4 bytes @ 0xE000ED30)
T47E8 6982:087.181   CPU_WriteMem(4 bytes @ 0xE0002008)
T47E8 6982:087.199   CPU_WriteMem(4 bytes @ 0xE000200C)
T47E8 6982:087.206   CPU_WriteMem(4 bytes @ 0xE0002010)
T47E8 6982:088.031   CPU_WriteMem(4 bytes @ 0xE0001004)
T47E8 6982:089.538 - 4.633ms
T0BF4 6982:089.601 JLINK_IsHalted()
T0BF4 6982:089.891 - 0.302ms returns FALSE
T0BF4 6982:099.890 JLINK_IsHalted()
T0BF4 6982:100.360 - 0.480ms returns FALSE
T0BF4 6982:139.983 JLINK_IsHalted()
T0BF4 6982:142.893 - 2.923ms returns TRUE
T0BF4 6982:142.914 JLINK_GetMOEs(...)
T0BF4 6982:142.922   CPU_ReadMem(4 bytes @ 0xE000ED30)
T0BF4 6982:143.211 - 0.310ms returns 0x01
T0BF4 6982:143.231 JLINK_ReadReg(R15 (PC))
T0BF4 6982:143.238 - 0.008ms returns 0x004035B6
T47E8 6982:153.187 JLINK_ReadReg(R15 (PC))
T47E8 6982:153.248 - 0.063ms returns 0x004035B6
T47E8 6982:153.259 JLINK_ReadReg(R13 (SP))
T47E8 6982:153.264 - 0.007ms returns 0x2001C4F0
T47E8 6982:153.609 JLINK_ReadMemHW(0x004035B6, 0x0004 Bytes, ...)
T47E8 6982:153.624   CPU_ReadMem(4 bytes @ 0x004035B6)
T47E8 6982:154.077   Data:  29 4B 1B 78
T47E8 6982:154.091 - 0.484ms returns 0
T47E8 6982:154.266 JLINK_ReadReg(R0)
T47E8 6982:154.274 - 0.010ms returns 0x00000000
T47E8 6982:154.282 JLINK_ReadReg(R1)
T47E8 6982:154.287 - 0.006ms returns 0x0000000A
T47E8 6982:154.293 JLINK_ReadReg(R2)
T47E8 6982:154.298 - 0.006ms returns 0x00000008
T47E8 6982:154.304 JLINK_ReadReg(R3)
T47E8 6982:154.308 - 0.006ms returns 0x20000A8C
T47E8 6982:154.315 JLINK_ReadReg(R4)
T47E8 6982:154.319 - 0.006ms returns 0x00000000
T47E8 6982:154.325 JLINK_ReadReg(R5)
T47E8 6982:154.330 - 0.006ms returns 0x4A9AA6AF
T47E8 6982:154.336 JLINK_ReadReg(R6)
T47E8 6982:154.341 - 0.006ms returns 0x00000032
T47E8 6982:154.347 JLINK_ReadReg(R7)
T47E8 6982:154.351 - 0.006ms returns 0x2001C4F0
T47E8 6982:154.357 JLINK_ReadReg(R8)
T47E8 6982:154.362 - 0.006ms returns 0x1E39B400
T47E8 6982:154.368 JLINK_ReadReg(R9)
T47E8 6982:154.373 - 0.006ms returns 0x00000003
T47E8 6982:154.379 JLINK_ReadReg(R10)
T47E8 6982:154.384 - 0.006ms returns 0x92A69C00
T47E8 6982:154.390 JLINK_ReadReg(R11)
T47E8 6982:154.394 - 0.006ms returns 0x0000000C
T47E8 6982:154.401 JLINK_ReadReg(R12)
T47E8 6982:154.405 - 0.006ms returns 0x004092C3
T47E8 6982:154.411 JLINK_ReadReg(R13 (SP))
T47E8 6982:154.416 - 0.006ms returns 0x2001C4F0
T47E8 6982:154.422 JLINK_ReadReg(R14)
T47E8 6982:154.426 - 0.006ms returns 0x00400E77
T47E8 6982:154.433 JLINK_ReadReg(R15 (PC))
T47E8 6982:154.437 - 0.006ms returns 0x004035B6
T47E8 6982:154.450 JLINK_ReadReg(XPSR)
T47E8 6982:154.455 - 0.006ms returns 0x01000000
T47E8 6982:154.461 JLINK_ReadReg(MSP)
T47E8 6982:154.465 - 0.006ms returns 0x2001C4F0
T47E8 6982:154.471 JLINK_ReadReg(PSP)
T47E8 6982:154.476 - 0.006ms returns 0xBC04212C
T47E8 6982:154.483 JLINK_ReadReg(PRIMASK)
T47E8 6982:154.487 - 0.006ms returns 0x00000000
T47E8 6982:154.494 JLINK_ReadReg(BASEPRI)
T47E8 6982:154.498 - 0.006ms returns 0x00000000
T47E8 6982:154.504 JLINK_ReadReg(FAULTMASK)
T47E8 6982:154.509 - 0.006ms returns 0x00000000
T47E8 6982:154.515 JLINK_ReadReg(CONTROL)
T47E8 6982:154.519 - 0.006ms returns 0x00000000
T3AE8 6982:198.921 JLINK_ReadMem(0x40000000, 0x2DF Bytes, ...)
T3AE8 6982:198.951   CPU_ReadMem(735 bytes @ 0x40000000)
T3AE8 6982:203.565   Data:  00 00 00 00 00 00 00 00 00 00 00 00 00 00 00 00 ...
T3AE8 6982:203.581 - 4.663ms returns 0
T3AE8 6982:205.113 JLINK_ReadMem(0x40000000, 0x2DF Bytes, ...)
T3AE8 6982:205.134   CPU_ReadMem(735 bytes @ 0x40000000)
T3AE8 6982:209.541   Data:  00 00 00 00 00 00 00 00 00 00 00 00 00 00 00 00 ...
T3AE8 6982:209.552 - 4.442ms returns 0
T0BF4 6982:344.544 JLINK_IsHalted()
T0BF4 6982:344.572 - 0.030ms returns TRUE
T47E8 6982:489.020 JLINK_ReadMem(0x20000A8C, 0x1 Bytes, ...)
T47E8 6982:489.041   CPU_ReadMem(64 bytes @ 0x20000A80)
T47E8 6982:490.557    -- Updating C cache (64 bytes @ 0x20000A80)
T47E8 6982:490.572    -- Read from C cache (1 bytes @ 0x20000A8C)
T47E8 6982:490.578   Data:  08
T47E8 6982:490.584 - 1.566ms returns 0
T47E8 6982:498.344 JLINK_ReadMem(0x20000A7C, 0x4 Bytes, ...)
T47E8 6982:498.361   CPU_ReadMem(64 bytes @ 0x20000A40)
T47E8 6982:501.836    -- Updating C cache (64 bytes @ 0x20000A40)
T47E8 6982:501.855    -- Read from C cache (4 bytes @ 0x20000A7C)
T47E8 6982:501.862   Data:  00 00 00 00
T47E8 6982:501.878 - 3.536ms returns 0
T47E8 6982:520.408 JLINK_ReadMem(0x20000A80, 0x4 Bytes, ...)
T47E8 6982:520.475    -- Read from C cache (4 bytes @ 0x20000A80)
T47E8 6982:520.483   Data:  00 00 00 00
T47E8 6982:520.490 - 0.084ms returns 0
T0BF4 6982:547.232 JLINK_IsHalted()
T0BF4 6982:547.256 - 0.030ms returns TRUE
T47E8 6982:552.622 JLINK_ReadMem(0x20000A84, 0x4 Bytes, ...)
T47E8 6982:552.651    -- Read from C cache (4 bytes @ 0x20000A84)
T47E8 6982:552.659   Data:  00 00 00 00
T47E8 6982:552.666 - 0.045ms returns 0
T47E8 6982:568.427 JLINK_ReadMem(0x20000A88, 0x4 Bytes, ...)
T47E8 6982:568.451    -- Read from C cache (4 bytes @ 0x20000A88)
T47E8 6982:568.458   Data:  00 00 00 00
T47E8 6982:568.465 - 0.041ms returns 0
T47E8 6982:583.467 JLINK_ReadMem(0x200009E8, 0x4 Bytes, ...)
T47E8 6982:583.513   CPU_ReadMem(64 bytes @ 0x200009C0)
T47E8 6982:584.308    -- Updating C cache (64 bytes @ 0x200009C0)
T47E8 6982:584.325    -- Read from C cache (4 bytes @ 0x200009E8)
T47E8 6982:584.333   Data:  00 00 00 00
T47E8 6982:584.340 - 0.875ms returns 0
T47E8 6982:630.005 JLINK_ReadMem(0x20000A90, 0x4 Bytes, ...)
T47E8 6982:630.045    -- Read from C cache (4 bytes @ 0x20000A90)
T47E8 6982:630.052   Data:  00 00 00 00
T47E8 6982:630.058 - 0.054ms returns 0
T47E8 6982:644.876 JLINK_ReadMem(0x20000A7A, 0x1 Bytes, ...)
T47E8 6982:644.912    -- Read from C cache (1 bytes @ 0x20000A7A)
T47E8 6982:644.924   Data:  00
T47E8 6982:644.930 - 0.056ms returns 0
T47E8 6982:660.191 JLINK_ReadMem(0x20000A94, 0x4 Bytes, ...)
T47E8 6982:660.225    -- Read from C cache (4 bytes @ 0x20000A94)
T47E8 6982:660.232   Data:  00 00 00 00
T47E8 6982:660.239 - 0.051ms returns 0
T47E8 6982:675.519 JLINK_ReadMem(0x200009F4, 0x4 Bytes, ...)
T47E8 6982:675.554    -- Read from C cache (4 bytes @ 0x200009F4)
T47E8 6982:675.562   Data:  00 00 00 00
T47E8 6982:675.569 - 0.052ms returns 0
T47E8 6982:706.083 JLINK_ReadMem(0x200009DC, 0x4 Bytes, ...)
T47E8 6982:706.109    -- Read from C cache (4 bytes @ 0x200009DC)
T47E8 6982:706.117   Data:  DF 0C 00 00
T47E8 6982:706.125 - 0.077ms returns 0
T47E8 6982:737.059 JLINK_ReadMem(0x20000AD8, 0x1 Bytes, ...)
T47E8 6982:737.125   CPU_ReadMem(64 bytes @ 0x20000AC0)
T47E8 6982:738.134    -- Updating C cache (64 bytes @ 0x20000AC0)
T47E8 6982:738.148    -- Read from C cache (1 bytes @ 0x20000AD8)
T47E8 6982:738.154   Data:  00
T47E8 6982:738.160 - 1.102ms returns 0
T0BF4 6982:748.955 JLINK_IsHalted()
T0BF4 6982:749.439 - 0.493ms returns TRUE
T47E8 6982:783.469 JLINK_ReadMem(0x20000A79, 0x1 Bytes, ...)
T47E8 6982:783.491    -- Read from C cache (1 bytes @ 0x20000A79)
T47E8 6982:783.498   Data:  01
T47E8 6982:783.505 - 0.038ms returns 0
T47E8 6982:814.633 JLINK_ReadMem(0x20000A80, 0x4 Bytes, ...)
T47E8 6982:814.672    -- Read from C cache (4 bytes @ 0x20000A80)
T47E8 6982:814.717   Data:  00 00 00 00
T47E8 6982:814.725 - 0.094ms returns 0
T47E8 6982:845.267 JLINK_ReadMem(0x20000A84, 0x4 Bytes, ...)
T47E8 6982:845.280    -- Read from C cache (4 bytes @ 0x20000A84)
T47E8 6982:845.286   Data:  00 00 00 00
T47E8 6982:845.292 - 0.026ms returns 0
T47E8 6982:862.111 JLINK_ReadMem(0x20000A88, 0x4 Bytes, ...)
T47E8 6982:862.125    -- Read from C cache (4 bytes @ 0x20000A88)
T47E8 6982:862.150   Data:  00 00 00 00
T47E8 6982:862.157 - 0.048ms returns 0
T47E8 6982:891.164 JLINK_ReadMem(0x200009E8, 0x4 Bytes, ...)
T47E8 6982:891.204    -- Read from C cache (4 bytes @ 0x200009E8)
T47E8 6982:891.215   Data:  00 00 00 00
T47E8 6982:891.221 - 0.059ms returns 0
T47E8 6982:921.730 JLINK_ReadMem(0x20000A90, 0x4 Bytes, ...)
T47E8 6982:921.766    -- Read from C cache (4 bytes @ 0x20000A90)
T47E8 6982:921.773   Data:  00 00 00 00
T47E8 6982:921.780 - 0.053ms returns 0
T0BF4 6982:950.657 JLINK_IsHalted()
T0BF4 6982:950.677 - 0.022ms returns TRUE
T47E8 6982:984.462 JLINK_ReadMem(0x20000A7A, 0x1 Bytes, ...)
T47E8 6982:984.485    -- Read from C cache (1 bytes @ 0x20000A7A)
T47E8 6982:984.492   Data:  00
T47E8 6982:984.499 - 0.038ms returns 0
T47E8 6983:018.204 JLINK_ReadMem(0x20000A94, 0x4 Bytes, ...)
T47E8 6983:018.223    -- Read from C cache (4 bytes @ 0x20000A94)
T47E8 6983:018.230   Data:  00 00 00 00
T47E8 6983:018.236 - 0.034ms returns 0
T0BF4 6983:151.817 JLINK_IsHalted()
T0BF4 6983:151.844 - 0.030ms returns TRUE
T0BF4 6983:354.001 JLINK_IsHalted()
T0BF4 6983:354.513 - 0.661ms returns TRUE
T0BF4 6983:554.147 JLINK_IsHalted()
T0BF4 6983:554.180 - 0.035ms returns TRUE
T0BF4 6983:756.599 JLINK_IsHalted()
T0BF4 6983:756.629 - 0.032ms returns TRUE
T0BF4 6983:962.392 JLINK_IsHalted()
T0BF4 6983:963.001 - 0.621ms returns TRUE
T0BF4 6984:164.344 JLINK_IsHalted()
T0BF4 6984:164.367 - 0.025ms returns TRUE
T0BF4 6984:367.868 JLINK_IsHalted()
T0BF4 6984:367.892 - 0.026ms returns TRUE
T0BF4 6984:568.685 JLINK_IsHalted()
T0BF4 6984:569.203 - 0.528ms returns TRUE
T0BF4 6984:769.242 JLINK_IsHalted()
T0BF4 6984:769.267 - 0.026ms returns TRUE
T0BF4 6984:971.284 JLINK_IsHalted()
T0BF4 6984:971.308 - 0.026ms returns TRUE
T0BF4 6985:172.648 JLINK_IsHalted()
T0BF4 6985:173.103 - 0.466ms returns TRUE
T0BF4 6985:377.639 JLINK_IsHalted()
T0BF4 6985:377.661 - 0.024ms returns TRUE
T0BF4 6985:578.316 JLINK_IsHalted()
T0BF4 6985:578.339 - 0.025ms returns TRUE
T0BF4 6985:784.469 JLINK_IsHalted()
T0BF4 6985:784.892 - 0.465ms returns TRUE
T0BF4 6985:988.095 JLINK_IsHalted()
T0BF4 6985:988.128 - 0.035ms returns TRUE
T0BF4 6986:188.365 JLINK_IsHalted()
T0BF4 6986:188.388 - 0.025ms returns TRUE
T0BF4 6986:390.098 JLINK_IsHalted()
T0BF4 6986:390.569 - 0.498ms returns TRUE
T0BF4 6986:590.538 JLINK_IsHalted()
T0BF4 6986:590.560 - 0.024ms returns TRUE
T0BF4 6986:792.363 JLINK_IsHalted()
T0BF4 6986:792.392 - 0.032ms returns TRUE
T0BF4 6986:993.564 JLINK_IsHalted()
T0BF4 6986:994.043 - 0.489ms returns TRUE
T0BF4 6987:195.917 JLINK_IsHalted()
T0BF4 6987:196.026 - 0.111ms returns TRUE
T0BF4 6987:397.649 JLINK_IsHalted()
T0BF4 6987:397.673 - 0.025ms returns TRUE
T0BF4 6987:598.085 JLINK_IsHalted()
T0BF4 6987:598.530 - 0.455ms returns TRUE
T0BF4 6987:800.804 JLINK_IsHalted()
T0BF4 6987:800.828 - 0.025ms returns TRUE
T0BF4 6988:005.671 JLINK_IsHalted()
T0BF4 6988:005.697 - 0.028ms returns TRUE
T0BF4 6988:206.237 JLINK_IsHalted()
T0BF4 6988:206.632 - 0.405ms returns TRUE
T0BF4 6988:406.836 JLINK_IsHalted()
T0BF4 6988:406.859 - 0.025ms returns TRUE
T0BF4 6988:607.122 JLINK_IsHalted()
T0BF4 6988:607.149 - 0.028ms returns TRUE
T0BF4 6988:809.011 JLINK_IsHalted()
T0BF4 6988:809.469 - 0.468ms returns TRUE
T0BF4 6989:011.256 JLINK_IsHalted()
T0BF4 6989:011.280 - 0.027ms returns TRUE
T0BF4 6989:212.754 JLINK_IsHalted()
T0BF4 6989:212.791 - 0.039ms returns TRUE
T0BF4 6989:413.997 JLINK_IsHalted()
T0BF4 6989:414.404 - 0.417ms returns TRUE
T0BF4 6989:614.465 JLINK_IsHalted()
T0BF4 6989:614.491 - 0.028ms returns TRUE
T47E8 6989:758.227 JLINK_ReadReg(R15 (PC))
T47E8 6989:758.249 - 0.024ms returns 0x004035B6
T47E8 6989:758.313 JLINK_GetBPInfo(BPHandle = 7)
T47E8 6989:758.319 - 0.008ms returns 0x0
T47E8 6989:758.326 JLINK_ClrBPEx(BPHandle = 0x00000007)
T47E8 6989:758.341 - 0.018ms returns 0x00
T47E8 6989:758.366 JLINK_Step()
T47E8 6989:758.375    -- Read from flash cache (2 bytes @ 0x004035B6)
T47E8 6989:758.424   CPU_ReadMem(4 bytes @ 0xE0001004)
T47E8 6989:758.901    -- Read from flash cache (4 bytes @ 0x0040365C)
T47E8 6989:758.918   -- Simulated
T47E8 6989:758.929 - 0.564ms returns 0
T47E8 6989:758.936 JLINK_SetBPEx(Addr = 0x004035B6, Type = 0xFFFFFFF2)
T47E8 6989:758.942 - 0.007ms returns 0x00000009
T47E8 6989:758.947 JLINK_GetBPInfo(BPHandle = 9)
T47E8 6989:758.951 - 0.005ms returns 0x0
T47E8 6989:758.974 JLINK_Go()
T47E8 6989:758.984   CPU_WriteMem(4 bytes @ 0xE0002000)
T47E8 6989:759.428   CPU_WriteMem(4 bytes @ 0xE0002000)
T47E8 6989:759.896   CPU_WriteMem(4 bytes @ 0xE0002000)
T47E8 6989:760.462   CPU_ReadMem(4 bytes @ 0xE0001000)
T47E8 6989:761.007   CPU_WriteMem(4 bytes @ 0xE000ED30)
T47E8 6989:761.409   CPU_WriteMem(4 bytes @ 0xE000200C)
T47E8 6989:761.435   CPU_WriteMem(4 bytes @ 0xE0002010)
T47E8 6989:762.195   CPU_WriteMem(4 bytes @ 0xE0001004)
T47E8 6989:763.816 - 4.860ms
T0BF4 6989:763.894 JLINK_IsHalted()
T0BF4 6989:767.008 - 3.119ms returns TRUE
T0BF4 6989:767.021 JLINK_GetMOEs(...)
T0BF4 6989:767.029   CPU_ReadMem(4 bytes @ 0xE000ED30)
T0BF4 6989:767.402 - 0.395ms returns 0x01
T0BF4 6989:767.425 JLINK_ReadReg(R15 (PC))
T0BF4 6989:767.433 - 0.010ms returns 0x004035B6
T47E8 6989:774.560 JLINK_ReadReg(R15 (PC))
T47E8 6989:774.576 - 0.018ms returns 0x004035B6
T47E8 6989:774.585 JLINK_ReadReg(R13 (SP))
T47E8 6989:774.602 - 0.019ms returns 0x2001C4F0
T47E8 6989:774.948 JLINK_ReadMemHW(0x004035B6, 0x0004 Bytes, ...)
T47E8 6989:774.965   CPU_ReadMem(4 bytes @ 0x004035B6)
T47E8 6989:775.388   Data:  29 4B 1B 78
T47E8 6989:775.398 - 0.451ms returns 0
T47E8 6989:776.341 JLINK_ReadReg(R0)
T47E8 6989:776.349 - 0.010ms returns 0x00000000
T47E8 6989:776.356 JLINK_ReadReg(R1)
T47E8 6989:776.361 - 0.006ms returns 0x0000000A
T47E8 6989:776.367 JLINK_ReadReg(R2)
T47E8 6989:776.372 - 0.006ms returns 0x00000008
T47E8 6989:776.378 JLINK_ReadReg(R3)
T47E8 6989:776.383 - 0.006ms returns 0x00000000
T47E8 6989:776.397 JLINK_ReadReg(R4)
T47E8 6989:776.402 - 0.006ms returns 0x00000000
T47E8 6989:776.408 JLINK_ReadReg(R5)
T47E8 6989:776.413 - 0.006ms returns 0x4A9AA6AF
T47E8 6989:776.419 JLINK_ReadReg(R6)
T47E8 6989:776.424 - 0.007ms returns 0x00000032
T47E8 6989:776.431 JLINK_ReadReg(R7)
T47E8 6989:776.435 - 0.007ms returns 0x2001C4F0
T47E8 6989:776.442 JLINK_ReadReg(R8)
T47E8 6989:776.446 - 0.006ms returns 0x1E39B400
T47E8 6989:776.452 JLINK_ReadReg(R9)
T47E8 6989:776.457 - 0.006ms returns 0x00000003
T47E8 6989:776.463 JLINK_ReadReg(R10)
T47E8 6989:776.468 - 0.006ms returns 0x92A69C00
T47E8 6989:776.474 JLINK_ReadReg(R11)
T47E8 6989:776.478 - 0.006ms returns 0x0000000C
T47E8 6989:776.485 JLINK_ReadReg(R12)
T47E8 6989:776.489 - 0.006ms returns 0x004092C3
T47E8 6989:776.496 JLINK_ReadReg(R13 (SP))
T47E8 6989:776.500 - 0.006ms returns 0x2001C4F0
T47E8 6989:776.507 JLINK_ReadReg(R14)
T47E8 6989:776.511 - 0.006ms returns 0x00400E77
T47E8 6989:776.518 JLINK_ReadReg(R15 (PC))
T47E8 6989:776.522 - 0.006ms returns 0x004035B6
T47E8 6989:776.535 JLINK_ReadReg(XPSR)
T47E8 6989:776.540 - 0.007ms returns 0x61000000
T47E8 6989:776.546 JLINK_ReadReg(MSP)
T47E8 6989:776.551 - 0.006ms returns 0x2001C4F0
T47E8 6989:776.557 JLINK_ReadReg(PSP)
T47E8 6989:776.561 - 0.006ms returns 0xBC04212C
T47E8 6989:776.568 JLINK_ReadReg(PRIMASK)
T47E8 6989:776.573 - 0.006ms returns 0x00000000
T47E8 6989:776.579 JLINK_ReadReg(BASEPRI)
T47E8 6989:776.584 - 0.006ms returns 0x00000000
T47E8 6989:776.590 JLINK_ReadReg(FAULTMASK)
T47E8 6989:776.595 - 0.006ms returns 0x00000000
T47E8 6989:776.601 JLINK_ReadReg(CONTROL)
T47E8 6989:776.605 - 0.006ms returns 0x00000000
T3AE8 6989:825.300 JLINK_ReadMem(0x40000000, 0x2DF Bytes, ...)
T3AE8 6989:825.330   CPU_ReadMem(735 bytes @ 0x40000000)
T3AE8 6989:829.737   Data:  00 00 00 00 00 00 00 00 00 00 00 00 00 00 00 00 ...
T3AE8 6989:829.753 - 4.455ms returns 0
T3AE8 6989:831.486 JLINK_ReadMem(0x40000000, 0x2DF Bytes, ...)
T3AE8 6989:831.508   CPU_ReadMem(735 bytes @ 0x40000000)
T3AE8 6989:836.042   Data:  00 00 00 00 00 00 00 00 00 00 00 00 00 00 00 00 ...
T3AE8 6989:836.055 - 4.617ms returns 0
T0BF4 6989:968.943 JLINK_IsHalted()
T0BF4 6989:968.968 - 0.026ms returns TRUE
T47E8 6990:116.153 JLINK_ReadMem(0x20000A8C, 0x1 Bytes, ...)
T47E8 6990:116.183   CPU_ReadMem(64 bytes @ 0x20000A80)
T47E8 6990:117.233    -- Updating C cache (64 bytes @ 0x20000A80)
T47E8 6990:117.248    -- Read from C cache (1 bytes @ 0x20000A8C)
T47E8 6990:117.254   Data:  08
T47E8 6990:117.260 - 1.108ms returns 0
T47E8 6990:131.979 JLINK_ReadMem(0x20000A7C, 0x4 Bytes, ...)
T47E8 6990:132.024   CPU_ReadMem(64 bytes @ 0x20000A40)
T47E8 6990:132.751    -- Updating C cache (64 bytes @ 0x20000A40)
T47E8 6990:132.766    -- Read from C cache (4 bytes @ 0x20000A7C)
T47E8 6990:132.773   Data:  00 00 00 00
T47E8 6990:132.779 - 0.801ms returns 0
T47E8 6990:163.532 JLINK_ReadMem(0x20000A80, 0x4 Bytes, ...)
T47E8 6990:163.546    -- Read from C cache (4 bytes @ 0x20000A80)
T47E8 6990:163.553   Data:  00 00 00 00
T47E8 6990:163.558 - 0.028ms returns 0
T0BF4 6990:169.372 JLINK_IsHalted()
T0BF4 6990:169.389 - 0.019ms returns TRUE
T47E8 6990:194.160 JLINK_ReadMem(0x20000A84, 0x4 Bytes, ...)
T47E8 6990:194.196    -- Read from C cache (4 bytes @ 0x20000A84)
T47E8 6990:194.204   Data:  00 00 00 00
T47E8 6990:194.211 - 0.052ms returns 0
T47E8 6990:209.847 JLINK_ReadMem(0x20000A88, 0x4 Bytes, ...)
T47E8 6990:209.887    -- Read from C cache (4 bytes @ 0x20000A88)
T47E8 6990:209.895   Data:  00 00 00 00
T47E8 6990:209.904 - 0.059ms returns 0
T47E8 6990:240.242 JLINK_ReadMem(0x200009E8, 0x4 Bytes, ...)
T47E8 6990:240.274   CPU_ReadMem(64 bytes @ 0x200009C0)
T47E8 6990:241.056    -- Updating C cache (64 bytes @ 0x200009C0)
T47E8 6990:241.069    -- Read from C cache (4 bytes @ 0x200009E8)
T47E8 6990:241.075   Data:  00 00 00 00
T47E8 6990:241.081 - 0.840ms returns 0
T47E8 6990:271.877 JLINK_ReadMem(0x20000A90, 0x4 Bytes, ...)
T47E8 6990:271.905    -- Read from C cache (4 bytes @ 0x20000A90)
T47E8 6990:271.914   Data:  00 00 00 00
T47E8 6990:271.921 - 0.047ms returns 0
T47E8 6990:320.224 JLINK_ReadMem(0x20000A7A, 0x1 Bytes, ...)
T47E8 6990:320.267    -- Read from C cache (1 bytes @ 0x20000A7A)
T47E8 6990:320.274   Data:  00
T47E8 6990:320.283 - 0.060ms returns 0
T47E8 6990:335.317 JLINK_ReadMem(0x20000A94, 0x4 Bytes, ...)
T47E8 6990:335.348    -- Read from C cache (4 bytes @ 0x20000A94)
T47E8 6990:335.356   Data:  00 00 00 00
T47E8 6990:335.364 - 0.048ms returns 0
T47E8 6990:365.606 JLINK_ReadMem(0x200009F4, 0x4 Bytes, ...)
T47E8 6990:365.631    -- Read from C cache (4 bytes @ 0x200009F4)
T47E8 6990:365.639   Data:  00 00 00 00
T47E8 6990:365.653 - 0.053ms returns 0
T0BF4 6990:369.777 JLINK_IsHalted()
T0BF4 6990:370.295 - 0.527ms returns TRUE
T47E8 6990:396.961 JLINK_ReadMem(0x200009DC, 0x4 Bytes, ...)
T47E8 6990:396.976    -- Read from C cache (4 bytes @ 0x200009DC)
T47E8 6990:396.984   Data:  DF 0C 00 00
T47E8 6990:396.991 - 0.031ms returns 0
T47E8 6990:412.970 JLINK_ReadMem(0x20000AD8, 0x1 Bytes, ...)
T47E8 6990:412.999   CPU_ReadMem(64 bytes @ 0x20000AC0)
T47E8 6990:413.922    -- Updating C cache (64 bytes @ 0x20000AC0)
T47E8 6990:413.940    -- Read from C cache (1 bytes @ 0x20000AD8)
T47E8 6990:413.949   Data:  00
T47E8 6990:413.957 - 0.988ms returns 0
T47E8 6990:444.362 JLINK_ReadMem(0x20000A79, 0x1 Bytes, ...)
T47E8 6990:444.383    -- Read from C cache (1 bytes @ 0x20000A79)
T47E8 6990:444.390   Data:  01
T47E8 6990:444.398 - 0.038ms returns 0
T47E8 6990:475.312 JLINK_ReadMem(0x20000A80, 0x4 Bytes, ...)
T47E8 6990:475.347    -- Read from C cache (4 bytes @ 0x20000A80)
T47E8 6990:475.355   Data:  00 00 00 00
T47E8 6990:475.375 - 0.065ms returns 0
T47E8 6990:491.384 JLINK_ReadMem(0x20000A84, 0x4 Bytes, ...)
T47E8 6990:491.408    -- Read from C cache (4 bytes @ 0x20000A84)
T47E8 6990:491.416   Data:  00 00 00 00
T47E8 6990:491.427 - 0.045ms returns 0
T47E8 6990:538.553 JLINK_ReadMem(0x20000A88, 0x4 Bytes, ...)
T47E8 6990:538.578    -- Read from C cache (4 bytes @ 0x20000A88)
T47E8 6990:538.589   Data:  00 00 00 00
T47E8 6990:538.595 - 0.045ms returns 0
T47E8 6990:554.139 JLINK_ReadMem(0x200009E8, 0x4 Bytes, ...)
T47E8 6990:554.187    -- Read from C cache (4 bytes @ 0x200009E8)
T47E8 6990:554.195   Data:  00 00 00 00
T47E8 6990:554.202 - 0.065ms returns 0
T47E8 6990:569.764 JLINK_ReadMem(0x20000A90, 0x4 Bytes, ...)
T47E8 6990:569.806    -- Read from C cache (4 bytes @ 0x20000A90)
T47E8 6990:569.812   Data:  00 00 00 00
T47E8 6990:569.819 - 0.056ms returns 0
T0BF4 6990:570.264 JLINK_IsHalted()
T0BF4 6990:570.281 - 0.019ms returns TRUE
T47E8 6990:600.673 JLINK_ReadMem(0x20000A7A, 0x1 Bytes, ...)
T47E8 6990:600.698    -- Read from C cache (1 bytes @ 0x20000A7A)
T47E8 6990:600.705   Data:  00
T47E8 6990:600.713 - 0.041ms returns 0
T47E8 6990:631.866 JLINK_ReadMem(0x20000A94, 0x4 Bytes, ...)
T47E8 6990:631.891    -- Read from C cache (4 bytes @ 0x20000A94)
T47E8 6990:631.898   Data:  00 00 00 00
T47E8 6990:631.905 - 0.041ms returns 0
T0BF4 6990:771.374 JLINK_IsHalted()
T0BF4 6990:771.400 - 0.027ms returns TRUE
T0BF4 6990:972.551 JLINK_IsHalted()
T0BF4 6990:973.059 - 0.518ms returns TRUE
T0BF4 6991:173.403 JLINK_IsHalted()
T0BF4 6991:173.426 - 0.024ms returns TRUE
T0BF4 6991:375.229 JLINK_IsHalted()
T0BF4 6991:375.251 - 0.024ms returns TRUE
T0BF4 6991:576.070 JLINK_IsHalted()
T0BF4 6991:576.592 - 0.532ms returns TRUE
T0BF4 6991:780.628 JLINK_IsHalted()
T0BF4 6991:780.655 - 0.028ms returns TRUE
T0BF4 6991:982.968 JLINK_IsHalted()
T0BF4 6991:982.991 - 0.025ms returns TRUE
T0BF4 6992:182.735 JLINK_IsHalted()
T0BF4 6992:183.341 - 0.623ms returns TRUE
T47E8 6992:318.457 JLINK_ReadReg(R15 (PC))
T47E8 6992:318.478 - 0.023ms returns 0x004035B6
T47E8 6992:318.526 JLINK_GetBPInfo(BPHandle = 9)
T47E8 6992:318.531 - 0.008ms returns 0x0
T47E8 6992:318.537 JLINK_ClrBPEx(BPHandle = 0x00000009)
T47E8 6992:318.545 - 0.010ms returns 0x00
T47E8 6992:318.559 JLINK_Step()
T47E8 6992:318.568    -- Read from flash cache (2 bytes @ 0x004035B6)
T47E8 6992:318.579   CPU_ReadMem(4 bytes @ 0xE0001004)
T47E8 6992:318.869    -- Read from flash cache (4 bytes @ 0x0040365C)
T47E8 6992:318.886   -- Simulated
T47E8 6992:318.893 - 0.336ms returns 0
T47E8 6992:318.903 JLINK_SetBPEx(Addr = 0x004035B6, Type = 0xFFFFFFF2)
T47E8 6992:318.910 - 0.009ms returns 0x0000000A
T47E8 6992:318.916 JLINK_GetBPInfo(BPHandle = 10)
T47E8 6992:318.921 - 0.007ms returns 0x0
T47E8 6992:318.946 JLINK_Go()
T47E8 6992:318.957   CPU_WriteMem(4 bytes @ 0xE0002000)
T47E8 6992:319.353   CPU_WriteMem(4 bytes @ 0xE0002000)
T47E8 6992:319.757   CPU_WriteMem(4 bytes @ 0xE0002000)
T47E8 6992:320.127   CPU_ReadMem(4 bytes @ 0xE0001000)
T47E8 6992:320.550   CPU_WriteMem(4 bytes @ 0xE000ED30)
T47E8 6992:320.999   CPU_WriteMem(4 bytes @ 0xE0001004)
T47E8 6992:322.434 - 3.499ms
T0BF4 6992:322.566 JLINK_IsHalted()
T0BF4 6992:325.397 - 2.844ms returns TRUE
T0BF4 6992:325.417 JLINK_GetMOEs(...)
T0BF4 6992:325.425   CPU_ReadMem(4 bytes @ 0xE000ED30)
T0BF4 6992:325.705 - 0.290ms returns 0x01
T0BF4 6992:325.713 JLINK_ReadReg(R15 (PC))
T0BF4 6992:325.720 - 0.009ms returns 0x004035B6
T47E8 6992:332.080 JLINK_ReadReg(R15 (PC))
T47E8 6992:332.107 - 0.029ms returns 0x004035B6
T47E8 6992:332.116 JLINK_ReadReg(R13 (SP))
T47E8 6992:332.122 - 0.008ms returns 0x2001C4F0
T47E8 6992:332.406 JLINK_ReadMemHW(0x004035B6, 0x0004 Bytes, ...)
T47E8 6992:332.435   CPU_ReadMem(4 bytes @ 0x004035B6)
T47E8 6992:333.305   Data:  29 4B 1B 78
T47E8 6992:333.314 - 0.910ms returns 0
T47E8 6992:333.505 JLINK_ReadReg(R0)
T47E8 6992:333.527 - 0.023ms returns 0x00000000
T47E8 6992:333.535 JLINK_ReadReg(R1)
T47E8 6992:333.540 - 0.007ms returns 0x0000000A
T47E8 6992:333.547 JLINK_ReadReg(R2)
T47E8 6992:333.552 - 0.007ms returns 0x00000008
T47E8 6992:333.559 JLINK_ReadReg(R3)
T47E8 6992:333.563 - 0.006ms returns 0x00000000
T47E8 6992:333.570 JLINK_ReadReg(R4)
T47E8 6992:333.575 - 0.006ms returns 0x00000000
T47E8 6992:333.581 JLINK_ReadReg(R5)
T47E8 6992:333.586 - 0.006ms returns 0x4A9AA6AF
T47E8 6992:333.593 JLINK_ReadReg(R6)
T47E8 6992:333.597 - 0.006ms returns 0x00000032
T47E8 6992:333.604 JLINK_ReadReg(R7)
T47E8 6992:333.612 - 0.011ms returns 0x2001C4F0
T47E8 6992:333.620 JLINK_ReadReg(R8)
T47E8 6992:333.625 - 0.006ms returns 0x1E39B400
T47E8 6992:333.632 JLINK_ReadReg(R9)
T47E8 6992:333.636 - 0.006ms returns 0x00000003
T47E8 6992:333.643 JLINK_ReadReg(R10)
T47E8 6992:333.647 - 0.006ms returns 0x92A69C00
T47E8 6992:333.654 JLINK_ReadReg(R11)
T47E8 6992:333.659 - 0.007ms returns 0x0000000C
T47E8 6992:333.665 JLINK_ReadReg(R12)
T47E8 6992:333.670 - 0.007ms returns 0x004092C3
T47E8 6992:333.677 JLINK_ReadReg(R13 (SP))
T47E8 6992:333.682 - 0.007ms returns 0x2001C4F0
T47E8 6992:333.688 JLINK_ReadReg(R14)
T47E8 6992:333.693 - 0.006ms returns 0x00400E77
T47E8 6992:333.700 JLINK_ReadReg(R15 (PC))
T47E8 6992:333.705 - 0.007ms returns 0x004035B6
T47E8 6992:333.718 JLINK_ReadReg(XPSR)
T47E8 6992:333.723 - 0.007ms returns 0x61000000
T47E8 6992:333.729 JLINK_ReadReg(MSP)
T47E8 6992:333.734 - 0.007ms returns 0x2001C4F0
T47E8 6992:333.741 JLINK_ReadReg(PSP)
T47E8 6992:333.745 - 0.006ms returns 0xBC04212C
T47E8 6992:333.752 JLINK_ReadReg(PRIMASK)
T47E8 6992:333.757 - 0.007ms returns 0x00000000
T47E8 6992:333.764 JLINK_ReadReg(BASEPRI)
T47E8 6992:333.768 - 0.007ms returns 0x00000000
T47E8 6992:333.775 JLINK_ReadReg(FAULTMASK)
T47E8 6992:333.780 - 0.006ms returns 0x00000000
T47E8 6992:333.786 JLINK_ReadReg(CONTROL)
T47E8 6992:333.791 - 0.006ms returns 0x00000000
T3AE8 6992:383.039 JLINK_ReadMem(0x40000000, 0x2DF Bytes, ...)
T3AE8 6992:383.062   CPU_ReadMem(735 bytes @ 0x40000000)
T3AE8 6992:387.589   Data:  00 00 00 00 00 00 00 00 00 00 00 00 00 00 00 00 ...
T3AE8 6992:387.603 - 4.565ms returns 0
T3AE8 6992:389.250 JLINK_ReadMem(0x40000000, 0x2DF Bytes, ...)
T3AE8 6992:389.272   CPU_ReadMem(735 bytes @ 0x40000000)
T3AE8 6992:393.786   Data:  00 00 00 00 00 00 00 00 00 00 00 00 00 00 00 00 ...
T3AE8 6992:393.801 - 4.553ms returns 0
T0BF4 6992:525.456 JLINK_IsHalted()
T0BF4 6992:525.481 - 0.027ms returns TRUE
T47E8 6992:673.878 JLINK_ReadMem(0x20000A8C, 0x1 Bytes, ...)
T47E8 6992:673.899   CPU_ReadMem(64 bytes @ 0x20000A80)
T47E8 6992:675.369    -- Updating C cache (64 bytes @ 0x20000A80)
T47E8 6992:675.383    -- Read from C cache (1 bytes @ 0x20000A8C)
T47E8 6992:675.390   Data:  08
T47E8 6992:675.395 - 1.519ms returns 0
T47E8 6992:704.388 JLINK_ReadMem(0x20000A7C, 0x4 Bytes, ...)
T47E8 6992:704.423   CPU_ReadMem(64 bytes @ 0x20000A40)
T47E8 6992:705.309    -- Updating C cache (64 bytes @ 0x20000A40)
T47E8 6992:705.323    -- Read from C cache (4 bytes @ 0x20000A7C)
T47E8 6992:705.329   Data:  00 00 00 00
T47E8 6992:705.335 - 0.949ms returns 0
T47E8 6992:719.846 JLINK_ReadMem(0x20000A80, 0x4 Bytes, ...)
T47E8 6992:719.874    -- Read from C cache (4 bytes @ 0x20000A80)
T47E8 6992:719.882   Data:  00 00 00 00
T47E8 6992:719.889 - 0.044ms returns 0
T0BF4 6992:728.535 JLINK_IsHalted()
T0BF4 6992:728.559 - 0.026ms returns TRUE
T47E8 6992:735.140 JLINK_ReadMem(0x20000A84, 0x4 Bytes, ...)
T47E8 6992:735.171    -- Read from C cache (4 bytes @ 0x20000A84)
T47E8 6992:735.178   Data:  00 00 00 00
T47E8 6992:735.185 - 0.046ms returns 0
T47E8 6992:797.631 JLINK_ReadMem(0x20000A88, 0x4 Bytes, ...)
T47E8 6992:797.660    -- Read from C cache (4 bytes @ 0x20000A88)
T47E8 6992:797.667   Data:  00 00 00 00
T47E8 6992:797.696 - 0.067ms returns 0
T47E8 6992:813.382 JLINK_ReadMem(0x200009E8, 0x4 Bytes, ...)
T47E8 6992:813.401   CPU_ReadMem(64 bytes @ 0x200009C0)
T47E8 6992:814.394    -- Updating C cache (64 bytes @ 0x200009C0)
T47E8 6992:814.408    -- Read from C cache (4 bytes @ 0x200009E8)
T47E8 6992:814.414   Data:  00 00 00 00
T47E8 6992:814.420 - 1.039ms returns 0
T47E8 6992:829.082 JLINK_ReadMem(0x20000A90, 0x4 Bytes, ...)
T47E8 6992:829.104    -- Read from C cache (4 bytes @ 0x20000A90)
T47E8 6992:829.110   Data:  00 00 00 00
T47E8 6992:829.127 - 0.046ms returns 0
T47E8 6992:860.507 JLINK_ReadMem(0x20000A7A, 0x1 Bytes, ...)
T47E8 6992:860.553    -- Read from C cache (1 bytes @ 0x20000A7A)
T47E8 6992:860.561   Data:  00
T47E8 6992:860.568 - 0.064ms returns 0
T47E8 6992:921.321 JLINK_ReadMem(0x20000A94, 0x4 Bytes, ...)
T47E8 6992:921.360    -- Read from C cache (4 bytes @ 0x20000A94)
T47E8 6992:921.368   Data:  00 00 00 00
T47E8 6992:921.374 - 0.055ms returns 0
T0BF4 6992:929.422 JLINK_IsHalted()
T0BF4 6992:929.783 - 0.373ms returns TRUE
T47E8 6992:952.561 JLINK_ReadMem(0x200009F4, 0x4 Bytes, ...)
T47E8 6992:952.590    -- Read from C cache (4 bytes @ 0x200009F4)
T47E8 6992:952.602   Data:  00 00 00 00
T47E8 6992:952.608 - 0.049ms returns 0
T47E8 6992:999.532 JLINK_ReadMem(0x200009DC, 0x4 Bytes, ...)
T47E8 6992:999.558    -- Read from C cache (4 bytes @ 0x200009DC)
T47E8 6992:999.566   Data:  DF 0C 00 00
T47E8 6992:999.574 - 0.044ms returns 0
T47E8 6993:030.939 JLINK_ReadMem(0x20000AD8, 0x1 Bytes, ...)
T47E8 6993:030.969   CPU_ReadMem(64 bytes @ 0x20000AC0)
T47E8 6993:031.838    -- Updating C cache (64 bytes @ 0x20000AC0)
T47E8 6993:031.852    -- Read from C cache (1 bytes @ 0x20000AD8)
T47E8 6993:031.859   Data:  00
T47E8 6993:031.864 - 0.926ms returns 0
T47E8 6993:077.726 JLINK_ReadMem(0x20000A79, 0x1 Bytes, ...)
T47E8 6993:077.749    -- Read from C cache (1 bytes @ 0x20000A79)
T47E8 6993:077.757   Data:  01
T47E8 6993:077.764 - 0.040ms returns 0
T47E8 6993:108.187 JLINK_ReadMem(0x20000A80, 0x4 Bytes, ...)
T47E8 6993:108.212    -- Read from C cache (4 bytes @ 0x20000A80)
T47E8 6993:108.218   Data:  00 00 00 00
T47E8 6993:108.225 - 0.040ms returns 0
T0BF4 6993:131.573 JLINK_IsHalted()
T0BF4 6993:131.592 - 0.021ms returns TRUE
T47E8 6993:154.518 JLINK_ReadMem(0x20000A84, 0x4 Bytes, ...)
T47E8 6993:154.566    -- Read from C cache (4 bytes @ 0x20000A84)
T47E8 6993:154.576   Data:  00 00 00 00
T47E8 6993:154.582 - 0.065ms returns 0
T47E8 6993:170.516 JLINK_ReadMem(0x20000A88, 0x4 Bytes, ...)
T47E8 6993:170.557    -- Read from C cache (4 bytes @ 0x20000A88)
T47E8 6993:170.564   Data:  00 00 00 00
T47E8 6993:170.570 - 0.055ms returns 0
T47E8 6993:202.061 JLINK_ReadMem(0x200009E8, 0x4 Bytes, ...)
T47E8 6993:202.087    -- Read from C cache (4 bytes @ 0x200009E8)
T47E8 6993:202.095   Data:  00 00 00 00
T47E8 6993:202.103 - 0.043ms returns 0
T47E8 6993:233.868 JLINK_ReadMem(0x20000A90, 0x4 Bytes, ...)
T47E8 6993:233.897    -- Read from C cache (4 bytes @ 0x20000A90)
T47E8 6993:233.904   Data:  00 00 00 00
T47E8 6993:233.910 - 0.044ms returns 0
T47E8 6993:281.111 JLINK_ReadMem(0x20000A7A, 0x1 Bytes, ...)
T47E8 6993:281.138    -- Read from C cache (1 bytes @ 0x20000A7A)
T47E8 6993:281.165   Data:  00
T47E8 6993:281.172 - 0.063ms returns 0
T47E8 6993:312.010 JLINK_ReadMem(0x20000A94, 0x4 Bytes, ...)
T47E8 6993:312.047    -- Read from C cache (4 bytes @ 0x20000A94)
T47E8 6993:312.055   Data:  00 00 00 00
T47E8 6993:312.063 - 0.055ms returns 0
T0BF4 6993:332.193 JLINK_IsHalted()
T0BF4 6993:332.222 - 0.031ms returns TRUE
T0BF4 6993:532.697 JLINK_IsHalted()
T0BF4 6993:533.186 - 0.501ms returns TRUE
T0BF4 6993:733.778 JLINK_IsHalted()
T0BF4 6993:733.802 - 0.026ms returns TRUE
T0BF4 6993:934.949 JLINK_IsHalted()
T0BF4 6993:934.970 - 0.023ms returns TRUE
T0BF4 6994:140.481 JLINK_IsHalted()
T0BF4 6994:140.798 - 0.319ms returns TRUE
T0BF4 6994:341.722 JLINK_IsHalted()
T0BF4 6994:341.750 - 0.030ms returns TRUE
T0BF4 6994:543.846 JLINK_IsHalted()
T0BF4 6994:543.871 - 0.026ms returns TRUE
T0BF4 6994:744.390 JLINK_IsHalted()
T0BF4 6994:744.799 - 0.424ms returns TRUE
T0BF4 6994:950.036 JLINK_IsHalted()
T0BF4 6994:950.059 - 0.024ms returns TRUE
T0BF4 6995:150.168 JLINK_IsHalted()
T0BF4 6995:150.189 - 0.023ms returns TRUE
T47E8 6995:239.522 JLINK_ReadReg(R15 (PC))
T47E8 6995:239.535 - 0.015ms returns 0x004035B6
T47E8 6995:239.611 JLINK_GetBPInfo(BPHandle = 10)
T47E8 6995:239.617 - 0.008ms returns 0x0
T47E8 6995:239.623 JLINK_ClrBPEx(BPHandle = 0x0000000A)
T47E8 6995:239.641 - 0.021ms returns 0x00
T47E8 6995:239.658 JLINK_Step()
T47E8 6995:239.666    -- Read from flash cache (2 bytes @ 0x004035B6)
T47E8 6995:239.676   CPU_ReadMem(4 bytes @ 0xE0001004)
T47E8 6995:240.036    -- Read from flash cache (4 bytes @ 0x0040365C)
T47E8 6995:240.054   -- Simulated
T47E8 6995:240.075 - 0.420ms returns 0
T47E8 6995:240.085 JLINK_SetBPEx(Addr = 0x004035B6, Type = 0xFFFFFFF2)
T47E8 6995:240.093 - 0.009ms returns 0x0000000B
T47E8 6995:240.099 JLINK_GetBPInfo(BPHandle = 11)
T47E8 6995:240.104 - 0.007ms returns 0x0
T47E8 6995:240.127 JLINK_Go()
T47E8 6995:240.138   CPU_WriteMem(4 bytes @ 0xE0002000)
T47E8 6995:240.509   CPU_WriteMem(4 bytes @ 0xE0002000)
T47E8 6995:240.963   CPU_WriteMem(4 bytes @ 0xE0002000)
T47E8 6995:241.394   CPU_ReadMem(4 bytes @ 0xE0001000)
T47E8 6995:241.714   CPU_WriteMem(4 bytes @ 0xE000ED30)
T47E8 6995:242.022   CPU_WriteMem(4 bytes @ 0xE0001004)
T47E8 6995:243.431 - 3.319ms
T0BF4 6995:243.560 JLINK_IsHalted()
T0BF4 6995:246.923 - 3.427ms returns TRUE
T0BF4 6995:246.998 JLINK_GetMOEs(...)
T0BF4 6995:247.014   CPU_ReadMem(4 bytes @ 0xE000ED30)
T0BF4 6995:247.361 - 0.378ms returns 0x01
T0BF4 6995:247.384 JLINK_ReadReg(R15 (PC))
T0BF4 6995:247.391 - 0.009ms returns 0x004035B6
T47E8 6995:253.325 JLINK_ReadReg(R15 (PC))
T47E8 6995:253.339 - 0.015ms returns 0x004035B6
T47E8 6995:253.346 JLINK_ReadReg(R13 (SP))
T47E8 6995:253.350 - 0.006ms returns 0x2001C4F0
T47E8 6995:253.630 JLINK_ReadMemHW(0x004035B6, 0x0004 Bytes, ...)
T47E8 6995:253.642   CPU_ReadMem(4 bytes @ 0x004035B6)
T47E8 6995:254.083   Data:  29 4B 1B 78
T47E8 6995:254.096 - 0.468ms returns 0
T47E8 6995:254.361 JLINK_ReadReg(R0)
T47E8 6995:254.376 - 0.017ms returns 0x00000000
T47E8 6995:254.383 JLINK_ReadReg(R1)
T47E8 6995:254.388 - 0.007ms returns 0x0000000A
T47E8 6995:254.395 JLINK_ReadReg(R2)
T47E8 6995:254.399 - 0.006ms returns 0x00000008
T47E8 6995:254.406 JLINK_ReadReg(R3)
T47E8 6995:254.410 - 0.006ms returns 0x00000000
T47E8 6995:254.417 JLINK_ReadReg(R4)
T47E8 6995:254.421 - 0.006ms returns 0x00000000
T47E8 6995:254.427 JLINK_ReadReg(R5)
T47E8 6995:254.432 - 0.006ms returns 0x4A9AA6AF
T47E8 6995:254.438 JLINK_ReadReg(R6)
T47E8 6995:254.442 - 0.006ms returns 0x00000032
T47E8 6995:254.448 JLINK_ReadReg(R7)
T47E8 6995:254.453 - 0.006ms returns 0x2001C4F0
T47E8 6995:254.459 JLINK_ReadReg(R8)
T47E8 6995:254.463 - 0.006ms returns 0x1E39B400
T47E8 6995:254.470 JLINK_ReadReg(R9)
T47E8 6995:254.474 - 0.006ms returns 0x00000003
T47E8 6995:254.480 JLINK_ReadReg(R10)
T47E8 6995:254.485 - 0.006ms returns 0x92A69C00
T47E8 6995:254.491 JLINK_ReadReg(R11)
T47E8 6995:254.496 - 0.006ms returns 0x0000000C
T47E8 6995:254.502 JLINK_ReadReg(R12)
T47E8 6995:254.506 - 0.006ms returns 0x004092C3
T47E8 6995:254.512 JLINK_ReadReg(R13 (SP))
T47E8 6995:254.518 - 0.007ms returns 0x2001C4F0
T47E8 6995:254.523 JLINK_ReadReg(R14)
T47E8 6995:254.527 - 0.005ms returns 0x00400E77
T47E8 6995:254.532 JLINK_ReadReg(R15 (PC))
T47E8 6995:254.536 - 0.005ms returns 0x004035B6
T47E8 6995:254.547 JLINK_ReadReg(XPSR)
T47E8 6995:254.550 - 0.005ms returns 0x61000000
T47E8 6995:254.556 JLINK_ReadReg(MSP)
T47E8 6995:254.559 - 0.005ms returns 0x2001C4F0
T47E8 6995:254.565 JLINK_ReadReg(PSP)
T47E8 6995:254.568 - 0.005ms returns 0xBC04212C
T47E8 6995:254.574 JLINK_ReadReg(PRIMASK)
T47E8 6995:254.577 - 0.005ms returns 0x00000000
T47E8 6995:254.583 JLINK_ReadReg(BASEPRI)
T47E8 6995:254.586 - 0.005ms returns 0x00000000
T47E8 6995:254.592 JLINK_ReadReg(FAULTMASK)
T47E8 6995:254.596 - 0.005ms returns 0x00000000
T47E8 6995:254.601 JLINK_ReadReg(CONTROL)
T47E8 6995:254.605 - 0.005ms returns 0x00000000
T3AE8 6995:290.984 JLINK_ReadMem(0x40000000, 0x2DF Bytes, ...)
T3AE8 6995:291.031   CPU_ReadMem(735 bytes @ 0x40000000)
T3AE8 6995:295.473   Data:  00 00 00 00 00 00 00 00 00 00 00 00 00 00 00 00 ...
T3AE8 6995:295.506 - 4.524ms returns 0
T3AE8 6995:297.782 JLINK_ReadMem(0x40000000, 0x2DF Bytes, ...)
T3AE8 6995:297.813   CPU_ReadMem(735 bytes @ 0x40000000)
T3AE8 6995:302.477   Data:  00 00 00 00 00 00 00 00 00 00 00 00 00 00 00 00 ...
T3AE8 6995:302.497 - 4.717ms returns 0
T0BF4 6995:449.355 JLINK_IsHalted()
T0BF4 6995:449.381 - 0.028ms returns TRUE
T47E8 6995:582.680 JLINK_ReadMem(0x20000A8C, 0x1 Bytes, ...)
T47E8 6995:582.710   CPU_ReadMem(64 bytes @ 0x20000A80)
T47E8 6995:583.506    -- Updating C cache (64 bytes @ 0x20000A80)
T47E8 6995:583.520    -- Read from C cache (1 bytes @ 0x20000A8C)
T47E8 6995:583.526   Data:  08
T47E8 6995:583.532 - 0.853ms returns 0
T47E8 6995:587.043 JLINK_ReadMem(0x20000A7C, 0x4 Bytes, ...)
T47E8 6995:587.068   CPU_ReadMem(64 bytes @ 0x20000A40)
T47E8 6995:588.337    -- Updating C cache (64 bytes @ 0x20000A40)
T47E8 6995:588.351    -- Read from C cache (4 bytes @ 0x20000A7C)
T47E8 6995:588.357   Data:  00 00 00 00
T47E8 6995:588.362 - 1.321ms returns 0
T47E8 6995:614.295 JLINK_ReadMem(0x20000A80, 0x4 Bytes, ...)
T47E8 6995:614.320    -- Read from C cache (4 bytes @ 0x20000A80)
T47E8 6995:614.348   Data:  00 00 00 00
T47E8 6995:614.355 - 0.062ms returns 0
T47E8 6995:629.883 JLINK_ReadMem(0x20000A84, 0x4 Bytes, ...)
T47E8 6995:629.920    -- Read from C cache (4 bytes @ 0x20000A84)
T47E8 6995:629.927   Data:  00 00 00 00
T47E8 6995:629.935 - 0.053ms returns 0
T0BF4 6995:657.416 JLINK_IsHalted()
T0BF4 6995:657.436 - 0.022ms returns TRUE
T47E8 6995:661.150 JLINK_ReadMem(0x20000A88, 0x4 Bytes, ...)
T47E8 6995:661.171    -- Read from C cache (4 bytes @ 0x20000A88)
T47E8 6995:661.192   Data:  00 00 00 00
T47E8 6995:661.199 - 0.051ms returns 0
T47E8 6995:708.545 JLINK_ReadMem(0x200009E8, 0x4 Bytes, ...)
T47E8 6995:708.577   CPU_ReadMem(64 bytes @ 0x200009C0)
T47E8 6995:709.554    -- Updating C cache (64 bytes @ 0x200009C0)
T47E8 6995:709.568    -- Read from C cache (4 bytes @ 0x200009E8)
T47E8 6995:709.575   Data:  00 00 00 00
T47E8 6995:709.581 - 1.038ms returns 0
T47E8 6995:739.974 JLINK_ReadMem(0x20000A90, 0x4 Bytes, ...)
T47E8 6995:739.997    -- Read from C cache (4 bytes @ 0x20000A90)
T47E8 6995:740.022   Data:  00 00 00 00
T47E8 6995:740.030 - 0.058ms returns 0
T47E8 6995:771.568 JLINK_ReadMem(0x20000A7A, 0x1 Bytes, ...)
T47E8 6995:771.582    -- Read from C cache (1 bytes @ 0x20000A7A)
T47E8 6995:771.590   Data:  00
T47E8 6995:771.597 - 0.031ms returns 0
T47E8 6995:817.626 JLINK_ReadMem(0x20000A94, 0x4 Bytes, ...)
T47E8 6995:817.640    -- Read from C cache (4 bytes @ 0x20000A94)
T47E8 6995:817.646   Data:  00 00 00 00
T47E8 6995:817.653 - 0.028ms returns 0
T47E8 6995:821.041 JLINK_ReadMem(0x200009F4, 0x4 Bytes, ...)
T47E8 6995:821.053    -- Read from C cache (4 bytes @ 0x200009F4)
T47E8 6995:821.060   Data:  00 00 00 00
T47E8 6995:821.065 - 0.026ms returns 0
T47E8 6995:848.069 JLINK_ReadMem(0x200009DC, 0x4 Bytes, ...)
T47E8 6995:848.091    -- Read from C cache (4 bytes @ 0x200009DC)
T47E8 6995:848.097   Data:  DF 0C 00 00
T47E8 6995:848.122 - 0.055ms returns 0
T0BF4 6995:857.892 JLINK_IsHalted()
T0BF4 6995:858.420 - 0.537ms returns TRUE
T47E8 6995:895.273 JLINK_ReadMem(0x20000AD8, 0x1 Bytes, ...)
T47E8 6995:895.300   CPU_ReadMem(64 bytes @ 0x20000AC0)
T47E8 6995:896.252    -- Updating C cache (64 bytes @ 0x20000AC0)
T47E8 6995:896.276    -- Read from C cache (1 bytes @ 0x20000AD8)
T47E8 6995:896.283   Data:  00
T47E8 6995:896.301 - 1.031ms returns 0
T47E8 6995:926.389 JLINK_ReadMem(0x20000A79, 0x1 Bytes, ...)
T47E8 6995:926.422    -- Read from C cache (1 bytes @ 0x20000A79)
T47E8 6995:926.429   Data:  01
T47E8 6995:926.436 - 0.049ms returns 0
T47E8 6995:972.716 JLINK_ReadMem(0x20000A80, 0x4 Bytes, ...)
T47E8 6995:972.737    -- Read from C cache (4 bytes @ 0x20000A80)
T47E8 6995:972.744   Data:  00 00 00 00
T47E8 6995:972.750 - 0.036ms returns 0
T47E8 6995:987.848 JLINK_ReadMem(0x20000A84, 0x4 Bytes, ...)
T47E8 6995:987.884    -- Read from C cache (4 bytes @ 0x20000A84)
T47E8 6995:987.902   Data:  00 00 00 00
T47E8 6995:987.910 - 0.063ms returns 0
T47E8 6996:018.810 JLINK_ReadMem(0x20000A88, 0x4 Bytes, ...)
T47E8 6996:018.854    -- Read from C cache (4 bytes @ 0x20000A88)
T47E8 6996:018.862   Data:  00 00 00 00
T47E8 6996:018.869 - 0.062ms returns 0
T0BF4 6996:059.388 JLINK_IsHalted()
T0BF4 6996:059.405 - 0.019ms returns TRUE
T47E8 6996:065.209 JLINK_ReadMem(0x200009E8, 0x4 Bytes, ...)
T47E8 6996:065.223    -- Read from C cache (4 bytes @ 0x200009E8)
T47E8 6996:065.229   Data:  00 00 00 00
T47E8 6996:065.243 - 0.036ms returns 0
T47E8 6996:069.059 JLINK_ReadMem(0x20000A90, 0x4 Bytes, ...)
T47E8 6996:069.080    -- Read from C cache (4 bytes @ 0x20000A90)
T47E8 6996:069.087   Data:  00 00 00 00
T47E8 6996:069.093 - 0.036ms returns 0
T47E8 6996:082.844 JLINK_ReadMem(0x20000A7A, 0x1 Bytes, ...)
T47E8 6996:082.876    -- Read from C cache (1 bytes @ 0x20000A7A)
T47E8 6996:082.885   Data:  00
T47E8 6996:082.892 - 0.049ms returns 0
T47E8 6996:112.054 JLINK_ReadMem(0x20000A94, 0x4 Bytes, ...)
T47E8 6996:112.075    -- Read from C cache (4 bytes @ 0x20000A94)
T47E8 6996:112.109   Data:  00 00 00 00
T47E8 6996:112.117 - 0.065ms returns 0
T0BF4 6996:259.491 JLINK_IsHalted()
T0BF4 6996:259.517 - 0.028ms returns TRUE
T0BF4 6996:459.779 JLINK_IsHalted()
T0BF4 6996:460.265 - 0.496ms returns TRUE
T0BF4 6996:664.866 JLINK_IsHalted()
T0BF4 6996:664.890 - 0.026ms returns TRUE
T0BF4 6996:865.689 JLINK_IsHalted()
T0BF4 6996:865.716 - 0.029ms returns TRUE
T47E8 6997:000.707 JLINK_ReadMem(0x200009E5, 0x1 Bytes, ...)
T47E8 6997:000.720    -- Read from C cache (1 bytes @ 0x200009E5)
T47E8 6997:000.727   Data:  00
T47E8 6997:000.734 - 0.028ms returns 0
T0BF4 6997:068.231 JLINK_IsHalted()
T0BF4 6997:068.562 - 0.337ms returns TRUE
T0BF4 6997:268.693 JLINK_IsHalted()
T0BF4 6997:268.740 - 0.049ms returns TRUE
T0BF4 6997:470.279 JLINK_IsHalted()
T0BF4 6997:470.305 - 0.028ms returns TRUE
T0BF4 6997:670.177 JLINK_IsHalted()
T0BF4 6997:670.594 - 0.423ms returns TRUE
T0BF4 6997:870.384 JLINK_IsHalted()
T0BF4 6997:870.408 - 0.026ms returns TRUE
T0BF4 6998:073.726 JLINK_IsHalted()
T0BF4 6998:073.750 - 0.026ms returns TRUE
T0BF4 6998:274.061 JLINK_IsHalted()
T0BF4 6998:274.400 - 0.349ms returns TRUE
T0BF4 6998:479.474 JLINK_IsHalted()
T0BF4 6998:479.503 - 0.032ms returns TRUE
T0BF4 6998:680.346 JLINK_IsHalted()
T0BF4 6998:680.406 - 0.062ms returns TRUE
T47E8 6998:855.255 JLINK_ReadMem(0x200009E5, 0x1 Bytes, ...)
T47E8 6998:855.277    -- Read from C cache (1 bytes @ 0x200009E5)
T47E8 6998:855.284   Data:  00
T47E8 6998:855.290 - 0.036ms returns 0
T0BF4 6998:884.968 JLINK_IsHalted()
T0BF4 6998:885.398 - 0.441ms returns TRUE
T0BF4 6999:089.664 JLINK_IsHalted()
T0BF4 6999:089.687 - 0.025ms returns TRUE
T0BF4 6999:291.228 JLINK_IsHalted()
T0BF4 6999:291.253 - 0.027ms returns TRUE
T0BF4 6999:494.113 JLINK_IsHalted()
T0BF4 6999:494.561 - 0.457ms returns TRUE
T0BF4 6999:697.127 JLINK_IsHalted()
T0BF4 6999:697.249 - 0.125ms returns TRUE
T0BF4 6999:901.243 JLINK_IsHalted()
T0BF4 6999:901.268 - 0.028ms returns TRUE
T0BF4 7000:101.882 JLINK_IsHalted()
T0BF4 7000:103.571 - 1.698ms returns TRUE
T0BF4 7000:303.375 JLINK_IsHalted()
T0BF4 7000:303.400 - 0.026ms returns TRUE
T0BF4 7000:503.482 JLINK_IsHalted()
T0BF4 7000:503.518 - 0.038ms returns TRUE
T0BF4 7000:706.388 JLINK_IsHalted()
T0BF4 7000:706.879 - 0.501ms returns TRUE
T0BF4 7000:907.415 JLINK_IsHalted()
T0BF4 7000:907.441 - 0.027ms returns TRUE
T0BF4 7001:108.756 JLINK_IsHalted()
T0BF4 7001:108.787 - 0.033ms returns TRUE
T0BF4 7001:309.664 JLINK_IsHalted()
T0BF4 7001:310.173 - 0.519ms returns TRUE
T0BF4 7001:511.865 JLINK_IsHalted()
T0BF4 7001:511.889 - 0.026ms returns TRUE
T0BF4 7001:712.215 JLINK_IsHalted()
T0BF4 7001:712.242 - 0.029ms returns TRUE
T0BF4 7001:913.334 JLINK_IsHalted()
T0BF4 7001:913.698 - 0.374ms returns TRUE
T0BF4 7002:113.395 JLINK_IsHalted()
T0BF4 7002:113.424 - 0.030ms returns TRUE
T0BF4 7002:315.484 JLINK_IsHalted()
T0BF4 7002:315.508 - 0.025ms returns TRUE
T0BF4 7002:516.204 JLINK_IsHalted()
T0BF4 7002:516.606 - 0.411ms returns TRUE
T0BF4 7002:720.725 JLINK_IsHalted()
T0BF4 7002:720.751 - 0.027ms returns TRUE
T0BF4 7002:922.475 JLINK_IsHalted()
T0BF4 7002:922.501 - 0.027ms returns TRUE
T0BF4 7003:123.213 JLINK_IsHalted()
T0BF4 7003:123.547 - 0.344ms returns TRUE
T0BF4 7003:323.998 JLINK_IsHalted()
T0BF4 7003:324.022 - 0.026ms returns TRUE
T0BF4 7003:526.112 JLINK_IsHalted()
T0BF4 7003:526.136 - 0.048ms returns TRUE
T0BF4 7003:729.558 JLINK_IsHalted()
T0BF4 7003:730.321 - 0.775ms returns TRUE
T0BF4 7003:931.835 JLINK_IsHalted()
T0BF4 7003:931.862 - 0.029ms returns TRUE
T0BF4 7004:133.770 JLINK_IsHalted()
T0BF4 7004:133.793 - 0.025ms returns TRUE
T0BF4 7004:334.062 JLINK_IsHalted()
T0BF4 7004:334.562 - 0.511ms returns TRUE
T0BF4 7004:535.607 JLINK_IsHalted()
T0BF4 7004:535.641 - 0.036ms returns TRUE
T0BF4 7004:740.309 JLINK_IsHalted()
T0BF4 7004:740.335 - 0.028ms returns TRUE
T0BF4 7004:942.139 JLINK_IsHalted()
T0BF4 7004:942.618 - 0.488ms returns TRUE
T47E8 7005:059.922 JLINK_ReadMemHW(0x00400DF8, 0x0001 Bytes, ...)
T47E8 7005:059.950   CPU_ReadMem(1 bytes @ 0x00400DF8)
T47E8 7005:060.293   Data:  80
T47E8 7005:060.300 - 0.380ms returns 0
T0BF4 7005:142.751 JLINK_IsHalted()
T0BF4 7005:142.778 - 0.029ms returns TRUE
T0BF4 7005:343.576 JLINK_IsHalted()
T0BF4 7005:343.601 - 0.027ms returns TRUE
T0BF4 7005:545.480 JLINK_IsHalted()
T0BF4 7005:545.953 - 0.482ms returns TRUE
T0BF4 7005:746.695 JLINK_IsHalted()
T0BF4 7005:746.722 - 0.030ms returns TRUE
T0BF4 7005:949.069 JLINK_IsHalted()
T0BF4 7005:949.099 - 0.032ms returns TRUE
T0BF4 7006:151.664 JLINK_IsHalted()
T0BF4 7006:152.118 - 0.465ms returns TRUE
T0BF4 7006:353.137 JLINK_IsHalted()
T0BF4 7006:353.161 - 0.025ms returns TRUE
T0BF4 7006:553.638 JLINK_IsHalted()
T0BF4 7006:553.661 - 0.025ms returns TRUE
T0BF4 7006:755.472 JLINK_IsHalted()
T0BF4 7006:755.863 - 0.401ms returns TRUE
T0BF4 7006:957.136 JLINK_IsHalted()
T0BF4 7006:957.169 - 0.035ms returns TRUE
T0BF4 7007:157.835 JLINK_IsHalted()
T0BF4 7007:157.859 - 0.025ms returns TRUE
T0BF4 7007:361.652 JLINK_IsHalted()
T0BF4 7007:362.164 - 0.522ms returns TRUE
T0BF4 7007:568.952 JLINK_IsHalted()
T0BF4 7007:568.975 - 0.024ms returns TRUE
T0BF4 7007:771.029 JLINK_IsHalted()
T0BF4 7007:771.063 - 0.036ms returns TRUE
T0BF4 7007:973.860 JLINK_IsHalted()
T0BF4 7007:974.370 - 0.521ms returns TRUE
T0BF4 7008:174.482 JLINK_IsHalted()
T0BF4 7008:174.508 - 0.028ms returns TRUE
T0BF4 7008:374.910 JLINK_IsHalted()
T0BF4 7008:374.933 - 0.025ms returns TRUE
T0BF4 7008:576.338 JLINK_IsHalted()
T0BF4 7008:576.830 - 0.502ms returns TRUE
T0BF4 7008:778.474 JLINK_IsHalted()
T0BF4 7008:778.504 - 0.032ms returns TRUE
T0BF4 7008:978.683 JLINK_IsHalted()
T0BF4 7008:978.709 - 0.028ms returns TRUE
T0BF4 7009:182.641 JLINK_IsHalted()
T0BF4 7009:182.997 - 0.363ms returns TRUE
T0BF4 7009:383.541 JLINK_IsHalted()
T0BF4 7009:383.574 - 0.034ms returns TRUE
T0BF4 7009:586.319 JLINK_IsHalted()
T0BF4 7009:586.342 - 0.025ms returns TRUE
T0BF4 7009:790.336 JLINK_IsHalted()
T0BF4 7009:790.781 - 0.465ms returns TRUE
T0BF4 7009:990.067 JLINK_IsHalted()
T0BF4 7009:990.089 - 0.024ms returns TRUE
T0BF4 7010:193.515 JLINK_IsHalted()
T0BF4 7010:193.538 - 0.025ms returns TRUE
T0BF4 7010:394.421 JLINK_IsHalted()
T0BF4 7010:394.931 - 0.519ms returns TRUE
T0BF4 7010:595.098 JLINK_IsHalted()
T0BF4 7010:595.126 - 0.029ms returns TRUE
T0BF4 7010:795.978 JLINK_IsHalted()
T0BF4 7010:796.004 - 0.027ms returns TRUE
T0BF4 7010:998.618 JLINK_IsHalted()
T0BF4 7010:999.072 - 0.465ms returns TRUE
T0BF4 7011:199.697 JLINK_IsHalted()
T0BF4 7011:199.721 - 0.025ms returns TRUE
T0BF4 7011:399.849 JLINK_IsHalted()
T0BF4 7011:399.875 - 0.028ms returns TRUE
T0BF4 7011:601.031 JLINK_IsHalted()
T0BF4 7011:601.553 - 0.549ms returns TRUE
T0BF4 7011:801.463 JLINK_IsHalted()
T0BF4 7011:801.488 - 0.027ms returns TRUE
T0BF4 7012:002.774 JLINK_IsHalted()
T0BF4 7012:002.801 - 0.029ms returns TRUE
T47E8 7012:116.341 JLINK_ReadMem(0x200009E5, 0x1 Bytes, ...)
T47E8 7012:116.373    -- Read from C cache (1 bytes @ 0x200009E5)
T47E8 7012:116.381   Data:  00
T47E8 7012:116.389 - 0.050ms returns 0
T47E8 7012:148.427 JLINK_ReadMem(0x20000A8C, 0x1 Bytes, ...)
T47E8 7012:148.466    -- Read from C cache (1 bytes @ 0x20000A8C)
T47E8 7012:148.477   Data:  08
T47E8 7012:148.487 - 0.063ms returns 0
T47E8 7012:179.201 JLINK_ReadMem(0x20000A7C, 0x4 Bytes, ...)
T47E8 7012:179.228    -- Read from C cache (4 bytes @ 0x20000A7C)
T47E8 7012:179.235   Data:  00 00 00 00
T47E8 7012:179.243 - 0.043ms returns 0
T0BF4 7012:203.214 JLINK_IsHalted()
T0BF4 7012:203.755 - 0.550ms returns TRUE
T47E8 7012:209.973 JLINK_ReadMem(0x20000A80, 0x4 Bytes, ...)
T47E8 7012:209.992    -- Read from C cache (4 bytes @ 0x20000A80)
T47E8 7012:209.999   Data:  00 00 00 00
T47E8 7012:210.006 - 0.035ms returns 0
T47E8 7012:240.346 JLINK_ReadMem(0x20000A84, 0x4 Bytes, ...)
T47E8 7012:240.376    -- Read from C cache (4 bytes @ 0x20000A84)
T47E8 7012:240.383   Data:  00 00 00 00
T47E8 7012:240.389 - 0.045ms returns 0
T47E8 7012:271.984 JLINK_ReadMem(0x20000A88, 0x4 Bytes, ...)
T47E8 7012:272.011    -- Read from C cache (4 bytes @ 0x20000A88)
T47E8 7012:272.017   Data:  00 00 00 00
T47E8 7012:272.023 - 0.040ms returns 0
T47E8 7012:303.015 JLINK_ReadMem(0x200009E8, 0x4 Bytes, ...)
T47E8 7012:303.050    -- Read from C cache (4 bytes @ 0x200009E8)
T47E8 7012:303.057   Data:  00 00 00 00
T47E8 7012:303.064 - 0.051ms returns 0
T47E8 7012:333.427 JLINK_ReadMem(0x20000A90, 0x4 Bytes, ...)
T47E8 7012:333.447    -- Read from C cache (4 bytes @ 0x20000A90)
T47E8 7012:333.454   Data:  00 00 00 00
T47E8 7012:333.460 - 0.035ms returns 0
T47E8 7012:396.006 JLINK_ReadMem(0x20000A7A, 0x1 Bytes, ...)
T47E8 7012:396.042    -- Read from C cache (1 bytes @ 0x20000A7A)
T47E8 7012:396.049   Data:  00
T47E8 7012:396.055 - 0.050ms returns 0
T0BF4 7012:403.961 JLINK_IsHalted()
T0BF4 7012:403.980 - 0.020ms returns TRUE
T47E8 7012:427.748 JLINK_ReadMem(0x20000A94, 0x4 Bytes, ...)
T47E8 7012:427.789    -- Read from C cache (4 bytes @ 0x20000A94)
T47E8 7012:427.797   Data:  00 00 00 00
T47E8 7012:427.805 - 0.059ms returns 0
T47E8 7012:444.020 JLINK_ReadMem(0x200009F4, 0x4 Bytes, ...)
T47E8 7012:444.041    -- Read from C cache (4 bytes @ 0x200009F4)
T47E8 7012:444.049   Data:  00 00 00 00
T47E8 7012:444.056 - 0.037ms returns 0
T47E8 7012:460.394 JLINK_ReadMem(0x200009DC, 0x4 Bytes, ...)
T47E8 7012:460.435    -- Read from C cache (4 bytes @ 0x200009DC)
T47E8 7012:460.443   Data:  DF 0C 00 00
T47E8 7012:460.452 - 0.059ms returns 0
T47E8 7012:491.704 JLINK_ReadMem(0x20000AD8, 0x1 Bytes, ...)
T47E8 7012:491.731    -- Read from C cache (1 bytes @ 0x20000AD8)
T47E8 7012:491.758   Data:  00
T47E8 7012:491.764 - 0.062ms returns 0
T47E8 7012:522.618 JLINK_ReadMem(0x20000A79, 0x1 Bytes, ...)
T47E8 7012:522.645    -- Read from C cache (1 bytes @ 0x20000A79)
T47E8 7012:522.653   Data:  01
T47E8 7012:522.660 - 0.043ms returns 0
T47E8 7012:538.298 JLINK_ReadMem(0x20000A80, 0x4 Bytes, ...)
T47E8 7012:538.328    -- Read from C cache (4 bytes @ 0x20000A80)
T47E8 7012:538.364   Data:  00 00 00 00
T47E8 7012:538.372 - 0.076ms returns 0
T47E8 7012:569.465 JLINK_ReadMem(0x20000A84, 0x4 Bytes, ...)
T47E8 7012:569.500    -- Read from C cache (4 bytes @ 0x20000A84)
T47E8 7012:569.553   Data:  00 00 00 00
T47E8 7012:569.576 - 0.112ms returns 0
T47E8 7012:584.569 JLINK_ReadMem(0x20000A88, 0x4 Bytes, ...)
T47E8 7012:584.613    -- Read from C cache (4 bytes @ 0x20000A88)
T47E8 7012:584.621   Data:  00 00 00 00
T47E8 7012:584.628 - 0.060ms returns 0
T47E8 7012:600.103 JLINK_ReadMem(0x200009E8, 0x4 Bytes, ...)
T47E8 7012:600.131    -- Read from C cache (4 bytes @ 0x200009E8)
T47E8 7012:600.180   Data:  00 00 00 00
T47E8 7012:600.190 - 0.090ms returns 0
T0BF4 7012:605.209 JLINK_IsHalted()
T0BF4 7012:605.239 - 0.032ms returns TRUE
T47E8 7012:631.404 JLINK_ReadMem(0x20000A90, 0x4 Bytes, ...)
T47E8 7012:631.431    -- Read from C cache (4 bytes @ 0x20000A90)
T47E8 7012:631.475   Data:  00 00 00 00
T47E8 7012:631.502 - 0.099ms returns 0
T47E8 7012:662.992 JLINK_ReadMem(0x20000A7A, 0x1 Bytes, ...)
T47E8 7012:663.048    -- Read from C cache (1 bytes @ 0x20000A7A)
T47E8 7012:663.057   Data:  00
T47E8 7012:663.065 - 0.075ms returns 0
T47E8 7012:678.187 JLINK_ReadMem(0x20000A94, 0x4 Bytes, ...)
T47E8 7012:678.208    -- Read from C cache (4 bytes @ 0x20000A94)
T47E8 7012:678.225   Data:  00 00 00 00
T47E8 7012:678.233 - 0.048ms returns 0
T0BF4 7012:806.666 JLINK_IsHalted()
T0BF4 7012:807.060 - 0.409ms returns TRUE
T0BF4 7013:007.441 JLINK_IsHalted()
T0BF4 7013:007.472 - 0.032ms returns TRUE
T0BF4 7013:208.097 JLINK_IsHalted()
T0BF4 7013:208.144 - 0.048ms returns TRUE
T0BF4 7013:409.444 JLINK_IsHalted()
T0BF4 7013:409.925 - 0.491ms returns TRUE
T0BF4 7013:609.371 JLINK_IsHalted()
T0BF4 7013:609.396 - 0.026ms returns TRUE
T0BF4 7013:811.263 JLINK_IsHalted()
T0BF4 7013:811.287 - 0.026ms returns TRUE
T0BF4 7014:012.128 JLINK_IsHalted()
T0BF4 7014:012.571 - 0.495ms returns TRUE
T0BF4 7014:212.819 JLINK_IsHalted()
T0BF4 7014:212.844 - 0.027ms returns TRUE
T47E8 7014:360.364 JLINK_ReadMem(0x200009E5, 0x1 Bytes, ...)
T47E8 7014:360.387    -- Read from C cache (1 bytes @ 0x200009E5)
T47E8 7014:360.394   Data:  00
T47E8 7014:360.400 - 0.037ms returns 0
T0BF4 7014:414.347 JLINK_IsHalted()
T0BF4 7014:414.378 - 0.033ms returns TRUE
T0BF4 7014:616.197 JLINK_IsHalted()
T0BF4 7014:616.513 - 0.327ms returns TRUE
T0BF4 7014:816.603 JLINK_IsHalted()
T0BF4 7014:816.627 - 0.026ms returns TRUE
T0BF4 7015:017.465 JLINK_IsHalted()
T0BF4 7015:017.495 - 0.033ms returns TRUE
T0BF4 7015:218.611 JLINK_IsHalted()
T0BF4 7015:219.108 - 0.508ms returns TRUE
T0BF4 7015:419.347 JLINK_IsHalted()
T0BF4 7015:419.372 - 0.027ms returns TRUE
T0BF4 7015:621.059 JLINK_IsHalted()
T0BF4 7015:621.084 - 0.027ms returns TRUE
T0BF4 7015:821.429 JLINK_IsHalted()
T0BF4 7015:821.852 - 0.432ms returns TRUE
T47E8 7015:891.323 JLINK_ReadMem(0x200009E5, 0x1 Bytes, ...)
T47E8 7015:891.336    -- Read from C cache (1 bytes @ 0x200009E5)
T47E8 7015:891.342   Data:  00
T47E8 7015:891.348 - 0.027ms returns 0
T0BF4 7016:022.811 JLINK_IsHalted()
T0BF4 7016:022.836 - 0.026ms returns TRUE
T0BF4 7016:223.793 JLINK_IsHalted()
T0BF4 7016:223.819 - 0.028ms returns TRUE
T0BF4 7016:424.750 JLINK_IsHalted()
T0BF4 7016:425.180 - 0.439ms returns TRUE
T0BF4 7016:624.793 JLINK_IsHalted()
T0BF4 7016:624.818 - 0.027ms returns TRUE
T0BF4 7016:826.941 JLINK_IsHalted()
T0BF4 7016:826.968 - 0.029ms returns TRUE
T0BF4 7017:027.912 JLINK_IsHalted()
T0BF4 7017:028.522 - 0.620ms returns TRUE
T0BF4 7017:230.431 JLINK_IsHalted()
T0BF4 7017:230.456 - 0.026ms returns TRUE
T0BF4 7017:432.642 JLINK_IsHalted()
T0BF4 7017:432.666 - 0.025ms returns TRUE
T0BF4 7017:633.603 JLINK_IsHalted()
T0BF4 7017:634.003 - 0.411ms returns TRUE
T0BF4 7017:834.219 JLINK_IsHalted()
T0BF4 7017:834.245 - 0.028ms returns TRUE
T0BF4 7018:034.666 JLINK_IsHalted()
T0BF4 7018:034.689 - 0.025ms returns TRUE
T0BF4 7018:235.687 JLINK_IsHalted()
T0BF4 7018:236.121 - 0.448ms returns TRUE
T0BF4 7018:436.838 JLINK_IsHalted()
T0BF4 7018:436.867 - 0.031ms returns TRUE
T0BF4 7018:637.337 JLINK_IsHalted()
T0BF4 7018:637.375 - 0.041ms returns TRUE
T0BF4 7018:839.008 JLINK_IsHalted()
T0BF4 7018:839.483 - 0.485ms returns TRUE
T0BF4 7019:044.174 JLINK_IsHalted()
T0BF4 7019:044.200 - 0.028ms returns TRUE
T0BF4 7019:245.878 JLINK_IsHalted()
T0BF4 7019:245.964 - 0.089ms returns TRUE
T0BF4 7019:446.055 JLINK_IsHalted()
T0BF4 7019:446.435 - 0.395ms returns TRUE
T0BF4 7019:647.150 JLINK_IsHalted()
T0BF4 7019:647.190 - 0.044ms returns TRUE
T0BF4 7019:851.242 JLINK_IsHalted()
T0BF4 7019:851.279 - 0.040ms returns TRUE
T0BF4 7020:056.946 JLINK_IsHalted()
T0BF4 7020:057.330 - 0.403ms returns TRUE
T0BF4 7020:263.338 JLINK_IsHalted()
T0BF4 7020:263.392 - 0.058ms returns TRUE
T0BF4 7020:469.390 JLINK_IsHalted()
T0BF4 7020:469.444 - 0.061ms returns TRUE
T0BF4 7020:675.216 JLINK_IsHalted()
T0BF4 7020:675.591 - 0.385ms returns TRUE
T0BF4 7020:877.111 JLINK_IsHalted()
T0BF4 7020:877.141 - 0.034ms returns TRUE
T0BF4 7021:079.108 JLINK_IsHalted()
T0BF4 7021:079.134 - 0.027ms returns TRUE
T0BF4 7021:284.192 JLINK_IsHalted()
T0BF4 7021:284.513 - 0.349ms returns TRUE
T0BF4 7021:485.021 JLINK_IsHalted()
T0BF4 7021:485.047 - 0.027ms returns TRUE
T0BF4 7021:685.187 JLINK_IsHalted()
T0BF4 7021:685.213 - 0.028ms returns TRUE
T0BF4 7021:888.639 JLINK_IsHalted()
T0BF4 7021:889.002 - 0.373ms returns TRUE
T0BF4 7022:092.556 JLINK_IsHalted()
T0BF4 7022:092.582 - 0.028ms returns TRUE
T0BF4 7022:292.310 JLINK_IsHalted()
T0BF4 7022:292.339 - 0.032ms returns TRUE
T0BF4 7022:492.816 JLINK_IsHalted()
T0BF4 7022:493.485 - 0.679ms returns TRUE
T47E8 7022:683.194 JLINK_ReadMemHW(0x0040311C, 0x0002 Bytes, ...)
T47E8 7022:683.221   CPU_ReadMem(2 bytes @ 0x0040311C)
T47E8 7022:683.620   Data:  91 4B
T47E8 7022:683.633 - 0.441ms returns 0
T47E8 7022:683.777 JLINK_ReadMemHW(0x00403364, 0x0004 Bytes, ...)
T47E8 7022:683.793   CPU_ReadMem(4 bytes @ 0x00403364)
T47E8 7022:684.714   Data:  E5 12 40 00
T47E8 7022:684.727 - 0.952ms returns 0
T47E8 7022:684.874 JLINK_ReadMemHW(0x004035F8, 0x0002 Bytes, ...)
T47E8 7022:684.891   CPU_ReadMem(2 bytes @ 0x004035F8)
T47E8 7022:685.229   Data:  23 4B
T47E8 7022:685.236 - 0.365ms returns 0
T3AE8 7022:687.288 JLINK_SetBPEx(Addr = 0x004035F8, Type = 0xFFFFFFF2)
T3AE8 7022:687.302 - 0.016ms returns 0x0000000C
T3AE8 7022:687.308 JLINK_GetBPInfo(BPHandle = 12)
T3AE8 7022:687.312 - 0.005ms returns 0x0
T0BF4 7022:693.844 JLINK_IsHalted()
T0BF4 7022:693.868 - 0.025ms returns TRUE
T0BF4 7022:895.194 JLINK_IsHalted()
T0BF4 7022:895.218 - 0.026ms returns TRUE
T0BF4 7023:100.729 JLINK_IsHalted()
T0BF4 7023:101.076 - 0.360ms returns TRUE
T0BF4 7023:302.851 JLINK_IsHalted()
T0BF4 7023:302.879 - 0.030ms returns TRUE
T0BF4 7023:504.908 JLINK_IsHalted()
T0BF4 7023:504.943 - 0.037ms returns TRUE
T0BF4 7023:707.113 JLINK_IsHalted()
T0BF4 7023:707.462 - 0.358ms returns TRUE
T0BF4 7023:907.434 JLINK_IsHalted()
T0BF4 7023:907.459 - 0.026ms returns TRUE
T0BF4 7024:109.331 JLINK_IsHalted()
T0BF4 7024:109.354 - 0.025ms returns TRUE
T0BF4 7024:312.265 JLINK_IsHalted()
T0BF4 7024:312.592 - 0.331ms returns TRUE
T0BF4 7024:514.061 JLINK_IsHalted()
T0BF4 7024:514.127 - 0.068ms returns TRUE
T47E8 7024:623.827 JLINK_ReadReg(R15 (PC))
T47E8 7024:623.852 - 0.027ms returns 0x004035B6
T47E8 7024:623.931 JLINK_GetBPInfo(BPHandle = 11)
T47E8 7024:623.936 - 0.007ms returns 0x0
T47E8 7024:623.942 JLINK_ClrBPEx(BPHandle = 0x0000000B)
T47E8 7024:623.948 - 0.007ms returns 0x00
T47E8 7024:623.964 JLINK_Step()
T47E8 7024:623.972    -- Read from flash cache (2 bytes @ 0x004035B6)
T47E8 7024:623.982   CPU_ReadMem(4 bytes @ 0xE0001004)
T47E8 7024:624.386    -- Read from flash cache (4 bytes @ 0x0040365C)
T47E8 7024:624.397   -- Simulated
T47E8 7024:624.403 - 0.441ms returns 0
T47E8 7024:624.411 JLINK_SetBPEx(Addr = 0x004035B6, Type = 0xFFFFFFF2)
T47E8 7024:624.417 - 0.008ms returns 0x0000000D
T47E8 7024:624.422 JLINK_GetBPInfo(BPHandle = 13)
T47E8 7024:624.427 - 0.006ms returns 0x0
T47E8 7024:624.454 JLINK_Go()
T47E8 7024:624.473   CPU_WriteMem(4 bytes @ 0xE0002000)
T47E8 7024:624.842   CPU_WriteMem(4 bytes @ 0xE0002000)
T47E8 7024:625.336   CPU_WriteMem(4 bytes @ 0xE0002000)
T47E8 7024:625.853   CPU_WriteMem(4 bytes @ 0xE0002000)
T47E8 7024:626.360   CPU_ReadMem(4 bytes @ 0xE0001000)
T47E8 7024:626.843   CPU_WriteMem(4 bytes @ 0xE000ED30)
T47E8 7024:627.332   CPU_WriteMem(4 bytes @ 0xE0002010)
T47E8 7024:627.347   CPU_WriteMem(4 bytes @ 0xE0002014)
T47E8 7024:627.945   CPU_WriteMem(4 bytes @ 0xE0001004)
T47E8 7024:629.173 - 4.722ms
T0BF4 7024:629.190 JLINK_IsHalted()
T0BF4 7024:631.947 - 2.774ms returns TRUE
T0BF4 7024:631.973 JLINK_GetMOEs(...)
T0BF4 7024:631.982   CPU_ReadMem(4 bytes @ 0xE000ED30)
T0BF4 7024:632.283 - 0.332ms returns 0x01
T0BF4 7024:632.314 JLINK_ReadReg(R15 (PC))
T0BF4 7024:632.322 - 0.010ms returns 0x004035F8
T47E8 7024:639.870 JLINK_ReadReg(R15 (PC))
T47E8 7024:639.903 - 0.035ms returns 0x004035F8
T47E8 7024:639.912 JLINK_ReadReg(R13 (SP))
T47E8 7024:639.917 - 0.007ms returns 0x2001C4F0
T47E8 7024:640.176 JLINK_ReadMemHW(0x004035F8, 0x0004 Bytes, ...)
T47E8 7024:640.191   CPU_ReadMem(4 bytes @ 0x004035F8)
T47E8 7024:640.527   Data:  23 4B 1B 78
T47E8 7024:640.537 - 0.362ms returns 0
T47E8 7024:640.739 JLINK_ReadReg(R0)
T47E8 7024:640.756 - 0.019ms returns 0x00000000
T47E8 7024:640.765 JLINK_ReadReg(R1)
T47E8 7024:640.769 - 0.007ms returns 0x0000000A
T47E8 7024:640.776 JLINK_ReadReg(R2)
T47E8 7024:640.781 - 0.007ms returns 0x00000008
T47E8 7024:640.788 JLINK_ReadReg(R3)
T47E8 7024:640.801 - 0.015ms returns 0x00000000
T47E8 7024:640.808 JLINK_ReadReg(R4)
T47E8 7024:640.812 - 0.007ms returns 0x00000000
T47E8 7024:640.819 JLINK_ReadReg(R5)
T47E8 7024:640.824 - 0.007ms returns 0x4A9AA6AF
T47E8 7024:640.830 JLINK_ReadReg(R6)
T47E8 7024:640.835 - 0.006ms returns 0x00000032
T47E8 7024:640.842 JLINK_ReadReg(R7)
T47E8 7024:640.846 - 0.006ms returns 0x2001C4F0
T47E8 7024:640.853 JLINK_ReadReg(R8)
T47E8 7024:640.857 - 0.007ms returns 0x1E39B400
T47E8 7024:640.864 JLINK_ReadReg(R9)
T47E8 7024:640.870 - 0.007ms returns 0x00000003
T47E8 7024:640.876 JLINK_ReadReg(R10)
T47E8 7024:640.881 - 0.007ms returns 0x92A69C00
T47E8 7024:640.887 JLINK_ReadReg(R11)
T47E8 7024:640.892 - 0.006ms returns 0x0000000C
T47E8 7024:640.899 JLINK_ReadReg(R12)
T47E8 7024:640.903 - 0.006ms returns 0x004092C3
T47E8 7024:640.910 JLINK_ReadReg(R13 (SP))
T47E8 7024:640.915 - 0.007ms returns 0x2001C4F0
T47E8 7024:640.922 JLINK_ReadReg(R14)
T47E8 7024:640.926 - 0.007ms returns 0x00400E77
T47E8 7024:640.933 JLINK_ReadReg(R15 (PC))
T47E8 7024:640.938 - 0.007ms returns 0x004035F8
T47E8 7024:640.951 JLINK_ReadReg(XPSR)
T47E8 7024:640.956 - 0.007ms returns 0x61000000
T47E8 7024:640.963 JLINK_ReadReg(MSP)
T47E8 7024:640.968 - 0.007ms returns 0x2001C4F0
T47E8 7024:640.974 JLINK_ReadReg(PSP)
T47E8 7024:640.979 - 0.006ms returns 0xBC04212C
T47E8 7024:640.986 JLINK_ReadReg(PRIMASK)
T47E8 7024:640.990 - 0.007ms returns 0x00000000
T47E8 7024:640.997 JLINK_ReadReg(BASEPRI)
T47E8 7024:641.002 - 0.007ms returns 0x00000000
T47E8 7024:641.009 JLINK_ReadReg(FAULTMASK)
T47E8 7024:641.013 - 0.007ms returns 0x00000000
T47E8 7024:641.020 JLINK_ReadReg(CONTROL)
T47E8 7024:641.025 - 0.006ms returns 0x00000000
T3AE8 7024:736.362 JLINK_ReadMem(0x40000000, 0x2DF Bytes, ...)
T3AE8 7024:736.390   CPU_ReadMem(735 bytes @ 0x40000000)
T3AE8 7024:740.917   Data:  00 00 00 00 00 00 00 00 00 00 00 00 00 00 00 00 ...
T3AE8 7024:740.933 - 4.573ms returns 0
T3AE8 7024:742.553 JLINK_ReadMem(0x40000000, 0x2DF Bytes, ...)
T3AE8 7024:742.572   CPU_ReadMem(735 bytes @ 0x40000000)
T3AE8 7024:746.956   Data:  00 00 00 00 00 00 00 00 00 00 00 00 00 00 00 00 ...
T3AE8 7024:746.967 - 4.417ms returns 0
T0BF4 7024:833.741 JLINK_IsHalted()
T0BF4 7024:833.770 - 0.031ms returns TRUE
T47E8 7025:014.393 JLINK_ReadMem(0x20000A8C, 0x1 Bytes, ...)
T47E8 7025:014.414   CPU_ReadMem(64 bytes @ 0x20000A80)
T47E8 7025:015.815    -- Updating C cache (64 bytes @ 0x20000A80)
T47E8 7025:015.831    -- Read from C cache (1 bytes @ 0x20000A8C)
T47E8 7025:015.837   Data:  08
T47E8 7025:015.843 - 1.452ms returns 0
T47E8 7025:029.509 JLINK_ReadMem(0x20000A7C, 0x4 Bytes, ...)
T47E8 7025:029.527   CPU_ReadMem(64 bytes @ 0x20000A40)
T47E8 7025:030.588    -- Updating C cache (64 bytes @ 0x20000A40)
T47E8 7025:030.604    -- Read from C cache (4 bytes @ 0x20000A7C)
T47E8 7025:030.610   Data:  00 00 00 00
T47E8 7025:030.616 - 1.109ms returns 0
T0BF4 7025:034.645 JLINK_IsHalted()
T0BF4 7025:034.661 - 0.018ms returns TRUE
T47E8 7025:059.832 JLINK_ReadMem(0x20000A80, 0x4 Bytes, ...)
T47E8 7025:059.861    -- Read from C cache (4 bytes @ 0x20000A80)
T47E8 7025:059.868   Data:  00 00 00 00
T47E8 7025:059.875 - 0.045ms returns 0
T47E8 7025:090.366 JLINK_ReadMem(0x20000A84, 0x4 Bytes, ...)
T47E8 7025:090.391    -- Read from C cache (4 bytes @ 0x20000A84)
T47E8 7025:090.431   Data:  00 00 00 00
T47E8 7025:090.440 - 0.075ms returns 0
T47E8 7025:121.848 JLINK_ReadMem(0x20000A88, 0x4 Bytes, ...)
T47E8 7025:121.862    -- Read from C cache (4 bytes @ 0x20000A88)
T47E8 7025:121.868   Data:  00 00 00 00
T47E8 7025:121.874 - 0.028ms returns 0
T47E8 7025:137.485 JLINK_ReadMem(0x200009E8, 0x4 Bytes, ...)
T47E8 7025:137.520   CPU_ReadMem(64 bytes @ 0x200009C0)
T47E8 7025:138.346    -- Updating C cache (64 bytes @ 0x200009C0)
T47E8 7025:138.360    -- Read from C cache (4 bytes @ 0x200009E8)
T47E8 7025:138.366   Data:  00 00 00 00
T47E8 7025:138.372 - 0.889ms returns 0
T47E8 7025:168.148 JLINK_ReadMem(0x20000A90, 0x4 Bytes, ...)
T47E8 7025:168.200    -- Read from C cache (4 bytes @ 0x20000A90)
T47E8 7025:168.210   Data:  00 00 00 00
T47E8 7025:168.217 - 0.071ms returns 0
T47E8 7025:199.159 JLINK_ReadMem(0x20000A7A, 0x1 Bytes, ...)
T47E8 7025:199.201    -- Read from C cache (1 bytes @ 0x20000A7A)
T47E8 7025:199.208   Data:  00
T47E8 7025:199.215 - 0.057ms returns 0
T47E8 7025:230.035 JLINK_ReadMem(0x20000A94, 0x4 Bytes, ...)
T47E8 7025:230.050    -- Read from C cache (4 bytes @ 0x20000A94)
T47E8 7025:230.056   Data:  00 00 00 00
T47E8 7025:230.062 - 0.028ms returns 0
T0BF4 7025:236.938 JLINK_IsHalted()
T0BF4 7025:237.378 - 0.450ms returns TRUE
T47E8 7025:245.351 JLINK_ReadMem(0x200009F4, 0x4 Bytes, ...)
T47E8 7025:245.377    -- Read from C cache (4 bytes @ 0x200009F4)
T47E8 7025:245.400   Data:  00 00 00 00
T47E8 7025:245.408 - 0.058ms returns 0
T47E8 7025:276.227 JLINK_ReadMem(0x200009DC, 0x4 Bytes, ...)
T47E8 7025:276.254    -- Read from C cache (4 bytes @ 0x200009DC)
T47E8 7025:276.265   Data:  DF 0C 00 00
T47E8 7025:276.272 - 0.047ms returns 0
T47E8 7025:292.360 JLINK_ReadMem(0x20000AD8, 0x1 Bytes, ...)
T47E8 7025:292.390   CPU_ReadMem(64 bytes @ 0x20000AC0)
T47E8 7025:293.401    -- Updating C cache (64 bytes @ 0x20000AC0)
T47E8 7025:293.415    -- Read from C cache (1 bytes @ 0x20000AD8)
T47E8 7025:293.421   Data:  00
T47E8 7025:293.426 - 1.068ms returns 0
T47E8 7025:307.610 JLINK_ReadMem(0x200009E5, 0x1 Bytes, ...)
T47E8 7025:307.632    -- Read from C cache (1 bytes @ 0x200009E5)
T47E8 7025:307.640   Data:  00
T47E8 7025:307.648 - 0.040ms returns 0
T47E8 7025:354.556 JLINK_ReadMem(0x20000A79, 0x1 Bytes, ...)
T47E8 7025:354.585    -- Read from C cache (1 bytes @ 0x20000A79)
T47E8 7025:354.623   Data:  01
T47E8 7025:354.631 - 0.077ms returns 0
T47E8 7025:384.679 JLINK_ReadMem(0x20000A80, 0x4 Bytes, ...)
T47E8 7025:384.704    -- Read from C cache (4 bytes @ 0x20000A80)
T47E8 7025:384.712   Data:  00 00 00 00
T47E8 7025:384.719 - 0.041ms returns 0
T47E8 7025:400.264 JLINK_ReadMem(0x20000A84, 0x4 Bytes, ...)
T47E8 7025:400.289    -- Read from C cache (4 bytes @ 0x20000A84)
T47E8 7025:400.296   Data:  00 00 00 00
T47E8 7025:400.334 - 0.073ms returns 0
T47E8 7025:431.904 JLINK_ReadMem(0x20000A88, 0x4 Bytes, ...)
T47E8 7025:431.933    -- Read from C cache (4 bytes @ 0x20000A88)
T47E8 7025:431.940   Data:  00 00 00 00
T47E8 7025:431.946 - 0.044ms returns 0
T0BF4 7025:437.816 JLINK_IsHalted()
T0BF4 7025:437.838 - 0.024ms returns TRUE
T47E8 7025:477.985 JLINK_ReadMem(0x200009E8, 0x4 Bytes, ...)
T47E8 7025:478.012    -- Read from C cache (4 bytes @ 0x200009E8)
T47E8 7025:478.041   Data:  00 00 00 00
T47E8 7025:478.048 - 0.065ms returns 0
T47E8 7025:508.417 JLINK_ReadMem(0x20000A90, 0x4 Bytes, ...)
T47E8 7025:508.461    -- Read from C cache (4 bytes @ 0x20000A90)
T47E8 7025:508.469   Data:  00 00 00 00
T47E8 7025:508.476 - 0.062ms returns 0
T47E8 7025:539.414 JLINK_ReadMem(0x20000A7A, 0x1 Bytes, ...)
T47E8 7025:539.439    -- Read from C cache (1 bytes @ 0x20000A7A)
T47E8 7025:539.446   Data:  00
T47E8 7025:539.454 - 0.042ms returns 0
T47E8 7025:570.975 JLINK_ReadMem(0x20000A94, 0x4 Bytes, ...)
T47E8 7025:571.003    -- Read from C cache (4 bytes @ 0x20000A94)
T47E8 7025:571.011   Data:  00 00 00 00
T47E8 7025:571.018 - 0.078ms returns 0
T0BF4 7025:641.085 JLINK_IsHalted()
T0BF4 7025:641.112 - 0.028ms returns TRUE
T0BF4 7025:847.236 JLINK_IsHalted()
T0BF4 7025:847.688 - 0.465ms returns TRUE
T0BF4 7026:052.110 JLINK_IsHalted()
T0BF4 7026:052.155 - 0.048ms returns TRUE
T0BF4 7026:258.827 JLINK_IsHalted()
T0BF4 7026:258.852 - 0.028ms returns TRUE
T0BF4 7026:465.236 JLINK_IsHalted()
T0BF4 7026:465.653 - 0.424ms returns TRUE
T0BF4 7026:671.848 JLINK_IsHalted()
T0BF4 7026:671.922 - 0.077ms returns TRUE
T0BF4 7026:876.423 JLINK_IsHalted()
T0BF4 7026:876.458 - 0.036ms returns TRUE
T0BF4 7027:076.732 JLINK_IsHalted()
T0BF4 7027:077.253 - 0.532ms returns TRUE
T0BF4 7027:283.689 JLINK_IsHalted()
T0BF4 7027:283.722 - 0.035ms returns TRUE
T0BF4 7027:485.300 JLINK_IsHalted()
T0BF4 7027:485.324 - 0.030ms returns TRUE
T0BF4 7027:691.321 JLINK_IsHalted()
T0BF4 7027:691.827 - 0.515ms returns TRUE
T0BF4 7027:899.503 JLINK_IsHalted()
T0BF4 7027:899.550 - 0.050ms returns TRUE
T0BF4 7028:100.655 JLINK_IsHalted()
T0BF4 7028:100.710 - 0.058ms returns TRUE
T0BF4 7028:307.875 JLINK_IsHalted()
T0BF4 7028:308.281 - 0.423ms returns TRUE
T0BF4 7028:516.157 JLINK_IsHalted()
T0BF4 7028:516.212 - 0.059ms returns TRUE
T0BF4 7028:721.556 JLINK_IsHalted()
T0BF4 7028:721.590 - 0.036ms returns TRUE
T0BF4 7028:932.215 JLINK_IsHalted()
T0BF4 7028:932.518 - 0.312ms returns TRUE
T0BF4 7029:137.166 JLINK_IsHalted()
T0BF4 7029:137.192 - 0.029ms returns TRUE
T0BF4 7029:344.305 JLINK_IsHalted()
T0BF4 7029:344.331 - 0.027ms returns TRUE
T0BF4 7029:548.778 JLINK_IsHalted()
T0BF4 7029:549.829 - 1.061ms returns TRUE
T0BF4 7029:756.376 JLINK_IsHalted()
T0BF4 7029:756.402 - 0.028ms returns TRUE
T0BF4 7029:963.380 JLINK_IsHalted()
T0BF4 7029:963.421 - 0.045ms returns TRUE
T0BF4 7030:165.148 JLINK_IsHalted()
T0BF4 7030:165.564 - 0.428ms returns TRUE
T0BF4 7030:369.113 JLINK_IsHalted()
T0BF4 7030:369.140 - 0.030ms returns TRUE
T0BF4 7030:572.697 JLINK_IsHalted()
T0BF4 7030:572.732 - 0.037ms returns TRUE
T0BF4 7030:773.970 JLINK_IsHalted()
T0BF4 7030:774.434 - 0.474ms returns TRUE
T0BF4 7030:981.511 JLINK_IsHalted()
T0BF4 7030:981.552 - 0.044ms returns TRUE
T0BF4 7031:188.247 JLINK_IsHalted()
T0BF4 7031:188.275 - 0.031ms returns TRUE
T0BF4 7031:392.960 JLINK_IsHalted()
T0BF4 7031:393.290 - 0.343ms returns TRUE
T0BF4 7031:593.165 JLINK_IsHalted()
T0BF4 7031:593.203 - 0.040ms returns TRUE
T0BF4 7031:794.437 JLINK_IsHalted()
T0BF4 7031:794.477 - 0.042ms returns TRUE
T0BF4 7031:999.140 JLINK_IsHalted()
T0BF4 7031:999.499 - 0.371ms returns TRUE
T0BF4 7032:202.373 JLINK_IsHalted()
T0BF4 7032:202.406 - 0.034ms returns TRUE
T0BF4 7032:408.443 JLINK_IsHalted()
T0BF4 7032:408.467 - 0.026ms returns TRUE
T0BF4 7032:608.662 JLINK_IsHalted()
T0BF4 7032:609.149 - 0.496ms returns TRUE
T0BF4 7032:812.976 JLINK_IsHalted()
T0BF4 7032:813.016 - 0.041ms returns TRUE
T47E8 7033:006.077 JLINK_ReadReg(R15 (PC))
T47E8 7033:006.090 - 0.015ms returns 0x004035F8
T47E8 7033:006.148 JLINK_GetBPInfo(BPHandle = 12)
T47E8 7033:006.156 - 0.010ms returns 0x0
T47E8 7033:006.161 JLINK_ClrBPEx(BPHandle = 0x0000000C)
T47E8 7033:006.168 - 0.008ms returns 0x00
T47E8 7033:006.189 JLINK_Step()
T47E8 7033:006.197    -- Read from flash cache (2 bytes @ 0x004035F8)
T47E8 7033:006.206   CPU_ReadMem(4 bytes @ 0xE0001004)
T47E8 7033:006.718    -- Read from flash cache (4 bytes @ 0x00403688)
T47E8 7033:006.736   -- Simulated
T47E8 7033:006.743 - 0.555ms returns 0
T47E8 7033:006.751 JLINK_SetBPEx(Addr = 0x004035F8, Type = 0xFFFFFFF2)
T47E8 7033:006.758 - 0.008ms returns 0x0000000E
T47E8 7033:006.763 JLINK_GetBPInfo(BPHandle = 14)
T47E8 7033:006.768 - 0.006ms returns 0x0
T47E8 7033:006.785 JLINK_Go()
T47E8 7033:006.797   CPU_WriteMem(4 bytes @ 0xE0002000)
T47E8 7033:007.156   CPU_WriteMem(4 bytes @ 0xE0002000)
T47E8 7033:007.499   CPU_WriteMem(4 bytes @ 0xE0002000)
T47E8 7033:007.837   CPU_WriteMem(4 bytes @ 0xE0002000)
T47E8 7033:008.555   CPU_ReadMem(4 bytes @ 0xE0001000)
T47E8 7033:009.022   CPU_WriteMem(4 bytes @ 0xE000ED30)
T47E8 7033:009.488   CPU_WriteMem(4 bytes @ 0xE0002010)
T47E8 7033:009.506   CPU_WriteMem(4 bytes @ 0xE0002014)
T47E8 7033:010.272   CPU_WriteMem(4 bytes @ 0xE0001004)
T47E8 7033:011.408 - 4.632ms
T0BF4 7033:011.444 JLINK_IsHalted()
T0BF4 7033:014.231 - 2.798ms returns TRUE
T0BF4 7033:014.250 JLINK_GetMOEs(...)
T0BF4 7033:014.256   CPU_ReadMem(4 bytes @ 0xE000ED30)
T0BF4 7033:014.516 - 0.268ms returns 0x01
T0BF4 7033:014.522 JLINK_ReadReg(R15 (PC))
T0BF4 7033:014.528 - 0.007ms returns 0x004035B6
T47E8 7033:021.709 JLINK_ReadReg(R15 (PC))
T47E8 7033:021.719 - 0.012ms returns 0x004035B6
T47E8 7033:021.728 JLINK_ReadReg(R13 (SP))
T47E8 7033:021.733 - 0.007ms returns 0x2001C4F0
T47E8 7033:021.951 JLINK_ReadMemHW(0x004035B6, 0x0004 Bytes, ...)
T47E8 7033:021.970   CPU_ReadMem(4 bytes @ 0x004035B6)
T47E8 7033:022.379   Data:  29 4B 1B 78
T47E8 7033:022.392 - 0.443ms returns 0
T47E8 7033:022.573 JLINK_ReadReg(R0)
T47E8 7033:022.581 - 0.010ms returns 0x00000000
T47E8 7033:022.589 JLINK_ReadReg(R1)
T47E8 7033:022.594 - 0.006ms returns 0x0000000A
T47E8 7033:022.600 JLINK_ReadReg(R2)
T47E8 7033:022.605 - 0.007ms returns 0x00000008
T47E8 7033:022.611 JLINK_ReadReg(R3)
T47E8 7033:022.616 - 0.006ms returns 0x00000000
T47E8 7033:022.622 JLINK_ReadReg(R4)
T47E8 7033:022.626 - 0.006ms returns 0x00000000
T47E8 7033:022.633 JLINK_ReadReg(R5)
T47E8 7033:022.637 - 0.006ms returns 0x4A9AA6AF
T47E8 7033:022.643 JLINK_ReadReg(R6)
T47E8 7033:022.648 - 0.006ms returns 0x00000032
T47E8 7033:022.654 JLINK_ReadReg(R7)
T47E8 7033:022.658 - 0.006ms returns 0x2001C4F0
T47E8 7033:022.664 JLINK_ReadReg(R8)
T47E8 7033:022.669 - 0.006ms returns 0x1E39B400
T47E8 7033:022.675 JLINK_ReadReg(R9)
T47E8 7033:022.680 - 0.006ms returns 0x00000003
T47E8 7033:022.686 JLINK_ReadReg(R10)
T47E8 7033:022.690 - 0.006ms returns 0x92A69C00
T47E8 7033:022.697 JLINK_ReadReg(R11)
T47E8 7033:022.701 - 0.006ms returns 0x0000000C
T47E8 7033:022.707 JLINK_ReadReg(R12)
T47E8 7033:022.712 - 0.006ms returns 0x004092C3
T47E8 7033:022.718 JLINK_ReadReg(R13 (SP))
T47E8 7033:022.723 - 0.006ms returns 0x2001C4F0
T47E8 7033:022.729 JLINK_ReadReg(R14)
T47E8 7033:022.733 - 0.006ms returns 0x00400E77
T47E8 7033:022.740 JLINK_ReadReg(R15 (PC))
T47E8 7033:022.744 - 0.006ms returns 0x004035B6
T47E8 7033:022.757 JLINK_ReadReg(XPSR)
T47E8 7033:022.762 - 0.006ms returns 0x61000000
T47E8 7033:022.768 JLINK_ReadReg(MSP)
T47E8 7033:022.772 - 0.006ms returns 0x2001C4F0
T47E8 7033:022.779 JLINK_ReadReg(PSP)
T47E8 7033:022.783 - 0.006ms returns 0xBC04212C
T47E8 7033:022.789 JLINK_ReadReg(PRIMASK)
T47E8 7033:022.794 - 0.006ms returns 0x00000000
T47E8 7033:022.800 JLINK_ReadReg(BASEPRI)
T47E8 7033:022.805 - 0.006ms returns 0x00000000
T47E8 7033:022.811 JLINK_ReadReg(FAULTMASK)
T47E8 7033:022.815 - 0.006ms returns 0x00000000
T47E8 7033:022.822 JLINK_ReadReg(CONTROL)
T47E8 7033:022.826 - 0.006ms returns 0x00000000
T3AE8 7033:083.687 JLINK_ReadMem(0x40000000, 0x2DF Bytes, ...)
T3AE8 7033:083.713   CPU_ReadMem(735 bytes @ 0x40000000)
T3AE8 7033:088.242   Data:  00 00 00 00 00 00 00 00 00 00 00 00 00 00 00 00 ...
T3AE8 7033:088.256 - 4.571ms returns 0
T3AE8 7033:090.575 JLINK_ReadMem(0x40000000, 0x2DF Bytes, ...)
T3AE8 7033:090.603   CPU_ReadMem(735 bytes @ 0x40000000)
T3AE8 7033:095.150   Data:  00 00 00 00 00 00 00 00 00 00 00 00 00 00 00 00 ...
T3AE8 7033:095.162 - 4.589ms returns 0
T0BF4 7033:215.157 JLINK_IsHalted()
T0BF4 7033:215.182 - 0.027ms returns TRUE
T47E8 7033:360.320 JLINK_ReadMem(0x20000A8C, 0x1 Bytes, ...)
T47E8 7033:360.342   CPU_ReadMem(64 bytes @ 0x20000A80)
T47E8 7033:361.817    -- Updating C cache (64 bytes @ 0x20000A80)
T47E8 7033:361.832    -- Read from C cache (1 bytes @ 0x20000A8C)
T47E8 7033:361.838   Data:  08
T47E8 7033:361.844 - 1.526ms returns 0
T47E8 7033:375.525 JLINK_ReadMem(0x20000A7C, 0x4 Bytes, ...)
T47E8 7033:375.548   CPU_ReadMem(64 bytes @ 0x20000A40)
T47E8 7033:376.557    -- Updating C cache (64 bytes @ 0x20000A40)
T47E8 7033:376.571    -- Read from C cache (4 bytes @ 0x20000A7C)
T47E8 7033:376.577   Data:  00 00 00 00
T47E8 7033:376.583 - 1.060ms returns 0
T47E8 7033:391.271 JLINK_ReadMem(0x20000A80, 0x4 Bytes, ...)
T47E8 7033:391.293    -- Read from C cache (4 bytes @ 0x20000A80)
T47E8 7033:391.299   Data:  00 00 00 00
T47E8 7033:391.334 - 0.065ms returns 0
T0BF4 7033:415.916 JLINK_IsHalted()
T0BF4 7033:415.934 - 0.021ms returns TRUE
T47E8 7033:422.781 JLINK_ReadMem(0x20000A84, 0x4 Bytes, ...)
T47E8 7033:422.799    -- Read from C cache (4 bytes @ 0x20000A84)
T47E8 7033:422.806   Data:  00 00 00 00
T47E8 7033:422.813 - 0.034ms returns 0
T47E8 7033:453.781 JLINK_ReadMem(0x20000A88, 0x4 Bytes, ...)
T47E8 7033:453.802    -- Read from C cache (4 bytes @ 0x20000A88)
T47E8 7033:453.822   Data:  00 00 00 00
T47E8 7033:453.857 - 0.078ms returns 0
T47E8 7033:488.778 JLINK_ReadMem(0x200009E8, 0x4 Bytes, ...)
T47E8 7033:488.801   CPU_ReadMem(64 bytes @ 0x200009C0)
T47E8 7033:490.243    -- Updating C cache (64 bytes @ 0x200009C0)
T47E8 7033:490.257    -- Read from C cache (4 bytes @ 0x200009E8)
T47E8 7033:490.263   Data:  00 00 00 00
T47E8 7033:490.269 - 1.493ms returns 0
T47E8 7033:498.918 JLINK_ReadMem(0x20000A90, 0x4 Bytes, ...)
T47E8 7033:498.928    -- Read from C cache (4 bytes @ 0x20000A90)
T47E8 7033:498.934   Data:  00 00 00 00
T47E8 7033:498.940 - 0.023ms returns 0
T47E8 7033:531.971 JLINK_ReadMem(0x20000A7A, 0x1 Bytes, ...)
T47E8 7033:531.991    -- Read from C cache (1 bytes @ 0x20000A7A)
T47E8 7033:531.998   Data:  00
T47E8 7033:532.004 - 0.035ms returns 0
T47E8 7033:550.164 JLINK_ReadMem(0x20000A94, 0x4 Bytes, ...)
T47E8 7033:550.180    -- Read from C cache (4 bytes @ 0x20000A94)
T47E8 7033:550.187   Data:  00 00 00 00
T47E8 7033:550.193 - 0.030ms returns 0
T47E8 7033:578.811 JLINK_ReadMem(0x200009F4, 0x4 Bytes, ...)
T47E8 7033:578.842    -- Read from C cache (4 bytes @ 0x200009F4)
T47E8 7033:578.850   Data:  00 00 00 00
T47E8 7033:578.858 - 0.049ms returns 0
T47E8 7033:594.842 JLINK_ReadMem(0x200009DC, 0x4 Bytes, ...)
T47E8 7033:594.874    -- Read from C cache (4 bytes @ 0x200009DC)
T47E8 7033:594.882   Data:  DF 0C 00 00
T47E8 7033:594.890 - 0.049ms returns 0
T0BF4 7033:617.706 JLINK_IsHalted()
T0BF4 7033:618.031 - 0.341ms returns TRUE
T47E8 7033:641.794 JLINK_ReadMem(0x20000AD8, 0x1 Bytes, ...)
T47E8 7033:641.840   CPU_ReadMem(64 bytes @ 0x20000AC0)
T47E8 7033:642.551    -- Updating C cache (64 bytes @ 0x20000AC0)
T47E8 7033:642.563    -- Read from C cache (1 bytes @ 0x20000AD8)
T47E8 7033:642.571   Data:  00
T47E8 7033:642.578 - 0.786ms returns 0
T47E8 7033:674.077 JLINK_ReadMem(0x200009E5, 0x1 Bytes, ...)
T47E8 7033:674.116    -- Read from C cache (1 bytes @ 0x200009E5)
T47E8 7033:674.129   Data:  00
T47E8 7033:674.139 - 0.065ms returns 0
T47E8 7033:720.461 JLINK_ReadMem(0x20000A79, 0x1 Bytes, ...)
T47E8 7033:720.488    -- Read from C cache (1 bytes @ 0x20000A79)
T47E8 7033:720.498   Data:  01
T47E8 7033:720.506 - 0.046ms returns 0
T47E8 7033:751.198 JLINK_ReadMem(0x20000A80, 0x4 Bytes, ...)
T47E8 7033:751.234    -- Read from C cache (4 bytes @ 0x20000A80)
T47E8 7033:751.242   Data:  00 00 00 00
T47E8 7033:751.250 - 0.054ms returns 0
T47E8 7033:766.177 JLINK_ReadMem(0x20000A84, 0x4 Bytes, ...)
T47E8 7033:766.215    -- Read from C cache (4 bytes @ 0x20000A84)
T47E8 7033:766.228   Data:  00 00 00 00
T47E8 7033:766.239 - 0.068ms returns 0
T47E8 7033:781.613 JLINK_ReadMem(0x20000A88, 0x4 Bytes, ...)
T47E8 7033:781.637    -- Read from C cache (4 bytes @ 0x20000A88)
T47E8 7033:781.645   Data:  00 00 00 00
T47E8 7033:781.653 - 0.043ms returns 0
T47E8 7033:813.698 JLINK_ReadMem(0x200009E8, 0x4 Bytes, ...)
T47E8 7033:813.726    -- Read from C cache (4 bytes @ 0x200009E8)
T47E8 7033:813.734   Data:  00 00 00 00
T47E8 7033:813.741 - 0.045ms returns 0
T0BF4 7033:819.375 JLINK_IsHalted()
T0BF4 7033:819.396 - 0.023ms returns TRUE
T47E8 7033:861.093 JLINK_ReadMem(0x20000A90, 0x4 Bytes, ...)
T47E8 7033:861.142    -- Read from C cache (4 bytes @ 0x20000A90)
T47E8 7033:861.151   Data:  00 00 00 00
T47E8 7033:861.159 - 0.068ms returns 0
T47E8 7033:877.367 JLINK_ReadMem(0x20000A7A, 0x1 Bytes, ...)
T47E8 7033:877.399    -- Read from C cache (1 bytes @ 0x20000A7A)
T47E8 7033:877.408   Data:  00
T47E8 7033:877.416 - 0.051ms returns 0
T47E8 7033:893.308 JLINK_ReadMem(0x20000A94, 0x4 Bytes, ...)
T47E8 7033:893.337    -- Read from C cache (4 bytes @ 0x20000A94)
T47E8 7033:893.345   Data:  00 00 00 00
T47E8 7033:893.353 - 0.047ms returns 0
T0BF4 7034:019.484 JLINK_IsHalted()
T0BF4 7034:019.524 - 0.043ms returns TRUE
T0BF4 7034:222.772 JLINK_IsHalted()
T0BF4 7034:223.265 - 0.500ms returns TRUE
T0BF4 7034:424.218 JLINK_IsHalted()
T0BF4 7034:424.241 - 0.024ms returns TRUE
T0BF4 7034:628.037 JLINK_IsHalted()
T0BF4 7034:628.058 - 0.024ms returns TRUE
T0BF4 7034:827.846 JLINK_IsHalted()
T0BF4 7034:828.407 - 0.572ms returns TRUE
T0BF4 7035:027.940 JLINK_IsHalted()
T0BF4 7035:027.969 - 0.030ms returns TRUE
T0BF4 7035:228.837 JLINK_IsHalted()
T0BF4 7035:228.862 - 0.026ms returns TRUE
T0BF4 7035:430.279 JLINK_IsHalted()
T0BF4 7035:430.755 - 0.485ms returns TRUE
T0BF4 7035:632.009 JLINK_IsHalted()
T0BF4 7035:632.035 - 0.027ms returns TRUE
T0BF4 7035:832.648 JLINK_IsHalted()
T0BF4 7035:832.678 - 0.031ms returns TRUE
T0BF4 7036:033.243 JLINK_IsHalted()
T0BF4 7036:034.554 - 1.324ms returns TRUE
T0BF4 7036:235.821 JLINK_IsHalted()
T0BF4 7036:235.844 - 0.025ms returns TRUE
T0BF4 7036:437.791 JLINK_IsHalted()
T0BF4 7036:437.817 - 0.027ms returns TRUE
T0BF4 7036:638.231 JLINK_IsHalted()
T0BF4 7036:638.739 - 0.519ms returns TRUE
T0BF4 7036:840.051 JLINK_IsHalted()
T0BF4 7036:840.098 - 0.049ms returns TRUE
T0BF4 7037:040.831 JLINK_IsHalted()
T0BF4 7037:040.857 - 0.027ms returns TRUE
T0BF4 7037:242.925 JLINK_IsHalted()
T0BF4 7037:243.400 - 0.484ms returns TRUE
T0BF4 7037:444.758 JLINK_IsHalted()
T0BF4 7037:444.790 - 0.035ms returns TRUE
T0BF4 7037:644.897 JLINK_IsHalted()
T0BF4 7037:644.926 - 0.031ms returns TRUE
T0BF4 7037:853.325 JLINK_IsHalted()
T0BF4 7037:853.834 - 0.519ms returns TRUE
T0BF4 7038:056.482 JLINK_IsHalted()
T0BF4 7038:056.512 - 0.032ms returns TRUE
T0BF4 7038:256.801 JLINK_IsHalted()
T0BF4 7038:256.831 - 0.032ms returns TRUE
T0BF4 7038:461.540 JLINK_IsHalted()
T0BF4 7038:461.996 - 0.496ms returns TRUE
T0BF4 7038:663.841 JLINK_IsHalted()
T0BF4 7038:663.866 - 0.027ms returns TRUE
T0BF4 7038:866.144 JLINK_IsHalted()
T0BF4 7038:866.169 - 0.027ms returns TRUE
T0BF4 7039:071.239 JLINK_IsHalted()
T0BF4 7039:071.700 - 0.470ms returns TRUE
T3AE8 7039:201.422 JLINK_GetBPInfo(BPHandle = 13)
T3AE8 7039:201.431 - 0.011ms returns 0x0
T3AE8 7039:201.436 JLINK_ClrBPEx(BPHandle = 0x0000000D)
T3AE8 7039:201.444 - 0.009ms returns 0x00
T0BF4 7039:272.913 JLINK_IsHalted()
T0BF4 7039:272.938 - 0.027ms returns TRUE
T0BF4 7039:474.173 JLINK_IsHalted()
T0BF4 7039:474.202 - 0.030ms returns TRUE
T0BF4 7039:681.093 JLINK_IsHalted()
T0BF4 7039:681.471 - 0.387ms returns TRUE
T0BF4 7039:882.134 JLINK_IsHalted()
T0BF4 7039:882.163 - 0.035ms returns TRUE
T0BF4 7040:083.924 JLINK_IsHalted()
T0BF4 7040:083.951 - 0.029ms returns TRUE
T0BF4 7040:288.460 JLINK_IsHalted()
T0BF4 7040:288.908 - 0.458ms returns TRUE
T0BF4 7040:491.075 JLINK_IsHalted()
T0BF4 7040:491.098 - 0.025ms returns TRUE
T0BF4 7040:691.486 JLINK_IsHalted()
T0BF4 7040:691.503 - 0.019ms returns TRUE
T47E8 7040:764.052 JLINK_ReadReg(R15 (PC))
T47E8 7040:764.071 - 0.021ms returns 0x004035B6
T47E8 7040:764.163 JLINK_Go()
T47E8 7040:764.179   CPU_WriteMem(4 bytes @ 0xE0002000)
T47E8 7040:764.741   CPU_WriteMem(4 bytes @ 0xE0002000)
T47E8 7040:765.197   CPU_WriteMem(4 bytes @ 0xE0002000)
T47E8 7040:765.638   CPU_ReadMem(4 bytes @ 0xE0001000)
T47E8 7040:766.063   CPU_WriteMem(4 bytes @ 0xE000ED30)
T47E8 7040:766.466   CPU_WriteMem(4 bytes @ 0xE0002010)
T47E8 7040:766.481   CPU_WriteMem(4 bytes @ 0xE0002014)
T47E8 7040:767.685 - 3.547ms
T0BF4 7040:767.730 JLINK_IsHalted()
T0BF4 7040:770.705 - 2.990ms returns TRUE
T0BF4 7040:770.728 JLINK_GetMOEs(...)
T0BF4 7040:770.735   CPU_ReadMem(4 bytes @ 0xE000ED30)
T0BF4 7040:771.039 - 0.322ms returns 0x01
T0BF4 7040:771.057 JLINK_ReadReg(R15 (PC))
T0BF4 7040:771.065 - 0.009ms returns 0x004035F8
T47E8 7040:777.851 JLINK_ReadReg(R15 (PC))
T47E8 7040:777.864 - 0.015ms returns 0x004035F8
T47E8 7040:777.898 JLINK_ReadReg(R13 (SP))
T47E8 7040:777.904 - 0.008ms returns 0x2001C4F0
T47E8 7040:778.101 JLINK_ReadMemHW(0x004035F8, 0x0004 Bytes, ...)
T47E8 7040:778.124   CPU_ReadMem(4 bytes @ 0x004035F8)
T47E8 7040:778.439   Data:  23 4B 1B 78
T47E8 7040:778.453 - 0.354ms returns 0
T47E8 7040:778.654 JLINK_ReadReg(R0)
T47E8 7040:778.662 - 0.010ms returns 0x00000000
T47E8 7040:778.669 JLINK_ReadReg(R1)
T47E8 7040:778.674 - 0.006ms returns 0x0000000A
T47E8 7040:778.680 JLINK_ReadReg(R2)
T47E8 7040:778.685 - 0.006ms returns 0x00000008
T47E8 7040:778.691 JLINK_ReadReg(R3)
T47E8 7040:778.695 - 0.006ms returns 0x00000000
T47E8 7040:778.706 JLINK_ReadReg(R4)
T47E8 7040:778.713 - 0.008ms returns 0x00000000
T47E8 7040:778.719 JLINK_ReadReg(R5)
T47E8 7040:778.723 - 0.006ms returns 0x4A9AA6AF
T47E8 7040:778.730 JLINK_ReadReg(R6)
T47E8 7040:778.735 - 0.007ms returns 0x00000032
T47E8 7040:778.740 JLINK_ReadReg(R7)
T47E8 7040:778.744 - 0.005ms returns 0x2001C4F0
T47E8 7040:778.749 JLINK_ReadReg(R8)
T47E8 7040:778.753 - 0.005ms returns 0x1E39B400
T47E8 7040:778.758 JLINK_ReadReg(R9)
T47E8 7040:778.762 - 0.005ms returns 0x00000003
T47E8 7040:778.767 JLINK_ReadReg(R10)
T47E8 7040:778.771 - 0.005ms returns 0x92A69C00
T47E8 7040:778.776 JLINK_ReadReg(R11)
T47E8 7040:778.780 - 0.005ms returns 0x0000000C
T47E8 7040:778.785 JLINK_ReadReg(R12)
T47E8 7040:778.789 - 0.005ms returns 0x004092C3
T47E8 7040:778.797 JLINK_ReadReg(R13 (SP))
T47E8 7040:778.801 - 0.005ms returns 0x2001C4F0
T47E8 7040:778.806 JLINK_ReadReg(R14)
T47E8 7040:778.810 - 0.005ms returns 0x00400E77
T47E8 7040:778.815 JLINK_ReadReg(R15 (PC))
T47E8 7040:778.819 - 0.005ms returns 0x004035F8
T47E8 7040:778.829 JLINK_ReadReg(XPSR)
T47E8 7040:778.833 - 0.005ms returns 0x61000000
T47E8 7040:778.838 JLINK_ReadReg(MSP)
T47E8 7040:778.842 - 0.005ms returns 0x2001C4F0
T47E8 7040:778.847 JLINK_ReadReg(PSP)
T47E8 7040:778.851 - 0.005ms returns 0xBC04212C
T47E8 7040:778.856 JLINK_ReadReg(PRIMASK)
T47E8 7040:778.860 - 0.005ms returns 0x00000000
T47E8 7040:778.865 JLINK_ReadReg(BASEPRI)
T47E8 7040:778.869 - 0.005ms returns 0x00000000
T47E8 7040:778.875 JLINK_ReadReg(FAULTMASK)
T47E8 7040:778.878 - 0.005ms returns 0x00000000
T47E8 7040:778.883 JLINK_ReadReg(CONTROL)
T47E8 7040:778.887 - 0.005ms returns 0x00000000
T3AE8 7040:830.602 JLINK_ReadMem(0x40000000, 0x2DF Bytes, ...)
T3AE8 7040:830.628   CPU_ReadMem(735 bytes @ 0x40000000)
T3AE8 7040:835.295   Data:  00 00 00 00 00 00 00 00 00 00 00 00 00 00 00 00 ...
T3AE8 7040:835.309 - 4.708ms returns 0
T3AE8 7040:836.687 JLINK_ReadMem(0x40000000, 0x2DF Bytes, ...)
T3AE8 7040:836.700   CPU_ReadMem(735 bytes @ 0x40000000)
T3AE8 7040:841.387   Data:  00 00 00 00 00 00 00 00 00 00 00 00 00 00 00 00 ...
T3AE8 7040:841.400 - 4.715ms returns 0
T0BF4 7040:971.848 JLINK_IsHalted()
T0BF4 7040:971.875 - 0.028ms returns TRUE
T47E8 7041:092.929 JLINK_ReadMem(0x20000A8C, 0x1 Bytes, ...)
T47E8 7041:092.950   CPU_ReadMem(64 bytes @ 0x20000A80)
T47E8 7041:094.395    -- Updating C cache (64 bytes @ 0x20000A80)
T47E8 7041:094.410    -- Read from C cache (1 bytes @ 0x20000A8C)
T47E8 7041:094.416   Data:  08
T47E8 7041:094.422 - 1.494ms returns 0
T47E8 7041:103.358 JLINK_ReadMem(0x20000A7C, 0x4 Bytes, ...)
T47E8 7041:103.373   CPU_ReadMem(64 bytes @ 0x20000A40)
T47E8 7041:104.839    -- Updating C cache (64 bytes @ 0x20000A40)
T47E8 7041:104.853    -- Read from C cache (4 bytes @ 0x20000A7C)
T47E8 7041:104.859   Data:  00 00 00 00
T47E8 7041:104.865 - 1.508ms returns 0
T47E8 7041:124.211 JLINK_ReadMem(0x20000A80, 0x4 Bytes, ...)
T47E8 7041:124.237    -- Read from C cache (4 bytes @ 0x20000A80)
T47E8 7041:124.244   Data:  00 00 00 00
T47E8 7041:124.271 - 0.062ms returns 0
T47E8 7041:154.761 JLINK_ReadMem(0x20000A84, 0x4 Bytes, ...)
T47E8 7041:154.804    -- Read from C cache (4 bytes @ 0x20000A84)
T47E8 7041:154.812   Data:  00 00 00 00
T47E8 7041:154.820 - 0.061ms returns 0
T47E8 7041:170.384 JLINK_ReadMem(0x20000A88, 0x4 Bytes, ...)
T47E8 7041:170.403    -- Read from C cache (4 bytes @ 0x20000A88)
T47E8 7041:170.411   Data:  00 00 00 00
T47E8 7041:170.417 - 0.035ms returns 0
T0BF4 7041:174.120 JLINK_IsHalted()
T0BF4 7041:174.137 - 0.019ms returns TRUE
T47E8 7041:186.307 JLINK_ReadMem(0x200009E8, 0x4 Bytes, ...)
T47E8 7041:186.342   CPU_ReadMem(64 bytes @ 0x200009C0)
T47E8 7041:187.157    -- Updating C cache (64 bytes @ 0x200009C0)
T47E8 7041:187.171    -- Read from C cache (4 bytes @ 0x200009E8)
T47E8 7041:187.177   Data:  00 00 00 00
T47E8 7041:187.183 - 0.877ms returns 0
T47E8 7041:201.342 JLINK_ReadMem(0x20000A90, 0x4 Bytes, ...)
T47E8 7041:201.362    -- Read from C cache (4 bytes @ 0x20000A90)
T47E8 7041:201.399   Data:  00 00 00 00
T47E8 7041:201.406 - 0.067ms returns 0
T47E8 7041:248.157 JLINK_ReadMem(0x20000A7A, 0x1 Bytes, ...)
T47E8 7041:248.167    -- Read from C cache (1 bytes @ 0x20000A7A)
T47E8 7041:248.173   Data:  01
T47E8 7041:248.179 - 0.024ms returns 0
T47E8 7041:278.822 JLINK_ReadMem(0x20000A94, 0x4 Bytes, ...)
T47E8 7041:278.852    -- Read from C cache (4 bytes @ 0x20000A94)
T47E8 7041:278.859   Data:  00 00 00 00
T47E8 7041:278.865 - 0.045ms returns 0
T47E8 7041:294.338 JLINK_ReadMem(0x200009F4, 0x4 Bytes, ...)
T47E8 7041:294.350    -- Read from C cache (4 bytes @ 0x200009F4)
T47E8 7041:294.357   Data:  00 00 00 00
T47E8 7041:294.363 - 0.027ms returns 0
T47E8 7041:325.022 JLINK_ReadMem(0x200009DC, 0x4 Bytes, ...)
T47E8 7041:325.054    -- Read from C cache (4 bytes @ 0x200009DC)
T47E8 7041:325.062   Data:  DF 0C 00 00
T47E8 7041:325.069 - 0.049ms returns 0
T47E8 7041:355.392 JLINK_ReadMem(0x20000AD8, 0x1 Bytes, ...)
T47E8 7041:355.446   CPU_ReadMem(64 bytes @ 0x20000AC0)
T47E8 7041:356.157    -- Updating C cache (64 bytes @ 0x20000AC0)
T47E8 7041:356.174    -- Read from C cache (1 bytes @ 0x20000AD8)
T47E8 7041:356.181   Data:  00
T47E8 7041:356.188 - 0.798ms returns 0
T0BF4 7041:374.650 JLINK_IsHalted()
T0BF4 7041:375.110 - 0.470ms returns TRUE
T47E8 7041:386.175 JLINK_ReadMem(0x200009E5, 0x1 Bytes, ...)
T47E8 7041:386.193    -- Read from C cache (1 bytes @ 0x200009E5)
T47E8 7041:386.210   Data:  00
T47E8 7041:386.218 - 0.045ms returns 0
T47E8 7041:416.900 JLINK_ReadMem(0x20000A79, 0x1 Bytes, ...)
T47E8 7041:416.920    -- Read from C cache (1 bytes @ 0x20000A79)
T47E8 7041:416.928   Data:  01
T47E8 7041:416.935 - 0.037ms returns 0
T47E8 7041:447.269 JLINK_ReadMem(0x20000A80, 0x4 Bytes, ...)
T47E8 7041:447.306    -- Read from C cache (4 bytes @ 0x20000A80)
T47E8 7041:447.315   Data:  00 00 00 00
T47E8 7041:447.322 - 0.056ms returns 0
T47E8 7041:477.783 JLINK_ReadMem(0x20000A84, 0x4 Bytes, ...)
T47E8 7041:477.816    -- Read from C cache (4 bytes @ 0x20000A84)
T47E8 7041:477.824   Data:  00 00 00 00
T47E8 7041:477.831 - 0.049ms returns 0
T47E8 7041:509.007 JLINK_ReadMem(0x20000A88, 0x4 Bytes, ...)
T47E8 7041:509.029    -- Read from C cache (4 bytes @ 0x20000A88)
T47E8 7041:509.062   Data:  00 00 00 00
T47E8 7041:509.070 - 0.066ms returns 0
T47E8 7041:540.637 JLINK_ReadMem(0x200009E8, 0x4 Bytes, ...)
T47E8 7041:540.651    -- Read from C cache (4 bytes @ 0x200009E8)
T47E8 7041:540.658   Data:  00 00 00 00
T47E8 7041:540.664 - 0.029ms returns 0
T0BF4 7041:575.174 JLINK_IsHalted()
T0BF4 7041:575.194 - 0.022ms returns TRUE
T47E8 7041:602.291 JLINK_ReadMem(0x20000A90, 0x4 Bytes, ...)
T47E8 7041:602.304    -- Read from C cache (4 bytes @ 0x20000A90)
T47E8 7041:602.311   Data:  00 00 00 00
T47E8 7041:602.316 - 0.027ms returns 0
T47E8 7041:633.049 JLINK_ReadMem(0x20000A7A, 0x1 Bytes, ...)
T47E8 7041:633.080    -- Read from C cache (1 bytes @ 0x20000A7A)
T47E8 7041:633.087   Data:  01
T47E8 7041:633.123 - 0.076ms returns 0
T47E8 7041:648.364 JLINK_ReadMem(0x20000A94, 0x4 Bytes, ...)
T47E8 7041:648.397    -- Read from C cache (4 bytes @ 0x20000A94)
T47E8 7041:648.404   Data:  00 00 00 00
T47E8 7041:648.411 - 0.049ms returns 0
T0BF4 7041:778.500 JLINK_IsHalted()
T0BF4 7041:778.532 - 0.035ms returns TRUE
T0BF4 7041:978.519 JLINK_IsHalted()
T0BF4 7041:978.876 - 0.363ms returns TRUE
T0BF4 7042:179.487 JLINK_IsHalted()
T0BF4 7042:179.510 - 0.024ms returns TRUE
T0BF4 7042:383.004 JLINK_IsHalted()
T0BF4 7042:383.025 - 0.023ms returns TRUE
T0BF4 7042:590.221 JLINK_IsHalted()
T0BF4 7042:590.662 - 0.453ms returns TRUE
T0BF4 7042:792.469 JLINK_IsHalted()
T0BF4 7042:792.816 - 0.355ms returns TRUE
T0BF4 7042:995.816 JLINK_IsHalted()
T0BF4 7042:995.839 - 0.025ms returns TRUE
T0BF4 7043:196.474 JLINK_IsHalted()
T0BF4 7043:196.905 - 0.442ms returns TRUE
T0BF4 7043:400.052 JLINK_IsHalted()
T0BF4 7043:400.069 - 0.019ms returns TRUE
T47E8 7043:559.274 JLINK_ReadReg(R15 (PC))
T47E8 7043:559.311 - 0.039ms returns 0x004035F8
T47E8 7043:559.372 JLINK_GetBPInfo(BPHandle = 14)
T47E8 7043:559.380 - 0.010ms returns 0x0
T47E8 7043:559.386 JLINK_ClrBPEx(BPHandle = 0x0000000E)
T47E8 7043:559.399 - 0.017ms returns 0x00
T47E8 7043:559.428 JLINK_Step()
T47E8 7043:559.436    -- Read from flash cache (2 bytes @ 0x004035F8)
T47E8 7043:559.446   CPU_ReadMem(4 bytes @ 0xE0001004)
T47E8 7043:559.941    -- Read from flash cache (4 bytes @ 0x00403688)
T47E8 7043:559.955   -- Simulated
T47E8 7043:559.961 - 0.535ms returns 0
T47E8 7043:559.969 JLINK_SetBPEx(Addr = 0x004035F8, Type = 0xFFFFFFF2)
T47E8 7043:559.975 - 0.009ms returns 0x0000000F
T47E8 7043:559.981 JLINK_GetBPInfo(BPHandle = 15)
T47E8 7043:559.986 - 0.006ms returns 0x0
T47E8 7043:560.004 JLINK_Go()
T47E8 7043:560.015   CPU_WriteMem(4 bytes @ 0xE0002000)
T47E8 7043:560.405   CPU_WriteMem(4 bytes @ 0xE0002000)
T47E8 7043:560.841   CPU_WriteMem(4 bytes @ 0xE0002000)
T47E8 7043:561.275   CPU_ReadMem(4 bytes @ 0xE0001000)
T47E8 7043:561.675   CPU_WriteMem(4 bytes @ 0xE000ED30)
T47E8 7043:562.051   CPU_WriteMem(4 bytes @ 0xE0001004)
T47E8 7043:563.449 - 3.456ms
T0BF4 7043:563.474 JLINK_IsHalted()
T0BF4 7043:563.736 - 0.265ms returns FALSE
T0BF4 7043:572.912 JLINK_IsHalted()
T0BF4 7043:573.211 - 0.311ms returns FALSE
T0BF4 7043:614.307 JLINK_IsHalted()
T0BF4 7043:614.937 - 0.640ms returns FALSE
T0BF4 7043:781.098 JLINK_IsHalted()
T0BF4 7043:789.683 - 8.603ms returns TRUE
T0BF4 7043:789.709 JLINK_GetMOEs(...)
T0BF4 7043:789.717   CPU_ReadMem(4 bytes @ 0xE000ED30)
T0BF4 7043:790.434 - 0.736ms returns 0x01
T0BF4 7043:790.453 JLINK_ReadReg(R15 (PC))
T0BF4 7043:790.460 - 0.008ms returns 0x004035F8
T47E8 7043:791.549 JLINK_ReadReg(R15 (PC))
T47E8 7043:791.556 - 0.009ms returns 0x004035F8
T47E8 7043:791.563 JLINK_ReadReg(R13 (SP))
T47E8 7043:791.567 - 0.006ms returns 0x2001C4F0
T47E8 7043:791.829 JLINK_ReadMemHW(0x004035F8, 0x0004 Bytes, ...)
T47E8 7043:791.839   CPU_ReadMem(4 bytes @ 0x004035F8)
T47E8 7043:792.189   Data:  23 4B 1B 78
T47E8 7043:792.198 - 0.371ms returns 0
T47E8 7043:792.370 JLINK_ReadReg(R0)
T47E8 7043:792.378 - 0.010ms returns 0x00000001
T47E8 7043:792.385 JLINK_ReadReg(R1)
T47E8 7043:792.390 - 0.007ms returns 0x400E0E00
T47E8 7043:792.397 JLINK_ReadReg(R2)
T47E8 7043:792.402 - 0.008ms returns 0x20000A98
T47E8 7043:792.410 JLINK_ReadReg(R3)
T47E8 7043:792.415 - 0.007ms returns 0x00000000
T47E8 7043:792.421 JLINK_ReadReg(R4)
T47E8 7043:792.426 - 0.007ms returns 0x00000000
T47E8 7043:792.433 JLINK_ReadReg(R5)
T47E8 7043:792.438 - 0.007ms returns 0x4A9AA6AF
T47E8 7043:792.444 JLINK_ReadReg(R6)
T47E8 7043:792.449 - 0.007ms returns 0x00000032
T47E8 7043:792.456 JLINK_ReadReg(R7)
T47E8 7043:792.460 - 0.006ms returns 0x2001C4F0
T47E8 7043:792.467 JLINK_ReadReg(R8)
T47E8 7043:792.472 - 0.006ms returns 0x1E39B400
T47E8 7043:792.478 JLINK_ReadReg(R9)
T47E8 7043:792.483 - 0.006ms returns 0x00000003
T47E8 7043:792.489 JLINK_ReadReg(R10)
T47E8 7043:792.494 - 0.006ms returns 0x92A69C00
T47E8 7043:792.500 JLINK_ReadReg(R11)
T47E8 7043:792.505 - 0.007ms returns 0x0000000C
T47E8 7043:792.512 JLINK_ReadReg(R12)
T47E8 7043:792.517 - 0.007ms returns 0x004092C3
T47E8 7043:792.523 JLINK_ReadReg(R13 (SP))
T47E8 7043:792.528 - 0.007ms returns 0x2001C4F0
T47E8 7043:792.535 JLINK_ReadReg(R14)
T47E8 7043:792.539 - 0.007ms returns 0x00402CDB
T47E8 7043:792.546 JLINK_ReadReg(R15 (PC))
T47E8 7043:792.551 - 0.007ms returns 0x004035F8
T47E8 7043:792.565 JLINK_ReadReg(XPSR)
T47E8 7043:792.569 - 0.007ms returns 0x61000000
T47E8 7043:792.576 JLINK_ReadReg(MSP)
T47E8 7043:792.581 - 0.007ms returns 0x2001C4F0
T47E8 7043:792.587 JLINK_ReadReg(PSP)
T47E8 7043:792.592 - 0.006ms returns 0xBC04212C
T47E8 7043:792.599 JLINK_ReadReg(PRIMASK)
T47E8 7043:792.604 - 0.007ms returns 0x00000000
T47E8 7043:792.610 JLINK_ReadReg(BASEPRI)
T47E8 7043:792.615 - 0.007ms returns 0x00000000
T47E8 7043:792.622 JLINK_ReadReg(FAULTMASK)
T47E8 7043:792.626 - 0.007ms returns 0x00000000
T47E8 7043:792.633 JLINK_ReadReg(CONTROL)
T47E8 7043:792.638 - 0.006ms returns 0x00000000
T3AE8 7043:844.956 JLINK_ReadMem(0x40000000, 0x2DF Bytes, ...)
T3AE8 7043:844.988   CPU_ReadMem(735 bytes @ 0x40000000)
T3AE8 7043:849.609   Data:  00 00 00 00 00 00 00 00 00 00 00 00 00 00 00 00 ...
T3AE8 7043:849.628 - 4.674ms returns 0
T3AE8 7043:851.243 JLINK_ReadMem(0x40000000, 0x2DF Bytes, ...)
T3AE8 7043:851.277   CPU_ReadMem(735 bytes @ 0x40000000)
T3AE8 7043:855.744   Data:  00 00 00 00 00 00 00 00 00 00 00 00 00 00 00 00 ...
T3AE8 7043:855.758 - 4.517ms returns 0
T0BF4 7043:992.472 JLINK_IsHalted()
T0BF4 7043:992.495 - 0.025ms returns TRUE
T47E8 7044:121.114 JLINK_ReadMem(0x20000A8C, 0x1 Bytes, ...)
T47E8 7044:121.136   CPU_ReadMem(64 bytes @ 0x20000A80)
T47E8 7044:122.599    -- Updating C cache (64 bytes @ 0x20000A80)
T47E8 7044:122.614    -- Read from C cache (1 bytes @ 0x20000A8C)
T47E8 7044:122.621   Data:  08
T47E8 7044:122.626 - 1.514ms returns 0
T47E8 7044:152.411 JLINK_ReadMem(0x20000A7C, 0x4 Bytes, ...)
T47E8 7044:152.454   CPU_ReadMem(64 bytes @ 0x20000A40)
T47E8 7044:153.471    -- Updating C cache (64 bytes @ 0x20000A40)
T47E8 7044:153.484    -- Read from C cache (4 bytes @ 0x20000A7C)
T47E8 7044:153.491   Data:  86 0D 00 00
T47E8 7044:153.496 - 1.087ms returns 0
T0BF4 7044:193.060 JLINK_IsHalted()
T0BF4 7044:193.083 - 0.025ms returns TRUE
T47E8 7044:198.249 JLINK_ReadMem(0x20000A80, 0x4 Bytes, ...)
T47E8 7044:198.268    -- Read from C cache (4 bytes @ 0x20000A80)
T47E8 7044:198.289   Data:  5A 00 00 00
T47E8 7044:198.296 - 0.049ms returns 0
T47E8 7044:228.823 JLINK_ReadMem(0x20000A84, 0x4 Bytes, ...)
T47E8 7044:228.834    -- Read from C cache (4 bytes @ 0x20000A84)
T47E8 7044:228.840   Data:  00 14 01 00
T47E8 7044:228.846 - 0.024ms returns 0
T47E8 7044:259.666 JLINK_ReadMem(0x20000A88, 0x4 Bytes, ...)
T47E8 7044:259.688    -- Read from C cache (4 bytes @ 0x20000A88)
T47E8 7044:259.695   Data:  E0 0D 00 00
T47E8 7044:259.701 - 0.037ms returns 0
T47E8 7044:263.928 JLINK_ReadMem(0x200009E8, 0x4 Bytes, ...)
T47E8 7044:263.954   CPU_ReadMem(64 bytes @ 0x200009C0)
T47E8 7044:265.157    -- Updating C cache (64 bytes @ 0x200009C0)
T47E8 7044:265.171    -- Read from C cache (4 bytes @ 0x200009E8)
T47E8 7044:265.177   Data:  00 00 00 00
T47E8 7044:265.182 - 1.256ms returns 0
T47E8 7044:268.470 JLINK_ReadMem(0x20000A90, 0x4 Bytes, ...)
T47E8 7044:268.481    -- Read from C cache (4 bytes @ 0x20000A90)
T47E8 7044:268.494   Data:  E0 0D 00 00
T47E8 7044:268.504 - 0.035ms returns 0
T47E8 7044:290.888 JLINK_ReadMem(0x20000A7A, 0x1 Bytes, ...)
T47E8 7044:290.908    -- Read from C cache (1 bytes @ 0x20000A7A)
T47E8 7044:290.916   Data:  01
T47E8 7044:290.923 - 0.036ms returns 0
T47E8 7044:322.083 JLINK_ReadMem(0x20000A94, 0x4 Bytes, ...)
T47E8 7044:322.122    -- Read from C cache (4 bytes @ 0x20000A94)
T47E8 7044:322.131   Data:  B0 14 00 00
T47E8 7044:322.137 - 0.055ms returns 0
T47E8 7044:337.658 JLINK_ReadMem(0x200009F4, 0x4 Bytes, ...)
T47E8 7044:337.668    -- Read from C cache (4 bytes @ 0x200009F4)
T47E8 7044:337.674   Data:  00 00 00 00
T47E8 7044:337.680 - 0.023ms returns 0
T47E8 7044:369.163 JLINK_ReadMem(0x200009DC, 0x4 Bytes, ...)
T47E8 7044:369.205    -- Read from C cache (4 bytes @ 0x200009DC)
T47E8 7044:369.225   Data:  DF 0C 00 00
T47E8 7044:369.231 - 0.071ms returns 0
T0BF4 7044:396.716 JLINK_IsHalted()
T0BF4 7044:397.298 - 0.591ms returns TRUE
T47E8 7044:416.191 JLINK_ReadMem(0x20000AD8, 0x1 Bytes, ...)
T47E8 7044:416.228   CPU_ReadMem(64 bytes @ 0x20000AC0)
T47E8 7044:417.080    -- Updating C cache (64 bytes @ 0x20000AC0)
T47E8 7044:417.095    -- Read from C cache (1 bytes @ 0x20000AD8)
T47E8 7044:417.101   Data:  00
T47E8 7044:417.106 - 0.917ms returns 0
T47E8 7044:462.720 JLINK_ReadMem(0x200009E5, 0x1 Bytes, ...)
T47E8 7044:462.733    -- Read from C cache (1 bytes @ 0x200009E5)
T47E8 7044:462.739   Data:  00
T47E8 7044:462.745 - 0.026ms returns 0
T47E8 7044:494.834 JLINK_ReadMem(0x20000A79, 0x1 Bytes, ...)
T47E8 7044:494.868    -- Read from C cache (1 bytes @ 0x20000A79)
T47E8 7044:494.877   Data:  01
T47E8 7044:494.884 - 0.058ms returns 0
T47E8 7044:510.858 JLINK_ReadMem(0x20000A80, 0x4 Bytes, ...)
T47E8 7044:510.900    -- Read from C cache (4 bytes @ 0x20000A80)
T47E8 7044:510.907   Data:  5A 00 00 00
T47E8 7044:510.915 - 0.058ms returns 0
T47E8 7044:526.374 JLINK_ReadMem(0x20000A84, 0x4 Bytes, ...)
T47E8 7044:526.400    -- Read from C cache (4 bytes @ 0x20000A84)
T47E8 7044:526.408   Data:  00 14 01 00
T47E8 7044:526.416 - 0.045ms returns 0
T47E8 7044:558.253 JLINK_ReadMem(0x20000A88, 0x4 Bytes, ...)
T47E8 7044:558.291    -- Read from C cache (4 bytes @ 0x20000A88)
T47E8 7044:558.299   Data:  E0 0D 00 00
T47E8 7044:558.307 - 0.056ms returns 0
T47E8 7044:574.348 JLINK_ReadMem(0x200009E8, 0x4 Bytes, ...)
T47E8 7044:574.394    -- Read from C cache (4 bytes @ 0x200009E8)
T47E8 7044:574.402   Data:  00 00 00 00
T47E8 7044:574.410 - 0.064ms returns 0
T0BF4 7044:596.941 JLINK_IsHalted()
T0BF4 7044:596.960 - 0.021ms returns TRUE
T47E8 7044:606.483 JLINK_ReadMem(0x20000A90, 0x4 Bytes, ...)
T47E8 7044:606.513    -- Read from C cache (4 bytes @ 0x20000A90)
T47E8 7044:606.521   Data:  E0 0D 00 00
T47E8 7044:606.528 - 0.048ms returns 0
T47E8 7044:638.049 JLINK_ReadMem(0x20000A7A, 0x1 Bytes, ...)
T47E8 7044:638.091    -- Read from C cache (1 bytes @ 0x20000A7A)
T47E8 7044:638.099   Data:  01
T47E8 7044:638.106 - 0.060ms returns 0
T47E8 7044:685.959 JLINK_ReadMem(0x20000A94, 0x4 Bytes, ...)
T47E8 7044:685.990    -- Read from C cache (4 bytes @ 0x20000A94)
T47E8 7044:686.003   Data:  B0 14 00 00
T47E8 7044:686.011 - 0.054ms returns 0
T0BF4 7044:797.943 JLINK_IsHalted()
T0BF4 7044:797.972 - 0.031ms returns TRUE
T0BF4 7045:002.986 JLINK_IsHalted()
T0BF4 7045:003.383 - 0.408ms returns TRUE
T0BF4 7045:207.597 JLINK_IsHalted()
T0BF4 7045:207.621 - 0.026ms returns TRUE
T0BF4 7045:407.479 JLINK_IsHalted()
T0BF4 7045:407.496 - 0.019ms returns TRUE
T0BF4 7045:609.598 JLINK_IsHalted()
T0BF4 7045:609.957 - 0.368ms returns TRUE
T0BF4 7045:812.627 JLINK_IsHalted()
T0BF4 7045:812.655 - 0.030ms returns TRUE
T0BF4 7046:014.898 JLINK_IsHalted()
T0BF4 7046:014.924 - 0.028ms returns TRUE
T0BF4 7046:215.758 JLINK_IsHalted()
T0BF4 7046:216.265 - 0.517ms returns TRUE
T0BF4 7046:420.326 JLINK_IsHalted()
T0BF4 7046:420.356 - 0.031ms returns TRUE
T0BF4 7046:620.599 JLINK_IsHalted()
T0BF4 7046:620.630 - 0.033ms returns TRUE
T0BF4 7046:822.326 JLINK_IsHalted()
T0BF4 7046:822.814 - 0.497ms returns TRUE
T0BF4 7047:025.200 JLINK_IsHalted()
T0BF4 7047:025.223 - 0.024ms returns TRUE
T0BF4 7047:225.244 JLINK_IsHalted()
T0BF4 7047:225.285 - 0.044ms returns TRUE
T0BF4 7047:425.636 JLINK_IsHalted()
T0BF4 7047:426.105 - 0.480ms returns TRUE
T0BF4 7047:628.698 JLINK_IsHalted()
T0BF4 7047:628.726 - 0.030ms returns TRUE
T0BF4 7047:830.696 JLINK_IsHalted()
T0BF4 7047:830.720 - 0.026ms returns TRUE
T0BF4 7048:030.971 JLINK_IsHalted()
T0BF4 7048:031.343 - 0.383ms returns TRUE
T0BF4 7048:232.423 JLINK_IsHalted()
T0BF4 7048:232.455 - 0.033ms returns TRUE
T0BF4 7048:432.890 JLINK_IsHalted()
T0BF4 7048:432.920 - 0.032ms returns TRUE
T0BF4 7048:633.054 JLINK_IsHalted()
T0BF4 7048:633.422 - 0.377ms returns TRUE
T0BF4 7048:833.660 JLINK_IsHalted()
T0BF4 7048:833.686 - 0.028ms returns TRUE
T0BF4 7049:034.948 JLINK_IsHalted()
T0BF4 7049:034.977 - 0.032ms returns TRUE
T0BF4 7049:236.903 JLINK_IsHalted()
T0BF4 7049:237.256 - 0.362ms returns TRUE
T0BF4 7049:438.312 JLINK_IsHalted()
T0BF4 7049:438.337 - 0.026ms returns TRUE
T0BF4 7049:640.320 JLINK_IsHalted()
T0BF4 7049:640.350 - 0.031ms returns TRUE
T0BF4 7049:841.415 JLINK_IsHalted()
T0BF4 7049:841.932 - 0.528ms returns TRUE
T0BF4 7050:042.064 JLINK_IsHalted()
T0BF4 7050:042.093 - 0.032ms returns TRUE
T0BF4 7050:242.366 JLINK_IsHalted()
T0BF4 7050:242.395 - 0.031ms returns TRUE
T0BF4 7050:442.983 JLINK_IsHalted()
T0BF4 7050:443.446 - 0.474ms returns TRUE
T0BF4 7050:646.094 JLINK_IsHalted()
T0BF4 7050:646.124 - 0.031ms returns TRUE
T0BF4 7050:847.105 JLINK_IsHalted()
T0BF4 7050:847.136 - 0.032ms returns TRUE
T0BF4 7051:047.836 JLINK_IsHalted()
T0BF4 7051:048.288 - 0.470ms returns TRUE
T0BF4 7051:249.043 JLINK_IsHalted()
T0BF4 7051:249.074 - 0.033ms returns TRUE
T0BF4 7051:449.433 JLINK_IsHalted()
T0BF4 7051:449.462 - 0.030ms returns TRUE
T0BF4 7051:650.419 JLINK_IsHalted()
T0BF4 7051:650.913 - 0.504ms returns TRUE
T0BF4 7051:852.265 JLINK_IsHalted()
T0BF4 7051:852.289 - 0.026ms returns TRUE
T0BF4 7052:053.683 JLINK_IsHalted()
T0BF4 7052:053.712 - 0.030ms returns TRUE
T0BF4 7052:258.258 JLINK_IsHalted()
T0BF4 7052:258.743 - 0.494ms returns TRUE
T0BF4 7052:467.294 JLINK_IsHalted()
T0BF4 7052:467.327 - 0.035ms returns TRUE
T0BF4 7052:668.319 JLINK_IsHalted()
T0BF4 7052:668.348 - 0.030ms returns TRUE
T0BF4 7052:870.791 JLINK_IsHalted()
T0BF4 7052:871.202 - 0.424ms returns TRUE
T0BF4 7053:074.088 JLINK_IsHalted()
T0BF4 7053:074.120 - 0.034ms returns TRUE
T0BF4 7053:276.516 JLINK_IsHalted()
T0BF4 7053:276.544 - 0.029ms returns TRUE
T0BF4 7053:477.213 JLINK_IsHalted()
T0BF4 7053:477.712 - 0.509ms returns TRUE
T0BF4 7053:678.601 JLINK_IsHalted()
T0BF4 7053:678.635 - 0.035ms returns TRUE
T0BF4 7053:879.751 JLINK_IsHalted()
T0BF4 7053:879.776 - 0.027ms returns TRUE
T0BF4 7054:080.570 JLINK_IsHalted()
T0BF4 7054:080.925 - 0.369ms returns TRUE
T0BF4 7054:280.854 JLINK_IsHalted()
T0BF4 7054:280.940 - 0.088ms returns TRUE
T0BF4 7054:484.668 JLINK_IsHalted()
T0BF4 7054:484.711 - 0.045ms returns TRUE
T0BF4 7054:685.153 JLINK_IsHalted()
T0BF4 7054:685.544 - 0.400ms returns TRUE
T0BF4 7054:888.349 JLINK_IsHalted()
T0BF4 7054:888.393 - 0.047ms returns TRUE
T0BF4 7055:089.775 JLINK_IsHalted()
T0BF4 7055:089.814 - 0.041ms returns TRUE
T0BF4 7055:292.334 JLINK_IsHalted()
T0BF4 7055:292.811 - 0.488ms returns TRUE
T0BF4 7055:494.123 JLINK_IsHalted()
T0BF4 7055:494.148 - 0.027ms returns TRUE
T0BF4 7055:694.409 JLINK_IsHalted()
T0BF4 7055:694.439 - 0.032ms returns TRUE
T0BF4 7055:896.973 JLINK_IsHalted()
T0BF4 7055:897.261 - 0.295ms returns TRUE
T0BF4 7056:098.294 JLINK_IsHalted()
T0BF4 7056:098.322 - 0.030ms returns TRUE
T47E8 7056:273.179 JLINK_ReadMem(0x20000A79, 0x1 Bytes, ...)
T47E8 7056:273.212    -- Read from C cache (1 bytes @ 0x20000A79)
T47E8 7056:273.218   Data:  01
T47E8 7056:273.224 - 0.046ms returns 0
T0BF4 7056:298.487 JLINK_IsHalted()
T0BF4 7056:298.512 - 0.026ms returns TRUE
T0BF4 7056:500.104 JLINK_IsHalted()
T0BF4 7056:500.583 - 0.502ms returns TRUE
T0BF4 7056:701.469 JLINK_IsHalted()
T0BF4 7056:701.497 - 0.030ms returns TRUE
T0BF4 7056:902.667 JLINK_IsHalted()
T0BF4 7056:902.695 - 0.030ms returns TRUE
T0BF4 7057:110.855 JLINK_IsHalted()
T0BF4 7057:113.236 - 2.403ms returns TRUE
T0BF4 7057:313.677 JLINK_IsHalted()
T0BF4 7057:313.711 - 0.038ms returns TRUE
T0BF4 7057:514.202 JLINK_IsHalted()
T0BF4 7057:514.219 - 0.019ms returns TRUE
T47E8 7057:546.420 JLINK_ReadReg(R15 (PC))
T47E8 7057:546.436 - 0.018ms returns 0x004035F8
T47E8 7057:546.513 JLINK_GetBPInfo(BPHandle = 15)
T47E8 7057:546.519 - 0.008ms returns 0x0
T47E8 7057:546.525 JLINK_ClrBPEx(BPHandle = 0x0000000F)
T47E8 7057:546.531 - 0.008ms returns 0x00
T47E8 7057:546.557 JLINK_Step()
T47E8 7057:546.565    -- Read from flash cache (2 bytes @ 0x004035F8)
T47E8 7057:546.575   CPU_ReadMem(4 bytes @ 0xE0001004)
T47E8 7057:547.218    -- Read from flash cache (4 bytes @ 0x00403688)
T47E8 7057:547.236   -- Simulated
T47E8 7057:547.243 - 0.688ms returns 0
T47E8 7057:547.252 JLINK_SetBPEx(Addr = 0x004035F8, Type = 0xFFFFFFF2)
T47E8 7057:547.259 - 0.009ms returns 0x00000010
T47E8 7057:547.265 JLINK_GetBPInfo(BPHandle = 16)
T47E8 7057:547.270 - 0.007ms returns 0x0
T47E8 7057:547.299 JLINK_Go()
T47E8 7057:547.309   CPU_WriteMem(4 bytes @ 0xE0002000)
T47E8 7057:547.677   CPU_WriteMem(4 bytes @ 0xE0002000)
T47E8 7057:548.061   CPU_WriteMem(4 bytes @ 0xE0002000)
T47E8 7057:548.446   CPU_ReadMem(4 bytes @ 0xE0001000)
T47E8 7057:548.801   CPU_WriteMem(4 bytes @ 0xE000ED30)
T47E8 7057:549.243   CPU_WriteMem(4 bytes @ 0xE0001004)
T47E8 7057:550.389 - 3.099ms
T0BF4 7057:550.601 JLINK_IsHalted()
T0BF4 7057:550.858 - 0.296ms returns FALSE
T0BF4 7057:561.296 JLINK_IsHalted()
T0BF4 7057:562.181 - 0.901ms returns FALSE
T0BF4 7057:604.513 JLINK_IsHalted()
T0BF4 7057:605.054 - 0.552ms returns FALSE
T0BF4 7057:765.386 JLINK_IsHalted()
T0BF4 7057:768.456 - 3.081ms returns TRUE
T0BF4 7057:768.473 JLINK_GetMOEs(...)
T0BF4 7057:768.481   CPU_ReadMem(4 bytes @ 0xE000ED30)
T0BF4 7057:768.880 - 0.417ms returns 0x01
T0BF4 7057:768.897 JLINK_ReadReg(R15 (PC))
T0BF4 7057:768.904 - 0.009ms returns 0x004035F8
T47E8 7057:778.939 JLINK_ReadReg(R15 (PC))
T47E8 7057:778.949 - 0.012ms returns 0x004035F8
T47E8 7057:778.957 JLINK_ReadReg(R13 (SP))
T47E8 7057:778.961 - 0.006ms returns 0x2001C4F0
T47E8 7057:779.867 JLINK_ReadMemHW(0x004035F8, 0x0004 Bytes, ...)
T47E8 7057:779.885   CPU_ReadMem(4 bytes @ 0x004035F8)
T47E8 7057:780.255   Data:  23 4B 1B 78
T47E8 7057:780.262 - 0.397ms returns 0
T47E8 7057:780.411 JLINK_ReadReg(R0)
T47E8 7057:780.418 - 0.018ms returns 0x00000001
T47E8 7057:780.442 JLINK_ReadReg(R1)
T47E8 7057:780.448 - 0.008ms returns 0x400E0E00
T47E8 7057:780.454 JLINK_ReadReg(R2)
T47E8 7057:780.458 - 0.005ms returns 0x20000A98
T47E8 7057:780.463 JLINK_ReadReg(R3)
T47E8 7057:780.468 - 0.006ms returns 0x00000000
T47E8 7057:780.473 JLINK_ReadReg(R4)
T47E8 7057:780.477 - 0.005ms returns 0x00000000
T47E8 7057:780.482 JLINK_ReadReg(R5)
T47E8 7057:780.486 - 0.005ms returns 0x4A9AA6AF
T47E8 7057:780.491 JLINK_ReadReg(R6)
T47E8 7057:780.495 - 0.005ms returns 0x00000032
T47E8 7057:780.500 JLINK_ReadReg(R7)
T47E8 7057:780.504 - 0.005ms returns 0x2001C4F0
T47E8 7057:780.509 JLINK_ReadReg(R8)
T47E8 7057:780.513 - 0.005ms returns 0x1E39B400
T47E8 7057:780.518 JLINK_ReadReg(R9)
T47E8 7057:780.522 - 0.005ms returns 0x00000003
T47E8 7057:780.527 JLINK_ReadReg(R10)
T47E8 7057:780.531 - 0.005ms returns 0x92A69C00
T47E8 7057:780.536 JLINK_ReadReg(R11)
T47E8 7057:780.540 - 0.005ms returns 0x0000000C
T47E8 7057:780.545 JLINK_ReadReg(R12)
T47E8 7057:780.549 - 0.005ms returns 0x00000000
T47E8 7057:780.554 JLINK_ReadReg(R13 (SP))
T47E8 7057:780.558 - 0.005ms returns 0x2001C4F0
T47E8 7057:780.564 JLINK_ReadReg(R14)
T47E8 7057:780.567 - 0.005ms returns 0x00402CDB
T47E8 7057:780.573 JLINK_ReadReg(R15 (PC))
T47E8 7057:780.576 - 0.005ms returns 0x004035F8
T47E8 7057:780.588 JLINK_ReadReg(XPSR)
T47E8 7057:780.592 - 0.005ms returns 0x61010000
T47E8 7057:780.597 JLINK_ReadReg(MSP)
T47E8 7057:780.601 - 0.005ms returns 0x2001C4F0
T47E8 7057:780.606 JLINK_ReadReg(PSP)
T47E8 7057:780.610 - 0.005ms returns 0xBC04212C
T47E8 7057:780.615 JLINK_ReadReg(PRIMASK)
T47E8 7057:780.619 - 0.005ms returns 0x00000000
T47E8 7057:780.624 JLINK_ReadReg(BASEPRI)
T47E8 7057:780.628 - 0.005ms returns 0x00000000
T47E8 7057:780.634 JLINK_ReadReg(FAULTMASK)
T47E8 7057:780.637 - 0.005ms returns 0x00000000
T47E8 7057:780.642 JLINK_ReadReg(CONTROL)
T47E8 7057:780.646 - 0.005ms returns 0x00000000
T3AE8 7057:845.288 JLINK_ReadMem(0x40000000, 0x2DF Bytes, ...)
T3AE8 7057:845.314   CPU_ReadMem(735 bytes @ 0x40000000)
T3AE8 7057:849.979   Data:  00 00 00 00 00 00 00 00 00 00 00 00 00 00 00 00 ...
T3AE8 7057:849.999 - 4.712ms returns 0
T3AE8 7057:851.819 JLINK_ReadMem(0x40000000, 0x2DF Bytes, ...)
T3AE8 7057:851.843   CPU_ReadMem(735 bytes @ 0x40000000)
T3AE8 7057:856.505   Data:  00 00 00 00 00 00 00 00 00 00 00 00 00 00 00 00 ...
T3AE8 7057:856.519 - 4.701ms returns 0
T0BF4 7057:968.513 JLINK_IsHalted()
T0BF4 7057:968.539 - 0.028ms returns TRUE
T47E8 7058:121.182 JLINK_ReadMem(0x20000A8C, 0x1 Bytes, ...)
T47E8 7058:121.210   CPU_ReadMem(64 bytes @ 0x20000A80)
T47E8 7058:121.975    -- Updating C cache (64 bytes @ 0x20000A80)
T47E8 7058:121.990    -- Read from C cache (1 bytes @ 0x20000A8C)
T47E8 7058:121.996   Data:  08
T47E8 7058:122.002 - 0.821ms returns 0
T47E8 7058:126.103 JLINK_ReadMem(0x20000A7C, 0x4 Bytes, ...)
T47E8 7058:126.124   CPU_ReadMem(64 bytes @ 0x20000A40)
T47E8 7058:127.247    -- Updating C cache (64 bytes @ 0x20000A40)
T47E8 7058:127.261    -- Read from C cache (4 bytes @ 0x20000A7C)
T47E8 7058:127.267   Data:  EE 0B 00 00
T47E8 7058:127.273 - 1.176ms returns 0
T47E8 7058:168.485 JLINK_ReadMem(0x20000A80, 0x4 Bytes, ...)
T47E8 7058:168.508    -- Read from C cache (4 bytes @ 0x20000A80)
T47E8 7058:168.515   Data:  5B 00 00 00
T47E8 7058:168.533 - 0.050ms returns 0
T0BF4 7058:169.176 JLINK_IsHalted()
T0BF4 7058:169.187 - 0.013ms returns TRUE
T47E8 7058:183.650 JLINK_ReadMem(0x20000A84, 0x4 Bytes, ...)
T47E8 7058:183.683    -- Read from C cache (4 bytes @ 0x20000A84)
T47E8 7058:183.691   Data:  00 14 01 00
T47E8 7058:183.699 - 0.051ms returns 0
T47E8 7058:199.622 JLINK_ReadMem(0x20000A88, 0x4 Bytes, ...)
T47E8 7058:199.649    -- Read from C cache (4 bytes @ 0x20000A88)
T47E8 7058:199.666   Data:  49 0C 00 00
T47E8 7058:199.673 - 0.052ms returns 0
T47E8 7058:214.761 JLINK_ReadMem(0x200009E8, 0x4 Bytes, ...)
T47E8 7058:214.802   CPU_ReadMem(64 bytes @ 0x200009C0)
T47E8 7058:215.527    -- Updating C cache (64 bytes @ 0x200009C0)
T47E8 7058:215.540    -- Read from C cache (4 bytes @ 0x200009E8)
T47E8 7058:215.546   Data:  85 02 00 00
T47E8 7058:215.552 - 0.793ms returns 0
T47E8 7058:230.447 JLINK_ReadMem(0x20000A90, 0x4 Bytes, ...)
T47E8 7058:230.466    -- Read from C cache (4 bytes @ 0x20000A90)
T47E8 7058:230.474   Data:  CE 0E 00 00
T47E8 7058:230.481 - 0.036ms returns 0
T47E8 7058:245.999 JLINK_ReadMem(0x20000A7A, 0x1 Bytes, ...)
T47E8 7058:246.040    -- Read from C cache (1 bytes @ 0x20000A7A)
T47E8 7058:246.047   Data:  01
T47E8 7058:246.054 - 0.057ms returns 0
T47E8 7058:276.926 JLINK_ReadMem(0x20000A94, 0x4 Bytes, ...)
T47E8 7058:276.942    -- Read from C cache (4 bytes @ 0x20000A94)
T47E8 7058:276.964   Data:  23 2F 00 00
T47E8 7058:276.970 - 0.045ms returns 0
T47E8 7058:339.095 JLINK_ReadMem(0x200009F4, 0x4 Bytes, ...)
T47E8 7058:339.113    -- Read from C cache (4 bytes @ 0x200009F4)
T47E8 7058:339.119   Data:  4F 02 00 00
T47E8 7058:339.125 - 0.032ms returns 0
T47E8 7058:342.658 JLINK_ReadMem(0x200009DC, 0x4 Bytes, ...)
T47E8 7058:342.673    -- Read from C cache (4 bytes @ 0x200009DC)
T47E8 7058:342.679   Data:  DF 0C 00 00
T47E8 7058:342.685 - 0.028ms returns 0
T0BF4 7058:369.564 JLINK_IsHalted()
T0BF4 7058:369.932 - 0.372ms returns TRUE
T47E8 7058:369.947 JLINK_ReadMem(0x20000AD8, 0x1 Bytes, ...)
T47E8 7058:369.972   CPU_ReadMem(64 bytes @ 0x20000AC0)
T47E8 7058:370.746    -- Updating C cache (64 bytes @ 0x20000AC0)
T47E8 7058:370.759    -- Read from C cache (1 bytes @ 0x20000AD8)
T47E8 7058:370.766   Data:  00
T47E8 7058:370.771 - 0.826ms returns 0
T47E8 7058:400.776 JLINK_ReadMem(0x200009E5, 0x1 Bytes, ...)
T47E8 7058:400.815    -- Read from C cache (1 bytes @ 0x200009E5)
T47E8 7058:400.836   Data:  00
T47E8 7058:400.844 - 0.070ms returns 0
T47E8 7058:431.646 JLINK_ReadMem(0x20000A79, 0x1 Bytes, ...)
T47E8 7058:431.697    -- Read from C cache (1 bytes @ 0x20000A79)
T47E8 7058:431.705   Data:  01
T47E8 7058:431.715 - 0.072ms returns 0
T47E8 7058:447.708 JLINK_ReadMem(0x20000A80, 0x4 Bytes, ...)
T47E8 7058:447.729    -- Read from C cache (4 bytes @ 0x20000A80)
T47E8 7058:447.777   Data:  5B 00 00 00
T47E8 7058:447.785 - 0.079ms returns 0
T47E8 7058:463.580 JLINK_ReadMem(0x20000A84, 0x4 Bytes, ...)
T47E8 7058:463.617    -- Read from C cache (4 bytes @ 0x20000A84)
T47E8 7058:463.624   Data:  00 14 01 00
T47E8 7058:463.632 - 0.054ms returns 0
T47E8 7058:509.858 JLINK_ReadMem(0x20000A88, 0x4 Bytes, ...)
T47E8 7058:509.871    -- Read from C cache (4 bytes @ 0x20000A88)
T47E8 7058:509.877   Data:  49 0C 00 00
T47E8 7058:509.883 - 0.027ms returns 0
T47E8 7058:540.788 JLINK_ReadMem(0x200009E8, 0x4 Bytes, ...)
T47E8 7058:540.809    -- Read from C cache (4 bytes @ 0x200009E8)
T47E8 7058:540.817   Data:  85 02 00 00
T47E8 7058:540.834 - 0.049ms returns 0
T0BF4 7058:570.249 JLINK_IsHalted()
T0BF4 7058:570.264 - 0.016ms returns TRUE
T47E8 7058:575.526 JLINK_ReadMem(0x20000A90, 0x4 Bytes, ...)
T47E8 7058:575.545    -- Read from C cache (4 bytes @ 0x20000A90)
T47E8 7058:575.554   Data:  CE 0E 00 00
T47E8 7058:575.561 - 0.037ms returns 0
T47E8 7058:604.380 JLINK_ReadMem(0x20000A7A, 0x1 Bytes, ...)
T47E8 7058:604.420    -- Read from C cache (1 bytes @ 0x20000A7A)
T47E8 7058:604.435   Data:  01
T47E8 7058:604.446 - 0.069ms returns 0
T47E8 7058:650.024 JLINK_ReadMem(0x20000A94, 0x4 Bytes, ...)
T47E8 7058:650.054    -- Read from C cache (4 bytes @ 0x20000A94)
T47E8 7058:650.062   Data:  23 2F 00 00
T47E8 7058:650.070 - 0.049ms returns 0
T0BF4 7058:773.107 JLINK_IsHalted()
T0BF4 7058:773.139 - 0.034ms returns TRUE
T0BF4 7058:974.133 JLINK_IsHalted()
T0BF4 7058:974.435 - 0.304ms returns TRUE
T0BF4 7059:174.651 JLINK_IsHalted()
T0BF4 7059:174.681 - 0.032ms returns TRUE
T0BF4 7059:375.052 JLINK_IsHalted()
T0BF4 7059:375.083 - 0.032ms returns TRUE
T0BF4 7059:576.581 JLINK_IsHalted()
T0BF4 7059:577.036 - 0.465ms returns TRUE
T0BF4 7059:787.695 JLINK_IsHalted()
T0BF4 7059:787.746 - 0.053ms returns TRUE
T0BF4 7059:988.166 JLINK_IsHalted()
T0BF4 7059:988.179 - 0.015ms returns TRUE
T47E8 7060:143.623 JLINK_ReadReg(R15 (PC))
T47E8 7060:144.151 - 0.538ms returns 0x004035F8
T47E8 7060:144.262 JLINK_GetBPInfo(BPHandle = 16)
T47E8 7060:144.270 - 0.010ms returns 0x0
T47E8 7060:144.276 JLINK_ClrBPEx(BPHandle = 0x00000010)
T47E8 7060:144.283 - 0.009ms returns 0x00
T47E8 7060:144.307 JLINK_Step()
T47E8 7060:144.316    -- Read from flash cache (2 bytes @ 0x004035F8)
T47E8 7060:144.326   CPU_ReadMem(4 bytes @ 0xE0001004)
T47E8 7060:144.703    -- Read from flash cache (4 bytes @ 0x00403688)
T47E8 7060:144.721   -- Simulated
T47E8 7060:144.728 - 0.423ms returns 0
T47E8 7060:144.744 JLINK_SetBPEx(Addr = 0x004035F8, Type = 0xFFFFFFF2)
T47E8 7060:144.754 - 0.012ms returns 0x00000011
T47E8 7060:144.760 JLINK_GetBPInfo(BPHandle = 17)
T47E8 7060:144.764 - 0.006ms returns 0x0
T47E8 7060:145.072 JLINK_Go()
T47E8 7060:145.096   CPU_WriteMem(4 bytes @ 0xE0002000)
T47E8 7060:145.471   CPU_WriteMem(4 bytes @ 0xE0002000)
T47E8 7060:145.867   CPU_WriteMem(4 bytes @ 0xE0002000)
T47E8 7060:146.328   CPU_ReadMem(4 bytes @ 0xE0001000)
T47E8 7060:146.694   CPU_WriteMem(4 bytes @ 0xE000ED30)
T47E8 7060:147.058   CPU_WriteMem(4 bytes @ 0xE0001004)
T47E8 7060:148.539 - 3.498ms
T0BF4 7060:148.692 JLINK_IsHalted()
T0BF4 7060:149.050 - 0.369ms returns FALSE
T0BF4 7060:159.092 JLINK_IsHalted()
T0BF4 7060:159.390 - 0.313ms returns FALSE
T0BF4 7060:199.217 JLINK_IsHalted()
T0BF4 7060:199.723 - 1.446ms returns FALSE
T0BF4 7060:361.043 JLINK_IsHalted()
T0BF4 7060:364.439 - 3.406ms returns TRUE
T0BF4 7060:364.455 JLINK_GetMOEs(...)
T0BF4 7060:364.462   CPU_ReadMem(4 bytes @ 0xE000ED30)
T0BF4 7060:364.911 - 0.465ms returns 0x01
T0BF4 7060:364.927 JLINK_ReadReg(R15 (PC))
T0BF4 7060:364.933 - 0.008ms returns 0x004035F8
T47E8 7060:367.856 JLINK_ReadReg(R15 (PC))
T47E8 7060:367.873 - 0.019ms returns 0x004035F8
T47E8 7060:367.882 JLINK_ReadReg(R13 (SP))
T47E8 7060:367.888 - 0.007ms returns 0x2001C4F0
T47E8 7060:368.213 JLINK_ReadMemHW(0x004035F8, 0x0004 Bytes, ...)
T47E8 7060:368.264   CPU_ReadMem(4 bytes @ 0x004035F8)
T47E8 7060:368.653   Data:  23 4B 1B 78
T47E8 7060:368.666 - 0.455ms returns 0
T47E8 7060:368.852 JLINK_ReadReg(R0)
T47E8 7060:368.859 - 0.009ms returns 0x00000001
T47E8 7060:368.876 JLINK_ReadReg(R1)
T47E8 7060:368.885 - 0.011ms returns 0x400E0E00
T47E8 7060:368.893 JLINK_ReadReg(R2)
T47E8 7060:368.897 - 0.006ms returns 0x20000A98
T47E8 7060:368.903 JLINK_ReadReg(R3)
T47E8 7060:368.908 - 0.006ms returns 0x00000000
T47E8 7060:368.916 JLINK_ReadReg(R4)
T47E8 7060:368.921 - 0.006ms returns 0x00000000
T47E8 7060:368.928 JLINK_ReadReg(R5)
T47E8 7060:368.932 - 0.007ms returns 0x4A9AA6AF
T47E8 7060:368.939 JLINK_ReadReg(R6)
T47E8 7060:368.944 - 0.007ms returns 0x00000032
T47E8 7060:368.950 JLINK_ReadReg(R7)
T47E8 7060:368.956 - 0.007ms returns 0x2001C4F0
T47E8 7060:368.963 JLINK_ReadReg(R8)
T47E8 7060:368.968 - 0.007ms returns 0x1E39B400
T47E8 7060:368.974 JLINK_ReadReg(R9)
T47E8 7060:368.979 - 0.007ms returns 0x00000003
T47E8 7060:368.986 JLINK_ReadReg(R10)
T47E8 7060:368.990 - 0.006ms returns 0x92A69C00
T47E8 7060:368.997 JLINK_ReadReg(R11)
T47E8 7060:369.002 - 0.006ms returns 0x0000000C
T47E8 7060:369.013 JLINK_ReadReg(R12)
T47E8 7060:369.020 - 0.011ms returns 0x00000000
T47E8 7060:369.028 JLINK_ReadReg(R13 (SP))
T47E8 7060:369.033 - 0.007ms returns 0x2001C4F0
T47E8 7060:369.039 JLINK_ReadReg(R14)
T47E8 7060:369.043 - 0.006ms returns 0x00402CDB
T47E8 7060:369.050 JLINK_ReadReg(R15 (PC))
T47E8 7060:369.054 - 0.006ms returns 0x004035F8
T47E8 7060:369.067 JLINK_ReadReg(XPSR)
T47E8 7060:369.071 - 0.006ms returns 0x61010000
T47E8 7060:369.078 JLINK_ReadReg(MSP)
T47E8 7060:369.082 - 0.006ms returns 0x2001C4F0
T47E8 7060:369.089 JLINK_ReadReg(PSP)
T47E8 7060:369.093 - 0.006ms returns 0xBC04212C
T47E8 7060:369.099 JLINK_ReadReg(PRIMASK)
T47E8 7060:369.104 - 0.007ms returns 0x00000000
T47E8 7060:369.111 JLINK_ReadReg(BASEPRI)
T47E8 7060:369.117 - 0.008ms returns 0x00000000
T47E8 7060:369.123 JLINK_ReadReg(FAULTMASK)
T47E8 7060:369.126 - 0.005ms returns 0x00000000
T47E8 7060:369.132 JLINK_ReadReg(CONTROL)
T47E8 7060:369.135 - 0.005ms returns 0x00000000
T3AE8 7060:422.314 JLINK_ReadMem(0x40000000, 0x2DF Bytes, ...)
T3AE8 7060:422.336   CPU_ReadMem(735 bytes @ 0x40000000)
T3AE8 7060:426.791   Data:  00 00 00 00 00 00 00 00 00 00 00 00 00 00 00 00 ...
T3AE8 7060:426.800 - 4.488ms returns 0
T3AE8 7060:428.378 JLINK_ReadMem(0x40000000, 0x2DF Bytes, ...)
T3AE8 7060:428.397   CPU_ReadMem(735 bytes @ 0x40000000)
T3AE8 7060:432.941   Data:  00 00 00 00 00 00 00 00 00 00 00 00 00 00 00 00 ...
T3AE8 7060:432.954 - 4.578ms returns 0
T0BF4 7060:565.343 JLINK_IsHalted()
T0BF4 7060:565.375 - 0.034ms returns TRUE
T47E8 7060:696.781 JLINK_ReadMem(0x20000A8C, 0x1 Bytes, ...)
T47E8 7060:696.801   CPU_ReadMem(64 bytes @ 0x20000A80)
T47E8 7060:698.323    -- Updating C cache (64 bytes @ 0x20000A80)
T47E8 7060:698.338    -- Read from C cache (1 bytes @ 0x20000A8C)
T47E8 7060:698.344   Data:  08
T47E8 7060:698.350 - 1.571ms returns 0
T47E8 7060:727.905 JLINK_ReadMem(0x20000A7C, 0x4 Bytes, ...)
T47E8 7060:727.943   CPU_ReadMem(64 bytes @ 0x20000A40)
T47E8 7060:728.655    -- Updating C cache (64 bytes @ 0x20000A40)
T47E8 7060:728.669    -- Read from C cache (4 bytes @ 0x20000A7C)
T47E8 7060:728.675   Data:  2D 0B 00 00
T47E8 7060:728.681 - 0.777ms returns 0
T47E8 7060:758.585 JLINK_ReadMem(0x20000A80, 0x4 Bytes, ...)
T47E8 7060:758.612    -- Read from C cache (4 bytes @ 0x20000A80)
T47E8 7060:758.620   Data:  61 00 00 00
T47E8 7060:758.627 - 0.044ms returns 0
T0BF4 7060:766.506 JLINK_IsHalted()
T0BF4 7060:766.520 - 0.016ms returns TRUE
T47E8 7060:789.450 JLINK_ReadMem(0x20000A84, 0x4 Bytes, ...)
T47E8 7060:789.469    -- Read from C cache (4 bytes @ 0x20000A84)
T47E8 7060:789.476   Data:  00 18 01 00
T47E8 7060:789.483 - 0.036ms returns 0
T47E8 7060:820.391 JLINK_ReadMem(0x20000A88, 0x4 Bytes, ...)
T47E8 7060:820.410    -- Read from C cache (4 bytes @ 0x20000A88)
T47E8 7060:820.418   Data:  8E 0B 00 00
T47E8 7060:820.425 - 0.035ms returns 0
T47E8 7060:851.280 JLINK_ReadMem(0x200009E8, 0x4 Bytes, ...)
T47E8 7060:851.302   CPU_ReadMem(64 bytes @ 0x200009C0)
T47E8 7060:852.058    -- Updating C cache (64 bytes @ 0x200009C0)
T47E8 7060:852.072    -- Read from C cache (4 bytes @ 0x200009E8)
T47E8 7060:852.079   Data:  75 02 00 00
T47E8 7060:852.084 - 0.806ms returns 0
T47E8 7060:882.373 JLINK_ReadMem(0x20000A90, 0x4 Bytes, ...)
T47E8 7060:882.395    -- Read from C cache (4 bytes @ 0x20000A90)
T47E8 7060:882.403   Data:  03 0E 00 00
T47E8 7060:882.434 - 0.064ms returns 0
T47E8 7060:913.227 JLINK_ReadMem(0x20000A7A, 0x1 Bytes, ...)
T47E8 7060:913.259    -- Read from C cache (1 bytes @ 0x20000A7A)
T47E8 7060:913.266   Data:  01
T47E8 7060:913.273 - 0.048ms returns 0
T47E8 7060:944.120 JLINK_ReadMem(0x20000A94, 0x4 Bytes, ...)
T47E8 7060:944.136    -- Read from C cache (4 bytes @ 0x20000A94)
T47E8 7060:944.142   Data:  A6 B1 FF FF
T47E8 7060:944.148 - 0.030ms returns 0
T0BF4 7060:967.542 JLINK_IsHalted()
T0BF4 7060:968.113 - 0.581ms returns TRUE
T47E8 7060:975.197 JLINK_ReadMem(0x200009F4, 0x4 Bytes, ...)
T47E8 7060:975.222    -- Read from C cache (4 bytes @ 0x200009F4)
T47E8 7060:975.238   Data:  40 02 00 00
T47E8 7060:975.245 - 0.051ms returns 0
T47E8 7060:990.616 JLINK_ReadMem(0x200009DC, 0x4 Bytes, ...)
T47E8 7060:990.646    -- Read from C cache (4 bytes @ 0x200009DC)
T47E8 7060:990.675   Data:  DF 0C 00 00
T47E8 7060:990.681 - 0.067ms returns 0
T47E8 7061:021.357 JLINK_ReadMem(0x20000AD8, 0x1 Bytes, ...)
T47E8 7061:021.383   CPU_ReadMem(64 bytes @ 0x20000AC0)
T47E8 7061:022.331    -- Updating C cache (64 bytes @ 0x20000AC0)
T47E8 7061:022.345    -- Read from C cache (1 bytes @ 0x20000AD8)
T47E8 7061:022.351   Data:  00
T47E8 7061:022.357 - 1.002ms returns 0
T47E8 7061:052.422 JLINK_ReadMem(0x200009E5, 0x1 Bytes, ...)
T47E8 7061:052.457    -- Read from C cache (1 bytes @ 0x200009E5)
T47E8 7061:052.464   Data:  00
T47E8 7061:052.469 - 0.049ms returns 0
T47E8 7061:114.084 JLINK_ReadMem(0x20000A79, 0x1 Bytes, ...)
T47E8 7061:114.099    -- Read from C cache (1 bytes @ 0x20000A79)
T47E8 7061:114.105   Data:  01
T47E8 7061:114.111 - 0.028ms returns 0
T47E8 7061:130.199 JLINK_ReadMem(0x20000A80, 0x4 Bytes, ...)
T47E8 7061:130.236    -- Read from C cache (4 bytes @ 0x20000A80)
T47E8 7061:130.244   Data:  61 00 00 00
T47E8 7061:130.253 - 0.055ms returns 0
T47E8 7061:145.255 JLINK_ReadMem(0x20000A84, 0x4 Bytes, ...)
T47E8 7061:145.274    -- Read from C cache (4 bytes @ 0x20000A84)
T47E8 7061:145.281   Data:  00 18 01 00
T47E8 7061:145.288 - 0.035ms returns 0
T47E8 7061:161.136 JLINK_ReadMem(0x20000A88, 0x4 Bytes, ...)
T47E8 7061:161.157    -- Read from C cache (4 bytes @ 0x20000A88)
T47E8 7061:161.165   Data:  8E 0B 00 00
T47E8 7061:161.172 - 0.038ms returns 0
T0BF4 7061:168.838 JLINK_IsHalted()
T0BF4 7061:168.855 - 0.018ms returns TRUE
T47E8 7061:176.361 JLINK_ReadMem(0x200009E8, 0x4 Bytes, ...)
T47E8 7061:176.397    -- Read from C cache (4 bytes @ 0x200009E8)
T47E8 7061:176.405   Data:  75 02 00 00
T47E8 7061:176.412 - 0.054ms returns 0
T47E8 7061:207.376 JLINK_ReadMem(0x20000A90, 0x4 Bytes, ...)
T47E8 7061:207.438    -- Read from C cache (4 bytes @ 0x20000A90)
T47E8 7061:207.445   Data:  03 0E 00 00
T47E8 7061:207.453 - 0.078ms returns 0
T47E8 7061:239.495 JLINK_ReadMem(0x20000A7A, 0x1 Bytes, ...)
T47E8 7061:239.537    -- Read from C cache (1 bytes @ 0x20000A7A)
T47E8 7061:239.545   Data:  01
T47E8 7061:239.553 - 0.060ms returns 0
T47E8 7061:255.524 JLINK_ReadMem(0x20000A94, 0x4 Bytes, ...)
T47E8 7061:255.557    -- Read from C cache (4 bytes @ 0x20000A94)
T47E8 7061:255.564   Data:  A6 B1 FF FF
T47E8 7061:255.571 - 0.049ms returns 0
T0BF4 7061:370.147 JLINK_IsHalted()
T0BF4 7061:370.170 - 0.024ms returns TRUE
T0BF4 7061:572.262 JLINK_IsHalted()
T0BF4 7061:572.911 - 0.657ms returns TRUE
T0BF4 7061:775.323 JLINK_IsHalted()
T0BF4 7061:775.351 - 0.029ms returns TRUE
T0BF4 7061:977.162 JLINK_IsHalted()
T0BF4 7061:977.186 - 0.027ms returns TRUE
T0BF4 7062:178.497 JLINK_IsHalted()
T0BF4 7062:179.006 - 0.520ms returns TRUE
T0BF4 7062:379.334 JLINK_IsHalted()
T0BF4 7062:379.372 - 0.041ms returns TRUE
T0BF4 7062:579.318 JLINK_IsHalted()
T0BF4 7062:579.345 - 0.029ms returns TRUE
T0BF4 7062:781.310 JLINK_IsHalted()
T0BF4 7062:781.774 - 0.474ms returns TRUE
T0BF4 7062:982.125 JLINK_IsHalted()
T0BF4 7062:982.150 - 0.027ms returns TRUE
T0BF4 7063:185.768 JLINK_IsHalted()
T0BF4 7063:185.794 - 0.027ms returns TRUE
T47E8 7063:248.817 JLINK_ReadReg(R15 (PC))
T47E8 7063:248.836 - 0.021ms returns 0x004035F8
T47E8 7063:248.899 JLINK_GetBPInfo(BPHandle = 17)
T47E8 7063:248.904 - 0.007ms returns 0x0
T47E8 7063:248.910 JLINK_ClrBPEx(BPHandle = 0x00000011)
T47E8 7063:248.916 - 0.009ms returns 0x00
T47E8 7063:248.931 JLINK_Step()
T47E8 7063:248.940    -- Read from flash cache (2 bytes @ 0x004035F8)
T47E8 7063:248.950   CPU_ReadMem(4 bytes @ 0xE0001004)
T47E8 7063:249.346    -- Read from flash cache (4 bytes @ 0x00403688)
T47E8 7063:249.360   -- Simulated
T47E8 7063:249.366 - 0.437ms returns 0
T47E8 7063:249.374 JLINK_SetBPEx(Addr = 0x004035F8, Type = 0xFFFFFFF2)
T47E8 7063:249.380 - 0.008ms returns 0x00000012
T47E8 7063:249.385 JLINK_GetBPInfo(BPHandle = 18)
T47E8 7063:249.395 - 0.012ms returns 0x0
T47E8 7063:249.416 JLINK_Go()
T47E8 7063:249.426   CPU_WriteMem(4 bytes @ 0xE0002000)
T47E8 7063:249.780   CPU_WriteMem(4 bytes @ 0xE0002000)
T47E8 7063:250.274   CPU_WriteMem(4 bytes @ 0xE0002000)
T47E8 7063:250.824   CPU_ReadMem(4 bytes @ 0xE0001000)
T47E8 7063:251.599   CPU_WriteMem(4 bytes @ 0xE000ED30)
T47E8 7063:252.072   CPU_WriteMem(4 bytes @ 0xE0001004)
T47E8 7063:253.539 - 4.133ms
T0BF4 7063:253.671 JLINK_IsHalted()
T0BF4 7063:254.024 - 0.362ms returns FALSE
T0BF4 7063:264.328 JLINK_IsHalted()
T0BF4 7063:264.672 - 0.354ms returns FALSE
T0BF4 7063:305.642 JLINK_IsHalted()
T0BF4 7063:306.011 - 0.381ms returns FALSE
T0BF4 7063:465.839 JLINK_IsHalted()
T0BF4 7063:468.967 - 3.137ms returns TRUE
T0BF4 7063:469.152 JLINK_GetMOEs(...)
T0BF4 7063:469.161   CPU_ReadMem(4 bytes @ 0xE000ED30)
T0BF4 7063:469.527 - 0.385ms returns 0x01
T0BF4 7063:469.543 JLINK_ReadReg(R15 (PC))
T0BF4 7063:469.549 - 0.007ms returns 0x004035F8
T47E8 7063:470.725 JLINK_ReadReg(R15 (PC))
T47E8 7063:470.731 - 0.008ms returns 0x004035F8
T47E8 7063:470.738 JLINK_ReadReg(R13 (SP))
T47E8 7063:470.742 - 0.006ms returns 0x2001C4F0
T47E8 7063:471.514 JLINK_ReadMemHW(0x004035F8, 0x0004 Bytes, ...)
T47E8 7063:471.521   CPU_ReadMem(4 bytes @ 0x004035F8)
T47E8 7063:472.514   Data:  23 4B 1B 78
T47E8 7063:472.528 - 1.016ms returns 0
T47E8 7063:473.322 JLINK_ReadReg(R0)
T47E8 7063:473.328 - 0.007ms returns 0x00000001
T47E8 7063:473.335 JLINK_ReadReg(R1)
T47E8 7063:473.339 - 0.005ms returns 0x400E0E00
T47E8 7063:473.344 JLINK_ReadReg(R2)
T47E8 7063:473.348 - 0.005ms returns 0x20000A98
T47E8 7063:473.353 JLINK_ReadReg(R3)
T47E8 7063:473.357 - 0.005ms returns 0x00000000
T47E8 7063:473.362 JLINK_ReadReg(R4)
T47E8 7063:473.366 - 0.005ms returns 0x00000000
T47E8 7063:473.371 JLINK_ReadReg(R5)
T47E8 7063:473.375 - 0.005ms returns 0x4A9AA6AF
T47E8 7063:473.380 JLINK_ReadReg(R6)
T47E8 7063:473.384 - 0.005ms returns 0x00000032
T47E8 7063:473.389 JLINK_ReadReg(R7)
T47E8 7063:473.392 - 0.005ms returns 0x2001C4F0
T47E8 7063:473.398 JLINK_ReadReg(R8)
T47E8 7063:473.401 - 0.005ms returns 0x1E39B400
T47E8 7063:473.407 JLINK_ReadReg(R9)
T47E8 7063:473.410 - 0.005ms returns 0x00000003
T47E8 7063:473.416 JLINK_ReadReg(R10)
T47E8 7063:473.419 - 0.005ms returns 0x92A69C00
T47E8 7063:473.424 JLINK_ReadReg(R11)
T47E8 7063:473.428 - 0.005ms returns 0x0000000C
T47E8 7063:473.433 JLINK_ReadReg(R12)
T47E8 7063:473.437 - 0.005ms returns 0x00000000
T47E8 7063:473.442 JLINK_ReadReg(R13 (SP))
T47E8 7063:473.446 - 0.005ms returns 0x2001C4F0
T47E8 7063:473.452 JLINK_ReadReg(R14)
T47E8 7063:473.455 - 0.005ms returns 0x00402CDB
T47E8 7063:473.460 JLINK_ReadReg(R15 (PC))
T47E8 7063:473.464 - 0.005ms returns 0x004035F8
T47E8 7063:473.475 JLINK_ReadReg(XPSR)
T47E8 7063:473.479 - 0.005ms returns 0x61010000
T47E8 7063:473.484 JLINK_ReadReg(MSP)
T47E8 7063:473.488 - 0.005ms returns 0x2001C4F0
T47E8 7063:473.493 JLINK_ReadReg(PSP)
T47E8 7063:473.497 - 0.005ms returns 0xBC04212C
T47E8 7063:473.502 JLINK_ReadReg(PRIMASK)
T47E8 7063:473.506 - 0.005ms returns 0x00000000
T47E8 7063:473.511 JLINK_ReadReg(BASEPRI)
T47E8 7063:473.515 - 0.005ms returns 0x00000000
T47E8 7063:473.520 JLINK_ReadReg(FAULTMASK)
T47E8 7063:473.524 - 0.005ms returns 0x00000000
T47E8 7063:473.529 JLINK_ReadReg(CONTROL)
T47E8 7063:473.533 - 0.005ms returns 0x00000000
T3AE8 7063:517.945 JLINK_ReadMem(0x40000000, 0x2DF Bytes, ...)
T3AE8 7063:517.974   CPU_ReadMem(735 bytes @ 0x40000000)
T3AE8 7063:522.550   Data:  00 00 00 00 00 00 00 00 00 00 00 00 00 00 00 00 ...
T3AE8 7063:522.566 - 4.623ms returns 0
T3AE8 7063:524.084 JLINK_ReadMem(0x40000000, 0x2DF Bytes, ...)
T3AE8 7063:524.106   CPU_ReadMem(735 bytes @ 0x40000000)
T3AE8 7063:528.539   Data:  00 00 00 00 00 00 00 00 00 00 00 00 00 00 00 00 ...
T3AE8 7063:528.554 - 4.472ms returns 0
T0BF4 7063:674.563 JLINK_IsHalted()
T0BF4 7063:674.589 - 0.027ms returns TRUE
T47E8 7063:794.604 JLINK_ReadMem(0x20000A8C, 0x1 Bytes, ...)
T47E8 7063:794.628   CPU_ReadMem(64 bytes @ 0x20000A80)
T47E8 7063:796.085    -- Updating C cache (64 bytes @ 0x20000A80)
T47E8 7063:796.100    -- Read from C cache (1 bytes @ 0x20000A8C)
T47E8 7063:796.106   Data:  08
T47E8 7063:796.111 - 1.509ms returns 0
T47E8 7063:824.789 JLINK_ReadMem(0x20000A7C, 0x4 Bytes, ...)
T47E8 7063:824.808   CPU_ReadMem(64 bytes @ 0x20000A40)
T47E8 7063:825.525    -- Updating C cache (64 bytes @ 0x20000A40)
T47E8 7063:825.539    -- Read from C cache (4 bytes @ 0x20000A7C)
T47E8 7063:825.545   Data:  7A 0B 00 00
T47E8 7063:825.551 - 0.764ms returns 0
T47E8 7063:839.947 JLINK_ReadMem(0x20000A80, 0x4 Bytes, ...)
T47E8 7063:839.957    -- Read from C cache (4 bytes @ 0x20000A80)
T47E8 7063:839.963   Data:  5B 00 00 00
T47E8 7063:839.969 - 0.023ms returns 0
T47E8 7063:855.692 JLINK_ReadMem(0x20000A84, 0x4 Bytes, ...)
T47E8 7063:855.727    -- Read from C cache (4 bytes @ 0x20000A84)
T47E8 7063:855.734   Data:  00 14 01 00
T47E8 7063:855.741 - 0.051ms returns 0
T0BF4 7063:874.936 JLINK_IsHalted()
T0BF4 7063:874.955 - 0.021ms returns TRUE
T47E8 7063:886.437 JLINK_ReadMem(0x20000A88, 0x4 Bytes, ...)
T47E8 7063:886.454    -- Read from C cache (4 bytes @ 0x20000A88)
T47E8 7063:886.485   Data:  D5 0B 00 00
T47E8 7063:886.492 - 0.058ms returns 0
T47E8 7063:918.119 JLINK_ReadMem(0x200009E8, 0x4 Bytes, ...)
T47E8 7063:918.169   CPU_ReadMem(64 bytes @ 0x200009C0)
T47E8 7063:919.043    -- Updating C cache (64 bytes @ 0x200009C0)
T47E8 7063:919.057    -- Read from C cache (4 bytes @ 0x200009E8)
T47E8 7063:919.063   Data:  C4 02 00 00
T47E8 7063:919.069 - 0.951ms returns 0
T47E8 7063:933.659 JLINK_ReadMem(0x20000A90, 0x4 Bytes, ...)
T47E8 7063:933.692    -- Read from C cache (4 bytes @ 0x20000A90)
T47E8 7063:933.700   Data:  99 0E 00 00
T47E8 7063:933.706 - 0.050ms returns 0
T47E8 7063:956.011 JLINK_ReadMem(0x20000A7A, 0x1 Bytes, ...)
T47E8 7063:956.023    -- Read from C cache (1 bytes @ 0x20000A7A)
T47E8 7063:956.029   Data:  01
T47E8 7063:956.035 - 0.025ms returns 0
T47E8 7063:996.105 JLINK_ReadMem(0x20000A94, 0x4 Bytes, ...)
T47E8 7063:996.117    -- Read from C cache (4 bytes @ 0x20000A94)
T47E8 7063:996.123   Data:  F9 F0 FF FF
T47E8 7063:996.129 - 0.025ms returns 0
T47E8 7064:026.865 JLINK_ReadMem(0x200009F4, 0x4 Bytes, ...)
T47E8 7064:026.926    -- Read from C cache (4 bytes @ 0x200009F4)
T47E8 7064:026.934   Data:  8F 02 00 00
T47E8 7064:026.942 - 0.078ms returns 0
T47E8 7064:058.439 JLINK_ReadMem(0x200009DC, 0x4 Bytes, ...)
T47E8 7064:058.459    -- Read from C cache (4 bytes @ 0x200009DC)
T47E8 7064:058.467   Data:  DF 0C 00 00
T47E8 7064:058.475 - 0.037ms returns 0
T0BF4 7064:080.751 JLINK_IsHalted()
T0BF4 7064:081.238 - 0.496ms returns TRUE
T47E8 7064:088.931 JLINK_ReadMem(0x20000AD8, 0x1 Bytes, ...)
T47E8 7064:088.951   CPU_ReadMem(64 bytes @ 0x20000AC0)
T47E8 7064:089.780    -- Updating C cache (64 bytes @ 0x20000AC0)
T47E8 7064:089.794    -- Read from C cache (1 bytes @ 0x20000AD8)
T47E8 7064:089.800   Data:  00
T47E8 7064:089.806 - 0.876ms returns 0
T47E8 7064:105.903 JLINK_ReadMem(0x200009E5, 0x1 Bytes, ...)
T47E8 7064:105.932    -- Read from C cache (1 bytes @ 0x200009E5)
T47E8 7064:105.939   Data:  00
T47E8 7064:105.945 - 0.043ms returns 0
T47E8 7064:151.249 JLINK_ReadMem(0x20000A79, 0x1 Bytes, ...)
T47E8 7064:151.261    -- Read from C cache (1 bytes @ 0x20000A79)
T47E8 7064:151.267   Data:  01
T47E8 7064:151.276 - 0.028ms returns 0
T47E8 7064:197.972 JLINK_ReadMem(0x20000A80, 0x4 Bytes, ...)
T47E8 7064:197.998    -- Read from C cache (4 bytes @ 0x20000A80)
T47E8 7064:198.006   Data:  5B 00 00 00
T47E8 7064:198.013 - 0.043ms returns 0
T47E8 7064:213.158 JLINK_ReadMem(0x20000A84, 0x4 Bytes, ...)
T47E8 7064:213.177    -- Read from C cache (4 bytes @ 0x20000A84)
T47E8 7064:213.185   Data:  00 14 01 00
T47E8 7064:213.222 - 0.068ms returns 0
T47E8 7064:247.671 JLINK_ReadMem(0x20000A88, 0x4 Bytes, ...)
T47E8 7064:247.684    -- Read from C cache (4 bytes @ 0x20000A88)
T47E8 7064:247.690   Data:  D5 0B 00 00
T47E8 7064:247.697 - 0.032ms returns 0
T0BF4 7064:286.544 JLINK_IsHalted()
T0BF4 7064:286.560 - 0.018ms returns TRUE
T47E8 7064:290.275 JLINK_ReadMem(0x200009E8, 0x4 Bytes, ...)
T47E8 7064:290.290    -- Read from C cache (4 bytes @ 0x200009E8)
T47E8 7064:290.317   Data:  C4 02 00 00
T47E8 7064:290.323 - 0.050ms returns 0
T47E8 7064:338.729 JLINK_ReadMem(0x20000A90, 0x4 Bytes, ...)
T47E8 7064:338.752    -- Read from C cache (4 bytes @ 0x20000A90)
T47E8 7064:338.773   Data:  99 0E 00 00
T47E8 7064:338.779 - 0.052ms returns 0
T47E8 7064:352.580 JLINK_ReadMem(0x20000A7A, 0x1 Bytes, ...)
T47E8 7064:352.600    -- Read from C cache (1 bytes @ 0x20000A7A)
T47E8 7064:352.608   Data:  01
T47E8 7064:352.643 - 0.066ms returns 0
T47E8 7064:383.643 JLINK_ReadMem(0x20000A94, 0x4 Bytes, ...)
T47E8 7064:383.664    -- Read from C cache (4 bytes @ 0x20000A94)
T47E8 7064:383.700   Data:  F9 F0 FF FF
T47E8 7064:383.708 - 0.067ms returns 0
T0BF4 7064:487.325 JLINK_IsHalted()
T0BF4 7064:487.356 - 0.033ms returns TRUE
T0BF4 7064:687.969 JLINK_IsHalted()
T0BF4 7064:688.449 - 0.490ms returns TRUE
T0BF4 7064:893.482 JLINK_IsHalted()
T0BF4 7064:893.504 - 0.024ms returns TRUE
T0BF4 7065:100.459 JLINK_IsHalted()
T0BF4 7065:100.486 - 0.029ms returns TRUE
T0BF4 7065:301.204 JLINK_IsHalted()
T0BF4 7065:301.708 - 0.514ms returns TRUE
T0BF4 7065:502.625 JLINK_IsHalted()
T0BF4 7065:502.642 - 0.019ms returns TRUE
T47E8 7065:521.414 JLINK_ReadReg(R15 (PC))
T47E8 7065:521.437 - 0.026ms returns 0x004035F8
T47E8 7065:521.523 JLINK_GetBPInfo(BPHandle = 18)
T47E8 7065:521.530 - 0.008ms returns 0x0
T47E8 7065:521.536 JLINK_ClrBPEx(BPHandle = 0x00000012)
T47E8 7065:521.544 - 0.009ms returns 0x00
T47E8 7065:521.564 JLINK_Step()
T47E8 7065:521.573    -- Read from flash cache (2 bytes @ 0x004035F8)
T47E8 7065:521.583   CPU_ReadMem(4 bytes @ 0xE0001004)
T47E8 7065:521.947    -- Read from flash cache (4 bytes @ 0x00403688)
T47E8 7065:521.957   -- Simulated
T47E8 7065:521.963 - 0.401ms returns 0
T47E8 7065:521.971 JLINK_SetBPEx(Addr = 0x004035F8, Type = 0xFFFFFFF2)
T47E8 7065:521.977 - 0.008ms returns 0x00000013
T47E8 7065:521.982 JLINK_GetBPInfo(BPHandle = 19)
T47E8 7065:521.987 - 0.006ms returns 0x0
T47E8 7065:522.006 JLINK_Go()
T47E8 7065:522.016   CPU_WriteMem(4 bytes @ 0xE0002000)
T47E8 7065:522.420   CPU_WriteMem(4 bytes @ 0xE0002000)
T47E8 7065:522.771   CPU_WriteMem(4 bytes @ 0xE0002000)
T47E8 7065:523.208   CPU_ReadMem(4 bytes @ 0xE0001000)
T47E8 7065:523.610   CPU_WriteMem(4 bytes @ 0xE000ED30)
T47E8 7065:523.945   CPU_WriteMem(4 bytes @ 0xE0001004)
T47E8 7065:525.297 - 3.303ms
T0BF4 7065:525.335 JLINK_IsHalted()
T0BF4 7065:525.734 - 0.409ms returns FALSE
T0BF4 7065:535.678 JLINK_IsHalted()
T0BF4 7065:536.167 - 0.502ms returns FALSE
T0BF4 7065:575.988 JLINK_IsHalted()
T0BF4 7065:576.494 - 0.515ms returns FALSE
T0BF4 7065:737.972 JLINK_IsHalted()
T0BF4 7065:740.820 - 2.862ms returns TRUE
T0BF4 7065:741.032 JLINK_GetMOEs(...)
T0BF4 7065:741.042   CPU_ReadMem(4 bytes @ 0xE000ED30)
T0BF4 7065:741.433 - 0.411ms returns 0x01
T0BF4 7065:741.450 JLINK_ReadReg(R15 (PC))
T0BF4 7065:741.456 - 0.007ms returns 0x004035F8
T47E8 7065:749.982 JLINK_ReadReg(R15 (PC))
T47E8 7065:749.991 - 0.010ms returns 0x004035F8
T47E8 7065:749.998 JLINK_ReadReg(R13 (SP))
T47E8 7065:750.002 - 0.006ms returns 0x2001C4F0
T47E8 7065:750.792 JLINK_ReadMemHW(0x004035F8, 0x0004 Bytes, ...)
T47E8 7065:750.802   CPU_ReadMem(4 bytes @ 0x004035F8)
T47E8 7065:751.692   Data:  23 4B 1B 78
T47E8 7065:751.700 - 0.909ms returns 0
T47E8 7065:752.454 JLINK_ReadReg(R0)
T47E8 7065:752.459 - 0.007ms returns 0x00000001
T47E8 7065:752.465 JLINK_ReadReg(R1)
T47E8 7065:752.469 - 0.005ms returns 0x400E0E00
T47E8 7065:752.474 JLINK_ReadReg(R2)
T47E8 7065:752.478 - 0.005ms returns 0x20000A98
T47E8 7065:752.483 JLINK_ReadReg(R3)
T47E8 7065:752.487 - 0.005ms returns 0x00000000
T47E8 7065:752.492 JLINK_ReadReg(R4)
T47E8 7065:752.496 - 0.005ms returns 0x00000000
T47E8 7065:752.501 JLINK_ReadReg(R5)
T47E8 7065:752.505 - 0.029ms returns 0x4A9AA6AF
T47E8 7065:752.657 JLINK_ReadReg(R6)
T47E8 7065:752.662 - 0.006ms returns 0x00000032
T47E8 7065:752.667 JLINK_ReadReg(R7)
T47E8 7065:752.671 - 0.005ms returns 0x2001C4F0
T47E8 7065:752.860 JLINK_ReadReg(R8)
T47E8 7065:752.869 - 0.011ms returns 0x1E39B400
T47E8 7065:752.875 JLINK_ReadReg(R9)
T47E8 7065:752.879 - 0.005ms returns 0x00000003
T47E8 7065:752.885 JLINK_ReadReg(R10)
T47E8 7065:752.888 - 0.005ms returns 0x92A69C00
T47E8 7065:752.894 JLINK_ReadReg(R11)
T47E8 7065:752.897 - 0.005ms returns 0x0000000C
T47E8 7065:752.902 JLINK_ReadReg(R12)
T47E8 7065:752.906 - 0.005ms returns 0x00000000
T47E8 7065:752.911 JLINK_ReadReg(R13 (SP))
T47E8 7065:752.915 - 0.005ms returns 0x2001C4F0
T47E8 7065:752.921 JLINK_ReadReg(R14)
T47E8 7065:752.924 - 0.005ms returns 0x00402CDB
T47E8 7065:752.930 JLINK_ReadReg(R15 (PC))
T47E8 7065:752.933 - 0.005ms returns 0x004035F8
T47E8 7065:752.965 JLINK_ReadReg(XPSR)
T47E8 7065:752.969 - 0.005ms returns 0x61010000
T47E8 7065:752.975 JLINK_ReadReg(MSP)
T47E8 7065:752.978 - 0.005ms returns 0x2001C4F0
T47E8 7065:752.984 JLINK_ReadReg(PSP)
T47E8 7065:752.988 - 0.005ms returns 0xBC04212C
T47E8 7065:752.993 JLINK_ReadReg(PRIMASK)
T47E8 7065:752.997 - 0.005ms returns 0x00000000
T47E8 7065:753.002 JLINK_ReadReg(BASEPRI)
T47E8 7065:753.006 - 0.005ms returns 0x00000000
T47E8 7065:753.011 JLINK_ReadReg(FAULTMASK)
T47E8 7065:753.015 - 0.005ms returns 0x00000000
T47E8 7065:753.020 JLINK_ReadReg(CONTROL)
T47E8 7065:753.024 - 0.005ms returns 0x00000000
T3AE8 7065:892.998 JLINK_ReadMem(0x40000000, 0x2DF Bytes, ...)
T3AE8 7065:893.042   CPU_ReadMem(735 bytes @ 0x40000000)
T3AE8 7065:897.614   Data:  00 00 00 00 00 00 00 00 00 00 00 00 00 00 00 00 ...
T3AE8 7065:897.630 - 4.634ms returns 0
T3AE8 7065:900.057 JLINK_ReadMem(0x40000000, 0x2DF Bytes, ...)
T3AE8 7065:900.071   CPU_ReadMem(735 bytes @ 0x40000000)
T3AE8 7065:904.603   Data:  00 00 00 00 00 00 00 00 00 00 00 00 00 00 00 00 ...
T3AE8 7065:904.619 - 4.564ms returns 0
T0BF4 7065:942.660 JLINK_IsHalted()
T0BF4 7065:942.678 - 0.020ms returns TRUE
T0BF4 7066:142.731 JLINK_IsHalted()
T0BF4 7066:142.751 - 0.022ms returns TRUE
T47E8 7066:172.564 JLINK_ReadMem(0x20000A8C, 0x1 Bytes, ...)
T47E8 7066:172.585   CPU_ReadMem(64 bytes @ 0x20000A80)
T47E8 7066:173.300    -- Updating C cache (64 bytes @ 0x20000A80)
T47E8 7066:173.317    -- Read from C cache (1 bytes @ 0x20000A8C)
T47E8 7066:173.323   Data:  08
T47E8 7066:173.329 - 0.766ms returns 0
T47E8 7066:188.021 JLINK_ReadMem(0x20000A7C, 0x4 Bytes, ...)
T47E8 7066:188.053   CPU_ReadMem(64 bytes @ 0x20000A40)
T47E8 7066:188.784    -- Updating C cache (64 bytes @ 0x20000A40)
T47E8 7066:188.813    -- Read from C cache (4 bytes @ 0x20000A7C)
T47E8 7066:188.820   Data:  4F 0B 00 00
T47E8 7066:188.826 - 0.807ms returns 0
T47E8 7066:203.012 JLINK_ReadMem(0x20000A80, 0x4 Bytes, ...)
T47E8 7066:203.037    -- Read from C cache (4 bytes @ 0x20000A80)
T47E8 7066:203.068   Data:  59 00 00 00
T47E8 7066:203.076 - 0.067ms returns 0
T47E8 7066:249.364 JLINK_ReadMem(0x20000A84, 0x4 Bytes, ...)
T47E8 7066:249.398    -- Read from C cache (4 bytes @ 0x20000A84)
T47E8 7066:249.405   Data:  00 14 01 00
T47E8 7066:249.412 - 0.049ms returns 0
T47E8 7066:295.808 JLINK_ReadMem(0x20000A88, 0x4 Bytes, ...)
T47E8 7066:295.836    -- Read from C cache (4 bytes @ 0x20000A88)
T47E8 7066:295.844   Data:  A8 0B 00 00
T47E8 7066:295.852 - 0.045ms returns 0
T47E8 7066:311.585 JLINK_ReadMem(0x200009E8, 0x4 Bytes, ...)
T47E8 7066:311.611   CPU_ReadMem(64 bytes @ 0x200009C0)
T47E8 7066:312.502    -- Updating C cache (64 bytes @ 0x200009C0)
T47E8 7066:312.515    -- Read from C cache (4 bytes @ 0x200009E8)
T47E8 7066:312.522   Data:  6B 02 00 00
T47E8 7066:312.528 - 0.945ms returns 0
T47E8 7066:342.769 JLINK_ReadMem(0x20000A90, 0x4 Bytes, ...)
T47E8 7066:342.788    -- Read from C cache (4 bytes @ 0x20000A90)
T47E8 7066:342.796   Data:  14 0E 00 00
T47E8 7066:342.802 - 0.052ms returns 0
T0BF4 7066:344.440 JLINK_IsHalted()
T0BF4 7066:344.740 - 0.306ms returns TRUE
T47E8 7066:358.186 JLINK_ReadMem(0x20000A7A, 0x1 Bytes, ...)
T47E8 7066:358.210    -- Read from C cache (1 bytes @ 0x20000A7A)
T47E8 7066:358.219   Data:  01
T47E8 7066:358.257 - 0.073ms returns 0
T47E8 7066:404.328 JLINK_ReadMem(0x20000A94, 0x4 Bytes, ...)
T47E8 7066:404.363    -- Read from C cache (4 bytes @ 0x20000A94)
T47E8 7066:404.370   Data:  9F 09 00 00
T47E8 7066:404.378 - 0.051ms returns 0
T47E8 7066:451.269 JLINK_ReadMem(0x200009F4, 0x4 Bytes, ...)
T47E8 7066:451.280    -- Read from C cache (4 bytes @ 0x200009F4)
T47E8 7066:451.286   Data:  36 02 00 00
T47E8 7066:451.292 - 0.025ms returns 0
T47E8 7066:467.896 JLINK_ReadMem(0x200009DC, 0x4 Bytes, ...)
T47E8 7066:467.907    -- Read from C cache (4 bytes @ 0x200009DC)
T47E8 7066:467.920   Data:  DF 0C 00 00
T47E8 7066:467.938 - 0.044ms returns 0
T47E8 7066:497.589 JLINK_ReadMem(0x20000AD8, 0x1 Bytes, ...)
T47E8 7066:497.627   CPU_ReadMem(64 bytes @ 0x20000AC0)
T47E8 7066:498.502    -- Updating C cache (64 bytes @ 0x20000AC0)
T47E8 7066:498.516    -- Read from C cache (1 bytes @ 0x20000AD8)
T47E8 7066:498.522   Data:  00
T47E8 7066:498.528 - 0.940ms returns 0
T47E8 7066:528.614 JLINK_ReadMem(0x200009E5, 0x1 Bytes, ...)
T47E8 7066:528.645    -- Read from C cache (1 bytes @ 0x200009E5)
T47E8 7066:528.652   Data:  00
T47E8 7066:528.659 - 0.047ms returns 0
T0BF4 7066:544.670 JLINK_IsHalted()
T0BF4 7066:544.691 - 0.023ms returns TRUE
T47E8 7066:575.230 JLINK_ReadMem(0x20000A79, 0x1 Bytes, ...)
T47E8 7066:575.255    -- Read from C cache (1 bytes @ 0x20000A79)
T47E8 7066:575.263   Data:  01
T47E8 7066:575.270 - 0.041ms returns 0
T47E8 7066:606.316 JLINK_ReadMem(0x20000A80, 0x4 Bytes, ...)
T47E8 7066:606.350    -- Read from C cache (4 bytes @ 0x20000A80)
T47E8 7066:606.357   Data:  59 00 00 00
T47E8 7066:606.363 - 0.048ms returns 0
T47E8 7066:621.703 JLINK_ReadMem(0x20000A84, 0x4 Bytes, ...)
T47E8 7066:621.723    -- Read from C cache (4 bytes @ 0x20000A84)
T47E8 7066:621.731   Data:  00 14 01 00
T47E8 7066:621.738 - 0.037ms returns 0
T47E8 7066:652.966 JLINK_ReadMem(0x20000A88, 0x4 Bytes, ...)
T47E8 7066:653.000    -- Read from C cache (4 bytes @ 0x20000A88)
T47E8 7066:653.012   Data:  A8 0B 00 00
T47E8 7066:653.019 - 0.056ms returns 0
T47E8 7066:683.541 JLINK_ReadMem(0x200009E8, 0x4 Bytes, ...)
T47E8 7066:683.594    -- Read from C cache (4 bytes @ 0x200009E8)
T47E8 7066:683.602   Data:  6B 02 00 00
T47E8 7066:683.610 - 0.070ms returns 0
T47E8 7066:714.540 JLINK_ReadMem(0x20000A90, 0x4 Bytes, ...)
T47E8 7066:714.554    -- Read from C cache (4 bytes @ 0x20000A90)
T47E8 7066:714.561   Data:  14 0E 00 00
T47E8 7066:714.568 - 0.030ms returns 0
T0BF4 7066:744.869 JLINK_IsHalted()
T0BF4 7066:744.899 - 0.032ms returns TRUE
T47E8 7066:745.173 JLINK_ReadMem(0x20000A7A, 0x1 Bytes, ...)
T47E8 7066:745.204    -- Read from C cache (1 bytes @ 0x20000A7A)
T47E8 7066:745.212   Data:  01
T47E8 7066:745.219 - 0.048ms returns 0
T47E8 7066:783.580 JLINK_ReadMem(0x20000A94, 0x4 Bytes, ...)
T47E8 7066:783.593    -- Read from C cache (4 bytes @ 0x20000A94)
T47E8 7066:783.600   Data:  9F 09 00 00
T47E8 7066:783.606 - 0.027ms returns 0
T0BF4 7066:947.226 JLINK_IsHalted()
T0BF4 7066:947.665 - 0.449ms returns TRUE
T0BF4 7067:147.486 JLINK_IsHalted()
T0BF4 7067:147.517 - 0.032ms returns TRUE
T0BF4 7067:348.168 JLINK_IsHalted()
T0BF4 7067:348.196 - 0.030ms returns TRUE
T0BF4 7067:549.259 JLINK_IsHalted()
T0BF4 7067:549.708 - 0.458ms returns TRUE
T0BF4 7067:753.028 JLINK_IsHalted()
T0BF4 7067:753.054 - 0.028ms returns TRUE
T0BF4 7067:956.419 JLINK_IsHalted()
T0BF4 7067:956.443 - 0.026ms returns TRUE
T47E8 7068:089.314 JLINK_ReadMemHW(0x00402C08, 0x0001 Bytes, ...)
T47E8 7068:089.367   CPU_ReadMem(1 bytes @ 0x00402C08)
T47E8 7068:089.721   Data:  80
T47E8 7068:089.737 - 0.424ms returns 0
T0BF4 7068:157.631 JLINK_IsHalted()
T0BF4 7068:158.145 - 0.524ms returns TRUE
T0BF4 7068:360.248 JLINK_IsHalted()
T0BF4 7068:360.275 - 0.029ms returns TRUE
T0BF4 7068:563.042 JLINK_IsHalted()
T0BF4 7068:563.072 - 0.031ms returns TRUE
T0BF4 7068:765.495 JLINK_IsHalted()
T0BF4 7068:765.894 - 0.435ms returns TRUE
T0BF4 7068:966.144 JLINK_IsHalted()
T0BF4 7068:966.170 - 0.027ms returns TRUE
T0BF4 7069:167.963 JLINK_IsHalted()
T0BF4 7069:167.989 - 0.027ms returns TRUE
T0BF4 7069:368.163 JLINK_IsHalted()
T0BF4 7069:368.585 - 0.437ms returns TRUE
T0BF4 7069:572.665 JLINK_IsHalted()
T0BF4 7069:573.559 - 0.897ms returns TRUE
T0BF4 7069:774.107 JLINK_IsHalted()
T0BF4 7069:774.131 - 0.026ms returns TRUE
T0BF4 7069:977.171 JLINK_IsHalted()
T0BF4 7069:977.591 - 0.440ms returns TRUE
T0BF4 7070:177.816 JLINK_IsHalted()
T0BF4 7070:177.845 - 0.030ms returns TRUE
T0BF4 7070:382.342 JLINK_IsHalted()
T0BF4 7070:382.364 - 0.024ms returns TRUE
T0BF4 7070:582.979 JLINK_IsHalted()
T0BF4 7070:583.493 - 0.522ms returns TRUE
T0BF4 7070:783.622 JLINK_IsHalted()
T0BF4 7070:783.647 - 0.028ms returns TRUE
T0BF4 7070:985.356 JLINK_IsHalted()
T0BF4 7070:985.381 - 0.027ms returns TRUE
T0BF4 7071:186.398 JLINK_IsHalted()
T0BF4 7071:186.907 - 0.519ms returns TRUE
T0BF4 7071:389.848 JLINK_IsHalted()
T0BF4 7071:389.873 - 0.027ms returns TRUE
T0BF4 7071:590.477 JLINK_IsHalted()
T0BF4 7071:590.501 - 0.026ms returns TRUE
T0BF4 7071:800.595 JLINK_IsHalted()
T0BF4 7071:801.404 - 0.823ms returns TRUE
T0BF4 7072:006.300 JLINK_IsHalted()
T0BF4 7072:006.347 - 0.049ms returns TRUE
T0BF4 7072:207.887 JLINK_IsHalted()
T0BF4 7072:207.914 - 0.029ms returns TRUE
T0BF4 7072:410.039 JLINK_IsHalted()
T0BF4 7072:410.380 - 0.345ms returns TRUE
T0BF4 7072:619.548 JLINK_IsHalted()
T0BF4 7072:619.588 - 0.044ms returns TRUE
T0BF4 7072:826.312 JLINK_IsHalted()
T0BF4 7072:826.342 - 0.033ms returns TRUE
T0BF4 7073:033.087 JLINK_IsHalted()
T0BF4 7073:033.618 - 0.544ms returns TRUE
T0BF4 7073:240.225 JLINK_IsHalted()
T0BF4 7073:240.258 - 0.036ms returns TRUE
T0BF4 7073:445.695 JLINK_IsHalted()
T0BF4 7073:445.721 - 0.028ms returns TRUE
T0BF4 7073:651.619 JLINK_IsHalted()
T0BF4 7073:651.960 - 0.353ms returns TRUE
T0BF4 7073:857.701 JLINK_IsHalted()
T0BF4 7073:857.735 - 0.035ms returns TRUE
T0BF4 7074:063.741 JLINK_IsHalted()
T0BF4 7074:063.794 - 0.056ms returns TRUE
T0BF4 7074:272.608 JLINK_IsHalted()
T0BF4 7074:273.286 - 0.695ms returns TRUE
T0BF4 7074:479.418 JLINK_IsHalted()
T0BF4 7074:479.446 - 0.029ms returns TRUE
T0BF4 7074:687.007 JLINK_IsHalted()
T0BF4 7074:687.030 - 0.025ms returns TRUE
T0BF4 7074:895.014 JLINK_IsHalted()
T0BF4 7074:895.471 - 0.473ms returns TRUE
T0BF4 7075:101.787 JLINK_IsHalted()
T0BF4 7075:101.822 - 0.039ms returns TRUE
T0BF4 7075:308.584 JLINK_IsHalted()
T0BF4 7075:308.623 - 0.042ms returns TRUE
T0BF4 7075:514.498 JLINK_IsHalted()
T0BF4 7075:515.005 - 0.546ms returns TRUE
T0BF4 7075:719.516 JLINK_IsHalted()
T0BF4 7075:719.562 - 0.049ms returns TRUE
T0BF4 7075:927.898 JLINK_IsHalted()
T0BF4 7075:927.933 - 0.038ms returns TRUE
T0BF4 7076:135.519 JLINK_IsHalted()
T0BF4 7076:136.943 - 1.436ms returns TRUE
T0BF4 7076:342.594 JLINK_IsHalted()
T0BF4 7076:342.632 - 0.040ms returns TRUE
T0BF4 7076:550.589 JLINK_IsHalted()
T0BF4 7076:550.616 - 0.029ms returns TRUE
T0BF4 7076:760.062 JLINK_IsHalted()
T0BF4 7076:760.566 - 0.518ms returns TRUE
T0BF4 7076:968.257 JLINK_IsHalted()
T0BF4 7076:968.282 - 0.027ms returns TRUE
T0BF4 7077:176.178 JLINK_IsHalted()
T0BF4 7077:176.205 - 0.028ms returns TRUE
T0BF4 7077:384.224 JLINK_IsHalted()
T0BF4 7077:384.627 - 0.415ms returns TRUE
T0BF4 7077:591.899 JLINK_IsHalted()
T0BF4 7077:591.925 - 0.028ms returns TRUE
T0BF4 7077:800.690 JLINK_IsHalted()
T0BF4 7077:800.723 - 0.035ms returns TRUE
T0BF4 7078:008.672 JLINK_IsHalted()
T0BF4 7078:009.090 - 0.429ms returns TRUE
T0BF4 7078:215.262 JLINK_IsHalted()
T0BF4 7078:215.342 - 0.083ms returns TRUE
T0BF4 7078:423.392 JLINK_IsHalted()
T0BF4 7078:423.438 - 0.048ms returns TRUE
T0BF4 7078:630.739 JLINK_IsHalted()
T0BF4 7078:631.309 - 0.589ms returns TRUE
T0BF4 7078:839.372 JLINK_IsHalted()
T0BF4 7078:839.403 - 0.033ms returns TRUE
T0BF4 7079:046.100 JLINK_IsHalted()
T0BF4 7079:046.137 - 0.039ms returns TRUE
T0BF4 7079:253.692 JLINK_IsHalted()
T0BF4 7079:254.257 - 0.596ms returns TRUE
T0BF4 7079:461.856 JLINK_IsHalted()
T0BF4 7079:461.878 - 0.024ms returns TRUE
T0BF4 7079:671.405 JLINK_IsHalted()
T0BF4 7079:671.433 - 0.030ms returns TRUE
T0BF4 7079:880.013 JLINK_IsHalted()
T0BF4 7079:881.206 - 1.215ms returns TRUE
T0BF4 7080:088.854 JLINK_IsHalted()
T0BF4 7080:088.880 - 0.027ms returns TRUE
T0BF4 7080:296.443 JLINK_IsHalted()
T0BF4 7080:296.475 - 0.034ms returns TRUE
T0BF4 7080:504.321 JLINK_IsHalted()
T0BF4 7080:504.791 - 0.481ms returns TRUE
T0BF4 7080:712.231 JLINK_IsHalted()
T0BF4 7080:712.261 - 0.032ms returns TRUE
T0BF4 7080:920.101 JLINK_IsHalted()
T0BF4 7080:920.126 - 0.028ms returns TRUE
T0BF4 7081:127.087 JLINK_IsHalted()
T0BF4 7081:127.593 - 0.516ms returns TRUE
T0BF4 7081:334.679 JLINK_IsHalted()
T0BF4 7081:334.702 - 0.024ms returns TRUE
T0BF4 7081:541.515 JLINK_IsHalted()
T0BF4 7081:541.544 - 0.032ms returns TRUE
T0BF4 7081:748.940 JLINK_IsHalted()
T0BF4 7081:749.412 - 0.488ms returns TRUE
T0BF4 7081:955.876 JLINK_IsHalted()
T0BF4 7081:955.908 - 0.034ms returns TRUE
T0BF4 7082:162.292 JLINK_IsHalted()
T0BF4 7082:162.327 - 0.036ms returns TRUE
T0BF4 7082:369.852 JLINK_IsHalted()
T0BF4 7082:370.208 - 0.366ms returns TRUE
T0BF4 7082:576.036 JLINK_IsHalted()
T0BF4 7082:576.078 - 0.044ms returns TRUE
T0BF4 7082:783.218 JLINK_IsHalted()
T0BF4 7082:783.249 - 0.033ms returns TRUE
T0BF4 7082:991.456 JLINK_IsHalted()
T0BF4 7082:991.812 - 0.373ms returns TRUE
T0BF4 7083:198.576 JLINK_IsHalted()
T0BF4 7083:198.688 - 0.116ms returns TRUE
T0BF4 7083:407.068 JLINK_IsHalted()
T0BF4 7083:407.104 - 0.038ms returns TRUE
T0BF4 7083:613.798 JLINK_IsHalted()
T0BF4 7083:614.914 - 1.148ms returns TRUE
T0BF4 7083:822.250 JLINK_IsHalted()
T0BF4 7083:822.283 - 0.035ms returns TRUE
T0BF4 7084:030.100 JLINK_IsHalted()
T0BF4 7084:030.137 - 0.039ms returns TRUE
T0BF4 7084:238.204 JLINK_IsHalted()
T0BF4 7084:238.614 - 0.420ms returns TRUE
T0BF4 7084:445.273 JLINK_IsHalted()
T0BF4 7084:445.311 - 0.042ms returns TRUE
T0BF4 7084:652.883 JLINK_IsHalted()
T0BF4 7084:652.914 - 0.033ms returns TRUE
T0BF4 7084:860.056 JLINK_IsHalted()
T0BF4 7084:860.476 - 0.445ms returns TRUE
T0BF4 7085:069.166 JLINK_IsHalted()
T0BF4 7085:069.201 - 0.036ms returns TRUE
T0BF4 7085:275.661 JLINK_IsHalted()
T0BF4 7085:275.692 - 0.033ms returns TRUE
T0BF4 7085:482.040 JLINK_IsHalted()
T0BF4 7085:482.551 - 0.524ms returns TRUE
T0BF4 7085:690.595 JLINK_IsHalted()
T0BF4 7085:690.628 - 0.035ms returns TRUE
T0BF4 7085:898.492 JLINK_IsHalted()
T0BF4 7085:898.535 - 0.046ms returns TRUE
T0BF4 7086:106.279 JLINK_IsHalted()
T0BF4 7086:106.732 - 0.464ms returns TRUE
T0BF4 7086:314.160 JLINK_IsHalted()
T0BF4 7086:314.248 - 0.092ms returns TRUE
T0BF4 7086:522.116 JLINK_IsHalted()
T0BF4 7086:522.151 - 0.037ms returns TRUE
T0BF4 7086:730.212 JLINK_IsHalted()
T0BF4 7086:730.746 - 0.554ms returns TRUE
T0BF4 7086:939.384 JLINK_IsHalted()
T0BF4 7086:939.411 - 0.029ms returns TRUE
T0BF4 7087:147.478 JLINK_IsHalted()
T0BF4 7087:147.522 - 0.048ms returns TRUE
T0BF4 7087:355.131 JLINK_IsHalted()
T0BF4 7087:355.492 - 0.375ms returns TRUE
T0BF4 7087:562.350 JLINK_IsHalted()
T0BF4 7087:562.557 - 0.210ms returns TRUE
T0BF4 7087:770.879 JLINK_IsHalted()
T0BF4 7087:770.912 - 0.035ms returns TRUE
T0BF4 7087:977.469 JLINK_IsHalted()
T0BF4 7087:978.052 - 0.605ms returns TRUE
T0BF4 7088:185.324 JLINK_IsHalted()
T0BF4 7088:185.350 - 0.028ms returns TRUE
T0BF4 7088:393.650 JLINK_IsHalted()
T0BF4 7088:393.691 - 0.045ms returns TRUE
T0BF4 7088:601.723 JLINK_IsHalted()
T0BF4 7088:602.134 - 0.424ms returns TRUE
T0BF4 7088:809.110 JLINK_IsHalted()
T0BF4 7088:809.142 - 0.034ms returns TRUE
T0BF4 7089:014.977 JLINK_IsHalted()
T0BF4 7089:015.029 - 0.054ms returns TRUE
T0BF4 7089:222.318 JLINK_IsHalted()
T0BF4 7089:222.790 - 0.499ms returns TRUE
T0BF4 7089:430.320 JLINK_IsHalted()
T0BF4 7089:430.360 - 0.043ms returns TRUE
T0BF4 7089:636.062 JLINK_IsHalted()
T0BF4 7089:636.094 - 0.034ms returns TRUE
T0BF4 7089:844.560 JLINK_IsHalted()
T0BF4 7089:845.113 - 0.590ms returns TRUE
T0BF4 7090:051.629 JLINK_IsHalted()
T0BF4 7090:051.668 - 0.042ms returns TRUE
T0BF4 7090:256.788 JLINK_IsHalted()
T0BF4 7090:256.828 - 0.044ms returns TRUE
T0BF4 7090:462.102 JLINK_IsHalted()
T0BF4 7090:462.587 - 0.518ms returns TRUE
T0BF4 7090:667.203 JLINK_IsHalted()
T0BF4 7090:667.239 - 0.038ms returns TRUE
T0BF4 7090:872.979 JLINK_IsHalted()
T0BF4 7090:873.028 - 0.051ms returns TRUE
T0BF4 7091:077.518 JLINK_IsHalted()
T0BF4 7091:077.905 - 0.405ms returns TRUE
T0BF4 7091:285.550 JLINK_IsHalted()
T0BF4 7091:285.574 - 0.026ms returns TRUE
T0BF4 7091:492.046 JLINK_IsHalted()
T0BF4 7091:492.085 - 0.041ms returns TRUE
T0BF4 7091:697.423 JLINK_IsHalted()
T0BF4 7091:698.718 - 1.315ms returns TRUE
T0BF4 7091:906.192 JLINK_IsHalted()
T0BF4 7091:906.219 - 0.029ms returns TRUE
T0BF4 7092:114.220 JLINK_IsHalted()
T0BF4 7092:114.269 - 0.051ms returns TRUE
T0BF4 7092:321.043 JLINK_IsHalted()
T0BF4 7092:321.673 - 0.641ms returns TRUE
T0BF4 7092:527.722 JLINK_IsHalted()
T0BF4 7092:527.747 - 0.027ms returns TRUE
T0BF4 7092:735.769 JLINK_IsHalted()
T0BF4 7092:735.794 - 0.026ms returns TRUE
T0BF4 7092:944.501 JLINK_IsHalted()
T0BF4 7092:944.918 - 0.428ms returns TRUE
T0BF4 7093:151.069 JLINK_IsHalted()
T0BF4 7093:151.094 - 0.028ms returns TRUE
T0BF4 7093:359.569 JLINK_IsHalted()
T0BF4 7093:359.591 - 0.024ms returns TRUE
T0BF4 7093:566.347 JLINK_IsHalted()
T0BF4 7093:566.728 - 0.390ms returns TRUE
T0BF4 7093:774.726 JLINK_IsHalted()
T0BF4 7093:774.767 - 0.044ms returns TRUE
T0BF4 7093:984.107 JLINK_IsHalted()
T0BF4 7093:984.130 - 0.024ms returns TRUE
T0BF4 7094:191.312 JLINK_IsHalted()
T0BF4 7094:191.749 - 0.451ms returns TRUE
T0BF4 7094:399.982 JLINK_IsHalted()
T0BF4 7094:400.005 - 0.025ms returns TRUE
T0BF4 7094:606.368 JLINK_IsHalted()
T0BF4 7094:606.393 - 0.026ms returns TRUE
T0BF4 7094:814.847 JLINK_IsHalted()
T0BF4 7094:815.196 - 0.359ms returns TRUE
T0BF4 7095:024.486 JLINK_IsHalted()
T0BF4 7095:024.508 - 0.024ms returns TRUE
T0BF4 7095:231.849 JLINK_IsHalted()
T0BF4 7095:231.907 - 0.060ms returns TRUE
T0BF4 7095:438.780 JLINK_IsHalted()
T0BF4 7095:439.148 - 0.391ms returns TRUE
T0BF4 7095:644.726 JLINK_IsHalted()
T0BF4 7095:644.752 - 0.029ms returns TRUE
T0BF4 7095:853.995 JLINK_IsHalted()
T0BF4 7095:854.028 - 0.034ms returns TRUE
T0BF4 7096:062.136 JLINK_IsHalted()
T0BF4 7096:062.550 - 0.425ms returns TRUE
T0BF4 7096:270.998 JLINK_IsHalted()
T0BF4 7096:271.021 - 0.025ms returns TRUE
T0BF4 7096:477.603 JLINK_IsHalted()
T0BF4 7096:477.641 - 0.041ms returns TRUE
T0BF4 7096:684.438 JLINK_IsHalted()
T0BF4 7096:684.796 - 0.369ms returns TRUE
T0BF4 7096:893.357 JLINK_IsHalted()
T0BF4 7096:893.382 - 0.027ms returns TRUE
T0BF4 7097:101.124 JLINK_IsHalted()
T0BF4 7097:101.145 - 0.022ms returns TRUE
T0BF4 7097:306.960 JLINK_IsHalted()
T0BF4 7097:307.489 - 0.548ms returns TRUE
T0BF4 7097:514.702 JLINK_IsHalted()
T0BF4 7097:514.744 - 0.045ms returns TRUE
T0BF4 7097:720.930 JLINK_IsHalted()
T0BF4 7097:720.962 - 0.034ms returns TRUE
T0BF4 7097:929.254 JLINK_IsHalted()
T0BF4 7097:929.668 - 0.430ms returns TRUE
T0BF4 7098:135.012 JLINK_IsHalted()
T0BF4 7098:135.044 - 0.034ms returns TRUE
T0BF4 7098:343.243 JLINK_IsHalted()
T0BF4 7098:343.270 - 0.029ms returns TRUE
T0BF4 7098:549.225 JLINK_IsHalted()
T0BF4 7098:549.852 - 0.646ms returns TRUE
T0BF4 7098:757.623 JLINK_IsHalted()
T0BF4 7098:757.662 - 0.043ms returns TRUE
T0BF4 7098:963.928 JLINK_IsHalted()
T0BF4 7098:964.013 - 0.194ms returns TRUE
T0BF4 7099:173.405 JLINK_IsHalted()
T0BF4 7099:173.874 - 0.478ms returns TRUE
T0BF4 7099:377.800 JLINK_IsHalted()
T0BF4 7099:377.840 - 0.044ms returns TRUE
T0BF4 7099:583.471 JLINK_IsHalted()
T0BF4 7099:583.498 - 0.028ms returns TRUE
T0BF4 7099:789.022 JLINK_IsHalted()
T0BF4 7099:789.539 - 0.542ms returns TRUE
T0BF4 7099:995.086 JLINK_IsHalted()
T0BF4 7099:995.132 - 0.051ms returns TRUE
T0BF4 7100:199.872 JLINK_IsHalted()
T0BF4 7100:199.978 - 0.111ms returns TRUE
T0BF4 7100:404.944 JLINK_IsHalted()
T0BF4 7100:405.362 - 0.431ms returns TRUE
T0BF4 7100:607.299 JLINK_IsHalted()
T0BF4 7100:607.329 - 0.032ms returns TRUE
T0BF4 7100:808.813 JLINK_IsHalted()
T0BF4 7100:808.833 - 0.022ms returns TRUE
T0BF4 7101:013.589 JLINK_IsHalted()
T0BF4 7101:014.084 - 0.505ms returns TRUE
T0BF4 7101:218.635 JLINK_IsHalted()
T0BF4 7101:218.663 - 0.030ms returns TRUE
T0BF4 7101:421.617 JLINK_IsHalted()
T0BF4 7101:421.644 - 0.029ms returns TRUE
T0BF4 7101:623.725 JLINK_IsHalted()
T0BF4 7101:624.159 - 0.444ms returns TRUE
T0BF4 7101:826.719 JLINK_IsHalted()
T0BF4 7101:826.748 - 0.032ms returns TRUE
T0BF4 7102:031.413 JLINK_IsHalted()
T0BF4 7102:031.439 - 0.028ms returns TRUE
T0BF4 7102:231.709 JLINK_IsHalted()
T0BF4 7102:232.118 - 0.422ms returns TRUE
T0BF4 7102:433.085 JLINK_IsHalted()
T0BF4 7102:433.123 - 0.040ms returns TRUE
T0BF4 7102:634.701 JLINK_IsHalted()
T0BF4 7102:634.786 - 0.087ms returns TRUE
T0BF4 7102:837.069 JLINK_IsHalted()
T0BF4 7102:837.417 - 0.358ms returns TRUE
T0BF4 7103:037.409 JLINK_IsHalted()
T0BF4 7103:037.433 - 0.025ms returns TRUE
T0BF4 7103:237.520 JLINK_IsHalted()
T0BF4 7103:237.543 - 0.025ms returns TRUE
T0BF4 7103:437.561 JLINK_IsHalted()
T0BF4 7103:437.966 - 0.416ms returns TRUE
T0BF4 7103:638.956 JLINK_IsHalted()
T0BF4 7103:639.014 - 0.063ms returns TRUE
T0BF4 7103:839.786 JLINK_IsHalted()
T0BF4 7103:839.816 - 0.032ms returns TRUE
T0BF4 7104:040.254 JLINK_IsHalted()
T0BF4 7104:040.666 - 0.422ms returns TRUE
T0BF4 7104:241.542 JLINK_IsHalted()
T0BF4 7104:241.574 - 0.033ms returns TRUE
T0BF4 7104:444.436 JLINK_IsHalted()
T0BF4 7104:444.464 - 0.029ms returns TRUE
T0BF4 7104:646.700 JLINK_IsHalted()
T0BF4 7104:647.215 - 0.525ms returns TRUE
T0BF4 7104:848.065 JLINK_IsHalted()
T0BF4 7104:848.092 - 0.244ms returns TRUE
T0BF4 7105:049.714 JLINK_IsHalted()
T0BF4 7105:049.735 - 0.023ms returns TRUE
T0BF4 7105:251.609 JLINK_IsHalted()
T0BF4 7105:252.058 - 0.460ms returns TRUE
T0BF4 7105:452.136 JLINK_IsHalted()
T0BF4 7105:452.159 - 0.025ms returns TRUE
T0BF4 7105:654.760 JLINK_IsHalted()
T0BF4 7105:654.783 - 0.025ms returns TRUE
T0BF4 7105:854.910 JLINK_IsHalted()
T0BF4 7105:855.339 - 0.441ms returns TRUE
T0BF4 7106:056.763 JLINK_IsHalted()
T0BF4 7106:056.795 - 0.033ms returns TRUE
T0BF4 7106:257.376 JLINK_IsHalted()
T0BF4 7106:257.399 - 0.025ms returns TRUE
T0BF4 7106:458.410 JLINK_IsHalted()
T0BF4 7106:458.904 - 0.503ms returns TRUE
T0BF4 7106:660.243 JLINK_IsHalted()
T0BF4 7106:660.282 - 0.041ms returns TRUE
T0BF4 7106:861.098 JLINK_IsHalted()
T0BF4 7106:861.126 - 0.029ms returns TRUE
T0BF4 7107:062.072 JLINK_IsHalted()
T0BF4 7107:062.536 - 0.474ms returns TRUE
T0BF4 7107:265.776 JLINK_IsHalted()
T0BF4 7107:265.801 - 0.026ms returns TRUE
T0BF4 7107:467.804 JLINK_IsHalted()
T0BF4 7107:467.826 - 0.024ms returns TRUE
T0BF4 7107:670.031 JLINK_IsHalted()
T0BF4 7107:670.579 - 0.558ms returns TRUE
T0BF4 7107:871.787 JLINK_IsHalted()
T0BF4 7107:871.814 - 0.029ms returns TRUE
T0BF4 7108:073.867 JLINK_IsHalted()
T0BF4 7108:073.892 - 0.027ms returns TRUE
T0BF4 7108:279.769 JLINK_IsHalted()
T0BF4 7108:280.232 - 0.479ms returns TRUE
T0BF4 7108:492.721 JLINK_IsHalted()
T0BF4 7108:492.757 - 0.040ms returns TRUE
T0BF4 7108:699.068 JLINK_IsHalted()
T0BF4 7108:699.128 - 0.064ms returns TRUE
T0BF4 7108:903.247 JLINK_IsHalted()
T0BF4 7108:903.950 - 0.721ms returns TRUE
T0BF4 7109:110.218 JLINK_IsHalted()
T0BF4 7109:110.242 - 0.026ms returns TRUE
T0BF4 7109:317.575 JLINK_IsHalted()
T0BF4 7109:317.597 - 0.024ms returns TRUE
T0BF4 7109:526.023 JLINK_IsHalted()
T0BF4 7109:526.486 - 0.474ms returns TRUE
T0BF4 7109:733.766 JLINK_IsHalted()
T0BF4 7109:733.788 - 0.024ms returns TRUE
T0BF4 7109:941.954 JLINK_IsHalted()
T0BF4 7109:941.980 - 0.027ms returns TRUE
T0BF4 7110:146.176 JLINK_IsHalted()
T0BF4 7110:146.704 - 0.542ms returns TRUE
T0BF4 7110:349.378 JLINK_IsHalted()
T0BF4 7110:349.407 - 0.031ms returns TRUE
T0BF4 7110:552.900 JLINK_IsHalted()
T0BF4 7110:552.924 - 0.026ms returns TRUE
T0BF4 7110:754.627 JLINK_IsHalted()
T0BF4 7110:755.138 - 0.521ms returns TRUE
T0BF4 7110:957.709 JLINK_IsHalted()
T0BF4 7110:957.734 - 0.027ms returns TRUE
T0BF4 7111:159.875 JLINK_IsHalted()
T0BF4 7111:159.899 - 0.025ms returns TRUE
T0BF4 7111:361.825 JLINK_IsHalted()
T0BF4 7111:362.320 - 0.505ms returns TRUE
T0BF4 7111:563.132 JLINK_IsHalted()
T0BF4 7111:563.155 - 0.025ms returns TRUE
T0BF4 7111:763.455 JLINK_IsHalted()
T0BF4 7111:763.480 - 0.027ms returns TRUE
T0BF4 7111:967.739 JLINK_IsHalted()
T0BF4 7111:968.227 - 0.499ms returns TRUE
T0BF4 7112:169.998 JLINK_IsHalted()
T0BF4 7112:170.022 - 0.025ms returns TRUE
T0BF4 7112:370.837 JLINK_IsHalted()
T0BF4 7112:370.864 - 0.029ms returns TRUE
T0BF4 7112:571.922 JLINK_IsHalted()
T0BF4 7112:572.432 - 0.520ms returns TRUE
T0BF4 7112:773.742 JLINK_IsHalted()
T0BF4 7112:773.771 - 0.030ms returns TRUE
T0BF4 7112:976.918 JLINK_IsHalted()
T0BF4 7112:976.943 - 0.027ms returns TRUE
T0BF4 7113:177.082 JLINK_IsHalted()
T0BF4 7113:177.547 - 0.475ms returns TRUE
T0BF4 7113:383.056 JLINK_IsHalted()
T0BF4 7113:383.078 - 0.024ms returns TRUE
T0BF4 7113:583.597 JLINK_IsHalted()
T0BF4 7113:583.620 - 0.025ms returns TRUE
T0BF4 7113:783.651 JLINK_IsHalted()
T0BF4 7113:784.222 - 0.580ms returns TRUE
T0BF4 7113:984.381 JLINK_IsHalted()
T0BF4 7113:984.404 - 0.024ms returns TRUE
T0BF4 7114:188.152 JLINK_IsHalted()
T0BF4 7114:188.197 - 0.047ms returns TRUE
T0BF4 7114:392.523 JLINK_IsHalted()
T0BF4 7114:392.897 - 0.388ms returns TRUE
T0BF4 7114:593.635 JLINK_IsHalted()
T0BF4 7114:593.658 - 0.024ms returns TRUE
T0BF4 7114:794.527 JLINK_IsHalted()
T0BF4 7114:794.555 - 0.030ms returns TRUE
T0BF4 7114:996.637 JLINK_IsHalted()
T0BF4 7114:997.010 - 0.382ms returns TRUE
T0BF4 7115:199.137 JLINK_IsHalted()
T0BF4 7115:199.168 - 0.033ms returns TRUE
T0BF4 7115:406.860 JLINK_IsHalted()
T0BF4 7115:406.927 - 0.070ms returns TRUE
T0BF4 7115:612.830 JLINK_IsHalted()
T0BF4 7115:613.257 - 0.456ms returns TRUE
T0BF4 7115:815.648 JLINK_IsHalted()
T0BF4 7115:815.697 - 0.055ms returns TRUE
T0BF4 7116:021.829 JLINK_IsHalted()
T0BF4 7116:021.855 - 0.027ms returns TRUE
T0BF4 7116:226.733 JLINK_IsHalted()
T0BF4 7116:227.204 - 0.484ms returns TRUE
T0BF4 7116:435.139 JLINK_IsHalted()
T0BF4 7116:435.163 - 0.025ms returns TRUE
T0BF4 7116:641.193 JLINK_IsHalted()
T0BF4 7116:641.247 - 0.056ms returns TRUE
T0BF4 7116:848.994 JLINK_IsHalted()
T0BF4 7116:849.423 - 0.441ms returns TRUE
T0BF4 7117:057.322 JLINK_IsHalted()
T0BF4 7117:057.349 - 0.029ms returns TRUE
T0BF4 7117:265.773 JLINK_IsHalted()
T0BF4 7117:265.813 - 0.044ms returns TRUE
T0BF4 7117:472.375 JLINK_IsHalted()
T0BF4 7117:472.889 - 0.524ms returns TRUE
T0BF4 7117:677.056 JLINK_IsHalted()
T0BF4 7117:677.092 - 0.038ms returns TRUE
T0BF4 7117:878.478 JLINK_IsHalted()
T0BF4 7117:878.507 - 0.031ms returns TRUE
T0BF4 7118:081.540 JLINK_IsHalted()
T0BF4 7118:081.897 - 0.366ms returns TRUE
T0BF4 7118:287.409 JLINK_IsHalted()
T0BF4 7118:287.432 - 0.024ms returns TRUE
T0BF4 7118:488.906 JLINK_IsHalted()
T0BF4 7118:488.930 - 0.026ms returns TRUE
T0BF4 7118:689.860 JLINK_IsHalted()
T0BF4 7118:690.343 - 0.492ms returns TRUE
T0BF4 7118:893.967 JLINK_IsHalted()
T0BF4 7118:893.990 - 0.024ms returns TRUE
T0BF4 7119:094.232 JLINK_IsHalted()
T0BF4 7119:094.258 - 0.028ms returns TRUE
T0BF4 7119:295.303 JLINK_IsHalted()
T0BF4 7119:295.789 - 0.496ms returns TRUE
T0BF4 7119:496.832 JLINK_IsHalted()
T0BF4 7119:496.858 - 0.028ms returns TRUE
T0BF4 7119:697.024 JLINK_IsHalted()
T0BF4 7119:697.049 - 0.028ms returns TRUE
T0BF4 7119:899.631 JLINK_IsHalted()
T0BF4 7119:900.109 - 0.488ms returns TRUE
T0BF4 7120:105.520 JLINK_IsHalted()
T0BF4 7120:105.543 - 0.025ms returns TRUE
T0BF4 7120:307.178 JLINK_IsHalted()
T0BF4 7120:307.210 - 0.034ms returns TRUE
T0BF4 7120:507.367 JLINK_IsHalted()
T0BF4 7120:507.724 - 0.367ms returns TRUE
T0BF4 7120:709.336 JLINK_IsHalted()
T0BF4 7120:709.360 - 0.026ms returns TRUE
T0BF4 7120:909.984 JLINK_IsHalted()
T0BF4 7120:910.009 - 0.027ms returns TRUE
T0BF4 7121:112.334 JLINK_IsHalted()
T0BF4 7121:112.767 - 0.445ms returns TRUE
T0BF4 7121:314.518 JLINK_IsHalted()
T0BF4 7121:314.548 - 0.033ms returns TRUE
T0BF4 7121:516.530 JLINK_IsHalted()
T0BF4 7121:516.599 - 0.071ms returns TRUE
T0BF4 7121:716.796 JLINK_IsHalted()
T0BF4 7121:717.104 - 0.311ms returns TRUE
T0BF4 7121:917.655 JLINK_IsHalted()
T0BF4 7121:917.690 - 0.037ms returns TRUE
T0BF4 7122:118.415 JLINK_IsHalted()
T0BF4 7122:118.441 - 0.028ms returns TRUE
T0BF4 7122:318.749 JLINK_IsHalted()
T0BF4 7122:319.051 - 0.305ms returns TRUE
T0BF4 7122:520.293 JLINK_IsHalted()
T0BF4 7122:520.318 - 0.027ms returns TRUE
T0BF4 7122:720.519 JLINK_IsHalted()
T0BF4 7122:720.545 - 0.027ms returns TRUE
T0BF4 7122:921.254 JLINK_IsHalted()
T0BF4 7122:921.764 - 0.520ms returns TRUE
T0BF4 7123:122.253 JLINK_IsHalted()
T0BF4 7123:122.277 - 0.026ms returns TRUE
T0BF4 7123:326.945 JLINK_IsHalted()
T0BF4 7123:326.971 - 0.027ms returns TRUE
T0BF4 7123:530.991 JLINK_IsHalted()
T0BF4 7123:531.367 - 0.386ms returns TRUE
T0BF4 7123:732.898 JLINK_IsHalted()
T0BF4 7123:732.949 - 0.054ms returns TRUE
T0BF4 7123:933.620 JLINK_IsHalted()
T0BF4 7123:933.647 - 0.029ms returns TRUE
T0BF4 7124:135.150 JLINK_IsHalted()
T0BF4 7124:135.474 - 0.337ms returns TRUE
T0BF4 7124:341.660 JLINK_IsHalted()
T0BF4 7124:341.737 - 0.079ms returns TRUE
T0BF4 7124:541.978 JLINK_IsHalted()
T0BF4 7124:542.002 - 0.026ms returns TRUE
T0BF4 7124:745.350 JLINK_IsHalted()
T0BF4 7124:745.831 - 0.492ms returns TRUE
T0BF4 7124:945.991 JLINK_IsHalted()
T0BF4 7124:946.015 - 0.027ms returns TRUE
T3AE8 7124:972.454 JLINK_GetBPInfo(BPHandle = 19)
T3AE8 7124:972.462 - 0.010ms returns 0x0
T3AE8 7124:972.467 JLINK_ClrBPEx(BPHandle = 0x00000013)
T3AE8 7124:972.475 - 0.009ms returns 0x00
T0BF4 7125:147.314 JLINK_IsHalted()
T0BF4 7125:147.337 - 0.025ms returns TRUE
T0BF4 7125:352.990 JLINK_IsHalted()
T0BF4 7125:353.395 - 0.418ms returns TRUE
T0BF4 7125:554.165 JLINK_IsHalted()
T0BF4 7125:554.189 - 0.026ms returns TRUE
T0BF4 7125:755.159 JLINK_IsHalted()
T0BF4 7125:755.187 - 0.030ms returns TRUE
T0BF4 7125:956.894 JLINK_IsHalted()
T0BF4 7125:957.333 - 0.498ms returns TRUE
T0BF4 7126:157.664 JLINK_IsHalted()
T0BF4 7126:157.688 - 0.025ms returns TRUE
T0BF4 7126:360.563 JLINK_IsHalted()
T0BF4 7126:360.594 - 0.033ms returns TRUE
T0BF4 7126:562.487 JLINK_IsHalted()
T0BF4 7126:562.991 - 0.515ms returns TRUE
T0BF4 7126:767.292 JLINK_IsHalted()
T0BF4 7126:767.317 - 0.027ms returns TRUE
T0BF4 7126:968.279 JLINK_IsHalted()
T0BF4 7126:968.308 - 0.031ms returns TRUE
T0BF4 7127:168.461 JLINK_IsHalted()
T0BF4 7127:169.028 - 0.577ms returns TRUE
T0BF4 7127:369.484 JLINK_IsHalted()
T0BF4 7127:369.533 - 0.050ms returns TRUE
T0BF4 7127:572.841 JLINK_IsHalted()
T0BF4 7127:572.863 - 0.024ms returns TRUE
T0BF4 7127:772.788 JLINK_IsHalted()
T0BF4 7127:773.121 - 0.338ms returns TRUE
T0BF4 7127:974.893 JLINK_IsHalted()
T0BF4 7127:974.922 - 0.030ms returns TRUE
T0BF4 7128:175.462 JLINK_IsHalted()
T0BF4 7128:175.485 - 0.024ms returns TRUE
T0BF4 7128:376.357 JLINK_IsHalted()
T0BF4 7128:376.761 - 0.414ms returns TRUE
T0BF4 7128:576.210 JLINK_IsHalted()
T0BF4 7128:576.250 - 0.042ms returns TRUE
T0BF4 7128:778.066 JLINK_IsHalted()
T0BF4 7128:778.093 - 0.029ms returns TRUE
T0BF4 7128:978.872 JLINK_IsHalted()
T0BF4 7128:979.230 - 0.368ms returns TRUE
T0BF4 7129:179.487 JLINK_IsHalted()
T0BF4 7129:179.513 - 0.028ms returns TRUE
T0BF4 7129:379.491 JLINK_IsHalted()
T0BF4 7129:379.514 - 0.025ms returns TRUE
T0BF4 7129:582.085 JLINK_IsHalted()
T0BF4 7129:582.498 - 0.421ms returns TRUE
T0BF4 7129:783.358 JLINK_IsHalted()
T0BF4 7129:783.405 - 0.049ms returns TRUE
T0BF4 7129:983.738 JLINK_IsHalted()
T0BF4 7129:983.762 - 0.025ms returns TRUE
T0BF4 7130:185.011 JLINK_IsHalted()
T0BF4 7130:185.541 - 0.539ms returns TRUE
T0BF4 7130:386.228 JLINK_IsHalted()
T0BF4 7130:386.250 - 0.024ms returns TRUE
T0BF4 7130:587.409 JLINK_IsHalted()
T0BF4 7130:587.441 - 0.033ms returns TRUE
T0BF4 7130:788.575 JLINK_IsHalted()
T0BF4 7130:789.004 - 0.439ms returns TRUE
T0BF4 7130:993.479 JLINK_IsHalted()
T0BF4 7130:993.504 - 0.027ms returns TRUE
T0BF4 7131:193.835 JLINK_IsHalted()
T0BF4 7131:193.861 - 0.028ms returns TRUE
T0BF4 7131:400.564 JLINK_IsHalted()
T0BF4 7131:400.963 - 0.440ms returns TRUE
T0BF4 7131:603.291 JLINK_IsHalted()
T0BF4 7131:603.314 - 0.025ms returns TRUE
T0BF4 7131:803.513 JLINK_IsHalted()
T0BF4 7131:803.538 - 0.027ms returns TRUE
T0BF4 7132:006.389 JLINK_IsHalted()
T0BF4 7132:006.840 - 0.461ms returns TRUE
T0BF4 7132:207.574 JLINK_IsHalted()
T0BF4 7132:207.599 - 0.027ms returns TRUE
T0BF4 7132:409.246 JLINK_IsHalted()
T0BF4 7132:409.273 - 0.029ms returns TRUE
T47E8 7132:470.253 JLINK_ReadReg(R15 (PC))
T47E8 7132:470.281 - 0.030ms returns 0x004035F8
T47E8 7132:470.354 JLINK_Go()
T47E8 7132:470.370   CPU_WriteMem(4 bytes @ 0xE0002000)
T47E8 7132:470.775   CPU_WriteMem(4 bytes @ 0xE0002000)
T47E8 7132:471.173   CPU_ReadMem(4 bytes @ 0xE0001000)
T47E8 7132:471.577   CPU_WriteMem(4 bytes @ 0xE000ED30)
T47E8 7132:472.061   CPU_WriteMem(4 bytes @ 0xE0002010)
T47E8 7132:472.985 - 2.642ms
T0BF4 7132:473.014 JLINK_IsHalted()
T0BF4 7132:473.278 - 0.268ms returns FALSE
T0BF4 7132:512.925 JLINK_IsHalted()
T0BF4 7132:513.295 - 0.381ms returns FALSE
T0BF4 7132:673.194 JLINK_IsHalted()
T0BF4 7132:673.570 - 0.389ms returns FALSE
T0BF4 7132:873.594 JLINK_IsHalted()
T0BF4 7132:874.116 - 0.532ms returns FALSE
T0BF4 7133:074.146 JLINK_IsHalted()
T0BF4 7133:074.583 - 0.447ms returns FALSE
T0BF4 7133:275.329 JLINK_IsHalted()
T0BF4 7133:275.849 - 0.529ms returns FALSE
T0BF4 7133:475.944 JLINK_IsHalted()
T0BF4 7133:476.331 - 0.396ms returns FALSE
T0BF4 7133:676.143 JLINK_IsHalted()
T0BF4 7133:676.455 - 0.315ms returns FALSE
T0BF4 7133:877.167 JLINK_IsHalted()
T0BF4 7133:877.486 - 0.324ms returns FALSE
T0BF4 7134:077.742 JLINK_IsHalted()
T0BF4 7134:078.228 - 0.496ms returns FALSE
T0BF4 7134:278.558 JLINK_IsHalted()
T0BF4 7134:278.916 - 0.372ms returns FALSE
T0BF4 7134:480.029 JLINK_IsHalted()
T0BF4 7134:480.439 - 0.433ms returns FALSE
T0BF4 7134:681.083 JLINK_IsHalted()
T0BF4 7134:681.540 - 0.476ms returns FALSE
T0BF4 7134:881.901 JLINK_IsHalted()
T0BF4 7134:882.430 - 0.544ms returns FALSE
T0BF4 7135:082.116 JLINK_IsHalted()
T0BF4 7135:082.581 - 0.478ms returns FALSE
T0BF4 7135:286.909 JLINK_IsHalted()
T0BF4 7135:287.315 - 0.434ms returns FALSE
T0BF4 7135:488.403 JLINK_IsHalted()
T0BF4 7135:488.827 - 0.433ms returns FALSE
T0BF4 7135:691.159 JLINK_IsHalted()
T0BF4 7135:691.460 - 0.304ms returns FALSE
T0BF4 7135:895.752 JLINK_IsHalted()
T0BF4 7135:896.148 - 0.407ms returns FALSE
T0BF4 7136:097.983 JLINK_IsHalted()
T0BF4 7136:098.358 - 0.384ms returns FALSE
T0BF4 7136:300.122 JLINK_IsHalted()
T0BF4 7136:300.505 - 0.394ms returns FALSE
T0BF4 7136:501.976 JLINK_IsHalted()
T0BF4 7136:502.387 - 0.420ms returns FALSE
T0BF4 7136:704.039 JLINK_IsHalted()
T0BF4 7136:704.483 - 0.453ms returns FALSE
T0BF4 7136:904.271 JLINK_IsHalted()
T0BF4 7136:904.698 - 0.438ms returns FALSE
T0BF4 7137:108.298 JLINK_IsHalted()
T0BF4 7137:108.793 - 0.505ms returns FALSE
T0BF4 7137:308.821 JLINK_IsHalted()
T0BF4 7137:309.308 - 0.496ms returns FALSE
T0BF4 7137:512.401 JLINK_IsHalted()
T0BF4 7137:512.707 - 0.309ms returns FALSE
T0BF4 7137:713.501 JLINK_IsHalted()
T0BF4 7137:713.944 - 0.454ms returns FALSE
T0BF4 7137:916.607 JLINK_IsHalted()
T0BF4 7137:917.135 - 0.539ms returns FALSE
T0BF4 7138:117.441 JLINK_IsHalted()
T0BF4 7138:117.979 - 0.548ms returns FALSE
T0BF4 7138:318.550 JLINK_IsHalted()
T0BF4 7138:318.966 - 0.425ms returns FALSE
T0BF4 7138:520.257 JLINK_IsHalted()
T0BF4 7138:520.759 - 0.518ms returns FALSE
T0BF4 7138:721.044 JLINK_IsHalted()
T0BF4 7138:721.456 - 0.424ms returns FALSE
T0BF4 7138:921.238 JLINK_IsHalted()
T0BF4 7138:921.823 - 0.594ms returns FALSE
T0BF4 7139:124.850 JLINK_IsHalted()
T0BF4 7139:125.268 - 0.428ms returns FALSE
T0BF4 7139:326.082 JLINK_IsHalted()
T0BF4 7139:326.409 - 0.331ms returns FALSE
T0BF4 7139:526.659 JLINK_IsHalted()
T0BF4 7139:527.212 - 0.563ms returns FALSE
T0BF4 7139:727.411 JLINK_IsHalted()
T0BF4 7139:727.859 - 0.458ms returns FALSE
T0BF4 7139:929.659 JLINK_IsHalted()
T0BF4 7139:929.959 - 0.303ms returns FALSE
T0BF4 7140:131.233 JLINK_IsHalted()
T0BF4 7140:131.755 - 0.557ms returns FALSE
T0BF4 7140:333.156 JLINK_IsHalted()
T0BF4 7140:333.530 - 0.384ms returns FALSE
T0BF4 7140:535.160 JLINK_IsHalted()
T0BF4 7140:535.681 - 0.530ms returns FALSE
T0BF4 7140:735.826 JLINK_IsHalted()
T0BF4 7140:736.234 - 0.417ms returns FALSE
T0BF4 7140:938.142 JLINK_IsHalted()
T0BF4 7140:938.589 - 0.457ms returns FALSE
T0BF4 7141:139.265 JLINK_IsHalted()
T0BF4 7141:139.630 - 0.375ms returns FALSE
T0BF4 7141:340.996 JLINK_IsHalted()
T0BF4 7141:341.426 - 0.440ms returns FALSE
T0BF4 7141:542.006 JLINK_IsHalted()
T0BF4 7141:542.390 - 0.397ms returns FALSE
T0BF4 7141:743.261 JLINK_IsHalted()
T0BF4 7141:743.795 - 0.547ms returns FALSE
T0BF4 7141:943.881 JLINK_IsHalted()
T0BF4 7141:944.339 - 0.468ms returns FALSE
T0BF4 7142:144.880 JLINK_IsHalted()
T0BF4 7142:145.379 - 0.509ms returns FALSE
T0BF4 7142:345.537 JLINK_IsHalted()
T0BF4 7142:345.993 - 0.465ms returns FALSE
T0BF4 7142:548.260 JLINK_IsHalted()
T0BF4 7142:549.077 - 0.827ms returns FALSE
T0BF4 7142:749.384 JLINK_IsHalted()
T0BF4 7142:752.375 - 3.071ms returns FALSE
T0BF4 7142:955.655 JLINK_IsHalted()
T0BF4 7142:956.074 - 0.430ms returns FALSE
T0BF4 7143:157.287 JLINK_IsHalted()
T0BF4 7143:157.756 - 0.479ms returns FALSE
T0BF4 7143:361.000 JLINK_IsHalted()
T0BF4 7143:361.393 - 0.405ms returns FALSE
T0BF4 7143:562.213 JLINK_IsHalted()
T0BF4 7143:562.559 - 0.353ms returns FALSE
T0BF4 7143:764.488 JLINK_IsHalted()
T0BF4 7143:764.965 - 0.498ms returns FALSE
T0BF4 7143:968.700 JLINK_IsHalted()
T0BF4 7143:969.295 - 0.627ms returns FALSE
T0BF4 7144:174.203 JLINK_IsHalted()
T0BF4 7144:174.577 - 1.232ms returns FALSE
T0BF4 7144:381.228 JLINK_IsHalted()
T0BF4 7144:381.660 - 0.450ms returns FALSE
T0BF4 7144:590.494 JLINK_IsHalted()
T0BF4 7144:590.887 - 0.404ms returns FALSE
T0BF4 7144:797.956 JLINK_IsHalted()
T0BF4 7144:798.468 - 0.530ms returns FALSE
T0BF4 7145:005.369 JLINK_IsHalted()
T0BF4 7145:006.636 - 1.283ms returns FALSE
T0BF4 7145:212.983 JLINK_IsHalted()
T0BF4 7145:215.287 - 2.322ms returns FALSE
T0BF4 7145:420.634 JLINK_IsHalted()
T0BF4 7145:421.608 - 0.984ms returns FALSE
T0BF4 7145:628.467 JLINK_IsHalted()
T0BF4 7145:629.387 - 0.934ms returns FALSE
T0BF4 7145:837.537 JLINK_IsHalted()
T0BF4 7145:838.019 - 0.495ms returns FALSE
T0BF4 7146:044.739 JLINK_IsHalted()
T0BF4 7146:045.446 - 0.740ms returns FALSE
T0BF4 7146:253.121 JLINK_IsHalted()
T0BF4 7146:253.491 - 0.381ms returns FALSE
T0BF4 7146:460.176 JLINK_IsHalted()
T0BF4 7146:460.794 - 0.635ms returns FALSE
T0BF4 7146:665.952 JLINK_IsHalted()
T0BF4 7146:666.389 - 0.464ms returns FALSE
T0BF4 7146:872.208 JLINK_IsHalted()
T0BF4 7146:872.842 - 0.650ms returns FALSE
T0BF4 7147:078.891 JLINK_IsHalted()
T0BF4 7147:079.229 - 0.350ms returns FALSE
T0BF4 7147:286.697 JLINK_IsHalted()
T0BF4 7147:287.197 - 0.525ms returns FALSE
T0BF4 7147:493.260 JLINK_IsHalted()
T0BF4 7147:493.738 - 0.492ms returns FALSE
T0BF4 7147:700.117 JLINK_IsHalted()
T0BF4 7147:700.617 - 0.514ms returns FALSE
T0BF4 7147:906.123 JLINK_IsHalted()
T0BF4 7147:906.501 - 0.389ms returns FALSE
T0BF4 7148:112.603 JLINK_IsHalted()
T0BF4 7148:113.128 - 0.541ms returns FALSE
T0BF4 7148:321.004 JLINK_IsHalted()
T0BF4 7148:321.661 - 0.683ms returns FALSE
T0BF4 7148:528.775 JLINK_IsHalted()
T0BF4 7148:529.531 - 0.772ms returns FALSE
T0BF4 7148:736.235 JLINK_IsHalted()
T0BF4 7148:736.545 - 0.317ms returns FALSE
T0BF4 7148:944.626 JLINK_IsHalted()
T0BF4 7148:945.103 - 0.488ms returns FALSE
T0BF4 7149:152.470 JLINK_IsHalted()
T0BF4 7149:152.871 - 0.412ms returns FALSE
T0BF4 7149:360.696 JLINK_IsHalted()
T0BF4 7149:361.152 - 0.467ms returns FALSE
T0BF4 7149:569.263 JLINK_IsHalted()
T0BF4 7149:569.716 - 0.464ms returns FALSE
T0BF4 7149:777.181 JLINK_IsHalted()
T0BF4 7149:777.884 - 0.724ms returns FALSE
T0BF4 7149:986.390 JLINK_IsHalted()
T0BF4 7149:989.206 - 2.844ms returns FALSE
T0BF4 7150:190.805 JLINK_IsHalted()
T0BF4 7150:191.152 - 0.361ms returns FALSE
T0BF4 7150:397.939 JLINK_IsHalted()
T0BF4 7150:398.988 - 1.059ms returns FALSE
T0BF4 7150:606.443 JLINK_IsHalted()
T0BF4 7150:606.799 - 0.368ms returns FALSE
T0BF4 7150:813.887 JLINK_IsHalted()
T0BF4 7150:814.255 - 0.395ms returns FALSE
T0BF4 7151:020.790 JLINK_IsHalted()
T0BF4 7151:021.207 - 0.436ms returns FALSE
T0BF4 7151:228.034 JLINK_IsHalted()
T0BF4 7151:228.394 - 0.368ms returns FALSE
T0BF4 7151:435.889 JLINK_IsHalted()
T0BF4 7151:436.578 - 0.706ms returns FALSE
T0BF4 7151:641.848 JLINK_IsHalted()
T0BF4 7151:642.366 - 0.536ms returns FALSE
T0BF4 7151:850.763 JLINK_IsHalted()
T0BF4 7151:851.428 - 0.675ms returns FALSE
T0BF4 7152:058.395 JLINK_IsHalted()
T0BF4 7152:059.629 - 1.244ms returns FALSE
T0BF4 7152:266.606 JLINK_IsHalted()
T0BF4 7152:266.970 - 0.374ms returns FALSE
T0BF4 7152:474.396 JLINK_IsHalted()
T0BF4 7152:475.277 - 0.909ms returns FALSE
T0BF4 7152:682.890 JLINK_IsHalted()
T0BF4 7152:683.558 - 0.681ms returns FALSE
T0BF4 7152:890.797 JLINK_IsHalted()
T0BF4 7152:891.308 - 0.541ms returns FALSE
T0BF4 7153:097.215 JLINK_IsHalted()
T0BF4 7153:098.026 - 0.821ms returns FALSE
T0BF4 7153:304.038 JLINK_IsHalted()
T0BF4 7153:304.435 - 0.408ms returns FALSE
T0BF4 7153:511.419 JLINK_IsHalted()
T0BF4 7153:512.116 - 0.708ms returns FALSE
T0BF4 7153:719.208 JLINK_IsHalted()
T0BF4 7153:719.576 - 0.379ms returns FALSE
T0BF4 7153:926.728 JLINK_IsHalted()
T0BF4 7153:927.413 - 0.701ms returns FALSE
T0BF4 7154:131.968 JLINK_IsHalted()
T0BF4 7154:132.425 - 0.467ms returns FALSE
T0BF4 7154:341.654 JLINK_IsHalted()
T0BF4 7154:342.636 - 0.992ms returns FALSE
T0BF4 7154:548.002 JLINK_IsHalted()
T0BF4 7154:549.031 - 1.043ms returns FALSE
T0BF4 7154:756.688 JLINK_IsHalted()
T0BF4 7154:757.248 - 0.578ms returns FALSE
T0BF4 7154:963.713 JLINK_IsHalted()
T0BF4 7154:964.346 - 0.662ms returns FALSE
T0BF4 7155:170.551 JLINK_IsHalted()
T0BF4 7155:171.251 - 0.717ms returns FALSE
T0BF4 7155:377.263 JLINK_IsHalted()
T0BF4 7155:377.980 - 0.726ms returns FALSE
T0BF4 7155:583.038 JLINK_IsHalted()
T0BF4 7155:583.787 - 0.765ms returns FALSE
T0BF4 7155:791.230 JLINK_IsHalted()
T0BF4 7155:791.652 - 0.437ms returns FALSE
T0BF4 7155:997.888 JLINK_IsHalted()
T0BF4 7155:999.001 - 1.124ms returns FALSE
T0BF4 7156:204.656 JLINK_IsHalted()
T0BF4 7156:204.954 - 0.301ms returns FALSE
T0BF4 7156:413.808 JLINK_IsHalted()
T0BF4 7156:414.390 - 0.602ms returns FALSE
T0BF4 7156:621.129 JLINK_IsHalted()
T0BF4 7156:622.207 - 1.100ms returns FALSE
T0BF4 7156:828.411 JLINK_IsHalted()
T0BF4 7156:828.767 - 0.366ms returns FALSE
T0BF4 7157:035.289 JLINK_IsHalted()
T0BF4 7157:035.734 - 0.469ms returns FALSE
T0BF4 7157:242.095 JLINK_IsHalted()
T0BF4 7157:242.895 - 0.862ms returns FALSE
T0BF4 7157:450.381 JLINK_IsHalted()
T0BF4 7157:450.712 - 0.341ms returns FALSE
T0BF4 7157:657.426 JLINK_IsHalted()
T0BF4 7157:657.885 - 0.493ms returns FALSE
T0BF4 7157:864.420 JLINK_IsHalted()
T0BF4 7157:864.792 - 0.385ms returns FALSE
T0BF4 7158:072.699 JLINK_IsHalted()
T0BF4 7158:073.774 - 1.092ms returns FALSE
T0BF4 7158:280.499 JLINK_IsHalted()
T0BF4 7158:281.188 - 0.699ms returns FALSE
T0BF4 7158:489.196 JLINK_IsHalted()
T0BF4 7158:490.812 - 1.632ms returns FALSE
T0BF4 7158:695.387 JLINK_IsHalted()
T0BF4 7158:696.394 - 1.022ms returns FALSE
T0BF4 7158:903.917 JLINK_IsHalted()
T0BF4 7158:904.265 - 0.363ms returns FALSE
T0BF4 7159:110.530 JLINK_IsHalted()
T0BF4 7159:111.674 - 1.155ms returns FALSE
T0BF4 7159:316.211 JLINK_IsHalted()
T0BF4 7159:316.630 - 0.440ms returns FALSE
T0BF4 7159:525.144 JLINK_IsHalted()
T0BF4 7159:525.508 - 0.377ms returns FALSE
T0BF4 7159:734.371 JLINK_IsHalted()
T0BF4 7159:735.000 - 0.654ms returns FALSE
T0BF4 7159:942.453 JLINK_IsHalted()
T0BF4 7159:942.962 - 0.535ms returns FALSE
T0BF4 7160:150.538 JLINK_IsHalted()
T0BF4 7160:150.938 - 0.407ms returns FALSE
T0BF4 7160:359.421 JLINK_IsHalted()
T0BF4 7160:359.912 - 0.516ms returns FALSE
T0BF4 7160:567.445 JLINK_IsHalted()
T0BF4 7160:569.021 - 1.593ms returns FALSE
T0BF4 7160:774.446 JLINK_IsHalted()
T0BF4 7160:775.410 - 0.976ms returns FALSE
T0BF4 7160:982.232 JLINK_IsHalted()
T0BF4 7160:982.932 - 0.718ms returns FALSE
T0BF4 7161:188.437 JLINK_IsHalted()
T0BF4 7161:188.839 - 0.414ms returns FALSE
T0BF4 7161:397.225 JLINK_IsHalted()
T0BF4 7161:397.673 - 0.475ms returns FALSE
T0BF4 7161:606.296 JLINK_IsHalted()
T0BF4 7161:606.941 - 0.652ms returns FALSE
T0BF4 7161:812.751 JLINK_IsHalted()
T0BF4 7161:813.198 - 0.481ms returns FALSE
T0BF4 7162:020.300 JLINK_IsHalted()
T0BF4 7162:020.681 - 0.411ms returns FALSE
T0BF4 7162:227.406 JLINK_IsHalted()
T0BF4 7162:227.934 - 0.562ms returns FALSE
T0BF4 7162:435.990 JLINK_IsHalted()
T0BF4 7162:436.501 - 0.524ms returns FALSE
T0BF4 7162:644.598 JLINK_IsHalted()
T0BF4 7162:645.886 - 1.298ms returns FALSE
T0BF4 7162:851.374 JLINK_IsHalted()
T0BF4 7162:852.162 - 0.800ms returns FALSE
T0BF4 7163:060.015 JLINK_IsHalted()
T0BF4 7163:060.505 - 0.503ms returns FALSE
T0BF4 7163:268.528 JLINK_IsHalted()
T0BF4 7163:269.011 - 0.509ms returns FALSE
T0BF4 7163:476.053 JLINK_IsHalted()
T0BF4 7163:476.444 - 0.425ms returns FALSE
T0BF4 7163:686.038 JLINK_IsHalted()
T0BF4 7163:686.417 - 0.387ms returns FALSE
T0BF4 7163:892.018 JLINK_IsHalted()
T0BF4 7163:892.938 - 0.940ms returns FALSE
T0BF4 7164:099.899 JLINK_IsHalted()
T0BF4 7164:100.230 - 0.344ms returns FALSE
T0BF4 7164:306.082 JLINK_IsHalted()
T0BF4 7164:306.501 - 0.433ms returns FALSE
T0BF4 7164:513.949 JLINK_IsHalted()
T0BF4 7164:514.962 - 1.026ms returns FALSE
T0BF4 7164:722.375 JLINK_IsHalted()
T0BF4 7164:722.747 - 0.385ms returns FALSE
T0BF4 7164:930.255 JLINK_IsHalted()
T0BF4 7164:931.240 - 1.006ms returns FALSE
T0BF4 7165:138.413 JLINK_IsHalted()
T0BF4 7165:139.126 - 0.734ms returns FALSE
T0BF4 7165:345.968 JLINK_IsHalted()
T0BF4 7165:347.634 - 1.679ms returns FALSE
T0BF4 7165:554.554 JLINK_IsHalted()
T0BF4 7165:555.685 - 1.147ms returns FALSE
T0BF4 7165:761.991 JLINK_IsHalted()
T0BF4 7165:762.347 - 0.363ms returns FALSE
T0BF4 7165:970.472 JLINK_IsHalted()
T0BF4 7165:970.869 - 0.410ms returns FALSE
T0BF4 7166:177.860 JLINK_IsHalted()
T0BF4 7166:178.220 - 0.367ms returns FALSE
T0BF4 7166:386.564 JLINK_IsHalted()
T0BF4 7166:387.193 - 0.645ms returns FALSE
T0BF4 7166:593.338 JLINK_IsHalted()
T0BF4 7166:593.726 - 0.404ms returns FALSE
T0BF4 7166:801.351 JLINK_IsHalted()
T0BF4 7166:801.736 - 0.397ms returns FALSE
T0BF4 7167:009.538 JLINK_IsHalted()
T0BF4 7167:010.565 - 1.047ms returns FALSE
T0BF4 7167:217.672 JLINK_IsHalted()
T0BF4 7167:218.382 - 0.728ms returns FALSE
T0BF4 7167:423.797 JLINK_IsHalted()
T0BF4 7167:424.189 - 0.417ms returns FALSE
T0BF4 7167:631.537 JLINK_IsHalted()
T0BF4 7167:632.776 - 1.268ms returns FALSE
T0BF4 7167:840.388 JLINK_IsHalted()
T0BF4 7167:840.837 - 0.461ms returns FALSE
T0BF4 7168:046.767 JLINK_IsHalted()
T0BF4 7168:047.637 - 0.963ms returns FALSE
T0BF4 7168:254.858 JLINK_IsHalted()
T0BF4 7168:256.056 - 1.212ms returns FALSE
T0BF4 7168:463.569 JLINK_IsHalted()
T0BF4 7168:464.419 - 0.866ms returns FALSE
T0BF4 7168:669.630 JLINK_IsHalted()
T0BF4 7168:670.102 - 0.490ms returns FALSE
T0BF4 7168:877.940 JLINK_IsHalted()
T0BF4 7168:878.400 - 0.473ms returns FALSE
T0BF4 7169:085.924 JLINK_IsHalted()
T0BF4 7169:086.924 - 1.018ms returns FALSE
T0BF4 7169:294.270 JLINK_IsHalted()
T0BF4 7169:295.014 - 0.762ms returns FALSE
T0BF4 7169:501.355 JLINK_IsHalted()
T0BF4 7169:503.490 - 2.147ms returns FALSE
T0BF4 7169:708.405 JLINK_IsHalted()
T0BF4 7169:708.801 - 0.430ms returns FALSE
T0BF4 7169:913.700 JLINK_IsHalted()
T0BF4 7169:914.069 - 0.380ms returns FALSE
T0BF4 7170:120.836 JLINK_IsHalted()
T0BF4 7170:121.159 - 0.332ms returns FALSE
T0BF4 7170:324.381 JLINK_IsHalted()
T0BF4 7170:324.729 - 0.363ms returns FALSE
T0BF4 7170:524.899 JLINK_IsHalted()
T0BF4 7170:525.261 - 0.372ms returns FALSE
T0BF4 7170:725.989 JLINK_IsHalted()
T0BF4 7170:726.409 - 0.431ms returns FALSE
T0BF4 7170:926.658 JLINK_IsHalted()
T0BF4 7170:927.021 - 0.372ms returns FALSE
T0BF4 7171:126.687 JLINK_IsHalted()
T0BF4 7171:127.065 - 0.395ms returns FALSE
T0BF4 7171:327.617 JLINK_IsHalted()
T0BF4 7171:327.950 - 0.346ms returns FALSE
T0BF4 7171:529.945 JLINK_IsHalted()
T0BF4 7171:530.362 - 0.455ms returns FALSE
T0BF4 7171:730.345 JLINK_IsHalted()
T0BF4 7171:730.687 - 0.358ms returns FALSE
T0BF4 7171:934.489 JLINK_IsHalted()
T0BF4 7171:934.859 - 0.381ms returns FALSE
T0BF4 7172:136.795 JLINK_IsHalted()
T0BF4 7172:137.189 - 0.401ms returns FALSE
T0BF4 7172:336.988 JLINK_IsHalted()
T0BF4 7172:337.348 - 0.371ms returns FALSE
T0BF4 7172:537.361 JLINK_IsHalted()
T0BF4 7172:537.729 - 0.378ms returns FALSE
T0BF4 7172:737.998 JLINK_IsHalted()
T0BF4 7172:738.435 - 0.447ms returns FALSE
T0BF4 7172:941.144 JLINK_IsHalted()
T0BF4 7172:941.605 - 0.470ms returns FALSE
T0BF4 7173:141.711 JLINK_IsHalted()
T0BF4 7173:142.058 - 0.360ms returns FALSE
T0BF4 7173:343.868 JLINK_IsHalted()
T0BF4 7173:344.227 - 0.369ms returns FALSE
T47E8 7173:408.632 JLINK_Halt()
T47E8 7173:411.674 - 3.064ms returns 0x00
T0BF4 7173:545.086 JLINK_IsHalted()
T0BF4 7173:545.106 - 0.022ms returns TRUE
T0BF4 7173:545.112 JLINK_GetMOEs(...)
T0BF4 7173:545.122   CPU_ReadMem(4 bytes @ 0xE000ED30)
T0BF4 7173:545.569 - 0.466ms returns 0x01
T0BF4 7173:545.585 JLINK_ReadReg(R15 (PC))
T0BF4 7173:545.592 - 0.008ms returns 0x00402CB6
T47E8 7173:546.062 JLINK_ReadReg(R15 (PC))
T47E8 7173:546.080 - 0.020ms returns 0x00402CB6
T47E8 7173:546.088 JLINK_ReadReg(R13 (SP))
T47E8 7173:546.093 - 0.007ms returns 0x2001C4C0
T47E8 7173:546.287 JLINK_ReadMemHW(0x00402CB6, 0x0004 Bytes, ...)
T47E8 7173:546.296   CPU_ReadMem(4 bytes @ 0x00402CB6)
T47E8 7173:546.785   Data:  DB B2 02 2B
T47E8 7173:546.799 - 0.514ms returns 0
T47E8 7173:547.606 JLINK_ReadReg(R0)
T47E8 7173:547.612 - 0.008ms returns 0x40008100
T47E8 7173:547.618 JLINK_ReadReg(R1)
T47E8 7173:547.622 - 0.005ms returns 0x400E0E00
T47E8 7173:547.627 JLINK_ReadReg(R2)
T47E8 7173:547.650 - 0.024ms returns 0x00008000
T47E8 7173:547.655 JLINK_ReadReg(R3)
T47E8 7173:547.659 - 0.005ms returns 0x00000000
T47E8 7173:547.664 JLINK_ReadReg(R4)
T47E8 7173:547.668 - 0.006ms returns 0x00000000
T47E8 7173:547.674 JLINK_ReadReg(R5)
T47E8 7173:547.677 - 0.005ms returns 0x4A9AA6AF
T47E8 7173:547.683 JLINK_ReadReg(R6)
T47E8 7173:547.686 - 0.005ms returns 0x00000032
T47E8 7173:547.692 JLINK_ReadReg(R7)
T47E8 7173:547.695 - 0.005ms returns 0x2001C4C0
T47E8 7173:547.701 JLINK_ReadReg(R8)
T47E8 7173:547.704 - 0.005ms returns 0x1E39B400
T47E8 7173:547.710 JLINK_ReadReg(R9)
T47E8 7173:547.713 - 0.005ms returns 0x00000003
T47E8 7173:547.719 JLINK_ReadReg(R10)
T47E8 7173:547.722 - 0.005ms returns 0x92A69C00
T47E8 7173:547.728 JLINK_ReadReg(R11)
T47E8 7173:547.732 - 0.005ms returns 0x0000000C
T47E8 7173:547.737 JLINK_ReadReg(R12)
T47E8 7173:547.741 - 0.005ms returns 0x00000000
T47E8 7173:547.746 JLINK_ReadReg(R13 (SP))
T47E8 7173:547.750 - 0.005ms returns 0x2001C4C0
T47E8 7173:547.755 JLINK_ReadReg(R14)
T47E8 7173:547.759 - 0.005ms returns 0x0040362D
T47E8 7173:547.764 JLINK_ReadReg(R15 (PC))
T47E8 7173:547.768 - 0.005ms returns 0x00402CB6
T47E8 7173:547.778 JLINK_ReadReg(XPSR)
T47E8 7173:547.782 - 0.005ms returns 0x81010000
T47E8 7173:547.788 JLINK_ReadReg(MSP)
T47E8 7173:547.791 - 0.005ms returns 0x2001C4C0
T47E8 7173:547.797 JLINK_ReadReg(PSP)
T47E8 7173:547.800 - 0.005ms returns 0xBC04212C
T47E8 7173:547.806 JLINK_ReadReg(PRIMASK)
T47E8 7173:547.810 - 0.005ms returns 0x00000000
T47E8 7173:547.815 JLINK_ReadReg(BASEPRI)
T47E8 7173:547.819 - 0.005ms returns 0x00000000
T47E8 7173:547.824 JLINK_ReadReg(FAULTMASK)
T47E8 7173:547.828 - 0.005ms returns 0x00000000
T47E8 7173:547.833 JLINK_ReadReg(CONTROL)
T47E8 7173:547.837 - 0.005ms returns 0x00000000
T47E8 7173:565.280 JLINK_ReadMem(0x2001C4C0, 0x40 Bytes, ...)
T47E8 7173:565.319   CPU_ReadMem(64 bytes @ 0x2001C4C0)
T47E8 7173:566.190    -- Updating C cache (64 bytes @ 0x2001C4C0)
T47E8 7173:566.221    -- Read from C cache (64 bytes @ 0x2001C4C0)
T47E8 7173:566.227   Data:  00 00 00 00 00 00 02 00 00 00 00 00 D3 24 00 00 ...
T47E8 7173:566.233 - 0.954ms returns 0
T47E8 7173:566.580 JLINK_ReadMemHW(0x0040362C, 0x0004 Bytes, ...)
T47E8 7173:566.601   CPU_ReadMem(4 bytes @ 0x0040362C)
T47E8 7173:566.955   Data:  18 4B 1B 69
T47E8 7173:566.968 - 0.389ms returns 0
T3AE8 7173:658.890 JLINK_ReadMem(0x40000000, 0x2DF Bytes, ...)
T3AE8 7173:658.909   CPU_ReadMem(735 bytes @ 0x40000000)
T3AE8 7173:663.616   Data:  00 00 00 00 00 00 00 00 00 00 00 00 00 00 00 00 ...
T3AE8 7173:663.629 - 4.740ms returns 0
T3AE8 7173:665.029 JLINK_ReadMem(0x40000000, 0x2DF Bytes, ...)
T3AE8 7173:665.043   CPU_ReadMem(735 bytes @ 0x40000000)
T3AE8 7173:669.685   Data:  00 00 00 00 00 00 00 00 00 00 00 00 00 00 00 00 ...
T3AE8 7173:669.699 - 4.672ms returns 0
T0BF4 7173:758.038 JLINK_IsHalted()
T0BF4 7173:758.069 - 0.033ms returns TRUE
T47E8 7173:925.825 JLINK_ReadMem(0x20000A8C, 0x1 Bytes, ...)
T47E8 7173:925.853   CPU_ReadMem(64 bytes @ 0x20000A80)
T47E8 7173:926.682    -- Updating C cache (64 bytes @ 0x20000A80)
T47E8 7173:926.697    -- Read from C cache (1 bytes @ 0x20000A8C)
T47E8 7173:926.703   Data:  08
T47E8 7173:926.710 - 0.887ms returns 0
T0BF4 7173:957.711 JLINK_IsHalted()
T0BF4 7173:958.173 - 0.466ms returns TRUE
T47E8 7173:958.193 JLINK_ReadMem(0x20000A7C, 0x4 Bytes, ...)
T47E8 7173:958.208   CPU_ReadMem(64 bytes @ 0x20000A40)
T47E8 7173:959.176    -- Updating C cache (64 bytes @ 0x20000A40)
T47E8 7173:959.191    -- Read from C cache (4 bytes @ 0x20000A7C)
T47E8 7173:959.197   Data:  90 0C 00 00
T47E8 7173:959.203 - 1.012ms returns 0
T47E8 7173:974.412 JLINK_ReadMem(0x20000A80, 0x4 Bytes, ...)
T47E8 7173:974.442    -- Read from C cache (4 bytes @ 0x20000A80)
T47E8 7173:974.454   Data:  59 00 00 00
T47E8 7173:974.464 - 0.056ms returns 0
T47E8 7173:989.814 JLINK_ReadMem(0x20000A84, 0x4 Bytes, ...)
T47E8 7173:989.838    -- Read from C cache (4 bytes @ 0x20000A84)
T47E8 7173:989.846   Data:  00 14 01 00
T47E8 7173:989.854 - 0.043ms returns 0
T47E8 7174:005.863 JLINK_ReadMem(0x20000A88, 0x4 Bytes, ...)
T47E8 7174:005.890    -- Read from C cache (4 bytes @ 0x20000A88)
T47E8 7174:005.900   Data:  E9 0C 00 00
T47E8 7174:005.907 - 0.046ms returns 0
T47E8 7174:037.627 JLINK_ReadMem(0x200009E8, 0x4 Bytes, ...)
T47E8 7174:037.656   CPU_ReadMem(64 bytes @ 0x200009C0)
T47E8 7174:038.533    -- Updating C cache (64 bytes @ 0x200009C0)
T47E8 7174:038.551    -- Read from C cache (4 bytes @ 0x200009E8)
T47E8 7174:038.559   Data:  A5 02 00 00
T47E8 7174:038.566 - 0.941ms returns 0
T47E8 7174:053.230 JLINK_ReadMem(0x20000A90, 0x4 Bytes, ...)
T47E8 7174:053.252    -- Read from C cache (4 bytes @ 0x20000A90)
T47E8 7174:053.261   Data:  F2 0F 00 00
T47E8 7174:053.268 - 0.040ms returns 0
T47E8 7174:068.469 JLINK_ReadMem(0x20000A7A, 0x1 Bytes, ...)
T47E8 7174:068.502    -- Read from C cache (1 bytes @ 0x20000A7A)
T47E8 7174:068.530   Data:  01
T47E8 7174:068.538 - 0.072ms returns 0
T47E8 7174:083.961 JLINK_ReadMem(0x20000A94, 0x4 Bytes, ...)
T47E8 7174:083.994    -- Read from C cache (4 bytes @ 0x20000A94)
T47E8 7174:084.010   Data:  00 00 00 00
T47E8 7174:084.018 - 0.059ms returns 0
T47E8 7174:115.004 JLINK_ReadMem(0x200009F4, 0x4 Bytes, ...)
T47E8 7174:115.027    -- Read from C cache (4 bytes @ 0x200009F4)
T47E8 7174:115.035   Data:  70 02 00 00
T47E8 7174:115.061 - 0.058ms returns 0
T47E8 7174:130.969 JLINK_ReadMem(0x200009DC, 0x4 Bytes, ...)
T47E8 7174:130.994    -- Read from C cache (4 bytes @ 0x200009DC)
T47E8 7174:131.001   Data:  DF 0C 00 00
T47E8 7174:131.009 - 0.041ms returns 0
T47E8 7174:147.026 JLINK_ReadMem(0x20000AD8, 0x1 Bytes, ...)
T47E8 7174:147.050   CPU_ReadMem(64 bytes @ 0x20000AC0)
T47E8 7174:148.041    -- Updating C cache (64 bytes @ 0x20000AC0)
T47E8 7174:148.055    -- Read from C cache (1 bytes @ 0x20000AD8)
T47E8 7174:148.061   Data:  00
T47E8 7174:148.067 - 1.042ms returns 0
T0BF4 7174:162.259 JLINK_IsHalted()
T0BF4 7174:162.274 - 0.016ms returns TRUE
T47E8 7174:178.209 JLINK_ReadMem(0x200009E5, 0x1 Bytes, ...)
T47E8 7174:178.235    -- Read from C cache (1 bytes @ 0x200009E5)
T47E8 7174:178.243   Data:  00
T47E8 7174:178.274 - 0.071ms returns 0
T47E8 7174:240.838 JLINK_ReadMem(0x20000A79, 0x1 Bytes, ...)
T47E8 7174:240.862    -- Read from C cache (1 bytes @ 0x20000A79)
T47E8 7174:240.894   Data:  01
T47E8 7174:240.902 - 0.066ms returns 0
T47E8 7174:271.925 JLINK_ReadMem(0x20000A80, 0x4 Bytes, ...)
T47E8 7174:271.947    -- Read from C cache (4 bytes @ 0x20000A80)
T47E8 7174:271.959   Data:  59 00 00 00
T47E8 7174:271.979 - 0.055ms returns 0
T47E8 7174:287.393 JLINK_ReadMem(0x20000A84, 0x4 Bytes, ...)
T47E8 7174:287.412    -- Read from C cache (4 bytes @ 0x20000A84)
T47E8 7174:287.420   Data:  00 14 01 00
T47E8 7174:287.439 - 0.048ms returns 0
T47E8 7174:303.303 JLINK_ReadMem(0x20000A88, 0x4 Bytes, ...)
T47E8 7174:303.335    -- Read from C cache (4 bytes @ 0x20000A88)
T47E8 7174:303.343   Data:  E9 0C 00 00
T47E8 7174:303.349 - 0.048ms returns 0
T47E8 7174:334.415 JLINK_ReadMem(0x200009E8, 0x4 Bytes, ...)
T47E8 7174:334.454    -- Read from C cache (4 bytes @ 0x200009E8)
T47E8 7174:334.465   Data:  A5 02 00 00
T47E8 7174:334.472 - 0.059ms returns 0
T47E8 7174:349.711 JLINK_ReadMem(0x20000A90, 0x4 Bytes, ...)
T47E8 7174:349.741    -- Read from C cache (4 bytes @ 0x20000A90)
T47E8 7174:349.748   Data:  F2 0F 00 00
T47E8 7174:349.756 - 0.047ms returns 0
T0BF4 7174:363.909 JLINK_IsHalted()
T0BF4 7174:363.928 - 0.021ms returns TRUE
T47E8 7174:365.380 JLINK_ReadMem(0x20000A7A, 0x1 Bytes, ...)
T47E8 7174:365.407    -- Read from C cache (1 bytes @ 0x20000A7A)
T47E8 7174:365.424   Data:  01
T47E8 7174:365.431 - 0.053ms returns 0
T47E8 7174:380.953 JLINK_ReadMem(0x20000A94, 0x4 Bytes, ...)
T47E8 7174:380.986    -- Read from C cache (4 bytes @ 0x20000A94)
T47E8 7174:380.994   Data:  00 00 00 00
T47E8 7174:381.002 - 0.051ms returns 0
T0BF4 7174:567.395 JLINK_IsHalted()
T0BF4 7174:567.861 - 0.476ms returns TRUE
T0BF4 7174:768.711 JLINK_IsHalted()
T0BF4 7174:768.734 - 0.025ms returns TRUE
T0BF4 7174:972.162 JLINK_IsHalted()
T0BF4 7174:972.187 - 0.027ms returns TRUE
T0BF4 7175:173.886 JLINK_IsHalted()
T0BF4 7175:174.267 - 0.397ms returns TRUE
T0BF4 7175:374.231 JLINK_IsHalted()
T0BF4 7175:374.254 - 0.025ms returns TRUE
T0BF4 7175:577.020 JLINK_IsHalted()
T0BF4 7175:577.043 - 0.025ms returns TRUE
T0BF4 7175:777.235 JLINK_IsHalted()
T0BF4 7175:777.758 - 0.534ms returns TRUE
T0BF4 7175:981.483 JLINK_IsHalted()
T0BF4 7175:981.508 - 0.027ms returns TRUE
T0BF4 7176:183.956 JLINK_IsHalted()
T0BF4 7176:183.979 - 0.025ms returns TRUE
T0BF4 7176:386.058 JLINK_IsHalted()
T0BF4 7176:387.615 - 1.570ms returns TRUE
T0BF4 7176:588.942 JLINK_IsHalted()
T0BF4 7176:588.967 - 0.026ms returns TRUE
T0BF4 7176:789.132 JLINK_IsHalted()
T0BF4 7176:789.160 - 0.030ms returns TRUE
T0BF4 7176:991.171 JLINK_IsHalted()
T0BF4 7176:991.612 - 0.452ms returns TRUE
T0BF4 7177:192.204 JLINK_IsHalted()
T0BF4 7177:192.227 - 0.025ms returns TRUE
T0BF4 7177:393.264 JLINK_IsHalted()
T0BF4 7177:393.301 - 0.039ms returns TRUE
T0BF4 7177:594.280 JLINK_IsHalted()
T0BF4 7177:594.613 - 0.342ms returns TRUE
T0BF4 7177:796.272 JLINK_IsHalted()
T0BF4 7177:796.299 - 0.029ms returns TRUE
T0BF4 7177:997.928 JLINK_IsHalted()
T0BF4 7177:997.957 - 0.031ms returns TRUE
T0BF4 7178:198.685 JLINK_IsHalted()
T0BF4 7178:199.110 - 0.455ms returns TRUE
T0BF4 7178:399.543 JLINK_IsHalted()
T0BF4 7178:399.574 - 0.033ms returns TRUE
T0BF4 7178:600.273 JLINK_IsHalted()
T0BF4 7178:600.309 - 0.037ms returns TRUE
T0BF4 7178:801.275 JLINK_IsHalted()
T0BF4 7178:801.793 - 0.528ms returns TRUE
T0BF4 7179:001.313 JLINK_IsHalted()
T0BF4 7179:001.341 - 0.030ms returns TRUE
T0BF4 7179:202.155 JLINK_IsHalted()
T0BF4 7179:202.179 - 0.026ms returns TRUE
T0BF4 7179:403.444 JLINK_IsHalted()
T0BF4 7179:403.937 - 0.503ms returns TRUE
T0BF4 7179:604.120 JLINK_IsHalted()
T0BF4 7179:604.143 - 0.024ms returns TRUE
T0BF4 7179:804.806 JLINK_IsHalted()
T0BF4 7179:804.831 - 0.027ms returns TRUE
T0BF4 7180:005.150 JLINK_IsHalted()
T0BF4 7180:005.657 - 0.518ms returns TRUE
T0BF4 7180:205.915 JLINK_IsHalted()
T0BF4 7180:205.938 - 0.025ms returns TRUE
T0BF4 7180:406.314 JLINK_IsHalted()
T0BF4 7180:406.349 - 0.037ms returns TRUE
T0BF4 7180:606.697 JLINK_IsHalted()
T0BF4 7180:607.172 - 0.484ms returns TRUE
T0BF4 7180:808.482 JLINK_IsHalted()
T0BF4 7180:808.512 - 0.031ms returns TRUE
T0BF4 7181:009.384 JLINK_IsHalted()
T0BF4 7181:009.414 - 0.032ms returns TRUE
T0BF4 7181:211.103 JLINK_IsHalted()
T0BF4 7181:211.641 - 0.548ms returns TRUE
T0BF4 7181:411.517 JLINK_IsHalted()
T0BF4 7181:411.539 - 0.024ms returns TRUE
T0BF4 7181:611.852 JLINK_IsHalted()
T0BF4 7181:611.878 - 0.028ms returns TRUE
T0BF4 7181:812.505 JLINK_IsHalted()
T0BF4 7181:812.794 - 0.297ms returns TRUE
T0BF4 7182:014.179 JLINK_IsHalted()
T0BF4 7182:014.207 - 0.030ms returns TRUE
T0BF4 7182:215.110 JLINK_IsHalted()
T0BF4 7182:215.135 - 0.026ms returns TRUE
T0BF4 7182:415.930 JLINK_IsHalted()
T0BF4 7182:416.428 - 0.508ms returns TRUE
T0BF4 7182:616.760 JLINK_IsHalted()
T0BF4 7182:616.782 - 0.025ms returns TRUE
T0BF4 7182:817.758 JLINK_IsHalted()
T0BF4 7182:817.788 - 0.031ms returns TRUE
T0BF4 7183:018.689 JLINK_IsHalted()
T0BF4 7183:019.113 - 0.437ms returns TRUE
T0BF4 7183:220.041 JLINK_IsHalted()
T0BF4 7183:220.067 - 0.028ms returns TRUE
T0BF4 7183:421.178 JLINK_IsHalted()
T0BF4 7183:421.204 - 0.028ms returns TRUE
T0BF4 7183:622.116 JLINK_IsHalted()
T0BF4 7183:622.623 - 0.517ms returns TRUE
T0BF4 7183:823.399 JLINK_IsHalted()
T0BF4 7183:823.422 - 0.024ms returns TRUE
T0BF4 7184:023.462 JLINK_IsHalted()
T0BF4 7184:023.488 - 0.028ms returns TRUE
T0BF4 7184:224.500 JLINK_IsHalted()
T0BF4 7184:225.057 - 0.566ms returns TRUE
T0BF4 7184:425.416 JLINK_IsHalted()
T0BF4 7184:425.450 - 0.035ms returns TRUE
T0BF4 7184:626.840 JLINK_IsHalted()
T0BF4 7184:626.871 - 0.032ms returns TRUE
T0BF4 7184:828.037 JLINK_IsHalted()
T0BF4 7184:828.570 - 0.543ms returns TRUE
T0BF4 7185:028.915 JLINK_IsHalted()
T0BF4 7185:028.939 - 0.025ms returns TRUE
T0BF4 7185:229.691 JLINK_IsHalted()
T0BF4 7185:229.716 - 0.027ms returns TRUE
T0BF4 7185:430.662 JLINK_IsHalted()
T0BF4 7185:431.158 - 0.505ms returns TRUE
T0BF4 7185:631.002 JLINK_IsHalted()
T0BF4 7185:631.029 - 0.028ms returns TRUE
T0BF4 7185:832.724 JLINK_IsHalted()
T0BF4 7185:832.753 - 0.031ms returns TRUE
T0BF4 7186:033.037 JLINK_IsHalted()
T0BF4 7186:033.525 - 0.498ms returns TRUE
T0BF4 7186:234.843 JLINK_IsHalted()
T0BF4 7186:234.868 - 0.027ms returns TRUE
T0BF4 7186:436.249 JLINK_IsHalted()
T0BF4 7186:436.272 - 0.025ms returns TRUE
T0BF4 7186:636.493 JLINK_IsHalted()
T0BF4 7186:637.014 - 0.531ms returns TRUE
T0BF4 7186:837.193 JLINK_IsHalted()
T0BF4 7186:837.213 - 0.022ms returns TRUE
T0BF4 7187:038.439 JLINK_IsHalted()
T0BF4 7187:038.461 - 0.023ms returns TRUE
T0BF4 7187:238.868 JLINK_IsHalted()
T0BF4 7187:239.394 - 0.537ms returns TRUE
T0BF4 7187:439.421 JLINK_IsHalted()
T0BF4 7187:439.446 - 0.027ms returns TRUE
T0BF4 7187:640.141 JLINK_IsHalted()
T0BF4 7187:640.168 - 0.028ms returns TRUE
T0BF4 7187:842.063 JLINK_IsHalted()
T0BF4 7187:842.508 - 0.455ms returns TRUE
T0BF4 7188:043.480 JLINK_IsHalted()
T0BF4 7188:043.507 - 0.029ms returns TRUE
T0BF4 7188:243.846 JLINK_IsHalted()
T0BF4 7188:243.877 - 0.032ms returns TRUE
T0BF4 7188:444.343 JLINK_IsHalted()
T0BF4 7188:444.904 - 0.572ms returns TRUE
T0BF4 7188:645.794 JLINK_IsHalted()
T0BF4 7188:645.820 - 0.027ms returns TRUE
T0BF4 7188:846.025 JLINK_IsHalted()
T0BF4 7188:846.049 - 0.026ms returns TRUE
T0BF4 7189:046.349 JLINK_IsHalted()
T0BF4 7189:046.830 - 0.490ms returns TRUE
T0BF4 7189:246.890 JLINK_IsHalted()
T0BF4 7189:246.932 - 0.044ms returns TRUE
T0BF4 7189:447.633 JLINK_IsHalted()
T0BF4 7189:447.658 - 0.028ms returns TRUE
T0BF4 7189:650.427 JLINK_IsHalted()
T0BF4 7189:650.885 - 0.469ms returns TRUE
T0BF4 7189:852.036 JLINK_IsHalted()
T0BF4 7189:852.061 - 0.027ms returns TRUE
T0BF4 7190:052.149 JLINK_IsHalted()
T0BF4 7190:052.193 - 0.046ms returns TRUE
T0BF4 7190:253.425 JLINK_IsHalted()
T0BF4 7190:253.910 - 0.495ms returns TRUE
T0BF4 7190:454.852 JLINK_IsHalted()
T0BF4 7190:454.870 - 0.019ms returns TRUE
T0BF4 7190:656.359 JLINK_IsHalted()
T0BF4 7190:656.468 - 0.114ms returns TRUE
T0BF4 7190:856.995 JLINK_IsHalted()
T0BF4 7190:857.453 - 0.468ms returns TRUE
T0BF4 7191:060.552 JLINK_IsHalted()
T0BF4 7191:060.583 - 0.032ms returns TRUE
T0BF4 7191:263.306 JLINK_IsHalted()
T0BF4 7191:263.327 - 0.023ms returns TRUE
T0BF4 7191:464.299 JLINK_IsHalted()
T0BF4 7191:464.823 - 0.534ms returns TRUE
T0BF4 7191:667.397 JLINK_IsHalted()
T0BF4 7191:667.427 - 0.032ms returns TRUE
T0BF4 7191:868.523 JLINK_IsHalted()
T0BF4 7191:868.550 - 0.028ms returns TRUE
T0BF4 7192:068.869 JLINK_IsHalted()
T0BF4 7192:069.322 - 0.463ms returns TRUE
T0BF4 7192:269.149 JLINK_IsHalted()
T0BF4 7192:269.175 - 0.028ms returns TRUE
T0BF4 7192:470.121 JLINK_IsHalted()
T0BF4 7192:470.146 - 0.027ms returns TRUE
T0BF4 7192:670.822 JLINK_IsHalted()
T0BF4 7192:671.254 - 0.453ms returns TRUE
T0BF4 7192:871.815 JLINK_IsHalted()
T0BF4 7192:871.837 - 0.024ms returns TRUE
T0BF4 7193:072.746 JLINK_IsHalted()
T0BF4 7193:072.776 - 0.031ms returns TRUE
T0BF4 7193:273.803 JLINK_IsHalted()
T0BF4 7193:274.320 - 0.560ms returns TRUE
T0BF4 7193:476.223 JLINK_IsHalted()
T0BF4 7193:476.245 - 0.024ms returns TRUE
T0BF4 7193:676.837 JLINK_IsHalted()
T0BF4 7193:676.862 - 0.027ms returns TRUE
T0BF4 7193:881.480 JLINK_IsHalted()
T0BF4 7193:882.039 - 0.569ms returns TRUE
T0BF4 7194:086.670 JLINK_IsHalted()
T0BF4 7194:086.695 - 0.027ms returns TRUE
T0BF4 7194:289.596 JLINK_IsHalted()
T0BF4 7194:289.624 - 0.029ms returns TRUE
T0BF4 7194:490.085 JLINK_IsHalted()
T0BF4 7194:490.586 - 0.510ms returns TRUE
T0BF4 7194:692.090 JLINK_IsHalted()
T0BF4 7194:692.116 - 0.027ms returns TRUE
T0BF4 7194:892.103 JLINK_IsHalted()
T0BF4 7194:892.139 - 0.038ms returns TRUE
T0BF4 7195:096.528 JLINK_IsHalted()
T0BF4 7195:097.035 - 0.540ms returns TRUE
T0BF4 7195:300.511 JLINK_IsHalted()
T0BF4 7195:300.537 - 0.028ms returns TRUE
T0BF4 7195:503.562 JLINK_IsHalted()
T0BF4 7195:503.593 - 0.033ms returns TRUE
T0BF4 7195:703.690 JLINK_IsHalted()
T0BF4 7195:704.194 - 0.514ms returns TRUE
T0BF4 7195:905.194 JLINK_IsHalted()
T0BF4 7195:905.212 - 0.019ms returns TRUE
T0BF4 7196:109.800 JLINK_IsHalted()
T0BF4 7196:109.826 - 0.028ms returns TRUE
T0BF4 7196:310.197 JLINK_IsHalted()
T0BF4 7196:310.620 - 0.432ms returns TRUE
T0BF4 7196:513.739 JLINK_IsHalted()
T0BF4 7196:513.763 - 0.026ms returns TRUE
T0BF4 7196:719.102 JLINK_IsHalted()
T0BF4 7196:719.121 - 0.020ms returns TRUE
T0BF4 7196:922.362 JLINK_IsHalted()
T0BF4 7196:922.803 - 0.452ms returns TRUE
T0BF4 7197:123.041 JLINK_IsHalted()
T0BF4 7197:123.068 - 0.028ms returns TRUE
T0BF4 7197:328.014 JLINK_IsHalted()
T0BF4 7197:328.038 - 0.026ms returns TRUE
T0BF4 7197:531.066 JLINK_IsHalted()
T0BF4 7197:531.539 - 0.483ms returns TRUE
T0BF4 7197:733.487 JLINK_IsHalted()
T0BF4 7197:733.511 - 0.026ms returns TRUE
T0BF4 7197:934.646 JLINK_IsHalted()
T0BF4 7197:934.672 - 0.027ms returns TRUE
T0BF4 7198:138.116 JLINK_IsHalted()
T0BF4 7198:138.634 - 0.528ms returns TRUE
T0BF4 7198:342.137 JLINK_IsHalted()
T0BF4 7198:342.161 - 0.026ms returns TRUE
T0BF4 7198:543.676 JLINK_IsHalted()
T0BF4 7198:543.701 - 0.026ms returns TRUE
T0BF4 7198:744.529 JLINK_IsHalted()
T0BF4 7198:745.028 - 0.508ms returns TRUE
T0BF4 7198:949.324 JLINK_IsHalted()
T0BF4 7198:949.349 - 0.026ms returns TRUE
T0BF4 7199:150.563 JLINK_IsHalted()
T0BF4 7199:150.589 - 0.027ms returns TRUE
T0BF4 7199:355.180 JLINK_IsHalted()
T0BF4 7199:355.654 - 0.485ms returns TRUE
T0BF4 7199:557.290 JLINK_IsHalted()
T0BF4 7199:557.314 - 0.026ms returns TRUE
T0BF4 7199:760.013 JLINK_IsHalted()
T0BF4 7199:760.041 - 0.030ms returns TRUE
T0BF4 7199:962.027 JLINK_IsHalted()
T0BF4 7199:962.512 - 0.496ms returns TRUE
T0BF4 7200:162.940 JLINK_IsHalted()
T0BF4 7200:162.964 - 0.026ms returns TRUE
T0BF4 7200:368.304 JLINK_IsHalted()
T0BF4 7200:368.330 - 0.027ms returns TRUE
T0BF4 7200:571.303 JLINK_IsHalted()
T0BF4 7200:571.751 - 0.460ms returns TRUE
T0BF4 7200:774.847 JLINK_IsHalted()
T0BF4 7200:774.872 - 0.026ms returns TRUE
T0BF4 7200:976.922 JLINK_IsHalted()
T0BF4 7200:976.952 - 0.085ms returns TRUE
T0BF4 7201:177.206 JLINK_IsHalted()
T0BF4 7201:177.689 - 0.493ms returns TRUE
T0BF4 7201:378.789 JLINK_IsHalted()
T0BF4 7201:378.817 - 0.030ms returns TRUE
T0BF4 7201:585.639 JLINK_IsHalted()
T0BF4 7201:585.662 - 0.025ms returns TRUE
T0BF4 7201:789.649 JLINK_IsHalted()
T0BF4 7201:790.150 - 0.510ms returns TRUE
T0BF4 7201:991.181 JLINK_IsHalted()
T0BF4 7201:991.206 - 0.027ms returns TRUE
T0BF4 7202:191.779 JLINK_IsHalted()
T0BF4 7202:191.805 - 0.027ms returns TRUE
T0BF4 7202:392.432 JLINK_IsHalted()
T0BF4 7202:392.906 - 0.483ms returns TRUE
T0BF4 7202:593.144 JLINK_IsHalted()
T0BF4 7202:593.170 - 0.028ms returns TRUE
T0BF4 7202:793.558 JLINK_IsHalted()
T0BF4 7202:793.582 - 0.026ms returns TRUE
T0BF4 7202:994.102 JLINK_IsHalted()
T0BF4 7202:994.659 - 0.568ms returns TRUE
T0BF4 7203:195.802 JLINK_IsHalted()
T0BF4 7203:195.827 - 0.027ms returns TRUE
T0BF4 7203:396.611 JLINK_IsHalted()
T0BF4 7203:396.631 - 0.021ms returns TRUE
T0BF4 7203:596.585 JLINK_IsHalted()
T0BF4 7203:597.083 - 0.508ms returns TRUE
T0BF4 7203:796.990 JLINK_IsHalted()
T0BF4 7203:797.014 - 0.026ms returns TRUE
T0BF4 7203:997.870 JLINK_IsHalted()
T0BF4 7203:997.895 - 0.028ms returns TRUE
T0BF4 7204:198.269 JLINK_IsHalted()
T0BF4 7204:198.748 - 0.488ms returns TRUE
T0BF4 7204:400.872 JLINK_IsHalted()
T0BF4 7204:400.900 - 0.029ms returns TRUE
T0BF4 7204:602.511 JLINK_IsHalted()
T0BF4 7204:602.538 - 0.029ms returns TRUE
T0BF4 7204:809.894 JLINK_IsHalted()
T0BF4 7204:810.397 - 0.513ms returns TRUE
T0BF4 7205:011.457 JLINK_IsHalted()
T0BF4 7205:011.477 - 0.022ms returns TRUE
T0BF4 7205:211.626 JLINK_IsHalted()
T0BF4 7205:211.653 - 0.029ms returns TRUE
T0BF4 7205:414.626 JLINK_IsHalted()
T0BF4 7205:415.137 - 0.520ms returns TRUE
T0BF4 7205:615.248 JLINK_IsHalted()
T0BF4 7205:615.270 - 0.024ms returns TRUE
T0BF4 7205:816.575 JLINK_IsHalted()
T0BF4 7205:816.598 - 0.026ms returns TRUE
T0BF4 7206:018.940 JLINK_IsHalted()
T0BF4 7206:019.358 - 0.429ms returns TRUE
T0BF4 7206:218.927 JLINK_IsHalted()
T0BF4 7206:218.953 - 0.027ms returns TRUE
T0BF4 7206:423.809 JLINK_IsHalted()
T0BF4 7206:423.836 - 0.028ms returns TRUE
T0BF4 7206:624.324 JLINK_IsHalted()
T0BF4 7206:624.746 - 0.433ms returns TRUE
T0BF4 7206:825.167 JLINK_IsHalted()
T0BF4 7206:825.192 - 0.027ms returns TRUE
T0BF4 7207:027.472 JLINK_IsHalted()
T0BF4 7207:027.503 - 0.033ms returns TRUE
T0BF4 7207:231.563 JLINK_IsHalted()
T0BF4 7207:232.050 - 0.496ms returns TRUE
T0BF4 7207:432.826 JLINK_IsHalted()
T0BF4 7207:432.850 - 0.026ms returns TRUE
T0BF4 7207:633.632 JLINK_IsHalted()
T0BF4 7207:633.657 - 0.027ms returns TRUE
T0BF4 7207:834.495 JLINK_IsHalted()
T0BF4 7207:834.992 - 0.506ms returns TRUE
T0BF4 7208:036.036 JLINK_IsHalted()
T0BF4 7208:036.066 - 0.032ms returns TRUE
T0BF4 7208:238.084 JLINK_IsHalted()
T0BF4 7208:238.118 - 0.035ms returns TRUE
T0BF4 7208:438.830 JLINK_IsHalted()
T0BF4 7208:439.230 - 0.409ms returns TRUE
T0BF4 7208:639.620 JLINK_IsHalted()
T0BF4 7208:639.650 - 0.032ms returns TRUE
T0BF4 7208:844.101 JLINK_IsHalted()
T0BF4 7208:844.128 - 0.029ms returns TRUE
T0BF4 7209:049.482 JLINK_IsHalted()
T0BF4 7209:049.804 - 0.325ms returns TRUE
T0BF4 7209:249.803 JLINK_IsHalted()
T0BF4 7209:249.850 - 0.051ms returns TRUE
T0BF4 7209:454.033 JLINK_IsHalted()
T0BF4 7209:454.058 - 0.026ms returns TRUE
T0BF4 7209:669.262 JLINK_IsHalted()
T0BF4 7209:669.723 - 0.494ms returns TRUE
T0BF4 7209:874.648 JLINK_IsHalted()
T0BF4 7209:874.687 - 0.042ms returns TRUE
T0BF4 7210:082.756 JLINK_IsHalted()
T0BF4 7210:082.780 - 0.026ms returns TRUE
T0BF4 7210:289.724 JLINK_IsHalted()
T0BF4 7210:290.252 - 0.557ms returns TRUE
T0BF4 7210:498.530 JLINK_IsHalted()
T0BF4 7210:498.558 - 0.030ms returns TRUE
T0BF4 7210:706.493 JLINK_IsHalted()
T0BF4 7210:706.523 - 0.031ms returns TRUE
T0BF4 7210:914.105 JLINK_IsHalted()
T0BF4 7210:914.639 - 0.560ms returns TRUE
T0BF4 7211:123.261 JLINK_IsHalted()
T0BF4 7211:123.291 - 0.031ms returns TRUE
T0BF4 7211:331.101 JLINK_IsHalted()
T0BF4 7211:331.132 - 0.034ms returns TRUE
T0BF4 7211:538.700 JLINK_IsHalted()
T0BF4 7211:539.182 - 0.507ms returns TRUE
T0BF4 7211:746.766 JLINK_IsHalted()
T0BF4 7211:746.804 - 0.042ms returns TRUE
T0BF4 7211:955.379 JLINK_IsHalted()
T0BF4 7211:955.391 - 0.013ms returns TRUE
T0BF4 7212:163.906 JLINK_IsHalted()
T0BF4 7212:164.384 - 0.491ms returns TRUE
T0BF4 7212:370.081 JLINK_IsHalted()
T0BF4 7212:370.110 - 0.033ms returns TRUE
T0BF4 7212:577.000 JLINK_IsHalted()
T0BF4 7212:577.046 - 0.047ms returns TRUE
T0BF4 7212:783.107 JLINK_IsHalted()
T0BF4 7212:783.494 - 0.410ms returns TRUE
T0BF4 7212:989.994 JLINK_IsHalted()
T0BF4 7212:990.031 - 0.040ms returns TRUE
T0BF4 7213:191.456 JLINK_IsHalted()
T0BF4 7213:191.482 - 0.028ms returns TRUE
T0BF4 7213:392.540 JLINK_IsHalted()
T0BF4 7213:392.881 - 0.351ms returns TRUE
T0BF4 7213:594.585 JLINK_IsHalted()
T0BF4 7213:594.612 - 0.031ms returns TRUE
T0BF4 7213:795.889 JLINK_IsHalted()
T0BF4 7213:795.913 - 0.026ms returns TRUE
T0BF4 7213:997.450 JLINK_IsHalted()
T0BF4 7213:997.866 - 0.419ms returns TRUE
T0BF4 7214:201.430 JLINK_IsHalted()
T0BF4 7214:201.469 - 0.044ms returns TRUE
T0BF4 7214:407.482 JLINK_IsHalted()
T0BF4 7214:407.501 - 0.021ms returns TRUE
T0BF4 7214:610.134 JLINK_IsHalted()
T0BF4 7214:610.650 - 0.526ms returns TRUE
T0BF4 7214:815.745 JLINK_IsHalted()
T0BF4 7214:815.771 - 0.028ms returns TRUE
T0BF4 7215:016.568 JLINK_IsHalted()
T0BF4 7215:016.593 - 0.027ms returns TRUE
T0BF4 7215:220.121 JLINK_IsHalted()
T0BF4 7215:220.628 - 0.518ms returns TRUE
T0BF4 7215:423.467 JLINK_IsHalted()
T0BF4 7215:423.495 - 0.029ms returns TRUE
T0BF4 7215:625.616 JLINK_IsHalted()
T0BF4 7215:625.652 - 0.038ms returns TRUE
T47E8 7215:708.667 JLINK_ReadReg(R15 (PC))
T47E8 7215:708.682 - 0.016ms returns 0x00402CB6
T47E8 7215:708.767 JLINK_Go()
T47E8 7215:708.789   CPU_WriteMem(4 bytes @ 0xE0002000)
T47E8 7215:709.244   CPU_WriteMem(4 bytes @ 0xE0002000)
T47E8 7215:709.606   CPU_ReadMem(4 bytes @ 0xE0001000)
T47E8 7215:710.018   CPU_WriteMem(4 bytes @ 0xE000ED30)
T47E8 7215:711.005 - 2.259ms
T0BF4 7215:711.061 JLINK_IsHalted()
T0BF4 7215:711.437 - 0.387ms returns FALSE
T0BF4 7215:752.124 JLINK_IsHalted()
T0BF4 7215:752.560 - 0.445ms returns FALSE
T0BF4 7215:913.453 JLINK_IsHalted()
T0BF4 7215:913.934 - 0.491ms returns FALSE
T0BF4 7216:117.231 JLINK_IsHalted()
T0BF4 7216:117.701 - 0.480ms returns FALSE
T0BF4 7216:319.247 JLINK_IsHalted()
T0BF4 7216:319.748 - 0.511ms returns FALSE
T0BF4 7216:522.576 JLINK_IsHalted()
T0BF4 7216:522.890 - 0.326ms returns FALSE
T0BF4 7216:723.707 JLINK_IsHalted()
T0BF4 7216:724.125 - 0.428ms returns FALSE
T0BF4 7216:924.302 JLINK_IsHalted()
T0BF4 7216:924.751 - 0.459ms returns FALSE
T0BF4 7217:125.522 JLINK_IsHalted()
T0BF4 7217:125.979 - 0.464ms returns FALSE
T0BF4 7217:327.451 JLINK_IsHalted()
T0BF4 7217:327.937 - 0.496ms returns FALSE
T0BF4 7217:529.684 JLINK_IsHalted()
T0BF4 7217:530.066 - 0.392ms returns FALSE
T0BF4 7217:741.178 JLINK_IsHalted()
T0BF4 7217:742.000 - 0.895ms returns FALSE
T0BF4 7217:948.018 JLINK_IsHalted()
T0BF4 7217:949.124 - 1.122ms returns FALSE
T0BF4 7218:155.152 JLINK_IsHalted()
T0BF4 7218:155.850 - 0.714ms returns FALSE
T0BF4 7218:362.152 JLINK_IsHalted()
T0BF4 7218:363.150 - 1.010ms returns FALSE
T0BF4 7218:570.179 JLINK_IsHalted()
T0BF4 7218:570.589 - 0.514ms returns FALSE
T0BF4 7218:776.887 JLINK_IsHalted()
T0BF4 7218:777.565 - 0.695ms returns FALSE
T0BF4 7218:984.582 JLINK_IsHalted()
T0BF4 7218:985.281 - 0.717ms returns FALSE
T0BF4 7219:193.173 JLINK_IsHalted()
T0BF4 7219:194.139 - 0.989ms returns FALSE
T0BF4 7219:401.158 JLINK_IsHalted()
T0BF4 7219:401.659 - 0.520ms returns FALSE
T0BF4 7219:609.594 JLINK_IsHalted()
T0BF4 7219:609.963 - 0.380ms returns FALSE
T0BF4 7219:817.070 JLINK_IsHalted()
T0BF4 7219:817.844 - 0.792ms returns FALSE
T0BF4 7220:024.594 JLINK_IsHalted()
T0BF4 7220:026.775 - 2.191ms returns FALSE
T0BF4 7220:233.848 JLINK_IsHalted()
T0BF4 7220:234.835 - 1.004ms returns FALSE
T0BF4 7220:441.560 JLINK_IsHalted()
T0BF4 7220:441.988 - 0.445ms returns FALSE
T0BF4 7220:650.532 JLINK_IsHalted()
T0BF4 7220:650.859 - 0.341ms returns FALSE
T0BF4 7220:857.488 JLINK_IsHalted()
T0BF4 7220:858.511 - 1.037ms returns FALSE
T0BF4 7221:066.623 JLINK_IsHalted()
T0BF4 7221:067.323 - 0.718ms returns FALSE
T0BF4 7221:274.688 JLINK_IsHalted()
T0BF4 7221:275.543 - 0.862ms returns FALSE
T0BF4 7221:481.572 JLINK_IsHalted()
T0BF4 7221:482.533 - 0.971ms returns FALSE
T0BF4 7221:689.440 JLINK_IsHalted()
T0BF4 7221:689.962 - 0.539ms returns FALSE
T0BF4 7221:897.769 JLINK_IsHalted()
T0BF4 7221:898.093 - 0.328ms returns FALSE
T0BF4 7222:104.492 JLINK_IsHalted()
T0BF4 7222:105.860 - 1.379ms returns FALSE
T0BF4 7222:313.641 JLINK_IsHalted()
T0BF4 7222:314.419 - 0.788ms returns FALSE
T0BF4 7222:520.870 JLINK_IsHalted()
T0BF4 7222:521.985 - 1.127ms returns FALSE
T0BF4 7222:728.949 JLINK_IsHalted()
T0BF4 7222:729.365 - 0.429ms returns FALSE
T0BF4 7222:935.535 JLINK_IsHalted()
T0BF4 7222:936.342 - 0.841ms returns FALSE
T0BF4 7223:142.480 JLINK_IsHalted()
T0BF4 7223:143.052 - 0.590ms returns FALSE
T0BF4 7223:350.411 JLINK_IsHalted()
T0BF4 7223:350.941 - 0.552ms returns FALSE
T0BF4 7223:558.575 JLINK_IsHalted()
T0BF4 7223:559.239 - 0.679ms returns FALSE
T0BF4 7223:766.482 JLINK_IsHalted()
T0BF4 7223:767.737 - 1.274ms returns FALSE
T0BF4 7223:974.661 JLINK_IsHalted()
T0BF4 7223:975.073 - 0.423ms returns FALSE
T0BF4 7224:183.377 JLINK_IsHalted()
T0BF4 7224:183.937 - 0.590ms returns FALSE
T0BF4 7224:393.337 JLINK_IsHalted()
T0BF4 7224:394.175 - 0.845ms returns FALSE
T0BF4 7224:598.822 JLINK_IsHalted()
T0BF4 7224:599.226 - 0.421ms returns FALSE
T0BF4 7224:804.851 JLINK_IsHalted()
T0BF4 7224:805.308 - 0.496ms returns FALSE
T0BF4 7225:012.304 JLINK_IsHalted()
T0BF4 7225:012.820 - 0.531ms returns FALSE
T0BF4 7225:220.614 JLINK_IsHalted()
T0BF4 7225:221.789 - 1.206ms returns FALSE
T0BF4 7225:429.694 JLINK_IsHalted()
T0BF4 7225:430.045 - 0.362ms returns FALSE
T0BF4 7225:636.271 JLINK_IsHalted()
T0BF4 7225:637.175 - 0.917ms returns FALSE
T0BF4 7225:843.817 JLINK_IsHalted()
T0BF4 7225:844.204 - 0.395ms returns FALSE
T0BF4 7226:052.907 JLINK_IsHalted()
T0BF4 7226:053.439 - 0.556ms returns FALSE
T0BF4 7226:260.238 JLINK_IsHalted()
T0BF4 7226:261.043 - 0.838ms returns FALSE
T0BF4 7226:468.169 JLINK_IsHalted()
T0BF4 7226:468.484 - 0.320ms returns FALSE
T0BF4 7226:676.276 JLINK_IsHalted()
T0BF4 7226:676.736 - 0.485ms returns FALSE
T0BF4 7226:884.709 JLINK_IsHalted()
T0BF4 7226:885.350 - 0.667ms returns FALSE
T0BF4 7227:092.385 JLINK_IsHalted()
T0BF4 7227:092.951 - 0.591ms returns FALSE
T0BF4 7227:302.016 JLINK_IsHalted()
T0BF4 7227:302.593 - 0.603ms returns FALSE
T0BF4 7227:509.768 JLINK_IsHalted()
T0BF4 7227:510.287 - 0.545ms returns FALSE
T0BF4 7227:718.141 JLINK_IsHalted()
T0BF4 7227:718.658 - 0.543ms returns FALSE
T0BF4 7227:925.668 JLINK_IsHalted()
T0BF4 7227:926.120 - 0.476ms returns FALSE
T0BF4 7228:132.332 JLINK_IsHalted()
T0BF4 7228:132.932 - 0.631ms returns FALSE
T0BF4 7228:342.370 JLINK_IsHalted()
T0BF4 7228:343.035 - 0.676ms returns FALSE
T0BF4 7228:549.438 JLINK_IsHalted()
T0BF4 7228:549.871 - 0.460ms returns FALSE
T0BF4 7228:757.324 JLINK_IsHalted()
T0BF4 7228:757.838 - 0.526ms returns FALSE
T0BF4 7228:965.655 JLINK_IsHalted()
T0BF4 7228:966.502 - 0.862ms returns FALSE
T0BF4 7229:172.976 JLINK_IsHalted()
T0BF4 7229:173.388 - 0.441ms returns FALSE
T0BF4 7229:382.179 JLINK_IsHalted()
T0BF4 7229:382.553 - 0.380ms returns FALSE
T0BF4 7229:591.582 JLINK_IsHalted()
T0BF4 7229:592.022 - 0.454ms returns FALSE
T0BF4 7229:799.378 JLINK_IsHalted()
T0BF4 7229:799.870 - 0.507ms returns FALSE
T0BF4 7230:007.803 JLINK_IsHalted()
T0BF4 7230:008.678 - 0.891ms returns FALSE
T0BF4 7230:216.231 JLINK_IsHalted()
T0BF4 7230:216.707 - 0.500ms returns FALSE
T0BF4 7230:424.082 JLINK_IsHalted()
T0BF4 7230:424.624 - 0.557ms returns FALSE
T0BF4 7230:631.291 JLINK_IsHalted()
T0BF4 7230:632.312 - 1.035ms returns FALSE
T0BF4 7230:839.882 JLINK_IsHalted()
T0BF4 7230:840.347 - 0.487ms returns FALSE
T0BF4 7231:048.401 JLINK_IsHalted()
T0BF4 7231:048.900 - 0.525ms returns FALSE
T0BF4 7231:254.786 JLINK_IsHalted()
T0BF4 7231:255.689 - 0.914ms returns FALSE
T0BF4 7231:462.392 JLINK_IsHalted()
T0BF4 7231:462.795 - 0.415ms returns FALSE
T0BF4 7231:669.487 JLINK_IsHalted()
T0BF4 7231:670.341 - 0.870ms returns FALSE
T0BF4 7231:878.547 JLINK_IsHalted()
T0BF4 7231:879.244 - 0.714ms returns FALSE
T0BF4 7232:087.982 JLINK_IsHalted()
T0BF4 7232:089.945 - 1.980ms returns FALSE
T0BF4 7232:294.540 JLINK_IsHalted()
T0BF4 7232:295.135 - 0.617ms returns FALSE
T0BF4 7232:501.907 JLINK_IsHalted()
T0BF4 7232:502.246 - 0.351ms returns FALSE
T0BF4 7232:710.728 JLINK_IsHalted()
T0BF4 7232:711.799 - 1.083ms returns FALSE
T0BF4 7232:917.999 JLINK_IsHalted()
T0BF4 7232:919.008 - 1.020ms returns FALSE
T0BF4 7233:127.939 JLINK_IsHalted()
T0BF4 7233:129.434 - 1.511ms returns FALSE
T0BF4 7233:333.739 JLINK_IsHalted()
T0BF4 7233:334.337 - 0.630ms returns FALSE
T0BF4 7233:541.423 JLINK_IsHalted()
T0BF4 7233:541.798 - 0.389ms returns FALSE
T0BF4 7233:748.871 JLINK_IsHalted()
T0BF4 7233:749.320 - 0.474ms returns FALSE
T0BF4 7233:957.407 JLINK_IsHalted()
T0BF4 7233:958.042 - 0.661ms returns FALSE
T0BF4 7234:165.549 JLINK_IsHalted()
T0BF4 7234:166.178 - 0.654ms returns FALSE
T0BF4 7234:373.944 JLINK_IsHalted()
T0BF4 7234:374.398 - 0.465ms returns FALSE
T0BF4 7234:582.378 JLINK_IsHalted()
T0BF4 7234:583.059 - 0.706ms returns FALSE
T0BF4 7234:791.432 JLINK_IsHalted()
T0BF4 7234:791.944 - 0.522ms returns FALSE
T0BF4 7234:998.821 JLINK_IsHalted()
T0BF4 7234:999.568 - 0.763ms returns FALSE
T0BF4 7235:206.311 JLINK_IsHalted()
T0BF4 7235:207.104 - 0.810ms returns FALSE
T0BF4 7235:414.185 JLINK_IsHalted()
T0BF4 7235:415.059 - 0.887ms returns FALSE
T0BF4 7235:622.998 JLINK_IsHalted()
T0BF4 7235:623.701 - 0.720ms returns FALSE
T0BF4 7235:830.829 JLINK_IsHalted()
T0BF4 7235:831.218 - 0.401ms returns FALSE
T0BF4 7236:036.941 JLINK_IsHalted()
T0BF4 7236:038.156 - 1.248ms returns FALSE
T0BF4 7236:246.597 JLINK_IsHalted()
T0BF4 7236:247.469 - 0.879ms returns FALSE
T0BF4 7236:452.805 JLINK_IsHalted()
T0BF4 7236:453.558 - 0.769ms returns FALSE
T0BF4 7236:661.152 JLINK_IsHalted()
T0BF4 7236:662.571 - 1.443ms returns FALSE
T0BF4 7236:869.901 JLINK_IsHalted()
T0BF4 7236:870.622 - 0.738ms returns FALSE
T0BF4 7237:077.144 JLINK_IsHalted()
T0BF4 7237:077.906 - 0.796ms returns FALSE
T0BF4 7237:286.433 JLINK_IsHalted()
T0BF4 7237:286.792 - 0.372ms returns FALSE
T0BF4 7237:494.673 JLINK_IsHalted()
T0BF4 7237:495.563 - 0.903ms returns FALSE
T0BF4 7237:703.460 JLINK_IsHalted()
T0BF4 7237:704.019 - 0.576ms returns FALSE
T0BF4 7237:910.595 JLINK_IsHalted()
T0BF4 7237:910.988 - 0.403ms returns FALSE
T0BF4 7238:115.911 JLINK_IsHalted()
T0BF4 7238:116.841 - 0.962ms returns FALSE
T0BF4 7238:322.987 JLINK_IsHalted()
T0BF4 7238:323.356 - 0.381ms returns FALSE
T0BF4 7238:530.823 JLINK_IsHalted()
T0BF4 7238:531.997 - 1.186ms returns FALSE
T0BF4 7238:737.905 JLINK_IsHalted()
T0BF4 7238:739.114 - 1.222ms returns FALSE
T0BF4 7238:946.361 JLINK_IsHalted()
T0BF4 7238:947.432 - 1.084ms returns FALSE
T0BF4 7239:154.410 JLINK_IsHalted()
T0BF4 7239:155.137 - 0.744ms returns FALSE
T0BF4 7239:362.636 JLINK_IsHalted()
T0BF4 7239:363.015 - 0.390ms returns FALSE
T0BF4 7239:569.108 JLINK_IsHalted()
T0BF4 7239:570.338 - 1.243ms returns FALSE
T0BF4 7239:777.430 JLINK_IsHalted()
T0BF4 7239:779.229 - 1.816ms returns FALSE
T0BF4 7239:984.635 JLINK_IsHalted()
T0BF4 7239:985.255 - 0.640ms returns FALSE
T0BF4 7240:193.934 JLINK_IsHalted()
T0BF4 7240:194.651 - 0.737ms returns FALSE
T0BF4 7240:400.543 JLINK_IsHalted()
T0BF4 7240:400.863 - 0.324ms returns FALSE
T0BF4 7240:609.055 JLINK_IsHalted()
T0BF4 7240:610.051 - 1.013ms returns FALSE
T0BF4 7240:816.235 JLINK_IsHalted()
T0BF4 7240:817.107 - 0.888ms returns FALSE
T0BF4 7241:024.025 JLINK_IsHalted()
T0BF4 7241:024.663 - 0.663ms returns FALSE
T0BF4 7241:230.881 JLINK_IsHalted()
T0BF4 7241:231.662 - 0.815ms returns FALSE
T0BF4 7241:438.220 JLINK_IsHalted()
T0BF4 7241:438.659 - 0.455ms returns FALSE
T0BF4 7241:646.976 JLINK_IsHalted()
T0BF4 7241:647.629 - 0.673ms returns FALSE
T0BF4 7241:853.391 JLINK_IsHalted()
T0BF4 7241:853.809 - 0.432ms returns FALSE
T0BF4 7242:059.765 JLINK_IsHalted()
T0BF4 7242:060.102 - 0.345ms returns FALSE
T0BF4 7242:266.991 JLINK_IsHalted()
T0BF4 7242:267.380 - 0.403ms returns FALSE
T0BF4 7242:473.464 JLINK_IsHalted()
T0BF4 7242:473.854 - 0.403ms returns FALSE
T0BF4 7242:682.372 JLINK_IsHalted()
T0BF4 7242:683.348 - 0.988ms returns FALSE
T0BF4 7242:888.391 JLINK_IsHalted()
T0BF4 7242:888.793 - 0.414ms returns FALSE
T0BF4 7243:097.553 JLINK_IsHalted()
T0BF4 7243:098.093 - 0.553ms returns FALSE
T0BF4 7243:305.038 JLINK_IsHalted()
T0BF4 7243:305.446 - 0.425ms returns FALSE
T0BF4 7243:512.015 JLINK_IsHalted()
T0BF4 7243:512.391 - 0.386ms returns FALSE
T0BF4 7243:718.435 JLINK_IsHalted()
T0BF4 7243:719.413 - 0.990ms returns FALSE
T0BF4 7243:926.197 JLINK_IsHalted()
T0BF4 7243:926.960 - 0.780ms returns FALSE
T0BF4 7244:132.776 JLINK_IsHalted()
T0BF4 7244:133.441 - 0.681ms returns FALSE
T0BF4 7244:340.864 JLINK_IsHalted()
T0BF4 7244:341.382 - 0.550ms returns FALSE
T0BF4 7244:548.872 JLINK_IsHalted()
T0BF4 7244:549.246 - 0.397ms returns FALSE
T0BF4 7244:758.181 JLINK_IsHalted()
T0BF4 7244:758.665 - 0.510ms returns FALSE
T0BF4 7244:966.021 JLINK_IsHalted()
T0BF4 7244:966.554 - 0.558ms returns FALSE
T0BF4 7245:174.450 JLINK_IsHalted()
T0BF4 7245:174.901 - 0.468ms returns FALSE
T0BF4 7245:381.479 JLINK_IsHalted()
T0BF4 7245:381.988 - 0.534ms returns FALSE
T0BF4 7245:589.524 JLINK_IsHalted()
T0BF4 7245:589.934 - 0.421ms returns FALSE
T0BF4 7245:797.072 JLINK_IsHalted()
T0BF4 7245:797.513 - 0.453ms returns FALSE
T0BF4 7246:004.781 JLINK_IsHalted()
T0BF4 7246:005.311 - 0.556ms returns FALSE
T0BF4 7246:212.963 JLINK_IsHalted()
T0BF4 7246:213.448 - 0.509ms returns FALSE
T0BF4 7246:421.333 JLINK_IsHalted()
T0BF4 7246:421.775 - 0.463ms returns FALSE
T0BF4 7246:629.216 JLINK_IsHalted()
T0BF4 7246:629.746 - 0.555ms returns FALSE
T0BF4 7246:837.657 JLINK_IsHalted()
T0BF4 7246:838.281 - 0.649ms returns FALSE
T0BF4 7247:045.286 JLINK_IsHalted()
T0BF4 7247:045.758 - 0.492ms returns FALSE
T0BF4 7247:253.145 JLINK_IsHalted()
T0BF4 7247:254.058 - 0.924ms returns FALSE
T0BF4 7247:460.656 JLINK_IsHalted()
T0BF4 7247:461.072 - 0.429ms returns FALSE
T0BF4 7247:668.273 JLINK_IsHalted()
T0BF4 7247:669.079 - 0.828ms returns FALSE
T0BF4 7247:875.809 JLINK_IsHalted()
T0BF4 7247:877.067 - 1.269ms returns FALSE
T0BF4 7248:081.347 JLINK_IsHalted()
T0BF4 7248:082.663 - 1.340ms returns FALSE
T0BF4 7248:288.756 JLINK_IsHalted()
T0BF4 7248:289.226 - 0.496ms returns FALSE
T0BF4 7248:498.221 JLINK_IsHalted()
T0BF4 7248:498.642 - 0.440ms returns FALSE
T0BF4 7248:705.941 JLINK_IsHalted()
T0BF4 7248:706.463 - 0.547ms returns FALSE
T0BF4 7248:914.273 JLINK_IsHalted()
T0BF4 7248:914.996 - 0.753ms returns FALSE
T0BF4 7249:119.574 JLINK_IsHalted()
T0BF4 7249:119.957 - 0.394ms returns FALSE
T0BF4 7249:324.567 JLINK_IsHalted()
T0BF4 7249:324.909 - 0.353ms returns FALSE
T0BF4 7249:531.597 JLINK_IsHalted()
T0BF4 7249:531.989 - 0.398ms returns FALSE
T0BF4 7249:739.894 JLINK_IsHalted()
T0BF4 7249:740.336 - 0.459ms returns FALSE
T0BF4 7249:942.368 JLINK_IsHalted()
T0BF4 7249:942.781 - 0.427ms returns FALSE
T0BF4 7250:142.822 JLINK_IsHalted()
T0BF4 7250:143.295 - 0.490ms returns FALSE
T0BF4 7250:347.368 JLINK_IsHalted()
T0BF4 7250:347.892 - 0.534ms returns FALSE
T0BF4 7250:547.567 JLINK_IsHalted()
T0BF4 7250:547.974 - 0.418ms returns FALSE
T0BF4 7250:748.699 JLINK_IsHalted()
T0BF4 7250:748.992 - 0.297ms returns FALSE
T0BF4 7250:949.879 JLINK_IsHalted()
T0BF4 7250:950.317 - 0.447ms returns FALSE
T0BF4 7251:150.212 JLINK_IsHalted()
T0BF4 7251:150.556 - 0.354ms returns FALSE
T0BF4 7251:351.968 JLINK_IsHalted()
T0BF4 7251:352.402 - 0.442ms returns FALSE
T0BF4 7251:552.532 JLINK_IsHalted()
T0BF4 7251:552.848 - 0.328ms returns FALSE
T0BF4 7251:755.993 JLINK_IsHalted()
T0BF4 7251:756.469 - 0.485ms returns FALSE
T0BF4 7251:956.799 JLINK_IsHalted()
T0BF4 7251:957.121 - 0.328ms returns FALSE
T0BF4 7252:157.204 JLINK_IsHalted()
T0BF4 7252:157.690 - 0.496ms returns FALSE
T0BF4 7252:360.566 JLINK_IsHalted()
T0BF4 7252:361.069 - 0.512ms returns FALSE
T0BF4 7252:561.745 JLINK_IsHalted()
T0BF4 7252:562.271 - 0.536ms returns FALSE
T0BF4 7252:766.684 JLINK_IsHalted()
T0BF4 7252:767.204 - 0.529ms returns FALSE
T0BF4 7252:968.831 JLINK_IsHalted()
T0BF4 7252:969.780 - 0.959ms returns FALSE
T0BF4 7253:170.379 JLINK_IsHalted()
T0BF4 7253:170.878 - 0.509ms returns FALSE
T0BF4 7253:371.206 JLINK_IsHalted()
T0BF4 7253:371.695 - 0.499ms returns FALSE
T0BF4 7253:571.982 JLINK_IsHalted()
T0BF4 7253:576.613 - 4.647ms returns FALSE
T0BF4 7253:786.080 JLINK_IsHalted()
T0BF4 7253:786.535 - 0.478ms returns FALSE
T0BF4 7253:992.117 JLINK_IsHalted()
T0BF4 7253:993.190 - 1.086ms returns FALSE
T0BF4 7254:197.720 JLINK_IsHalted()
T0BF4 7254:198.130 - 0.424ms returns FALSE
T0BF4 7254:406.180 JLINK_IsHalted()
T0BF4 7254:406.624 - 0.469ms returns FALSE
T0BF4 7254:615.639 JLINK_IsHalted()
T0BF4 7254:615.992 - 0.358ms returns FALSE
T0BF4 7254:823.711 JLINK_IsHalted()
T0BF4 7254:824.231 - 0.546ms returns FALSE
T0BF4 7255:031.881 JLINK_IsHalted()
T0BF4 7255:032.298 - 0.440ms returns FALSE
T0BF4 7255:237.952 JLINK_IsHalted()
T0BF4 7255:238.690 - 0.754ms returns FALSE
T0BF4 7255:446.313 JLINK_IsHalted()
T0BF4 7255:446.964 - 0.676ms returns FALSE
T0BF4 7255:654.578 JLINK_IsHalted()
T0BF4 7255:655.039 - 0.472ms returns FALSE
T0BF4 7255:862.044 JLINK_IsHalted()
T0BF4 7255:863.035 - 1.011ms returns FALSE
T0BF4 7256:071.910 JLINK_IsHalted()
T0BF4 7256:073.037 - 1.136ms returns FALSE
T0BF4 7256:277.594 JLINK_IsHalted()
T0BF4 7256:278.084 - 0.505ms returns FALSE
T0BF4 7256:485.461 JLINK_IsHalted()
T0BF4 7256:486.126 - 0.694ms returns FALSE
T0BF4 7256:692.120 JLINK_IsHalted()
T0BF4 7256:692.450 - 0.334ms returns FALSE
T0BF4 7256:902.256 JLINK_IsHalted()
T0BF4 7256:902.795 - 0.564ms returns FALSE
T0BF4 7257:107.974 JLINK_IsHalted()
T0BF4 7257:108.312 - 0.352ms returns FALSE
T0BF4 7257:314.859 JLINK_IsHalted()
T0BF4 7257:315.304 - 0.455ms returns FALSE
T0BF4 7257:523.622 JLINK_IsHalted()
T0BF4 7257:523.930 - 0.314ms returns FALSE
T0BF4 7257:730.068 JLINK_IsHalted()
T0BF4 7257:730.558 - 0.518ms returns FALSE
T0BF4 7257:936.960 JLINK_IsHalted()
T0BF4 7257:937.283 - 0.331ms returns FALSE
T0BF4 7258:142.417 JLINK_IsHalted()
T0BF4 7258:143.401 - 1.000ms returns FALSE
T0BF4 7258:351.527 JLINK_IsHalted()
T0BF4 7258:351.861 - 0.343ms returns FALSE
T0BF4 7258:557.920 JLINK_IsHalted()
T0BF4 7258:558.766 - 0.861ms returns FALSE
T0BF4 7258:766.572 JLINK_IsHalted()
T0BF4 7258:767.630 - 1.074ms returns FALSE
T0BF4 7258:974.256 JLINK_IsHalted()
T0BF4 7258:974.683 - 0.448ms returns FALSE
T0BF4 7259:178.370 JLINK_IsHalted()
T0BF4 7259:178.762 - 0.409ms returns FALSE
T0BF4 7259:384.132 JLINK_IsHalted()
T0BF4 7259:384.522 - 0.405ms returns FALSE
T0BF4 7259:591.655 JLINK_IsHalted()
T0BF4 7259:592.136 - 0.507ms returns FALSE
T0BF4 7259:800.089 JLINK_IsHalted()
T0BF4 7259:801.154 - 1.076ms returns FALSE
T0BF4 7260:007.766 JLINK_IsHalted()
T0BF4 7260:008.598 - 0.857ms returns FALSE
T0BF4 7260:214.970 JLINK_IsHalted()
T0BF4 7260:215.427 - 0.477ms returns FALSE
T0BF4 7260:422.237 JLINK_IsHalted()
T0BF4 7260:422.660 - 0.436ms returns FALSE
T0BF4 7260:628.880 JLINK_IsHalted()
T0BF4 7260:629.692 - 0.819ms returns FALSE
T0BF4 7260:837.398 JLINK_IsHalted()
T0BF4 7260:838.077 - 0.697ms returns FALSE
T0BF4 7261:044.741 JLINK_IsHalted()
T0BF4 7261:045.749 - 1.036ms returns FALSE
T0BF4 7261:252.921 JLINK_IsHalted()
T0BF4 7261:253.601 - 0.698ms returns FALSE
T0BF4 7261:460.212 JLINK_IsHalted()
T0BF4 7261:460.605 - 0.405ms returns FALSE
T0BF4 7261:668.136 JLINK_IsHalted()
T0BF4 7261:668.734 - 0.621ms returns FALSE
T0BF4 7261:874.939 JLINK_IsHalted()
T0BF4 7261:875.492 - 0.566ms returns FALSE
T0BF4 7262:083.191 JLINK_IsHalted()
T0BF4 7262:083.648 - 0.473ms returns FALSE
T0BF4 7262:289.811 JLINK_IsHalted()
T0BF4 7262:290.143 - 0.344ms returns FALSE
T0BF4 7262:497.832 JLINK_IsHalted()
T0BF4 7262:498.527 - 0.715ms returns FALSE
T0BF4 7262:702.490 JLINK_IsHalted()
T0BF4 7262:703.874 - 1.395ms returns FALSE
T0BF4 7262:909.949 JLINK_IsHalted()
T0BF4 7262:911.752 - 1.844ms returns FALSE
T0BF4 7263:116.671 JLINK_IsHalted()
T0BF4 7263:117.065 - 0.406ms returns FALSE
T0BF4 7263:322.885 JLINK_IsHalted()
T0BF4 7263:323.281 - 0.408ms returns FALSE
T0BF4 7263:530.713 JLINK_IsHalted()
T0BF4 7263:531.095 - 0.393ms returns FALSE
T0BF4 7263:739.060 JLINK_IsHalted()
T0BF4 7263:740.001 - 0.960ms returns FALSE
T0BF4 7263:944.296 JLINK_IsHalted()
T0BF4 7263:944.727 - 0.445ms returns FALSE
T0BF4 7264:153.043 JLINK_IsHalted()
T0BF4 7264:153.813 - 0.783ms returns FALSE
T0BF4 7264:360.934 JLINK_IsHalted()
T0BF4 7264:361.878 - 0.976ms returns FALSE
T0BF4 7264:569.105 JLINK_IsHalted()
T0BF4 7264:569.486 - 0.393ms returns FALSE
T0BF4 7264:776.476 JLINK_IsHalted()
T0BF4 7264:776.878 - 0.424ms returns FALSE
T0BF4 7264:984.978 JLINK_IsHalted()
T0BF4 7264:985.704 - 0.744ms returns FALSE
T0BF4 7265:191.613 JLINK_IsHalted()
T0BF4 7265:192.528 - 0.927ms returns FALSE
T0BF4 7265:400.108 JLINK_IsHalted()
T0BF4 7265:400.386 - 0.280ms returns FALSE
T0BF4 7265:605.334 JLINK_IsHalted()
T0BF4 7265:605.723 - 0.401ms returns FALSE
T0BF4 7265:812.342 JLINK_IsHalted()
T0BF4 7265:813.653 - 1.328ms returns FALSE
T0BF4 7266:019.544 JLINK_IsHalted()
T0BF4 7266:020.563 - 1.033ms returns FALSE
T0BF4 7266:227.523 JLINK_IsHalted()
T0BF4 7266:228.115 - 0.615ms returns FALSE
T0BF4 7266:435.400 JLINK_IsHalted()
T0BF4 7266:436.093 - 0.721ms returns FALSE
T0BF4 7266:643.048 JLINK_IsHalted()
T0BF4 7266:643.393 - 0.356ms returns FALSE
T0BF4 7266:851.398 JLINK_IsHalted()
T0BF4 7266:852.342 - 0.959ms returns FALSE
T0BF4 7267:058.751 JLINK_IsHalted()
T0BF4 7267:059.233 - 0.499ms returns FALSE
T0BF4 7267:265.305 JLINK_IsHalted()
T0BF4 7267:266.681 - 1.400ms returns FALSE
T0BF4 7267:473.411 JLINK_IsHalted()
T0BF4 7267:473.884 - 0.510ms returns FALSE
T0BF4 7267:680.635 JLINK_IsHalted()
T0BF4 7267:681.724 - 1.106ms returns FALSE
T0BF4 7267:887.858 JLINK_IsHalted()
T0BF4 7267:888.300 - 0.454ms returns FALSE
T0BF4 7268:093.249 JLINK_IsHalted()
T0BF4 7268:093.679 - 0.444ms returns FALSE
T0BF4 7268:298.901 JLINK_IsHalted()
T0BF4 7268:299.478 - 0.606ms returns FALSE
T0BF4 7268:505.259 JLINK_IsHalted()
T0BF4 7268:506.354 - 1.105ms returns FALSE
T0BF4 7268:713.292 JLINK_IsHalted()
T0BF4 7268:713.675 - 0.392ms returns FALSE
T0BF4 7268:920.349 JLINK_IsHalted()
T0BF4 7268:921.132 - 0.847ms returns FALSE
T0BF4 7269:125.711 JLINK_IsHalted()
T0BF4 7269:126.214 - 0.536ms returns FALSE
T0BF4 7269:337.653 JLINK_IsHalted()
T0BF4 7269:338.015 - 0.392ms returns FALSE
T0BF4 7269:542.151 JLINK_IsHalted()
T0BF4 7269:542.693 - 0.571ms returns FALSE
T0BF4 7269:753.320 JLINK_IsHalted()
T0BF4 7269:754.514 - 1.214ms returns FALSE
T0BF4 7269:966.196 JLINK_IsHalted()
T0BF4 7269:966.617 - 0.432ms returns FALSE
T0BF4 7270:168.417 JLINK_IsHalted()
T0BF4 7270:168.808 - 0.412ms returns FALSE
T0BF4 7270:376.904 JLINK_IsHalted()
T0BF4 7270:377.380 - 0.517ms returns FALSE
T0BF4 7270:588.217 JLINK_IsHalted()
T0BF4 7270:588.565 - 0.365ms returns FALSE
T0BF4 7270:793.061 JLINK_IsHalted()
T0BF4 7270:793.465 - 0.435ms returns FALSE
T0BF4 7270:998.079 JLINK_IsHalted()
T0BF4 7270:998.523 - 0.455ms returns FALSE
T0BF4 7271:207.191 JLINK_IsHalted()
T0BF4 7271:207.747 - 0.575ms returns FALSE
T0BF4 7271:415.043 JLINK_IsHalted()
T0BF4 7271:415.692 - 0.669ms returns FALSE
T0BF4 7271:622.966 JLINK_IsHalted()
T0BF4 7271:623.498 - 0.541ms returns FALSE
T0BF4 7271:829.696 JLINK_IsHalted()
T0BF4 7271:830.288 - 0.612ms returns FALSE
T0BF4 7272:030.478 JLINK_IsHalted()
T0BF4 7272:031.635 - 1.176ms returns FALSE
T0BF4 7272:237.900 JLINK_IsHalted()
T0BF4 7272:238.312 - 0.433ms returns FALSE
T0BF4 7272:442.805 JLINK_IsHalted()
T0BF4 7272:443.348 - 0.572ms returns FALSE
T0BF4 7272:647.043 JLINK_IsHalted()
T0BF4 7272:647.456 - 0.433ms returns FALSE
T0BF4 7272:859.448 JLINK_IsHalted()
T0BF4 7272:860.160 - 0.787ms returns FALSE
T0BF4 7273:060.640 JLINK_IsHalted()
T0BF4 7273:061.043 - 0.424ms returns FALSE
T0BF4 7273:270.384 JLINK_IsHalted()
T0BF4 7273:270.806 - 0.451ms returns FALSE
T0BF4 7273:475.494 JLINK_IsHalted()
T0BF4 7273:475.932 - 0.449ms returns FALSE
T0BF4 7273:681.182 JLINK_IsHalted()
T0BF4 7273:681.518 - 0.350ms returns FALSE
T0BF4 7273:894.970 JLINK_IsHalted()
T0BF4 7273:895.328 - 0.362ms returns FALSE
T0BF4 7274:104.346 JLINK_IsHalted()
T0BF4 7274:104.688 - 0.387ms returns FALSE
T0BF4 7274:313.603 JLINK_IsHalted()
T0BF4 7274:313.947 - 0.356ms returns FALSE
T0BF4 7274:516.058 JLINK_IsHalted()
T0BF4 7274:516.524 - 0.480ms returns FALSE
T0BF4 7274:721.016 JLINK_IsHalted()
T0BF4 7274:721.402 - 0.452ms returns FALSE
T0BF4 7274:932.916 JLINK_IsHalted()
T0BF4 7274:935.543 - 2.660ms returns FALSE
T0BF4 7275:144.248 JLINK_IsHalted()
T0BF4 7275:144.713 - 0.489ms returns FALSE
T0BF4 7275:354.890 JLINK_IsHalted()
T0BF4 7275:355.278 - 0.407ms returns FALSE
T0BF4 7275:555.613 JLINK_IsHalted()
T0BF4 7275:557.104 - 1.504ms returns FALSE
T0BF4 7275:768.166 JLINK_IsHalted()
T0BF4 7275:768.719 - 0.576ms returns FALSE
T0BF4 7275:979.944 JLINK_IsHalted()
T0BF4 7275:980.496 - 0.577ms returns FALSE
T0BF4 7276:190.008 JLINK_IsHalted()
T0BF4 7276:191.340 - 1.361ms returns FALSE
T0BF4 7276:398.673 JLINK_IsHalted()
T0BF4 7276:399.552 - 0.897ms returns FALSE
T0BF4 7276:606.214 JLINK_IsHalted()
T0BF4 7276:607.881 - 1.684ms returns FALSE
T0BF4 7276:811.630 JLINK_IsHalted()
T0BF4 7276:812.027 - 0.491ms returns FALSE
T0BF4 7277:023.732 JLINK_IsHalted()
T0BF4 7277:024.206 - 0.504ms returns FALSE
T0BF4 7277:223.515 JLINK_IsHalted()
T0BF4 7277:224.319 - 0.820ms returns FALSE
T0BF4 7277:431.875 JLINK_IsHalted()
T0BF4 7277:432.309 - 0.455ms returns FALSE
T0BF4 7277:633.847 JLINK_IsHalted()
T0BF4 7277:634.412 - 0.575ms returns FALSE
T0BF4 7277:850.059 JLINK_IsHalted()
T0BF4 7277:851.010 - 0.962ms returns FALSE
T0BF4 7278:060.366 JLINK_IsHalted()
T0BF4 7278:060.902 - 0.554ms returns FALSE
T0BF4 7278:271.027 JLINK_IsHalted()
T0BF4 7278:271.577 - 0.571ms returns FALSE
T0BF4 7278:473.333 JLINK_IsHalted()
T0BF4 7278:473.778 - 0.458ms returns FALSE
T0BF4 7278:683.915 JLINK_IsHalted()
T0BF4 7278:684.693 - 0.841ms returns FALSE
T0BF4 7278:891.653 JLINK_IsHalted()
T0BF4 7278:892.039 - 0.396ms returns FALSE
T0BF4 7279:093.338 JLINK_IsHalted()
T0BF4 7279:094.422 - 1.097ms returns FALSE
T0BF4 7279:306.774 JLINK_IsHalted()
T0BF4 7279:307.230 - 0.471ms returns FALSE
T0BF4 7279:513.564 JLINK_IsHalted()
T0BF4 7279:513.929 - 0.375ms returns FALSE
T0BF4 7279:715.264 JLINK_IsHalted()
T0BF4 7279:715.912 - 0.676ms returns FALSE
T0BF4 7279:922.872 JLINK_IsHalted()
T0BF4 7279:923.331 - 0.471ms returns FALSE
T0BF4 7280:124.441 JLINK_IsHalted()
T0BF4 7280:124.816 - 0.390ms returns FALSE
T0BF4 7280:330.738 JLINK_IsHalted()
T0BF4 7280:331.121 - 0.402ms returns FALSE
T0BF4 7280:535.843 JLINK_IsHalted()
T0BF4 7280:536.221 - 0.388ms returns FALSE
T0BF4 7280:746.342 JLINK_IsHalted()
T0BF4 7280:747.389 - 1.060ms returns FALSE
T0BF4 7280:957.710 JLINK_IsHalted()
T0BF4 7280:958.176 - 0.508ms returns FALSE
T0BF4 7281:161.938 JLINK_IsHalted()
T0BF4 7281:162.336 - 0.412ms returns FALSE
T0BF4 7281:370.838 JLINK_IsHalted()
T0BF4 7281:371.562 - 0.739ms returns FALSE
T0BF4 7281:577.493 JLINK_IsHalted()
T0BF4 7281:577.914 - 0.438ms returns FALSE
T0BF4 7281:780.011 JLINK_IsHalted()
T0BF4 7281:780.541 - 0.556ms returns FALSE
T0BF4 7281:993.509 JLINK_IsHalted()
T0BF4 7281:994.719 - 1.222ms returns FALSE
T0BF4 7282:195.195 JLINK_IsHalted()
T0BF4 7282:195.572 - 0.388ms returns FALSE
T0BF4 7282:408.762 JLINK_IsHalted()
T0BF4 7282:409.200 - 0.466ms returns FALSE
T0BF4 7282:616.795 JLINK_IsHalted()
T0BF4 7282:617.333 - 0.551ms returns FALSE
T0BF4 7282:822.067 JLINK_IsHalted()
T0BF4 7282:823.577 - 1.525ms returns FALSE
T0BF4 7283:029.509 JLINK_IsHalted()
T0BF4 7283:029.883 - 0.399ms returns FALSE
T0BF4 7283:233.659 JLINK_IsHalted()
T0BF4 7283:235.299 - 1.674ms returns FALSE
T0BF4 7283:441.091 JLINK_IsHalted()
T0BF4 7283:441.774 - 0.717ms returns FALSE
T0BF4 7283:641.833 JLINK_IsHalted()
T0BF4 7283:642.266 - 0.477ms returns FALSE
T0BF4 7283:844.352 JLINK_IsHalted()
T0BF4 7283:844.955 - 0.623ms returns FALSE
T0BF4 7284:054.052 JLINK_IsHalted()
T0BF4 7284:054.615 - 0.581ms returns FALSE
T0BF4 7284:259.657 JLINK_IsHalted()
T0BF4 7284:260.070 - 0.424ms returns FALSE
T0BF4 7284:464.325 JLINK_IsHalted()
T0BF4 7284:464.756 - 0.445ms returns FALSE
T0BF4 7284:675.204 JLINK_IsHalted()
T0BF4 7284:675.953 - 0.765ms returns FALSE
T0BF4 7284:887.226 JLINK_IsHalted()
T0BF4 7284:887.635 - 0.426ms returns FALSE
T0BF4 7285:090.357 JLINK_IsHalted()
T0BF4 7285:090.834 - 0.488ms returns FALSE
T0BF4 7285:303.764 JLINK_IsHalted()
T0BF4 7285:305.166 - 1.412ms returns FALSE
T0BF4 7285:504.564 JLINK_IsHalted()
T0BF4 7285:505.039 - 0.485ms returns FALSE
T0BF4 7285:709.971 JLINK_IsHalted()
T0BF4 7285:710.300 - 0.335ms returns FALSE
T0BF4 7285:913.791 JLINK_IsHalted()
T0BF4 7285:914.387 - 0.622ms returns FALSE
T0BF4 7286:119.106 JLINK_IsHalted()
T0BF4 7286:119.849 - 0.801ms returns FALSE
T0BF4 7286:333.009 JLINK_IsHalted()
T0BF4 7286:333.426 - 0.428ms returns FALSE
T0BF4 7286:546.355 JLINK_IsHalted()
T0BF4 7286:546.842 - 0.499ms returns FALSE
T0BF4 7286:752.079 JLINK_IsHalted()
T0BF4 7286:752.418 - 0.347ms returns FALSE
T0BF4 7286:962.055 JLINK_IsHalted()
T0BF4 7286:962.508 - 0.463ms returns FALSE
T0BF4 7287:170.519 JLINK_IsHalted()
T0BF4 7287:171.015 - 0.507ms returns FALSE
T0BF4 7287:387.484 JLINK_IsHalted()
T0BF4 7287:388.151 - 0.690ms returns FALSE
T0BF4 7287:597.339 JLINK_IsHalted()
T0BF4 7287:597.680 - 0.363ms returns FALSE
T0BF4 7287:808.420 JLINK_IsHalted()
T0BF4 7287:808.816 - 0.406ms returns FALSE
T0BF4 7288:009.616 JLINK_IsHalted()
T0BF4 7288:009.976 - 0.383ms returns FALSE
T0BF4 7288:218.960 JLINK_IsHalted()
T0BF4 7288:219.333 - 0.394ms returns FALSE
T0BF4 7288:419.884 JLINK_IsHalted()
T0BF4 7288:420.339 - 0.474ms returns FALSE
T0BF4 7288:628.539 JLINK_IsHalted()
T0BF4 7288:628.996 - 0.488ms returns FALSE
T0BF4 7288:835.666 JLINK_IsHalted()
T0BF4 7288:837.158 - 1.503ms returns FALSE
T0BF4 7289:048.459 JLINK_IsHalted()
T0BF4 7289:048.946 - 0.509ms returns FALSE
T0BF4 7289:259.437 JLINK_IsHalted()
T0BF4 7289:260.114 - 0.704ms returns FALSE
T0BF4 7289:470.803 JLINK_IsHalted()
T0BF4 7289:471.549 - 0.763ms returns FALSE
T0BF4 7289:680.432 JLINK_IsHalted()
T0BF4 7289:680.790 - 0.376ms returns FALSE
T0BF4 7289:884.113 JLINK_IsHalted()
T0BF4 7289:884.486 - 0.394ms returns FALSE
T0BF4 7290:089.454 JLINK_IsHalted()
T0BF4 7290:089.792 - 0.354ms returns FALSE
T0BF4 7290:290.091 JLINK_IsHalted()
T0BF4 7290:290.533 - 0.458ms returns FALSE
T0BF4 7290:502.521 JLINK_IsHalted()
T0BF4 7290:502.975 - 0.472ms returns FALSE
T0BF4 7290:719.932 JLINK_IsHalted()
T0BF4 7290:720.503 - 0.590ms returns FALSE
T0BF4 7290:929.777 JLINK_IsHalted()
T0BF4 7290:931.033 - 1.266ms returns FALSE
T0BF4 7291:142.922 JLINK_IsHalted()
T0BF4 7291:143.374 - 0.467ms returns FALSE
T0BF4 7291:350.868 JLINK_IsHalted()
T0BF4 7291:351.255 - 0.398ms returns FALSE
T0BF4 7291:563.665 JLINK_IsHalted()
T0BF4 7291:564.104 - 0.451ms returns FALSE
T0BF4 7291:774.565 JLINK_IsHalted()
T0BF4 7291:774.950 - 0.398ms returns FALSE
T0BF4 7291:984.751 JLINK_IsHalted()
T0BF4 7291:986.487 - 1.857ms returns FALSE
T0BF4 7292:201.457 JLINK_IsHalted()
T0BF4 7292:202.556 - 1.117ms returns FALSE
T0BF4 7292:414.105 JLINK_IsHalted()
T0BF4 7292:414.455 - 0.363ms returns FALSE
T0BF4 7292:625.341 JLINK_IsHalted()
T0BF4 7292:625.967 - 0.651ms returns FALSE
T0BF4 7292:839.008 JLINK_IsHalted()
T0BF4 7292:839.629 - 0.663ms returns FALSE
T0BF4 7293:043.141 JLINK_IsHalted()
T0BF4 7293:043.536 - 0.409ms returns FALSE
T0BF4 7293:245.496 JLINK_IsHalted()
T0BF4 7293:245.910 - 0.433ms returns FALSE
T33C0 7293:320.850 JLINK_EMU_GetList(InterfaceMask = 0x00000001, MaxInfos = 0x00000032) 
T33C0 7293:321.151   [0]: USB, S/N: 801051071
T33C0 7293:321.163 - 0.317ms returns 1
T33C0 7293:321.265 JLINK_EMU_GetList(InterfaceMask = 0x00000002, MaxInfos = 0x00000032) 
T33C0 7293:344.575 - 23.345ms returns 0
T0BF4 7293:446.174 JLINK_IsHalted()
T0BF4 7293:448.089 - 1.961ms returns FALSE
T0BF4 7293:648.575 JLINK_IsHalted()
T0BF4 7293:650.246 - 1.682ms returns FALSE
T0BF4 7293:855.479 JLINK_IsHalted()
T0BF4 7293:857.620 - 2.162ms returns ERROR
T04F4 7293:887.021   
  ***** Error: Connection to emulator lost!
T0BF4 7294:063.027 JLINK_IsHalted()
T0BF4 7294:063.057 - 0.032ms returns ERROR
T0BF4 7294:263.986 JLINK_IsHalted()
T0BF4 7294:264.014 - 0.030ms returns ERROR
T33C0 7294:363.831 JLINK_EMU_GetList(InterfaceMask = 0x00000001, MaxInfos = 0x00000032) 
T33C0 7294:364.304 - 0.486ms returns 0
T33C0 7294:364.323 JLINK_EMU_GetList(InterfaceMask = 0x00000002, MaxInfos = 0x00000032) 
T33C0 7294:387.385 - 23.095ms returns 0
T3AE8 7294:430.575 JLINK_GetBPInfo(BPHandle = 6)
T3AE8 7294:430.601 - 0.032ms returns 0x0
T3AE8 7294:430.614 JLINK_ClrBPEx(BPHandle = 0x00000006)
T3AE8 7294:430.620 - 0.008ms returns 0x01
T3AE8 7294:430.771 JLINK_GetBPInfo(BPHandle = 8)
T3AE8 7294:430.779 - 0.010ms returns 0x0
T3AE8 7294:430.786 JLINK_ClrBPEx(BPHandle = 0x00000008)
T3AE8 7294:430.791 - 0.008ms returns 0x01
T0BF4 7294:465.499 JLINK_IsHalted()
T0BF4 7294:465.532 - 0.035ms returns ERROR
T3AE8 7294:466.198 JLINK_ResetPullsRESET(ON)
T3AE8 7294:466.214 - 0.018ms
T3AE8 7294:466.221 JLINK_ResetNoHalt()
T3AE8 7294:466.720 - 0.505ms
T3AE8 7294:472.044 JLINK_Close()
T3AE8 7294:484.447 - 12.420ms
T3AE8 7294:484.469   
T3AE8 7294:484.474   Closed
