
EE326.elf:     file format elf32-littlearm

Sections:
Idx Name          Size      VMA       LMA       File off  Algn
  0 .text         000095fc  00400000  00400000  00010000  2**6
                  CONTENTS, ALLOC, LOAD, READONLY, CODE
  1 .ARM.exidx    00000008  004095fc  004095fc  000195fc  2**2
                  CONTENTS, ALLOC, LOAD, READONLY, DATA
  2 .relocate     000009c0  20000000  00409604  00020000  2**3
                  CONTENTS, ALLOC, LOAD, CODE
  3 .bss          00018be0  200009c0  00409fc4  000209c0  2**2
                  ALLOC
  4 .stack        00003000  200195a0  00422ba4  000209c0  2**0
                  ALLOC
  5 .ARM.attributes 0000002a  00000000  00000000  000209c0  2**0
                  CONTENTS, READONLY
  6 .comment      00000059  00000000  00000000  000209ea  2**0
                  CONTENTS, READONLY
  7 .debug_info   000189ad  00000000  00000000  00020a43  2**0
                  CONTENTS, READONLY, DEBUGGING
  8 .debug_abbrev 0000314e  00000000  00000000  000393f0  2**0
                  CONTENTS, READONLY, DEBUGGING
  9 .debug_aranges 00000d68  00000000  00000000  0003c53e  2**0
                  CONTENTS, READONLY, DEBUGGING
 10 .debug_ranges 00000c68  00000000  00000000  0003d2a6  2**0
                  CONTENTS, READONLY, DEBUGGING
 11 .debug_macro  0001613a  00000000  00000000  0003df0e  2**0
                  CONTENTS, READONLY, DEBUGGING
 12 .debug_line   0001030a  00000000  00000000  00054048  2**0
                  CONTENTS, READONLY, DEBUGGING
 13 .debug_str    00052291  00000000  00000000  00064352  2**0
                  CONTENTS, READONLY, DEBUGGING
 14 .debug_frame  00004534  00000000  00000000  000b65e4  2**2
                  CONTENTS, READONLY, DEBUGGING
 15 .debug_loc    000079a4  00000000  00000000  000bab18  2**0
                  CONTENTS, READONLY, DEBUGGING

Disassembly of section .text:

00400000 <exception_table>:
  400000:	a0 c5 01 20 49 24 40 00 11 25 40 00 11 25 40 00     ... I$@..%@..%@.
  400010:	11 25 40 00 11 25 40 00 11 25 40 00 00 00 00 00     .%@..%@..%@.....
	...
  40002c:	11 25 40 00 11 25 40 00 00 00 00 00 11 25 40 00     .%@..%@......%@.
  40003c:	11 25 40 00 11 25 40 00 11 25 40 00 11 25 40 00     .%@..%@..%@..%@.
  40004c:	11 25 40 00 11 25 40 00 11 25 40 00 11 25 40 00     .%@..%@..%@..%@.
  40005c:	00 00 00 00 11 25 40 00 11 25 40 00 00 00 00 00     .....%@..%@.....
  40006c:	41 28 40 00 d1 19 40 00 00 00 00 00 85 0b 40 00     A(@...@.......@.
  40007c:	11 25 40 00 00 00 00 00 00 00 00 00 11 25 40 00     .%@..........%@.
  40008c:	11 25 40 00 11 25 40 00 11 25 40 00 11 25 40 00     .%@..%@..%@..%@.
  40009c:	21 09 40 00 11 25 40 00 11 25 40 00 00 00 00 00     !.@..%@..%@.....
	...
  4000b4:	11 25 40 00 11 25 40 00 11 25 40 00 11 25 40 00     .%@..%@..%@..%@.
  4000c4:	11 25 40 00 11 25 40 00                             .%@..%@.

004000cc <__do_global_dtors_aux>:
  4000cc:	b510      	push	{r4, lr}
  4000ce:	4c05      	ldr	r4, [pc, #20]	; (4000e4 <__do_global_dtors_aux+0x18>)
  4000d0:	7823      	ldrb	r3, [r4, #0]
  4000d2:	b933      	cbnz	r3, 4000e2 <__do_global_dtors_aux+0x16>
  4000d4:	4b04      	ldr	r3, [pc, #16]	; (4000e8 <__do_global_dtors_aux+0x1c>)
  4000d6:	b113      	cbz	r3, 4000de <__do_global_dtors_aux+0x12>
  4000d8:	4804      	ldr	r0, [pc, #16]	; (4000ec <__do_global_dtors_aux+0x20>)
  4000da:	f3af 8000 	nop.w
  4000de:	2301      	movs	r3, #1
  4000e0:	7023      	strb	r3, [r4, #0]
  4000e2:	bd10      	pop	{r4, pc}
  4000e4:	200009c0 	.word	0x200009c0
  4000e8:	00000000 	.word	0x00000000
  4000ec:	00409604 	.word	0x00409604

004000f0 <frame_dummy>:
  4000f0:	4b0c      	ldr	r3, [pc, #48]	; (400124 <frame_dummy+0x34>)
  4000f2:	b143      	cbz	r3, 400106 <frame_dummy+0x16>
  4000f4:	480c      	ldr	r0, [pc, #48]	; (400128 <frame_dummy+0x38>)
  4000f6:	490d      	ldr	r1, [pc, #52]	; (40012c <frame_dummy+0x3c>)
  4000f8:	b510      	push	{r4, lr}
  4000fa:	f3af 8000 	nop.w
  4000fe:	480c      	ldr	r0, [pc, #48]	; (400130 <frame_dummy+0x40>)
  400100:	6803      	ldr	r3, [r0, #0]
  400102:	b923      	cbnz	r3, 40010e <frame_dummy+0x1e>
  400104:	bd10      	pop	{r4, pc}
  400106:	480a      	ldr	r0, [pc, #40]	; (400130 <frame_dummy+0x40>)
  400108:	6803      	ldr	r3, [r0, #0]
  40010a:	b933      	cbnz	r3, 40011a <frame_dummy+0x2a>
  40010c:	4770      	bx	lr
  40010e:	4b09      	ldr	r3, [pc, #36]	; (400134 <frame_dummy+0x44>)
  400110:	2b00      	cmp	r3, #0
  400112:	d0f7      	beq.n	400104 <frame_dummy+0x14>
  400114:	e8bd 4010 	ldmia.w	sp!, {r4, lr}
  400118:	4718      	bx	r3
  40011a:	4b06      	ldr	r3, [pc, #24]	; (400134 <frame_dummy+0x44>)
  40011c:	2b00      	cmp	r3, #0
  40011e:	d0f5      	beq.n	40010c <frame_dummy+0x1c>
  400120:	4718      	bx	r3
  400122:	bf00      	nop
  400124:	00000000 	.word	0x00000000
  400128:	00409604 	.word	0x00409604
  40012c:	200009c4 	.word	0x200009c4
  400130:	00409604 	.word	0x00409604
  400134:	00000000 	.word	0x00000000

00400138 <pdc_tx_init>:
 */
void pdc_tx_init(
		Pdc *p_pdc,
		pdc_packet_t *p_packet,
		pdc_packet_t *p_next_packet)
{
  400138:	b480      	push	{r7}
  40013a:	b085      	sub	sp, #20
  40013c:	af00      	add	r7, sp, #0
  40013e:	60f8      	str	r0, [r7, #12]
  400140:	60b9      	str	r1, [r7, #8]
  400142:	607a      	str	r2, [r7, #4]
	/* Validate inputs. */
	Assert(p_pdc);
	
	if (p_packet) {
  400144:	68bb      	ldr	r3, [r7, #8]
  400146:	2b00      	cmp	r3, #0
  400148:	d007      	beq.n	40015a <pdc_tx_init+0x22>
		p_pdc->PERIPH_TPR = p_packet->ul_addr;
  40014a:	68bb      	ldr	r3, [r7, #8]
  40014c:	681a      	ldr	r2, [r3, #0]
  40014e:	68fb      	ldr	r3, [r7, #12]
  400150:	609a      	str	r2, [r3, #8]
		p_pdc->PERIPH_TCR = p_packet->ul_size;
  400152:	68bb      	ldr	r3, [r7, #8]
  400154:	685a      	ldr	r2, [r3, #4]
  400156:	68fb      	ldr	r3, [r7, #12]
  400158:	60da      	str	r2, [r3, #12]
	}
	if (p_next_packet) {
  40015a:	687b      	ldr	r3, [r7, #4]
  40015c:	2b00      	cmp	r3, #0
  40015e:	d007      	beq.n	400170 <pdc_tx_init+0x38>
		p_pdc->PERIPH_TNPR = p_next_packet->ul_addr;
  400160:	687b      	ldr	r3, [r7, #4]
  400162:	681a      	ldr	r2, [r3, #0]
  400164:	68fb      	ldr	r3, [r7, #12]
  400166:	619a      	str	r2, [r3, #24]
		p_pdc->PERIPH_TNCR = p_next_packet->ul_size;
  400168:	687b      	ldr	r3, [r7, #4]
  40016a:	685a      	ldr	r2, [r3, #4]
  40016c:	68fb      	ldr	r3, [r7, #12]
  40016e:	61da      	str	r2, [r3, #28]
	}
}
  400170:	bf00      	nop
  400172:	3714      	adds	r7, #20
  400174:	46bd      	mov	sp, r7
  400176:	bc80      	pop	{r7}
  400178:	4770      	bx	lr

0040017a <pdc_enable_transfer>:
 *                        (bit PERIPH_PTCR_RXTEN and bit PERIPH_PTCR_TXTEN)
 */
void pdc_enable_transfer(
		Pdc *p_pdc,
		uint32_t ul_controls)
{
  40017a:	b480      	push	{r7}
  40017c:	b083      	sub	sp, #12
  40017e:	af00      	add	r7, sp, #0
  400180:	6078      	str	r0, [r7, #4]
  400182:	6039      	str	r1, [r7, #0]
	/* Validate inputs. */
	Assert(p_pdc);
	
	p_pdc->PERIPH_PTCR =
			ul_controls & (PERIPH_PTCR_RXTEN | PERIPH_PTCR_TXTEN);
  400184:	683a      	ldr	r2, [r7, #0]
  400186:	f240 1301 	movw	r3, #257	; 0x101
  40018a:	4013      	ands	r3, r2
	p_pdc->PERIPH_PTCR =
  40018c:	687a      	ldr	r2, [r7, #4]
  40018e:	6213      	str	r3, [r2, #32]
}
  400190:	bf00      	nop
  400192:	370c      	adds	r7, #12
  400194:	46bd      	mov	sp, r7
  400196:	bc80      	pop	{r7}
  400198:	4770      	bx	lr

0040019a <pdc_disable_transfer>:
 *                        (bit PERIPH_PTCR_TXTDIS, bit PERIPH_PTCR_TXTDIS)
 */
void pdc_disable_transfer(
		Pdc *p_pdc,
		uint32_t ul_controls)
{
  40019a:	b480      	push	{r7}
  40019c:	b083      	sub	sp, #12
  40019e:	af00      	add	r7, sp, #0
  4001a0:	6078      	str	r0, [r7, #4]
  4001a2:	6039      	str	r1, [r7, #0]
	/* Validate inputs. */
	Assert(p_pdc);
	
	p_pdc->PERIPH_PTCR =
			ul_controls & (PERIPH_PTCR_RXTDIS | PERIPH_PTCR_TXTDIS);
  4001a4:	683a      	ldr	r2, [r7, #0]
  4001a6:	f240 2302 	movw	r3, #514	; 0x202
  4001aa:	4013      	ands	r3, r2
	p_pdc->PERIPH_PTCR =
  4001ac:	687a      	ldr	r2, [r7, #4]
  4001ae:	6213      	str	r3, [r2, #32]
}
  4001b0:	bf00      	nop
  4001b2:	370c      	adds	r7, #12
  4001b4:	46bd      	mov	sp, r7
  4001b6:	bc80      	pop	{r7}
  4001b8:	4770      	bx	lr

004001ba <tc_init>:
 */
void tc_init(
		Tc *p_tc,
		uint32_t ul_channel,
		uint32_t ul_mode)
{
  4001ba:	b480      	push	{r7}
  4001bc:	b087      	sub	sp, #28
  4001be:	af00      	add	r7, sp, #0
  4001c0:	60f8      	str	r0, [r7, #12]
  4001c2:	60b9      	str	r1, [r7, #8]
  4001c4:	607a      	str	r2, [r7, #4]

	/* Validate inputs. */
	Assert(p_tc);
	Assert(ul_channel <
			(sizeof(p_tc->TC_CHANNEL) / sizeof(p_tc->TC_CHANNEL[0])));
	tc_channel = p_tc->TC_CHANNEL + ul_channel;
  4001c6:	68fa      	ldr	r2, [r7, #12]
  4001c8:	68bb      	ldr	r3, [r7, #8]
  4001ca:	019b      	lsls	r3, r3, #6
  4001cc:	4413      	add	r3, r2
  4001ce:	617b      	str	r3, [r7, #20]

	/*  Disable TC clock. */
	tc_channel->TC_CCR = TC_CCR_CLKDIS;
  4001d0:	697b      	ldr	r3, [r7, #20]
  4001d2:	2202      	movs	r2, #2
  4001d4:	601a      	str	r2, [r3, #0]

	/*  Disable interrupts. */
	tc_channel->TC_IDR = 0xFFFFFFFF;
  4001d6:	697b      	ldr	r3, [r7, #20]
  4001d8:	f04f 32ff 	mov.w	r2, #4294967295
  4001dc:	629a      	str	r2, [r3, #40]	; 0x28

	/*  Clear status register. */
	tc_channel->TC_SR;
  4001de:	697b      	ldr	r3, [r7, #20]
  4001e0:	6a1b      	ldr	r3, [r3, #32]

	/*  Set mode. */
	tc_channel->TC_CMR = ul_mode;
  4001e2:	697b      	ldr	r3, [r7, #20]
  4001e4:	687a      	ldr	r2, [r7, #4]
  4001e6:	605a      	str	r2, [r3, #4]
}
  4001e8:	bf00      	nop
  4001ea:	371c      	adds	r7, #28
  4001ec:	46bd      	mov	sp, r7
  4001ee:	bc80      	pop	{r7}
  4001f0:	4770      	bx	lr

004001f2 <tc_start>:
 * \param[in] ul_channel Channel to configure
 */
void tc_start(
		Tc *p_tc,
		uint32_t ul_channel)
{
  4001f2:	b480      	push	{r7}
  4001f4:	b083      	sub	sp, #12
  4001f6:	af00      	add	r7, sp, #0
  4001f8:	6078      	str	r0, [r7, #4]
  4001fa:	6039      	str	r1, [r7, #0]
	/* Validate inputs. */
	Assert(p_tc);
	Assert(ul_channel <
			(sizeof(p_tc->TC_CHANNEL) / sizeof(p_tc->TC_CHANNEL[0])));

	p_tc->TC_CHANNEL[ul_channel].TC_CCR = TC_CCR_CLKEN | TC_CCR_SWTRG;
  4001fc:	687a      	ldr	r2, [r7, #4]
  4001fe:	683b      	ldr	r3, [r7, #0]
  400200:	019b      	lsls	r3, r3, #6
  400202:	4413      	add	r3, r2
  400204:	2205      	movs	r2, #5
  400206:	601a      	str	r2, [r3, #0]
}
  400208:	bf00      	nop
  40020a:	370c      	adds	r7, #12
  40020c:	46bd      	mov	sp, r7
  40020e:	bc80      	pop	{r7}
  400210:	4770      	bx	lr

00400212 <tc_write_rc>:
 */
void tc_write_rc(
		Tc *p_tc,
		uint32_t ul_channel,
		uint32_t ul_value)
{
  400212:	b480      	push	{r7}
  400214:	b085      	sub	sp, #20
  400216:	af00      	add	r7, sp, #0
  400218:	60f8      	str	r0, [r7, #12]
  40021a:	60b9      	str	r1, [r7, #8]
  40021c:	607a      	str	r2, [r7, #4]
	/* Validate inputs. */
	Assert(p_tc);
	Assert(ul_channel <
			(sizeof(p_tc->TC_CHANNEL) / sizeof(p_tc->TC_CHANNEL[0])));

	p_tc->TC_CHANNEL[ul_channel].TC_RC = ul_value;
  40021e:	68fa      	ldr	r2, [r7, #12]
  400220:	68bb      	ldr	r3, [r7, #8]
  400222:	019b      	lsls	r3, r3, #6
  400224:	4413      	add	r3, r2
  400226:	331c      	adds	r3, #28
  400228:	687a      	ldr	r2, [r7, #4]
  40022a:	601a      	str	r2, [r3, #0]
}
  40022c:	bf00      	nop
  40022e:	3714      	adds	r7, #20
  400230:	46bd      	mov	sp, r7
  400232:	bc80      	pop	{r7}
  400234:	4770      	bx	lr

00400236 <tc_enable_interrupt>:
 */
void tc_enable_interrupt(
		Tc *p_tc,
		uint32_t ul_channel,
		uint32_t ul_sources)
{
  400236:	b480      	push	{r7}
  400238:	b087      	sub	sp, #28
  40023a:	af00      	add	r7, sp, #0
  40023c:	60f8      	str	r0, [r7, #12]
  40023e:	60b9      	str	r1, [r7, #8]
  400240:	607a      	str	r2, [r7, #4]

	/* Validate inputs. */
	Assert(p_tc);
	Assert(ul_channel <
			(sizeof(p_tc->TC_CHANNEL) / sizeof(p_tc->TC_CHANNEL[0])));
	tc_channel = p_tc->TC_CHANNEL + ul_channel;
  400242:	68fa      	ldr	r2, [r7, #12]
  400244:	68bb      	ldr	r3, [r7, #8]
  400246:	019b      	lsls	r3, r3, #6
  400248:	4413      	add	r3, r2
  40024a:	617b      	str	r3, [r7, #20]
	tc_channel->TC_IER = ul_sources;
  40024c:	697b      	ldr	r3, [r7, #20]
  40024e:	687a      	ldr	r2, [r7, #4]
  400250:	625a      	str	r2, [r3, #36]	; 0x24
}
  400252:	bf00      	nop
  400254:	371c      	adds	r7, #28
  400256:	46bd      	mov	sp, r7
  400258:	bc80      	pop	{r7}
  40025a:	4770      	bx	lr

0040025c <tc_get_status>:
 * \return The current TC status.
 */
uint32_t tc_get_status(
		Tc *p_tc,
		uint32_t ul_channel)
{
  40025c:	b480      	push	{r7}
  40025e:	b085      	sub	sp, #20
  400260:	af00      	add	r7, sp, #0
  400262:	6078      	str	r0, [r7, #4]
  400264:	6039      	str	r1, [r7, #0]
	/* Validate inputs. */
	Assert(p_tc);
	Assert(ul_channel <
			(sizeof(p_tc->TC_CHANNEL) / sizeof(p_tc->TC_CHANNEL[0])));
			
	tc_channel = p_tc->TC_CHANNEL + ul_channel;
  400266:	687a      	ldr	r2, [r7, #4]
  400268:	683b      	ldr	r3, [r7, #0]
  40026a:	019b      	lsls	r3, r3, #6
  40026c:	4413      	add	r3, r2
  40026e:	60fb      	str	r3, [r7, #12]
	return tc_channel->TC_SR;
  400270:	68fb      	ldr	r3, [r7, #12]
  400272:	6a1b      	ldr	r3, [r3, #32]
}
  400274:	4618      	mov	r0, r3
  400276:	3714      	adds	r7, #20
  400278:	46bd      	mov	sp, r7
  40027a:	bc80      	pop	{r7}
  40027c:	4770      	bx	lr

0040027e <tc_find_mck_divisor>:
		uint32_t ul_freq,
		uint32_t ul_mck,
		uint32_t *p_uldiv,
		uint32_t *p_ultcclks,
		uint32_t ul_boardmck)
{
  40027e:	b480      	push	{r7}
  400280:	b08d      	sub	sp, #52	; 0x34
  400282:	af00      	add	r7, sp, #0
  400284:	60f8      	str	r0, [r7, #12]
  400286:	60b9      	str	r1, [r7, #8]
  400288:	607a      	str	r2, [r7, #4]
  40028a:	603b      	str	r3, [r7, #0]
	const uint32_t divisors[5] = { 2, 8, 32, 128,
  40028c:	2302      	movs	r3, #2
  40028e:	613b      	str	r3, [r7, #16]
  400290:	2308      	movs	r3, #8
  400292:	617b      	str	r3, [r7, #20]
  400294:	2320      	movs	r3, #32
  400296:	61bb      	str	r3, [r7, #24]
  400298:	2380      	movs	r3, #128	; 0x80
  40029a:	61fb      	str	r3, [r7, #28]
			ul_boardmck / FREQ_SLOW_CLOCK_EXT };
  40029c:	6bbb      	ldr	r3, [r7, #56]	; 0x38
  40029e:	0bdb      	lsrs	r3, r3, #15
	const uint32_t divisors[5] = { 2, 8, 32, 128,
  4002a0:	623b      	str	r3, [r7, #32]
	uint32_t ul_index;
	uint32_t ul_high, ul_low;

	/*  Satisfy frequency bound. */
	for (ul_index = 0;
  4002a2:	2300      	movs	r3, #0
  4002a4:	62fb      	str	r3, [r7, #44]	; 0x2c
  4002a6:	e01a      	b.n	4002de <tc_find_mck_divisor+0x60>
			ul_index < (sizeof(divisors) / sizeof(divisors[0]));
			ul_index++) {
		ul_high = ul_mck / divisors[ul_index];
  4002a8:	6afb      	ldr	r3, [r7, #44]	; 0x2c
  4002aa:	009b      	lsls	r3, r3, #2
  4002ac:	f107 0230 	add.w	r2, r7, #48	; 0x30
  4002b0:	4413      	add	r3, r2
  4002b2:	f853 3c20 	ldr.w	r3, [r3, #-32]
  4002b6:	68ba      	ldr	r2, [r7, #8]
  4002b8:	fbb2 f3f3 	udiv	r3, r2, r3
  4002bc:	62bb      	str	r3, [r7, #40]	; 0x28
		ul_low  = ul_high / TC_DIV_FACTOR;
  4002be:	6abb      	ldr	r3, [r7, #40]	; 0x28
  4002c0:	0c1b      	lsrs	r3, r3, #16
  4002c2:	627b      	str	r3, [r7, #36]	; 0x24
		if (ul_freq > ul_high) {
  4002c4:	68fa      	ldr	r2, [r7, #12]
  4002c6:	6abb      	ldr	r3, [r7, #40]	; 0x28
  4002c8:	429a      	cmp	r2, r3
  4002ca:	d901      	bls.n	4002d0 <tc_find_mck_divisor+0x52>
			return 0;
  4002cc:	2300      	movs	r3, #0
  4002ce:	e023      	b.n	400318 <tc_find_mck_divisor+0x9a>
		} else if (ul_freq >= ul_low) {
  4002d0:	68fa      	ldr	r2, [r7, #12]
  4002d2:	6a7b      	ldr	r3, [r7, #36]	; 0x24
  4002d4:	429a      	cmp	r2, r3
  4002d6:	d206      	bcs.n	4002e6 <tc_find_mck_divisor+0x68>
			ul_index++) {
  4002d8:	6afb      	ldr	r3, [r7, #44]	; 0x2c
  4002da:	3301      	adds	r3, #1
  4002dc:	62fb      	str	r3, [r7, #44]	; 0x2c
	for (ul_index = 0;
  4002de:	6afb      	ldr	r3, [r7, #44]	; 0x2c
  4002e0:	2b04      	cmp	r3, #4
  4002e2:	d9e1      	bls.n	4002a8 <tc_find_mck_divisor+0x2a>
  4002e4:	e000      	b.n	4002e8 <tc_find_mck_divisor+0x6a>
			break;
  4002e6:	bf00      	nop
		}
	}
	if (ul_index >= (sizeof(divisors) / sizeof(divisors[0]))) {
  4002e8:	6afb      	ldr	r3, [r7, #44]	; 0x2c
  4002ea:	2b04      	cmp	r3, #4
  4002ec:	d901      	bls.n	4002f2 <tc_find_mck_divisor+0x74>
		return 0;
  4002ee:	2300      	movs	r3, #0
  4002f0:	e012      	b.n	400318 <tc_find_mck_divisor+0x9a>
	}

	/*  Store results. */
	if (p_uldiv) {
  4002f2:	687b      	ldr	r3, [r7, #4]
  4002f4:	2b00      	cmp	r3, #0
  4002f6:	d008      	beq.n	40030a <tc_find_mck_divisor+0x8c>
		*p_uldiv = divisors[ul_index];
  4002f8:	6afb      	ldr	r3, [r7, #44]	; 0x2c
  4002fa:	009b      	lsls	r3, r3, #2
  4002fc:	f107 0230 	add.w	r2, r7, #48	; 0x30
  400300:	4413      	add	r3, r2
  400302:	f853 2c20 	ldr.w	r2, [r3, #-32]
  400306:	687b      	ldr	r3, [r7, #4]
  400308:	601a      	str	r2, [r3, #0]
	}

	if (p_ultcclks) {
  40030a:	683b      	ldr	r3, [r7, #0]
  40030c:	2b00      	cmp	r3, #0
  40030e:	d002      	beq.n	400316 <tc_find_mck_divisor+0x98>
		*p_ultcclks = ul_index;
  400310:	683b      	ldr	r3, [r7, #0]
  400312:	6afa      	ldr	r2, [r7, #44]	; 0x2c
  400314:	601a      	str	r2, [r3, #0]
	}

	return 1;
  400316:	2301      	movs	r3, #1
}
  400318:	4618      	mov	r0, r3
  40031a:	3734      	adds	r7, #52	; 0x34
  40031c:	46bd      	mov	sp, r7
  40031e:	bc80      	pop	{r7}
  400320:	4770      	bx	lr
	...

00400324 <osc_get_rate>:

	return 0;
}

static inline uint32_t osc_get_rate(uint32_t ul_id)
{
  400324:	b480      	push	{r7}
  400326:	b083      	sub	sp, #12
  400328:	af00      	add	r7, sp, #0
  40032a:	6078      	str	r0, [r7, #4]
	switch (ul_id) {
  40032c:	687b      	ldr	r3, [r7, #4]
  40032e:	2b07      	cmp	r3, #7
  400330:	d825      	bhi.n	40037e <osc_get_rate+0x5a>
  400332:	a201      	add	r2, pc, #4	; (adr r2, 400338 <osc_get_rate+0x14>)
  400334:	f852 f023 	ldr.w	pc, [r2, r3, lsl #2]
  400338:	00400359 	.word	0x00400359
  40033c:	0040035f 	.word	0x0040035f
  400340:	00400365 	.word	0x00400365
  400344:	0040036b 	.word	0x0040036b
  400348:	0040036f 	.word	0x0040036f
  40034c:	00400373 	.word	0x00400373
  400350:	00400377 	.word	0x00400377
  400354:	0040037b 	.word	0x0040037b
	case OSC_SLCK_32K_RC:
		return OSC_SLCK_32K_RC_HZ;
  400358:	f44f 43fa 	mov.w	r3, #32000	; 0x7d00
  40035c:	e010      	b.n	400380 <osc_get_rate+0x5c>

	case OSC_SLCK_32K_XTAL:
		return BOARD_FREQ_SLCK_XTAL;
  40035e:	f44f 4300 	mov.w	r3, #32768	; 0x8000
  400362:	e00d      	b.n	400380 <osc_get_rate+0x5c>

	case OSC_SLCK_32K_BYPASS:
		return BOARD_FREQ_SLCK_BYPASS;
  400364:	f44f 4300 	mov.w	r3, #32768	; 0x8000
  400368:	e00a      	b.n	400380 <osc_get_rate+0x5c>

	case OSC_MAINCK_4M_RC:
		return OSC_MAINCK_4M_RC_HZ;
  40036a:	4b08      	ldr	r3, [pc, #32]	; (40038c <osc_get_rate+0x68>)
  40036c:	e008      	b.n	400380 <osc_get_rate+0x5c>

	case OSC_MAINCK_8M_RC:
		return OSC_MAINCK_8M_RC_HZ;
  40036e:	4b08      	ldr	r3, [pc, #32]	; (400390 <osc_get_rate+0x6c>)
  400370:	e006      	b.n	400380 <osc_get_rate+0x5c>

	case OSC_MAINCK_12M_RC:
		return OSC_MAINCK_12M_RC_HZ;
  400372:	4b08      	ldr	r3, [pc, #32]	; (400394 <osc_get_rate+0x70>)
  400374:	e004      	b.n	400380 <osc_get_rate+0x5c>

	case OSC_MAINCK_XTAL:
		return BOARD_FREQ_MAINCK_XTAL;
  400376:	4b07      	ldr	r3, [pc, #28]	; (400394 <osc_get_rate+0x70>)
  400378:	e002      	b.n	400380 <osc_get_rate+0x5c>

	case OSC_MAINCK_BYPASS:
		return BOARD_FREQ_MAINCK_BYPASS;
  40037a:	4b06      	ldr	r3, [pc, #24]	; (400394 <osc_get_rate+0x70>)
  40037c:	e000      	b.n	400380 <osc_get_rate+0x5c>
	}

	return 0;
  40037e:	2300      	movs	r3, #0
}
  400380:	4618      	mov	r0, r3
  400382:	370c      	adds	r7, #12
  400384:	46bd      	mov	sp, r7
  400386:	bc80      	pop	{r7}
  400388:	4770      	bx	lr
  40038a:	bf00      	nop
  40038c:	003d0900 	.word	0x003d0900
  400390:	007a1200 	.word	0x007a1200
  400394:	00b71b00 	.word	0x00b71b00

00400398 <sysclk_get_main_hz>:
 */
#if (defined CONFIG_SYSCLK_DEFAULT_RETURNS_SLOW_OSC)
extern uint32_t sysclk_initialized;
#endif
static inline uint32_t sysclk_get_main_hz(void)
{
  400398:	b580      	push	{r7, lr}
  40039a:	af00      	add	r7, sp, #0
	} else if (CONFIG_SYSCLK_SOURCE == SYSCLK_SRC_MAINCK_BYPASS) {
		return OSC_MAINCK_BYPASS_HZ;
	}
#ifdef CONFIG_PLL0_SOURCE
	else if (CONFIG_SYSCLK_SOURCE == SYSCLK_SRC_PLLACK) {
		return pll_get_default_rate(0);
  40039c:	2006      	movs	r0, #6
  40039e:	4b04      	ldr	r3, [pc, #16]	; (4003b0 <sysclk_get_main_hz+0x18>)
  4003a0:	4798      	blx	r3
  4003a2:	4602      	mov	r2, r0
  4003a4:	4613      	mov	r3, r2
  4003a6:	00db      	lsls	r3, r3, #3
  4003a8:	4413      	add	r3, r2

	else {
		/* unhandled_case(CONFIG_SYSCLK_SOURCE); */
		return 0;
	}
}
  4003aa:	4618      	mov	r0, r3
  4003ac:	bd80      	pop	{r7, pc}
  4003ae:	bf00      	nop
  4003b0:	00400325 	.word	0x00400325

004003b4 <sysclk_get_cpu_hz>:
 * clocks.
 *
 * \return Frequency of the CPU clock, in Hz.
 */
static inline uint32_t sysclk_get_cpu_hz(void)
{
  4003b4:	b580      	push	{r7, lr}
  4003b6:	af00      	add	r7, sp, #0
	/* CONFIG_SYSCLK_PRES is the register value for setting the expected */
	/* prescaler, not an immediate value. */
	return sysclk_get_main_hz() /
  4003b8:	4b02      	ldr	r3, [pc, #8]	; (4003c4 <sysclk_get_cpu_hz+0x10>)
  4003ba:	4798      	blx	r3
  4003bc:	4603      	mov	r3, r0
		((CONFIG_SYSCLK_PRES == SYSCLK_PRES_3) ? 3 :
			(1 << (CONFIG_SYSCLK_PRES >> PMC_MCKR_PRES_Pos)));
}
  4003be:	4618      	mov	r0, r3
  4003c0:	bd80      	pop	{r7, pc}
  4003c2:	bf00      	nop
  4003c4:	00400399 	.word	0x00400399

004003c8 <ov_id>:
 *
 * \param p_twi TWI interface.
 * \return PID and VER.
 */
static uint32_t ov_id(Twi* const p_twi)
{
  4003c8:	b580      	push	{r7, lr}
  4003ca:	b08e      	sub	sp, #56	; 0x38
  4003cc:	af00      	add	r7, sp, #0
  4003ce:	6078      	str	r0, [r7, #4]
	twi_packet_t packet_pid;
	twi_packet_t packet_ver;
	uint32_t ul_id = 0;
  4003d0:	2300      	movs	r3, #0
  4003d2:	60fb      	str	r3, [r7, #12]
	uint32_t ul_ver = 0;
  4003d4:	2300      	movs	r3, #0
  4003d6:	60bb      	str	r3, [r7, #8]

	/* OV_PID */
	packet_pid.chip = OV_I2C_SENSOR_ADDRESS;
  4003d8:	2330      	movs	r3, #48	; 0x30
  4003da:	f887 3034 	strb.w	r3, [r7, #52]	; 0x34
	packet_pid.addr[0] = OV2640_PIDH;
  4003de:	230a      	movs	r3, #10
  4003e0:	f887 3024 	strb.w	r3, [r7, #36]	; 0x24
	packet_pid.addr_length = 1;
  4003e4:	2301      	movs	r3, #1
  4003e6:	62bb      	str	r3, [r7, #40]	; 0x28
	packet_pid.buffer = &ul_id;
  4003e8:	f107 030c 	add.w	r3, r7, #12
  4003ec:	62fb      	str	r3, [r7, #44]	; 0x2c
	packet_pid.length = 1;
  4003ee:	2301      	movs	r3, #1
  4003f0:	633b      	str	r3, [r7, #48]	; 0x30

	ov_read_reg(p_twi, &packet_pid);
  4003f2:	f107 0324 	add.w	r3, r7, #36	; 0x24
  4003f6:	4619      	mov	r1, r3
  4003f8:	6878      	ldr	r0, [r7, #4]
  4003fa:	4b0e      	ldr	r3, [pc, #56]	; (400434 <ov_id+0x6c>)
  4003fc:	4798      	blx	r3

	/* OV_VER */
	packet_ver.chip = OV_I2C_SENSOR_ADDRESS;
  4003fe:	2330      	movs	r3, #48	; 0x30
  400400:	f887 3020 	strb.w	r3, [r7, #32]
	packet_ver.addr[0] = OV2640_PIDL;
  400404:	230b      	movs	r3, #11
  400406:	743b      	strb	r3, [r7, #16]
	packet_ver.addr_length = 1;
  400408:	2301      	movs	r3, #1
  40040a:	617b      	str	r3, [r7, #20]
	packet_ver.buffer = &ul_ver;
  40040c:	f107 0308 	add.w	r3, r7, #8
  400410:	61bb      	str	r3, [r7, #24]
	packet_ver.length = 1;
  400412:	2301      	movs	r3, #1
  400414:	61fb      	str	r3, [r7, #28]

	ov_read_reg(p_twi, &packet_ver);
  400416:	f107 0310 	add.w	r3, r7, #16
  40041a:	4619      	mov	r1, r3
  40041c:	6878      	ldr	r0, [r7, #4]
  40041e:	4b05      	ldr	r3, [pc, #20]	; (400434 <ov_id+0x6c>)
  400420:	4798      	blx	r3
	return ((uint32_t)(ul_id << 8) | ul_ver);
  400422:	68fb      	ldr	r3, [r7, #12]
  400424:	021a      	lsls	r2, r3, #8
  400426:	68bb      	ldr	r3, [r7, #8]
  400428:	4313      	orrs	r3, r2
}
  40042a:	4618      	mov	r0, r3
  40042c:	3738      	adds	r7, #56	; 0x38
  40042e:	46bd      	mov	sp, r7
  400430:	bd80      	pop	{r7, pc}
  400432:	bf00      	nop
  400434:	00400561 	.word	0x00400561

00400438 <ov_manufacturer>:
 *
 * \param p_twi TWI interface.
 * \return 0 if the sensor is present, 1 otherwise.
 */
static uint32_t ov_manufacturer(Twi* const p_twi)
{
  400438:	b580      	push	{r7, lr}
  40043a:	b08a      	sub	sp, #40	; 0x28
  40043c:	af00      	add	r7, sp, #0
  40043e:	6078      	str	r0, [r7, #4]
	twi_packet_t twi_packet;
	uint32_t ul_midh = 0;
  400440:	2300      	movs	r3, #0
  400442:	613b      	str	r3, [r7, #16]
	uint32_t ul_midl = 0;
  400444:	2300      	movs	r3, #0
  400446:	60fb      	str	r3, [r7, #12]

	/* OV_MIDH */
	twi_packet.addr[0] = OV2640_MIDH;
  400448:	231c      	movs	r3, #28
  40044a:	753b      	strb	r3, [r7, #20]
	twi_packet.addr_length = 1;
  40044c:	2301      	movs	r3, #1
  40044e:	61bb      	str	r3, [r7, #24]
	twi_packet.chip = OV_I2C_SENSOR_ADDRESS;
  400450:	2330      	movs	r3, #48	; 0x30
  400452:	f887 3024 	strb.w	r3, [r7, #36]	; 0x24
	twi_packet.buffer = &ul_midh;
  400456:	f107 0310 	add.w	r3, r7, #16
  40045a:	61fb      	str	r3, [r7, #28]
	twi_packet.length = 1;
  40045c:	2301      	movs	r3, #1
  40045e:	623b      	str	r3, [r7, #32]

	ov_read_reg(p_twi, &twi_packet);
  400460:	f107 0314 	add.w	r3, r7, #20
  400464:	4619      	mov	r1, r3
  400466:	6878      	ldr	r0, [r7, #4]
  400468:	4b10      	ldr	r3, [pc, #64]	; (4004ac <ov_manufacturer+0x74>)
  40046a:	4798      	blx	r3

	/* OV_MIDL */
	twi_packet.addr[0] = OV2640_MIDL;
  40046c:	231d      	movs	r3, #29
  40046e:	753b      	strb	r3, [r7, #20]
	twi_packet.addr_length = 1;
  400470:	2301      	movs	r3, #1
  400472:	61bb      	str	r3, [r7, #24]
	twi_packet.chip = OV_I2C_SENSOR_ADDRESS;
  400474:	2330      	movs	r3, #48	; 0x30
  400476:	f887 3024 	strb.w	r3, [r7, #36]	; 0x24
	twi_packet.buffer = &ul_midl;
  40047a:	f107 030c 	add.w	r3, r7, #12
  40047e:	61fb      	str	r3, [r7, #28]
	twi_packet.length = 1;
  400480:	2301      	movs	r3, #1
  400482:	623b      	str	r3, [r7, #32]

	ov_read_reg(p_twi, &twi_packet);
  400484:	f107 0314 	add.w	r3, r7, #20
  400488:	4619      	mov	r1, r3
  40048a:	6878      	ldr	r0, [r7, #4]
  40048c:	4b07      	ldr	r3, [pc, #28]	; (4004ac <ov_manufacturer+0x74>)
  40048e:	4798      	blx	r3

	if ((ul_midh == OV2640_MIDH_DEFAULT) && (ul_midl == OV2640_MIDL_DEFAULT)) {
  400490:	693b      	ldr	r3, [r7, #16]
  400492:	2b7f      	cmp	r3, #127	; 0x7f
  400494:	d104      	bne.n	4004a0 <ov_manufacturer+0x68>
  400496:	68fb      	ldr	r3, [r7, #12]
  400498:	2ba2      	cmp	r3, #162	; 0xa2
  40049a:	d101      	bne.n	4004a0 <ov_manufacturer+0x68>
		return 0;
  40049c:	2300      	movs	r3, #0
  40049e:	e000      	b.n	4004a2 <ov_manufacturer+0x6a>
	}

	return 1;
  4004a0:	2301      	movs	r3, #1
}
  4004a2:	4618      	mov	r0, r3
  4004a4:	3728      	adds	r7, #40	; 0x28
  4004a6:	46bd      	mov	sp, r7
  4004a8:	bd80      	pop	{r7, pc}
  4004aa:	bf00      	nop
  4004ac:	00400561 	.word	0x00400561

004004b0 <ov_test_write>:
 *
 * \param p_twi TWI interface.
 * \return 0 on success, 1 otherwise.
 */
static uint32_t ov_test_write(Twi* const p_twi)
{
  4004b0:	b580      	push	{r7, lr}
  4004b2:	b08a      	sub	sp, #40	; 0x28
  4004b4:	af00      	add	r7, sp, #0
  4004b6:	6078      	str	r0, [r7, #4]
	twi_packet_t twi_packet;
	uint32_t ul_value = 0;
  4004b8:	2300      	movs	r3, #0
  4004ba:	613b      	str	r3, [r7, #16]
	uint32_t ul_oldvalue = 0;
  4004bc:	2300      	movs	r3, #0
  4004be:	60fb      	str	r3, [r7, #12]
	uint32_t ul_entervalue = 0;
  4004c0:	2300      	movs	r3, #0
  4004c2:	60bb      	str	r3, [r7, #8]

	/* OV_BLUE_GAIN */
	twi_packet.addr[0] = 0x01;
  4004c4:	2301      	movs	r3, #1
  4004c6:	753b      	strb	r3, [r7, #20]
	twi_packet.addr_length = 1;
  4004c8:	2301      	movs	r3, #1
  4004ca:	61bb      	str	r3, [r7, #24]
	twi_packet.chip = OV_I2C_SENSOR_ADDRESS;
  4004cc:	2330      	movs	r3, #48	; 0x30
  4004ce:	f887 3024 	strb.w	r3, [r7, #36]	; 0x24
	twi_packet.length = 1;
  4004d2:	2301      	movs	r3, #1
  4004d4:	623b      	str	r3, [r7, #32]

	twi_packet.buffer = &ul_oldvalue;
  4004d6:	f107 030c 	add.w	r3, r7, #12
  4004da:	61fb      	str	r3, [r7, #28]
	ov_read_reg(p_twi, &twi_packet);
  4004dc:	f107 0314 	add.w	r3, r7, #20
  4004e0:	4619      	mov	r1, r3
  4004e2:	6878      	ldr	r0, [r7, #4]
  4004e4:	4b1c      	ldr	r3, [pc, #112]	; (400558 <ov_test_write+0xa8>)
  4004e6:	4798      	blx	r3

	ul_entervalue = 0xAD;
  4004e8:	23ad      	movs	r3, #173	; 0xad
  4004ea:	60bb      	str	r3, [r7, #8]
	twi_packet.buffer = &ul_entervalue;
  4004ec:	f107 0308 	add.w	r3, r7, #8
  4004f0:	61fb      	str	r3, [r7, #28]
	ov_write_reg(p_twi, &twi_packet);
  4004f2:	f107 0314 	add.w	r3, r7, #20
  4004f6:	4619      	mov	r1, r3
  4004f8:	6878      	ldr	r0, [r7, #4]
  4004fa:	4b18      	ldr	r3, [pc, #96]	; (40055c <ov_test_write+0xac>)
  4004fc:	4798      	blx	r3

	twi_packet.buffer = &ul_value;
  4004fe:	f107 0310 	add.w	r3, r7, #16
  400502:	61fb      	str	r3, [r7, #28]
	ov_read_reg(p_twi, &twi_packet);
  400504:	f107 0314 	add.w	r3, r7, #20
  400508:	4619      	mov	r1, r3
  40050a:	6878      	ldr	r0, [r7, #4]
  40050c:	4b12      	ldr	r3, [pc, #72]	; (400558 <ov_test_write+0xa8>)
  40050e:	4798      	blx	r3

	if (ul_value != ul_entervalue) {
  400510:	693a      	ldr	r2, [r7, #16]
  400512:	68bb      	ldr	r3, [r7, #8]
  400514:	429a      	cmp	r2, r3
  400516:	d001      	beq.n	40051c <ov_test_write+0x6c>
		return 1;
  400518:	2301      	movs	r3, #1
  40051a:	e018      	b.n	40054e <ov_test_write+0x9e>
	}

	/* return old value */
	twi_packet.buffer = &ul_oldvalue;
  40051c:	f107 030c 	add.w	r3, r7, #12
  400520:	61fb      	str	r3, [r7, #28]
	ov_write_reg(p_twi, &twi_packet);
  400522:	f107 0314 	add.w	r3, r7, #20
  400526:	4619      	mov	r1, r3
  400528:	6878      	ldr	r0, [r7, #4]
  40052a:	4b0c      	ldr	r3, [pc, #48]	; (40055c <ov_test_write+0xac>)
  40052c:	4798      	blx	r3

	twi_packet.buffer = &ul_value;
  40052e:	f107 0310 	add.w	r3, r7, #16
  400532:	61fb      	str	r3, [r7, #28]
	ov_read_reg(p_twi, &twi_packet);
  400534:	f107 0314 	add.w	r3, r7, #20
  400538:	4619      	mov	r1, r3
  40053a:	6878      	ldr	r0, [r7, #4]
  40053c:	4b06      	ldr	r3, [pc, #24]	; (400558 <ov_test_write+0xa8>)
  40053e:	4798      	blx	r3

	if (ul_value != ul_oldvalue) {
  400540:	693a      	ldr	r2, [r7, #16]
  400542:	68fb      	ldr	r3, [r7, #12]
  400544:	429a      	cmp	r2, r3
  400546:	d001      	beq.n	40054c <ov_test_write+0x9c>
		return 1;
  400548:	2301      	movs	r3, #1
  40054a:	e000      	b.n	40054e <ov_test_write+0x9e>
	}

	return 0;
  40054c:	2300      	movs	r3, #0
}
  40054e:	4618      	mov	r0, r3
  400550:	3728      	adds	r7, #40	; 0x28
  400552:	46bd      	mov	sp, r7
  400554:	bd80      	pop	{r7, pc}
  400556:	bf00      	nop
  400558:	00400561 	.word	0x00400561
  40055c:	00400585 	.word	0x00400585

00400560 <ov_read_reg>:
 * \param p_twi TWI interface.
 * \param p_packet TWI packet.
 * \return 0 on success, TWID_ERROR_BUSY otherwise.
 */
uint32_t ov_read_reg(Twi* const p_twi, twi_packet_t* const p_packet)
{
  400560:	b580      	push	{r7, lr}
  400562:	b084      	sub	sp, #16
  400564:	af00      	add	r7, sp, #0
  400566:	6078      	str	r0, [r7, #4]
  400568:	6039      	str	r1, [r7, #0]
	uint32_t ul_status;

	ul_status = twi_master_read(p_twi, p_packet);
  40056a:	6839      	ldr	r1, [r7, #0]
  40056c:	6878      	ldr	r0, [r7, #4]
  40056e:	4b04      	ldr	r3, [pc, #16]	; (400580 <ov_read_reg+0x20>)
  400570:	4798      	blx	r3
  400572:	60f8      	str	r0, [r7, #12]

	return ul_status;
  400574:	68fb      	ldr	r3, [r7, #12]
}
  400576:	4618      	mov	r0, r3
  400578:	3710      	adds	r7, #16
  40057a:	46bd      	mov	sp, r7
  40057c:	bd80      	pop	{r7, pc}
  40057e:	bf00      	nop
  400580:	00401f79 	.word	0x00401f79

00400584 <ov_write_reg>:
 * \param p_twi TWI interface.
 * \param p_packet TWI packet.
 * \return 0 on success, TWID_ERROR_BUSY otherwise.
 */
uint32_t ov_write_reg(Twi* const p_twi, twi_packet_t* const p_packet)
{
  400584:	b580      	push	{r7, lr}
  400586:	b084      	sub	sp, #16
  400588:	af00      	add	r7, sp, #0
  40058a:	6078      	str	r0, [r7, #4]
  40058c:	6039      	str	r1, [r7, #0]
	uint32_t ul_status;

	ul_status = twi_master_write(p_twi, p_packet);
  40058e:	6839      	ldr	r1, [r7, #0]
  400590:	6878      	ldr	r0, [r7, #4]
  400592:	4b04      	ldr	r3, [pc, #16]	; (4005a4 <ov_write_reg+0x20>)
  400594:	4798      	blx	r3
  400596:	60f8      	str	r0, [r7, #12]

	return ul_status;
  400598:	68fb      	ldr	r3, [r7, #12]
}
  40059a:	4618      	mov	r0, r3
  40059c:	3710      	adds	r7, #16
  40059e:	46bd      	mov	sp, r7
  4005a0:	bd80      	pop	{r7, pc}
  4005a2:	bf00      	nop
  4005a4:	00402085 	.word	0x00402085

004005a8 <ov_write_regs>:
 * \param p_twi TWI interface.
 * \param p_reg_list Register list to be written.
 * \return 0 on success, TWID_ERROR_BUSY otherwise.
 */
uint32_t ov_write_regs(Twi* const p_twi, const ov_reg *p_reg_list)
{
  4005a8:	e92d 48f0 	stmdb	sp!, {r4, r5, r6, r7, fp, lr}
  4005ac:	b08a      	sub	sp, #40	; 0x28
  4005ae:	af00      	add	r7, sp, #0
  4005b0:	6078      	str	r0, [r7, #4]
  4005b2:	6039      	str	r1, [r7, #0]
	uint32_t ul_err;
	uint32_t ul_size = 0;
  4005b4:	2300      	movs	r3, #0
  4005b6:	627b      	str	r3, [r7, #36]	; 0x24
	twi_packet_t twi_packet_regs;
	ov_reg *p_next = (ov_reg *)p_reg_list;
  4005b8:	683b      	ldr	r3, [r7, #0]
  4005ba:	623b      	str	r3, [r7, #32]

	while (!((p_next->reg == OV_REG_TERM) &&
  4005bc:	e048      	b.n	400650 <ov_write_regs+0xa8>
			(p_next->val == OV_VAL_TERM))) {
		if (p_next->reg == 0xFE) {
  4005be:	6a3b      	ldr	r3, [r7, #32]
  4005c0:	781b      	ldrb	r3, [r3, #0]
  4005c2:	2bfe      	cmp	r3, #254	; 0xfe
  4005c4:	d126      	bne.n	400614 <ov_write_regs+0x6c>
			delay_ms(5);
  4005c6:	4b29      	ldr	r3, [pc, #164]	; (40066c <ov_write_regs+0xc4>)
  4005c8:	4798      	blx	r3
  4005ca:	4603      	mov	r3, r0
  4005cc:	4619      	mov	r1, r3
  4005ce:	f04f 0200 	mov.w	r2, #0
  4005d2:	460b      	mov	r3, r1
  4005d4:	4614      	mov	r4, r2
  4005d6:	00a6      	lsls	r6, r4, #2
  4005d8:	ea46 7693 	orr.w	r6, r6, r3, lsr #30
  4005dc:	009d      	lsls	r5, r3, #2
  4005de:	462b      	mov	r3, r5
  4005e0:	4634      	mov	r4, r6
  4005e2:	185b      	adds	r3, r3, r1
  4005e4:	eb44 0402 	adc.w	r4, r4, r2
  4005e8:	f243 61af 	movw	r1, #13999	; 0x36af
  4005ec:	f04f 0200 	mov.w	r2, #0
  4005f0:	eb13 0b01 	adds.w	fp, r3, r1
  4005f4:	eb44 0c02 	adc.w	ip, r4, r2
  4005f8:	4658      	mov	r0, fp
  4005fa:	4661      	mov	r1, ip
  4005fc:	4c1c      	ldr	r4, [pc, #112]	; (400670 <ov_write_regs+0xc8>)
  4005fe:	f243 62b0 	movw	r2, #14000	; 0x36b0
  400602:	f04f 0300 	mov.w	r3, #0
  400606:	47a0      	blx	r4
  400608:	4603      	mov	r3, r0
  40060a:	460c      	mov	r4, r1
  40060c:	4618      	mov	r0, r3
  40060e:	4b19      	ldr	r3, [pc, #100]	; (400674 <ov_write_regs+0xcc>)
  400610:	4798      	blx	r3
  400612:	e01a      	b.n	40064a <ov_write_regs+0xa2>
		} else {
			twi_packet_regs.addr[0] = p_next->reg;
  400614:	6a3b      	ldr	r3, [r7, #32]
  400616:	781b      	ldrb	r3, [r3, #0]
  400618:	723b      	strb	r3, [r7, #8]
			twi_packet_regs.addr_length = 1;
  40061a:	2301      	movs	r3, #1
  40061c:	60fb      	str	r3, [r7, #12]
			twi_packet_regs.chip = OV_I2C_SENSOR_ADDRESS;
  40061e:	2330      	movs	r3, #48	; 0x30
  400620:	763b      	strb	r3, [r7, #24]
			twi_packet_regs.length = 1;
  400622:	2301      	movs	r3, #1
  400624:	617b      	str	r3, [r7, #20]
			twi_packet_regs.buffer = &(p_next->val);
  400626:	6a3b      	ldr	r3, [r7, #32]
  400628:	3301      	adds	r3, #1
  40062a:	613b      	str	r3, [r7, #16]

			ul_err = ov_write_reg(p_twi, &twi_packet_regs);
  40062c:	f107 0308 	add.w	r3, r7, #8
  400630:	4619      	mov	r1, r3
  400632:	6878      	ldr	r0, [r7, #4]
  400634:	4b10      	ldr	r3, [pc, #64]	; (400678 <ov_write_regs+0xd0>)
  400636:	4798      	blx	r3
  400638:	61f8      	str	r0, [r7, #28]
			ul_size++;
  40063a:	6a7b      	ldr	r3, [r7, #36]	; 0x24
  40063c:	3301      	adds	r3, #1
  40063e:	627b      	str	r3, [r7, #36]	; 0x24

			if (ul_err == TWI_BUSY) {
  400640:	69fb      	ldr	r3, [r7, #28]
  400642:	2b08      	cmp	r3, #8
  400644:	d101      	bne.n	40064a <ov_write_regs+0xa2>
				return ul_err;
  400646:	69fb      	ldr	r3, [r7, #28]
  400648:	e00b      	b.n	400662 <ov_write_regs+0xba>
			}
		}

		p_next++;
  40064a:	6a3b      	ldr	r3, [r7, #32]
  40064c:	3302      	adds	r3, #2
  40064e:	623b      	str	r3, [r7, #32]
	while (!((p_next->reg == OV_REG_TERM) &&
  400650:	6a3b      	ldr	r3, [r7, #32]
  400652:	781b      	ldrb	r3, [r3, #0]
  400654:	2bff      	cmp	r3, #255	; 0xff
  400656:	d1b2      	bne.n	4005be <ov_write_regs+0x16>
			(p_next->val == OV_VAL_TERM))) {
  400658:	6a3b      	ldr	r3, [r7, #32]
  40065a:	785b      	ldrb	r3, [r3, #1]
	while (!((p_next->reg == OV_REG_TERM) &&
  40065c:	2bff      	cmp	r3, #255	; 0xff
  40065e:	d1ae      	bne.n	4005be <ov_write_regs+0x16>
	}
	return 0;
  400660:	2300      	movs	r3, #0
}
  400662:	4618      	mov	r0, r3
  400664:	3728      	adds	r7, #40	; 0x28
  400666:	46bd      	mov	sp, r7
  400668:	e8bd 88f0 	ldmia.w	sp!, {r4, r5, r6, r7, fp, pc}
  40066c:	004003b5 	.word	0x004003b5
  400670:	00403729 	.word	0x00403729
  400674:	20000001 	.word	0x20000001
  400678:	00400585 	.word	0x00400585

0040067c <ov_init>:
 *
 * \param p_twi TWI interface.
 * \return 0 on success, 1 otherwise.
 */
uint32_t ov_init(Twi* const p_twi)
{
  40067c:	b580      	push	{r7, lr}
  40067e:	b08a      	sub	sp, #40	; 0x28
  400680:	af00      	add	r7, sp, #0
  400682:	6078      	str	r0, [r7, #4]
	const uint8_t cont_reg_val = 1;
  400684:	2301      	movs	r3, #1
  400686:	f887 3023 	strb.w	r3, [r7, #35]	; 0x23
	twi_packet_t init_packet = {
  40068a:	f107 030c 	add.w	r3, r7, #12
  40068e:	2200      	movs	r2, #0
  400690:	601a      	str	r2, [r3, #0]
  400692:	605a      	str	r2, [r3, #4]
  400694:	609a      	str	r2, [r3, #8]
  400696:	60da      	str	r2, [r3, #12]
  400698:	611a      	str	r2, [r3, #16]
  40069a:	23ff      	movs	r3, #255	; 0xff
  40069c:	733b      	strb	r3, [r7, #12]
  40069e:	2301      	movs	r3, #1
  4006a0:	613b      	str	r3, [r7, #16]
  4006a2:	f107 0323 	add.w	r3, r7, #35	; 0x23
  4006a6:	617b      	str	r3, [r7, #20]
  4006a8:	2301      	movs	r3, #1
  4006aa:	61bb      	str	r3, [r7, #24]
  4006ac:	2330      	movs	r3, #48	; 0x30
  4006ae:	773b      	strb	r3, [r7, #28]
		.addr_length  = 1, //sizeof (uint16_t),    // TWI slave memory address data size
		.chip         = OV_I2C_SENSOR_ADDRESS,      // TWI slave bus address
		.buffer       = &cont_reg_val,        // transfer data destination buffer
		.length       = 1                    // transfer data size (bytes)
	};
	ov_write_reg(p_twi, &init_packet);
  4006b0:	f107 030c 	add.w	r3, r7, #12
  4006b4:	4619      	mov	r1, r3
  4006b6:	6878      	ldr	r0, [r7, #4]
  4006b8:	4b0f      	ldr	r3, [pc, #60]	; (4006f8 <ov_init+0x7c>)
  4006ba:	4798      	blx	r3
	
	
	uint32_t ul_id = 0;
  4006bc:	2300      	movs	r3, #0
  4006be:	627b      	str	r3, [r7, #36]	; 0x24

	ul_id = ov_id( p_twi );
  4006c0:	6878      	ldr	r0, [r7, #4]
  4006c2:	4b0e      	ldr	r3, [pc, #56]	; (4006fc <ov_init+0x80>)
  4006c4:	4798      	blx	r3
  4006c6:	6278      	str	r0, [r7, #36]	; 0x24

	if (((ul_id >> 8)&0xff)  == OV2640_PIDH_DEFAULT) {
  4006c8:	6a7b      	ldr	r3, [r7, #36]	; 0x24
  4006ca:	0a1b      	lsrs	r3, r3, #8
  4006cc:	b2db      	uxtb	r3, r3
  4006ce:	2b26      	cmp	r3, #38	; 0x26
  4006d0:	d10d      	bne.n	4006ee <ov_init+0x72>
		if (ov_manufacturer( p_twi ) == 0) {
  4006d2:	6878      	ldr	r0, [r7, #4]
  4006d4:	4b0a      	ldr	r3, [pc, #40]	; (400700 <ov_init+0x84>)
  4006d6:	4798      	blx	r3
  4006d8:	4603      	mov	r3, r0
  4006da:	2b00      	cmp	r3, #0
  4006dc:	d107      	bne.n	4006ee <ov_init+0x72>
			if (ov_test_write( p_twi ) == 0) {
  4006de:	6878      	ldr	r0, [r7, #4]
  4006e0:	4b08      	ldr	r3, [pc, #32]	; (400704 <ov_init+0x88>)
  4006e2:	4798      	blx	r3
  4006e4:	4603      	mov	r3, r0
  4006e6:	2b00      	cmp	r3, #0
  4006e8:	d101      	bne.n	4006ee <ov_init+0x72>
				return 0;
  4006ea:	2300      	movs	r3, #0
  4006ec:	e000      	b.n	4006f0 <ov_init+0x74>
			}
		}
	}

	return 1;
  4006ee:	2301      	movs	r3, #1
}
  4006f0:	4618      	mov	r0, r3
  4006f2:	3728      	adds	r7, #40	; 0x28
  4006f4:	46bd      	mov	sp, r7
  4006f6:	bd80      	pop	{r7, pc}
  4006f8:	00400585 	.word	0x00400585
  4006fc:	004003c9 	.word	0x004003c9
  400700:	00400439 	.word	0x00400439
  400704:	004004b1 	.word	0x004004b1

00400708 <ov_configure>:
 * \param p_twi TWI interface.
 * \param format Specific format to configure.
 * \return 0 on success, 1 otherwise.
 */
uint32_t ov_configure(Twi* const p_twi, const e_OV2640_format format)
{
  400708:	b580      	push	{r7, lr}
  40070a:	b084      	sub	sp, #16
  40070c:	af00      	add	r7, sp, #0
  40070e:	6078      	str	r0, [r7, #4]
  400710:	460b      	mov	r3, r1
  400712:	70fb      	strb	r3, [r7, #3]
	const ov_reg *p_regs_conf = NULL;
  400714:	2300      	movs	r3, #0
  400716:	60fb      	str	r3, [r7, #12]

	/* Common register initialization */
	switch (format) {
  400718:	78fb      	ldrb	r3, [r7, #3]
  40071a:	2b11      	cmp	r3, #17
  40071c:	d85c      	bhi.n	4007d8 <ov_configure+0xd0>
  40071e:	a201      	add	r2, pc, #4	; (adr r2, 400724 <ov_configure+0x1c>)
  400720:	f852 f023 	ldr.w	pc, [r2, r3, lsl #2]
  400724:	0040076d 	.word	0x0040076d
  400728:	00400773 	.word	0x00400773
  40072c:	00400779 	.word	0x00400779
  400730:	0040077f 	.word	0x0040077f
  400734:	00400785 	.word	0x00400785
  400738:	0040078b 	.word	0x0040078b
  40073c:	00400791 	.word	0x00400791
  400740:	00400797 	.word	0x00400797
  400744:	0040079d 	.word	0x0040079d
  400748:	004007a3 	.word	0x004007a3
  40074c:	004007a9 	.word	0x004007a9
  400750:	004007af 	.word	0x004007af
  400754:	004007b5 	.word	0x004007b5
  400758:	004007bb 	.word	0x004007bb
  40075c:	004007c1 	.word	0x004007c1
  400760:	004007c7 	.word	0x004007c7
  400764:	004007cd 	.word	0x004007cd
  400768:	004007d3 	.word	0x004007d3
		
	case JPEG_INIT:
		p_regs_conf = OV2640_JPEG_INIT;
  40076c:	4b22      	ldr	r3, [pc, #136]	; (4007f8 <ov_configure+0xf0>)
  40076e:	60fb      	str	r3, [r7, #12]
		break;
  400770:	e033      	b.n	4007da <ov_configure+0xd2>
		
	case YUV422:
		p_regs_conf = OV2640_YUV422;
  400772:	4b22      	ldr	r3, [pc, #136]	; (4007fc <ov_configure+0xf4>)
  400774:	60fb      	str	r3, [r7, #12]
		break;
  400776:	e030      	b.n	4007da <ov_configure+0xd2>
		
	case JPEG:
		p_regs_conf = OV2640_JPEG;
  400778:	4b21      	ldr	r3, [pc, #132]	; (400800 <ov_configure+0xf8>)
  40077a:	60fb      	str	r3, [r7, #12]
		break;
  40077c:	e02d      	b.n	4007da <ov_configure+0xd2>
		
	case JPEG_320x240:
		p_regs_conf = OV2640_JPEG_320x240;
  40077e:	4b21      	ldr	r3, [pc, #132]	; (400804 <ov_configure+0xfc>)
  400780:	60fb      	str	r3, [r7, #12]
		break;
  400782:	e02a      	b.n	4007da <ov_configure+0xd2>
		
	case JPEG_640x480:
		p_regs_conf = OV2640_JPEG_640x480;
  400784:	4b20      	ldr	r3, [pc, #128]	; (400808 <ov_configure+0x100>)
  400786:	60fb      	str	r3, [r7, #12]
		break;
  400788:	e027      	b.n	4007da <ov_configure+0xd2>
		
	case JPEG_800x600:
		p_regs_conf = OV2640_JPEG_800x600;
  40078a:	4b20      	ldr	r3, [pc, #128]	; (40080c <ov_configure+0x104>)
  40078c:	60fb      	str	r3, [r7, #12]
		break;
  40078e:	e024      	b.n	4007da <ov_configure+0xd2>
		
	case JPEG_1024x768:
		p_regs_conf = OV2640_JPEG_1024x768;
  400790:	4b1f      	ldr	r3, [pc, #124]	; (400810 <ov_configure+0x108>)
  400792:	60fb      	str	r3, [r7, #12]
		break;
  400794:	e021      	b.n	4007da <ov_configure+0xd2>
		
	case JPEG_1280x1024:
		p_regs_conf = OV2640_JPEG_1280x1024;
  400796:	4b1f      	ldr	r3, [pc, #124]	; (400814 <ov_configure+0x10c>)
  400798:	60fb      	str	r3, [r7, #12]
		break;
  40079a:	e01e      	b.n	4007da <ov_configure+0xd2>
		
	case JPEG_1600x1200:
		p_regs_conf = OV2640_JPEG_1600x1200;
  40079c:	4b1e      	ldr	r3, [pc, #120]	; (400818 <ov_configure+0x110>)
  40079e:	60fb      	str	r3, [r7, #12]
		break;
  4007a0:	e01b      	b.n	4007da <ov_configure+0xd2>
		
	case QVGA_YUV422_10FPS:
		p_regs_conf = OV2640_QVGA_YUV422_10FPS;
  4007a2:	4b1e      	ldr	r3, [pc, #120]	; (40081c <ov_configure+0x114>)
  4007a4:	60fb      	str	r3, [r7, #12]
		break;
  4007a6:	e018      	b.n	4007da <ov_configure+0xd2>

	case QVGA_YUV422_15FPS:
		p_regs_conf = OV2640_QVGA_YUV422_15FPS;
  4007a8:	4b1d      	ldr	r3, [pc, #116]	; (400820 <ov_configure+0x118>)
  4007aa:	60fb      	str	r3, [r7, #12]
		break;
  4007ac:	e015      	b.n	4007da <ov_configure+0xd2>

	case QVGA_YUV422_20FPS:
		p_regs_conf = OV2640_QVGA_YUV422_20FPS;
  4007ae:	4b1d      	ldr	r3, [pc, #116]	; (400824 <ov_configure+0x11c>)
  4007b0:	60fb      	str	r3, [r7, #12]
		break;
  4007b2:	e012      	b.n	4007da <ov_configure+0xd2>

	case QVGA_YUV422_30FPS:
		p_regs_conf = OV2640_QVGA_YUV422_30FPS;
  4007b4:	4b1c      	ldr	r3, [pc, #112]	; (400828 <ov_configure+0x120>)
  4007b6:	60fb      	str	r3, [r7, #12]
		break;
  4007b8:	e00f      	b.n	4007da <ov_configure+0xd2>

	case QVGA_RGB888:
		p_regs_conf = OV2640_QVGA_RGB888;
  4007ba:	4b1c      	ldr	r3, [pc, #112]	; (40082c <ov_configure+0x124>)
  4007bc:	60fb      	str	r3, [r7, #12]
		break;
  4007be:	e00c      	b.n	4007da <ov_configure+0xd2>

	case QQVGA_YUV422:
		p_regs_conf = OV2640_QQVGA_YUV422;
  4007c0:	4b1b      	ldr	r3, [pc, #108]	; (400830 <ov_configure+0x128>)
  4007c2:	60fb      	str	r3, [r7, #12]
		break;
  4007c4:	e009      	b.n	4007da <ov_configure+0xd2>

	case QQVGA_RGB888:
		p_regs_conf = OV2640_QQVGA_RGB888;
  4007c6:	4b1b      	ldr	r3, [pc, #108]	; (400834 <ov_configure+0x12c>)
  4007c8:	60fb      	str	r3, [r7, #12]
		break;
  4007ca:	e006      	b.n	4007da <ov_configure+0xd2>

	case TEST_PATTERN:
		p_regs_conf = OV2640_TEST_PATTERN;
  4007cc:	4b1a      	ldr	r3, [pc, #104]	; (400838 <ov_configure+0x130>)
  4007ce:	60fb      	str	r3, [r7, #12]
		break;
  4007d0:	e003      	b.n	4007da <ov_configure+0xd2>

	case VGA_YUV422_20FPS:
		p_regs_conf = OV2640_VGA_YUV422_20FPS;
  4007d2:	4b1a      	ldr	r3, [pc, #104]	; (40083c <ov_configure+0x134>)
  4007d4:	60fb      	str	r3, [r7, #12]
		break;
  4007d6:	e000      	b.n	4007da <ov_configure+0xd2>

	default:
		break;
  4007d8:	bf00      	nop
	}

	if (p_regs_conf != NULL) {
  4007da:	68fb      	ldr	r3, [r7, #12]
  4007dc:	2b00      	cmp	r3, #0
  4007de:	d005      	beq.n	4007ec <ov_configure+0xe4>
		ov_write_regs( p_twi, p_regs_conf );
  4007e0:	68f9      	ldr	r1, [r7, #12]
  4007e2:	6878      	ldr	r0, [r7, #4]
  4007e4:	4b16      	ldr	r3, [pc, #88]	; (400840 <ov_configure+0x138>)
  4007e6:	4798      	blx	r3
		return 0;
  4007e8:	2300      	movs	r3, #0
  4007ea:	e000      	b.n	4007ee <ov_configure+0xe6>
	}

	return 1;
  4007ec:	2301      	movs	r3, #1
}
  4007ee:	4618      	mov	r0, r3
  4007f0:	3710      	adds	r7, #16
  4007f2:	46bd      	mov	sp, r7
  4007f4:	bd80      	pop	{r7, pc}
  4007f6:	bf00      	nop
  4007f8:	00408638 	.word	0x00408638
  4007fc:	004087b8 	.word	0x004087b8
  400800:	004087cc 	.word	0x004087cc
  400804:	004087e0 	.word	0x004087e0
  400808:	00408830 	.word	0x00408830
  40080c:	00408884 	.word	0x00408884
  400810:	004088d8 	.word	0x004088d8
  400814:	00408928 	.word	0x00408928
  400818:	0040897c 	.word	0x0040897c
  40081c:	004089d0 	.word	0x004089d0
  400820:	00408ac0 	.word	0x00408ac0
  400824:	00408bb0 	.word	0x00408bb0
  400828:	00408ca0 	.word	0x00408ca0
  40082c:	00408d90 	.word	0x00408d90
  400830:	00408e84 	.word	0x00408e84
  400834:	00408f78 	.word	0x00408f78
  400838:	0040906c 	.word	0x0040906c
  40083c:	00409160 	.word	0x00409160
  400840:	004005a9 	.word	0x004005a9

00400844 <__NVIC_EnableIRQ>:
  \details Enables a device specific interrupt in the NVIC interrupt controller.
  \param [in]      IRQn  Device specific interrupt number.
  \note    IRQn must not be negative.
 */
__STATIC_INLINE void __NVIC_EnableIRQ(IRQn_Type IRQn)
{
  400844:	b480      	push	{r7}
  400846:	b083      	sub	sp, #12
  400848:	af00      	add	r7, sp, #0
  40084a:	4603      	mov	r3, r0
  40084c:	71fb      	strb	r3, [r7, #7]
  if ((int32_t)(IRQn) >= 0)
  40084e:	f997 3007 	ldrsb.w	r3, [r7, #7]
  400852:	2b00      	cmp	r3, #0
  400854:	db0b      	blt.n	40086e <__NVIC_EnableIRQ+0x2a>
  {
    NVIC->ISER[(((uint32_t)IRQn) >> 5UL)] = (uint32_t)(1UL << (((uint32_t)IRQn) & 0x1FUL));
  400856:	4908      	ldr	r1, [pc, #32]	; (400878 <__NVIC_EnableIRQ+0x34>)
  400858:	f997 3007 	ldrsb.w	r3, [r7, #7]
  40085c:	095b      	lsrs	r3, r3, #5
  40085e:	79fa      	ldrb	r2, [r7, #7]
  400860:	f002 021f 	and.w	r2, r2, #31
  400864:	2001      	movs	r0, #1
  400866:	fa00 f202 	lsl.w	r2, r0, r2
  40086a:	f841 2023 	str.w	r2, [r1, r3, lsl #2]
  }
}
  40086e:	bf00      	nop
  400870:	370c      	adds	r7, #12
  400872:	46bd      	mov	sp, r7
  400874:	bc80      	pop	{r7}
  400876:	4770      	bx	lr
  400878:	e000e100 	.word	0xe000e100

0040087c <osc_get_rate>:
{
  40087c:	b480      	push	{r7}
  40087e:	b083      	sub	sp, #12
  400880:	af00      	add	r7, sp, #0
  400882:	6078      	str	r0, [r7, #4]
	switch (ul_id) {
  400884:	687b      	ldr	r3, [r7, #4]
  400886:	2b07      	cmp	r3, #7
  400888:	d825      	bhi.n	4008d6 <osc_get_rate+0x5a>
  40088a:	a201      	add	r2, pc, #4	; (adr r2, 400890 <osc_get_rate+0x14>)
  40088c:	f852 f023 	ldr.w	pc, [r2, r3, lsl #2]
  400890:	004008b1 	.word	0x004008b1
  400894:	004008b7 	.word	0x004008b7
  400898:	004008bd 	.word	0x004008bd
  40089c:	004008c3 	.word	0x004008c3
  4008a0:	004008c7 	.word	0x004008c7
  4008a4:	004008cb 	.word	0x004008cb
  4008a8:	004008cf 	.word	0x004008cf
  4008ac:	004008d3 	.word	0x004008d3
		return OSC_SLCK_32K_RC_HZ;
  4008b0:	f44f 43fa 	mov.w	r3, #32000	; 0x7d00
  4008b4:	e010      	b.n	4008d8 <osc_get_rate+0x5c>
		return BOARD_FREQ_SLCK_XTAL;
  4008b6:	f44f 4300 	mov.w	r3, #32768	; 0x8000
  4008ba:	e00d      	b.n	4008d8 <osc_get_rate+0x5c>
		return BOARD_FREQ_SLCK_BYPASS;
  4008bc:	f44f 4300 	mov.w	r3, #32768	; 0x8000
  4008c0:	e00a      	b.n	4008d8 <osc_get_rate+0x5c>
		return OSC_MAINCK_4M_RC_HZ;
  4008c2:	4b08      	ldr	r3, [pc, #32]	; (4008e4 <osc_get_rate+0x68>)
  4008c4:	e008      	b.n	4008d8 <osc_get_rate+0x5c>
		return OSC_MAINCK_8M_RC_HZ;
  4008c6:	4b08      	ldr	r3, [pc, #32]	; (4008e8 <osc_get_rate+0x6c>)
  4008c8:	e006      	b.n	4008d8 <osc_get_rate+0x5c>
		return OSC_MAINCK_12M_RC_HZ;
  4008ca:	4b08      	ldr	r3, [pc, #32]	; (4008ec <osc_get_rate+0x70>)
  4008cc:	e004      	b.n	4008d8 <osc_get_rate+0x5c>
		return BOARD_FREQ_MAINCK_XTAL;
  4008ce:	4b07      	ldr	r3, [pc, #28]	; (4008ec <osc_get_rate+0x70>)
  4008d0:	e002      	b.n	4008d8 <osc_get_rate+0x5c>
		return BOARD_FREQ_MAINCK_BYPASS;
  4008d2:	4b06      	ldr	r3, [pc, #24]	; (4008ec <osc_get_rate+0x70>)
  4008d4:	e000      	b.n	4008d8 <osc_get_rate+0x5c>
	return 0;
  4008d6:	2300      	movs	r3, #0
}
  4008d8:	4618      	mov	r0, r3
  4008da:	370c      	adds	r7, #12
  4008dc:	46bd      	mov	sp, r7
  4008de:	bc80      	pop	{r7}
  4008e0:	4770      	bx	lr
  4008e2:	bf00      	nop
  4008e4:	003d0900 	.word	0x003d0900
  4008e8:	007a1200 	.word	0x007a1200
  4008ec:	00b71b00 	.word	0x00b71b00

004008f0 <sysclk_get_main_hz>:
{
  4008f0:	b580      	push	{r7, lr}
  4008f2:	af00      	add	r7, sp, #0
		return pll_get_default_rate(0);
  4008f4:	2006      	movs	r0, #6
  4008f6:	4b04      	ldr	r3, [pc, #16]	; (400908 <sysclk_get_main_hz+0x18>)
  4008f8:	4798      	blx	r3
  4008fa:	4602      	mov	r2, r0
  4008fc:	4613      	mov	r3, r2
  4008fe:	00db      	lsls	r3, r3, #3
  400900:	4413      	add	r3, r2
}
  400902:	4618      	mov	r0, r3
  400904:	bd80      	pop	{r7, pc}
  400906:	bf00      	nop
  400908:	0040087d 	.word	0x0040087d

0040090c <sysclk_get_cpu_hz>:
{
  40090c:	b580      	push	{r7, lr}
  40090e:	af00      	add	r7, sp, #0
	return sysclk_get_main_hz() /
  400910:	4b02      	ldr	r3, [pc, #8]	; (40091c <sysclk_get_cpu_hz+0x10>)
  400912:	4798      	blx	r3
  400914:	4603      	mov	r3, r0
}
  400916:	4618      	mov	r0, r3
  400918:	bd80      	pop	{r7, pc}
  40091a:	bf00      	nop
  40091c:	004008f1 	.word	0x004008f1

00400920 <TC0_Handler>:
#include "timer_interface.h"

volatile uint32_t g_tc_div = 0;  // add at top with other globals

void TC0_Handler(void)
{
  400920:	b580      	push	{r7, lr}
  400922:	b082      	sub	sp, #8
  400924:	af00      	add	r7, sp, #0
	uint32_t ul_status;

	// Read TC0 status.
	ul_status = tc_get_status(TC0, 0);
  400926:	2100      	movs	r1, #0
  400928:	4809      	ldr	r0, [pc, #36]	; (400950 <TC0_Handler+0x30>)
  40092a:	4b0a      	ldr	r3, [pc, #40]	; (400954 <TC0_Handler+0x34>)
  40092c:	4798      	blx	r3
  40092e:	6078      	str	r0, [r7, #4]

	// RC compare.
	if ((ul_status & TC_SR_CPCS) == TC_SR_CPCS) {
  400930:	687b      	ldr	r3, [r7, #4]
  400932:	f003 0310 	and.w	r3, r3, #16
  400936:	2b00      	cmp	r3, #0
  400938:	d006      	beq.n	400948 <TC0_Handler+0x28>
		counts++;
  40093a:	4b07      	ldr	r3, [pc, #28]	; (400958 <TC0_Handler+0x38>)
  40093c:	781b      	ldrb	r3, [r3, #0]
  40093e:	b2db      	uxtb	r3, r3
  400940:	3301      	adds	r3, #1
  400942:	b2da      	uxtb	r2, r3
  400944:	4b04      	ldr	r3, [pc, #16]	; (400958 <TC0_Handler+0x38>)
  400946:	701a      	strb	r2, [r3, #0]
	}
}
  400948:	bf00      	nop
  40094a:	3708      	adds	r7, #8
  40094c:	46bd      	mov	sp, r7
  40094e:	bd80      	pop	{r7, pc}
  400950:	40010000 	.word	0x40010000
  400954:	0040025d 	.word	0x0040025d
  400958:	20000ad0 	.word	0x20000ad0

0040095c <configure_tc>:

void configure_tc(void)
{
  40095c:	b590      	push	{r4, r7, lr}
  40095e:	b087      	sub	sp, #28
  400960:	af02      	add	r7, sp, #8
	uint32_t ul_div;
	uint32_t ul_tcclks;
	uint32_t ul_sysclk;

	// Get system clock.
	ul_sysclk = sysclk_get_cpu_hz();
  400962:	4b1a      	ldr	r3, [pc, #104]	; (4009cc <configure_tc+0x70>)
  400964:	4798      	blx	r3
  400966:	60f8      	str	r0, [r7, #12]

	// Configure PMC.
	pmc_enable_periph_clk(ID_TC0);
  400968:	2017      	movs	r0, #23
  40096a:	4b19      	ldr	r3, [pc, #100]	; (4009d0 <configure_tc+0x74>)
  40096c:	4798      	blx	r3

	// Configure TC for a 1Hz frequency and trigger on RC compare.
	tc_find_mck_divisor(TC_FREQ, ul_sysclk, &ul_div, &ul_tcclks, ul_sysclk);
  40096e:	1d39      	adds	r1, r7, #4
  400970:	f107 0208 	add.w	r2, r7, #8
  400974:	68fb      	ldr	r3, [r7, #12]
  400976:	9300      	str	r3, [sp, #0]
  400978:	460b      	mov	r3, r1
  40097a:	68f9      	ldr	r1, [r7, #12]
  40097c:	2001      	movs	r0, #1
  40097e:	4c15      	ldr	r4, [pc, #84]	; (4009d4 <configure_tc+0x78>)
  400980:	47a0      	blx	r4
	    g_tc_div = ul_div;  // ? capture it right after this call
  400982:	68bb      	ldr	r3, [r7, #8]
  400984:	4a14      	ldr	r2, [pc, #80]	; (4009d8 <configure_tc+0x7c>)
  400986:	6013      	str	r3, [r2, #0]
	tc_init(TC0, 0, ul_tcclks | TC_CMR_CPCTRG);
  400988:	687b      	ldr	r3, [r7, #4]
  40098a:	f443 4380 	orr.w	r3, r3, #16384	; 0x4000
  40098e:	461a      	mov	r2, r3
  400990:	2100      	movs	r1, #0
  400992:	4812      	ldr	r0, [pc, #72]	; (4009dc <configure_tc+0x80>)
  400994:	4b12      	ldr	r3, [pc, #72]	; (4009e0 <configure_tc+0x84>)
  400996:	4798      	blx	r3
	tc_write_rc(TC0, 0, (ul_sysclk / ul_div) / TC_FREQ);
  400998:	68bb      	ldr	r3, [r7, #8]
  40099a:	68fa      	ldr	r2, [r7, #12]
  40099c:	fbb2 f3f3 	udiv	r3, r2, r3
  4009a0:	461a      	mov	r2, r3
  4009a2:	2100      	movs	r1, #0
  4009a4:	480d      	ldr	r0, [pc, #52]	; (4009dc <configure_tc+0x80>)
  4009a6:	4b0f      	ldr	r3, [pc, #60]	; (4009e4 <configure_tc+0x88>)
  4009a8:	4798      	blx	r3

	// Configure and enable interrupt on RC compare.
	NVIC_EnableIRQ((IRQn_Type) ID_TC0);
  4009aa:	2017      	movs	r0, #23
  4009ac:	4b0e      	ldr	r3, [pc, #56]	; (4009e8 <configure_tc+0x8c>)
  4009ae:	4798      	blx	r3
	tc_enable_interrupt(TC0, 0, TC_IER_CPCS);
  4009b0:	2210      	movs	r2, #16
  4009b2:	2100      	movs	r1, #0
  4009b4:	4809      	ldr	r0, [pc, #36]	; (4009dc <configure_tc+0x80>)
  4009b6:	4b0d      	ldr	r3, [pc, #52]	; (4009ec <configure_tc+0x90>)
  4009b8:	4798      	blx	r3
	
	// Start the timer
	tc_start(TC0, 0);
  4009ba:	2100      	movs	r1, #0
  4009bc:	4807      	ldr	r0, [pc, #28]	; (4009dc <configure_tc+0x80>)
  4009be:	4b0c      	ldr	r3, [pc, #48]	; (4009f0 <configure_tc+0x94>)
  4009c0:	4798      	blx	r3
  4009c2:	bf00      	nop
  4009c4:	3714      	adds	r7, #20
  4009c6:	46bd      	mov	sp, r7
  4009c8:	bd90      	pop	{r4, r7, pc}
  4009ca:	bf00      	nop
  4009cc:	0040090d 	.word	0x0040090d
  4009d0:	00401c35 	.word	0x00401c35
  4009d4:	0040027f 	.word	0x0040027f
  4009d8:	200009dc 	.word	0x200009dc
  4009dc:	40010000 	.word	0x40010000
  4009e0:	004001bb 	.word	0x004001bb
  4009e4:	00400213 	.word	0x00400213
  4009e8:	00400845 	.word	0x00400845
  4009ec:	00400237 	.word	0x00400237
  4009f0:	004001f3 	.word	0x004001f3

004009f4 <__NVIC_EnableIRQ>:
{
  4009f4:	b480      	push	{r7}
  4009f6:	b083      	sub	sp, #12
  4009f8:	af00      	add	r7, sp, #0
  4009fa:	4603      	mov	r3, r0
  4009fc:	71fb      	strb	r3, [r7, #7]
  if ((int32_t)(IRQn) >= 0)
  4009fe:	f997 3007 	ldrsb.w	r3, [r7, #7]
  400a02:	2b00      	cmp	r3, #0
  400a04:	db0b      	blt.n	400a1e <__NVIC_EnableIRQ+0x2a>
    NVIC->ISER[(((uint32_t)IRQn) >> 5UL)] = (uint32_t)(1UL << (((uint32_t)IRQn) & 0x1FUL));
  400a06:	4908      	ldr	r1, [pc, #32]	; (400a28 <__NVIC_EnableIRQ+0x34>)
  400a08:	f997 3007 	ldrsb.w	r3, [r7, #7]
  400a0c:	095b      	lsrs	r3, r3, #5
  400a0e:	79fa      	ldrb	r2, [r7, #7]
  400a10:	f002 021f 	and.w	r2, r2, #31
  400a14:	2001      	movs	r0, #1
  400a16:	fa00 f202 	lsl.w	r2, r0, r2
  400a1a:	f841 2023 	str.w	r2, [r1, r3, lsl #2]
}
  400a1e:	bf00      	nop
  400a20:	370c      	adds	r7, #12
  400a22:	46bd      	mov	sp, r7
  400a24:	bc80      	pop	{r7}
  400a26:	4770      	bx	lr
  400a28:	e000e100 	.word	0xe000e100

00400a2c <osc_get_rate>:
{
  400a2c:	b480      	push	{r7}
  400a2e:	b083      	sub	sp, #12
  400a30:	af00      	add	r7, sp, #0
  400a32:	6078      	str	r0, [r7, #4]
	switch (ul_id) {
  400a34:	687b      	ldr	r3, [r7, #4]
  400a36:	2b07      	cmp	r3, #7
  400a38:	d825      	bhi.n	400a86 <osc_get_rate+0x5a>
  400a3a:	a201      	add	r2, pc, #4	; (adr r2, 400a40 <osc_get_rate+0x14>)
  400a3c:	f852 f023 	ldr.w	pc, [r2, r3, lsl #2]
  400a40:	00400a61 	.word	0x00400a61
  400a44:	00400a67 	.word	0x00400a67
  400a48:	00400a6d 	.word	0x00400a6d
  400a4c:	00400a73 	.word	0x00400a73
  400a50:	00400a77 	.word	0x00400a77
  400a54:	00400a7b 	.word	0x00400a7b
  400a58:	00400a7f 	.word	0x00400a7f
  400a5c:	00400a83 	.word	0x00400a83
		return OSC_SLCK_32K_RC_HZ;
  400a60:	f44f 43fa 	mov.w	r3, #32000	; 0x7d00
  400a64:	e010      	b.n	400a88 <osc_get_rate+0x5c>
		return BOARD_FREQ_SLCK_XTAL;
  400a66:	f44f 4300 	mov.w	r3, #32768	; 0x8000
  400a6a:	e00d      	b.n	400a88 <osc_get_rate+0x5c>
		return BOARD_FREQ_SLCK_BYPASS;
  400a6c:	f44f 4300 	mov.w	r3, #32768	; 0x8000
  400a70:	e00a      	b.n	400a88 <osc_get_rate+0x5c>
		return OSC_MAINCK_4M_RC_HZ;
  400a72:	4b08      	ldr	r3, [pc, #32]	; (400a94 <osc_get_rate+0x68>)
  400a74:	e008      	b.n	400a88 <osc_get_rate+0x5c>
		return OSC_MAINCK_8M_RC_HZ;
  400a76:	4b08      	ldr	r3, [pc, #32]	; (400a98 <osc_get_rate+0x6c>)
  400a78:	e006      	b.n	400a88 <osc_get_rate+0x5c>
		return OSC_MAINCK_12M_RC_HZ;
  400a7a:	4b08      	ldr	r3, [pc, #32]	; (400a9c <osc_get_rate+0x70>)
  400a7c:	e004      	b.n	400a88 <osc_get_rate+0x5c>
		return BOARD_FREQ_MAINCK_XTAL;
  400a7e:	4b07      	ldr	r3, [pc, #28]	; (400a9c <osc_get_rate+0x70>)
  400a80:	e002      	b.n	400a88 <osc_get_rate+0x5c>
		return BOARD_FREQ_MAINCK_BYPASS;
  400a82:	4b06      	ldr	r3, [pc, #24]	; (400a9c <osc_get_rate+0x70>)
  400a84:	e000      	b.n	400a88 <osc_get_rate+0x5c>
	return 0;
  400a86:	2300      	movs	r3, #0
}
  400a88:	4618      	mov	r0, r3
  400a8a:	370c      	adds	r7, #12
  400a8c:	46bd      	mov	sp, r7
  400a8e:	bc80      	pop	{r7}
  400a90:	4770      	bx	lr
  400a92:	bf00      	nop
  400a94:	003d0900 	.word	0x003d0900
  400a98:	007a1200 	.word	0x007a1200
  400a9c:	00b71b00 	.word	0x00b71b00

00400aa0 <sysclk_get_main_hz>:
{
  400aa0:	b580      	push	{r7, lr}
  400aa2:	af00      	add	r7, sp, #0
		return pll_get_default_rate(0);
  400aa4:	2006      	movs	r0, #6
  400aa6:	4b04      	ldr	r3, [pc, #16]	; (400ab8 <sysclk_get_main_hz+0x18>)
  400aa8:	4798      	blx	r3
  400aaa:	4602      	mov	r2, r0
  400aac:	4613      	mov	r3, r2
  400aae:	00db      	lsls	r3, r3, #3
  400ab0:	4413      	add	r3, r2
}
  400ab2:	4618      	mov	r0, r3
  400ab4:	bd80      	pop	{r7, pc}
  400ab6:	bf00      	nop
  400ab8:	00400a2d 	.word	0x00400a2d

00400abc <sysclk_get_cpu_hz>:
{
  400abc:	b580      	push	{r7, lr}
  400abe:	af00      	add	r7, sp, #0
	return sysclk_get_main_hz() /
  400ac0:	4b02      	ldr	r3, [pc, #8]	; (400acc <sysclk_get_cpu_hz+0x10>)
  400ac2:	4798      	blx	r3
  400ac4:	4603      	mov	r3, r0
}
  400ac6:	4618      	mov	r0, r3
  400ac8:	bd80      	pop	{r7, pc}
  400aca:	bf00      	nop
  400acc:	00400aa1 	.word	0x00400aa1

00400ad0 <sysclk_enable_peripheral_clock>:
 * \brief Enable a peripheral's clock.
 *
 * \param ul_id Id (number) of the peripheral clock.
 */
static inline void sysclk_enable_peripheral_clock(uint32_t ul_id)
{
  400ad0:	b580      	push	{r7, lr}
  400ad2:	b082      	sub	sp, #8
  400ad4:	af00      	add	r7, sp, #0
  400ad6:	6078      	str	r0, [r7, #4]
	pmc_enable_periph_clk(ul_id);
  400ad8:	6878      	ldr	r0, [r7, #4]
  400ada:	4b03      	ldr	r3, [pc, #12]	; (400ae8 <sysclk_enable_peripheral_clock+0x18>)
  400adc:	4798      	blx	r3
}
  400ade:	bf00      	nop
  400ae0:	3708      	adds	r7, #8
  400ae2:	46bd      	mov	sp, r7
  400ae4:	bd80      	pop	{r7, pc}
  400ae6:	bf00      	nop
  400ae8:	00401c35 	.word	0x00401c35

00400aec <spi_reset>:
 * \brief Reset SPI and set it to Slave mode.
 *
 * \param p_spi Pointer to an SPI instance.
 */
static inline void spi_reset(Spi *p_spi)
{
  400aec:	b480      	push	{r7}
  400aee:	b083      	sub	sp, #12
  400af0:	af00      	add	r7, sp, #0
  400af2:	6078      	str	r0, [r7, #4]
	p_spi->SPI_CR = SPI_CR_SWRST;
  400af4:	687b      	ldr	r3, [r7, #4]
  400af6:	2280      	movs	r2, #128	; 0x80
  400af8:	601a      	str	r2, [r3, #0]
}
  400afa:	bf00      	nop
  400afc:	370c      	adds	r7, #12
  400afe:	46bd      	mov	sp, r7
  400b00:	bc80      	pop	{r7}
  400b02:	4770      	bx	lr

00400b04 <spi_enable>:
 * \brief Enable SPI.
 *
 * \param p_spi Pointer to an SPI instance.
 */
static inline void spi_enable(Spi *p_spi)
{
  400b04:	b480      	push	{r7}
  400b06:	b083      	sub	sp, #12
  400b08:	af00      	add	r7, sp, #0
  400b0a:	6078      	str	r0, [r7, #4]
	p_spi->SPI_CR = SPI_CR_SPIEN;
  400b0c:	687b      	ldr	r3, [r7, #4]
  400b0e:	2201      	movs	r2, #1
  400b10:	601a      	str	r2, [r3, #0]
}
  400b12:	bf00      	nop
  400b14:	370c      	adds	r7, #12
  400b16:	46bd      	mov	sp, r7
  400b18:	bc80      	pop	{r7}
  400b1a:	4770      	bx	lr

00400b1c <spi_disable>:
 * should check TX_EMPTY before disabling SPI.
 *
 * \param p_spi Pointer to an SPI instance.
 */
static inline void spi_disable(Spi *p_spi)
{
  400b1c:	b480      	push	{r7}
  400b1e:	b083      	sub	sp, #12
  400b20:	af00      	add	r7, sp, #0
  400b22:	6078      	str	r0, [r7, #4]
	p_spi->SPI_CR = SPI_CR_SPIDIS;
  400b24:	687b      	ldr	r3, [r7, #4]
  400b26:	2202      	movs	r2, #2
  400b28:	601a      	str	r2, [r3, #0]
}
  400b2a:	bf00      	nop
  400b2c:	370c      	adds	r7, #12
  400b2e:	46bd      	mov	sp, r7
  400b30:	bc80      	pop	{r7}
  400b32:	4770      	bx	lr

00400b34 <spi_set_slave_mode>:
 * \brief Set SPI to Slave mode.
 *
 * \param p_spi Pointer to an SPI instance.
 */
static inline void spi_set_slave_mode(Spi *p_spi)
{
  400b34:	b480      	push	{r7}
  400b36:	b083      	sub	sp, #12
  400b38:	af00      	add	r7, sp, #0
  400b3a:	6078      	str	r0, [r7, #4]
	p_spi->SPI_MR &= (~SPI_MR_MSTR);
  400b3c:	687b      	ldr	r3, [r7, #4]
  400b3e:	685b      	ldr	r3, [r3, #4]
  400b40:	f023 0201 	bic.w	r2, r3, #1
  400b44:	687b      	ldr	r3, [r7, #4]
  400b46:	605a      	str	r2, [r3, #4]
}
  400b48:	bf00      	nop
  400b4a:	370c      	adds	r7, #12
  400b4c:	46bd      	mov	sp, r7
  400b4e:	bc80      	pop	{r7}
  400b50:	4770      	bx	lr

00400b52 <spi_disable_interrupt>:
 *
 * \param p_spi Pointer to an SPI instance.
 * \param ul_sources Interrupts to be disabled.
 */
static inline void spi_disable_interrupt(Spi *p_spi, uint32_t ul_sources)
{
  400b52:	b480      	push	{r7}
  400b54:	b083      	sub	sp, #12
  400b56:	af00      	add	r7, sp, #0
  400b58:	6078      	str	r0, [r7, #4]
  400b5a:	6039      	str	r1, [r7, #0]
	p_spi->SPI_IDR = ul_sources;
  400b5c:	687b      	ldr	r3, [r7, #4]
  400b5e:	683a      	ldr	r2, [r7, #0]
  400b60:	619a      	str	r2, [r3, #24]
}
  400b62:	bf00      	nop
  400b64:	370c      	adds	r7, #12
  400b66:	46bd      	mov	sp, r7
  400b68:	bc80      	pop	{r7}
  400b6a:	4770      	bx	lr

00400b6c <spi_get_pdc_base>:
 * \param p_spi Pointer to an SPI instance.
 *
 * \return PDC registers base for PDC driver to access.
 */
static inline Pdc *spi_get_pdc_base(Spi *p_spi)
{
  400b6c:	b480      	push	{r7}
  400b6e:	b083      	sub	sp, #12
  400b70:	af00      	add	r7, sp, #0
  400b72:	6078      	str	r0, [r7, #4]
	return (Pdc *)&(p_spi->SPI_RPR);
  400b74:	687b      	ldr	r3, [r7, #4]
  400b76:	f503 7380 	add.w	r3, r3, #256	; 0x100
}
  400b7a:	4618      	mov	r0, r3
  400b7c:	370c      	adds	r7, #12
  400b7e:	46bd      	mov	sp, r7
  400b80:	bc80      	pop	{r7}
  400b82:	4770      	bx	lr

00400b84 <USART0_Handler>:
volatile uint8_t g_wifi_provision_flag = 0;
volatile uint32_t g_spi_transfer_idx = 0;
extern volatile uint8_t counts;


void USART0_Handler(void) {
  400b84:	b580      	push	{r7, lr}
  400b86:	af00      	add	r7, sp, #0
	wifi_usart_handler();
  400b88:	4b01      	ldr	r3, [pc, #4]	; (400b90 <USART0_Handler+0xc>)
  400b8a:	4798      	blx	r3
}
  400b8c:	bf00      	nop
  400b8e:	bd80      	pop	{r7, pc}
  400b90:	00400b95 	.word	0x00400b95

00400b94 <wifi_usart_handler>:
void wifi_usart_handler(void) {
  400b94:	b580      	push	{r7, lr}
  400b96:	b082      	sub	sp, #8
  400b98:	af00      	add	r7, sp, #0
	uint32_t status = usart_get_status(BOARD_USART);
  400b9a:	480b      	ldr	r0, [pc, #44]	; (400bc8 <wifi_usart_handler+0x34>)
  400b9c:	4b0b      	ldr	r3, [pc, #44]	; (400bcc <wifi_usart_handler+0x38>)
  400b9e:	4798      	blx	r3
  400ba0:	6078      	str	r0, [r7, #4]
	if(status & US_CSR_RXRDY) {
  400ba2:	687b      	ldr	r3, [r7, #4]
  400ba4:	f003 0301 	and.w	r3, r3, #1
  400ba8:	2b00      	cmp	r3, #0
  400baa:	d009      	beq.n	400bc0 <wifi_usart_handler+0x2c>
		uint32_t received_byte;
		usart_read(BOARD_USART, &received_byte);
  400bac:	463b      	mov	r3, r7
  400bae:	4619      	mov	r1, r3
  400bb0:	4805      	ldr	r0, [pc, #20]	; (400bc8 <wifi_usart_handler+0x34>)
  400bb2:	4b07      	ldr	r3, [pc, #28]	; (400bd0 <wifi_usart_handler+0x3c>)
  400bb4:	4798      	blx	r3
		process_incoming_byte_wifi((uint8_t)received_byte);
  400bb6:	683b      	ldr	r3, [r7, #0]
  400bb8:	b2db      	uxtb	r3, r3
  400bba:	4618      	mov	r0, r3
  400bbc:	4b05      	ldr	r3, [pc, #20]	; (400bd4 <wifi_usart_handler+0x40>)
  400bbe:	4798      	blx	r3
	}
}
  400bc0:	bf00      	nop
  400bc2:	3708      	adds	r7, #8
  400bc4:	46bd      	mov	sp, r7
  400bc6:	bd80      	pop	{r7, pc}
  400bc8:	40024000 	.word	0x40024000
  400bcc:	00402363 	.word	0x00402363
  400bd0:	004023f7 	.word	0x004023f7
  400bd4:	00400bd9 	.word	0x00400bd9

00400bd8 <process_incoming_byte_wifi>:

void process_incoming_byte_wifi(uint8_t in_byte) {
  400bd8:	b580      	push	{r7, lr}
  400bda:	b082      	sub	sp, #8
  400bdc:	af00      	add	r7, sp, #0
  400bde:	4603      	mov	r3, r0
  400be0:	71fb      	strb	r3, [r7, #7]
    if (in_byte != '\n') {
  400be2:	79fb      	ldrb	r3, [r7, #7]
  400be4:	2b0a      	cmp	r3, #10
  400be6:	d00e      	beq.n	400c06 <process_incoming_byte_wifi+0x2e>
        // Store every byte except the newline
        if (g_wifi_buf_idx < WIFI_BUFFER_SIZE - 1) {
  400be8:	4b17      	ldr	r3, [pc, #92]	; (400c48 <process_incoming_byte_wifi+0x70>)
  400bea:	681b      	ldr	r3, [r3, #0]
  400bec:	f240 32fe 	movw	r2, #1022	; 0x3fe
  400bf0:	4293      	cmp	r3, r2
  400bf2:	d824      	bhi.n	400c3e <process_incoming_byte_wifi+0x66>
            g_wifi_buffer[g_wifi_buf_idx++] = in_byte;
  400bf4:	4b14      	ldr	r3, [pc, #80]	; (400c48 <process_incoming_byte_wifi+0x70>)
  400bf6:	681b      	ldr	r3, [r3, #0]
  400bf8:	1c5a      	adds	r2, r3, #1
  400bfa:	4913      	ldr	r1, [pc, #76]	; (400c48 <process_incoming_byte_wifi+0x70>)
  400bfc:	600a      	str	r2, [r1, #0]
  400bfe:	4913      	ldr	r1, [pc, #76]	; (400c4c <process_incoming_byte_wifi+0x74>)
  400c00:	79fa      	ldrb	r2, [r7, #7]
  400c02:	54ca      	strb	r2, [r1, r3]
        if (strstr((char*)g_wifi_buffer, "SUCCESS")) {
            g_wifi_command_complete = 1;
        }
        g_wifi_buf_idx = 0; // reset for next message
    }
}
  400c04:	e01b      	b.n	400c3e <process_incoming_byte_wifi+0x66>
        if (g_wifi_buf_idx < WIFI_BUFFER_SIZE) {
  400c06:	4b10      	ldr	r3, [pc, #64]	; (400c48 <process_incoming_byte_wifi+0x70>)
  400c08:	681b      	ldr	r3, [r3, #0]
  400c0a:	f5b3 6f80 	cmp.w	r3, #1024	; 0x400
  400c0e:	d205      	bcs.n	400c1c <process_incoming_byte_wifi+0x44>
            g_wifi_buffer[g_wifi_buf_idx] = '\0';
  400c10:	4b0d      	ldr	r3, [pc, #52]	; (400c48 <process_incoming_byte_wifi+0x70>)
  400c12:	681b      	ldr	r3, [r3, #0]
  400c14:	4a0d      	ldr	r2, [pc, #52]	; (400c4c <process_incoming_byte_wifi+0x74>)
  400c16:	2100      	movs	r1, #0
  400c18:	54d1      	strb	r1, [r2, r3]
  400c1a:	e003      	b.n	400c24 <process_incoming_byte_wifi+0x4c>
            g_wifi_buffer[WIFI_BUFFER_SIZE - 1] = '\0';
  400c1c:	4b0b      	ldr	r3, [pc, #44]	; (400c4c <process_incoming_byte_wifi+0x74>)
  400c1e:	2200      	movs	r2, #0
  400c20:	f883 23ff 	strb.w	r2, [r3, #1023]	; 0x3ff
        if (strstr((char*)g_wifi_buffer, "SUCCESS")) {
  400c24:	490a      	ldr	r1, [pc, #40]	; (400c50 <process_incoming_byte_wifi+0x78>)
  400c26:	4809      	ldr	r0, [pc, #36]	; (400c4c <process_incoming_byte_wifi+0x74>)
  400c28:	4b0a      	ldr	r3, [pc, #40]	; (400c54 <process_incoming_byte_wifi+0x7c>)
  400c2a:	4798      	blx	r3
  400c2c:	4603      	mov	r3, r0
  400c2e:	2b00      	cmp	r3, #0
  400c30:	d002      	beq.n	400c38 <process_incoming_byte_wifi+0x60>
            g_wifi_command_complete = 1;
  400c32:	4b09      	ldr	r3, [pc, #36]	; (400c58 <process_incoming_byte_wifi+0x80>)
  400c34:	2201      	movs	r2, #1
  400c36:	701a      	strb	r2, [r3, #0]
        g_wifi_buf_idx = 0; // reset for next message
  400c38:	4b03      	ldr	r3, [pc, #12]	; (400c48 <process_incoming_byte_wifi+0x70>)
  400c3a:	2200      	movs	r2, #0
  400c3c:	601a      	str	r2, [r3, #0]
}
  400c3e:	bf00      	nop
  400c40:	3708      	adds	r7, #8
  400c42:	46bd      	mov	sp, r7
  400c44:	bd80      	pop	{r7, pc}
  400c46:	bf00      	nop
  400c48:	200009e0 	.word	0x200009e0
  400c4c:	20019178 	.word	0x20019178
  400c50:	00409250 	.word	0x00409250
  400c54:	00403e21 	.word	0x00403e21
  400c58:	200009e4 	.word	0x200009e4

00400c5c <configure_usart_wifi>:
			spi_write(WIFI_SPI, 0x00, 0, 0); 
		}
	}
}

void configure_usart_wifi(void) {
  400c5c:	b590      	push	{r4, r7, lr}
  400c5e:	b087      	sub	sp, #28
  400c60:	af00      	add	r7, sp, #0
	pio_configure(PIOA, PIO_PERIPH_A, PIO_PA5A_RXD0 | PIO_PA6A_TXD0, PIO_DEFAULT);
  400c62:	2300      	movs	r3, #0
  400c64:	2260      	movs	r2, #96	; 0x60
  400c66:	f04f 6100 	mov.w	r1, #134217728	; 0x8000000
  400c6a:	4817      	ldr	r0, [pc, #92]	; (400cc8 <configure_usart_wifi+0x6c>)
  400c6c:	4c17      	ldr	r4, [pc, #92]	; (400ccc <configure_usart_wifi+0x70>)
  400c6e:	47a0      	blx	r4
	const sam_usart_opt_t settings = {
  400c70:	463b      	mov	r3, r7
  400c72:	2200      	movs	r2, #0
  400c74:	601a      	str	r2, [r3, #0]
  400c76:	605a      	str	r2, [r3, #4]
  400c78:	609a      	str	r2, [r3, #8]
  400c7a:	60da      	str	r2, [r3, #12]
  400c7c:	611a      	str	r2, [r3, #16]
  400c7e:	615a      	str	r2, [r3, #20]
  400c80:	f44f 33e1 	mov.w	r3, #115200	; 0x1c200
  400c84:	603b      	str	r3, [r7, #0]
  400c86:	23c0      	movs	r3, #192	; 0xc0
  400c88:	607b      	str	r3, [r7, #4]
  400c8a:	f44f 6300 	mov.w	r3, #2048	; 0x800
  400c8e:	60bb      	str	r3, [r7, #8]
		US_MR_CHRL_8_BIT,
		US_MR_PAR_NO,
		US_MR_NBSTOP_1_BIT,
		US_MR_CHMODE_NORMAL
	};
	sysclk_enable_peripheral_clock(BOARD_ID_USART);
  400c90:	200e      	movs	r0, #14
  400c92:	4b0f      	ldr	r3, [pc, #60]	; (400cd0 <configure_usart_wifi+0x74>)
  400c94:	4798      	blx	r3
	usart_init_rs232(BOARD_USART, &settings, sysclk_get_cpu_hz());
  400c96:	4b0f      	ldr	r3, [pc, #60]	; (400cd4 <configure_usart_wifi+0x78>)
  400c98:	4798      	blx	r3
  400c9a:	4602      	mov	r2, r0
  400c9c:	463b      	mov	r3, r7
  400c9e:	4619      	mov	r1, r3
  400ca0:	480d      	ldr	r0, [pc, #52]	; (400cd8 <configure_usart_wifi+0x7c>)
  400ca2:	4b0e      	ldr	r3, [pc, #56]	; (400cdc <configure_usart_wifi+0x80>)
  400ca4:	4798      	blx	r3
	usart_enable_tx(BOARD_USART);
  400ca6:	480c      	ldr	r0, [pc, #48]	; (400cd8 <configure_usart_wifi+0x7c>)
  400ca8:	4b0d      	ldr	r3, [pc, #52]	; (400ce0 <configure_usart_wifi+0x84>)
  400caa:	4798      	blx	r3
	usart_enable_rx(BOARD_USART);
  400cac:	480a      	ldr	r0, [pc, #40]	; (400cd8 <configure_usart_wifi+0x7c>)
  400cae:	4b0d      	ldr	r3, [pc, #52]	; (400ce4 <configure_usart_wifi+0x88>)
  400cb0:	4798      	blx	r3
	usart_enable_interrupt(BOARD_USART, US_IER_RXRDY); 
  400cb2:	2101      	movs	r1, #1
  400cb4:	4808      	ldr	r0, [pc, #32]	; (400cd8 <configure_usart_wifi+0x7c>)
  400cb6:	4b0c      	ldr	r3, [pc, #48]	; (400ce8 <configure_usart_wifi+0x8c>)
  400cb8:	4798      	blx	r3
	NVIC_EnableIRQ((IRQn_Type)BOARD_ID_USART);
  400cba:	200e      	movs	r0, #14
  400cbc:	4b0b      	ldr	r3, [pc, #44]	; (400cec <configure_usart_wifi+0x90>)
  400cbe:	4798      	blx	r3
}
  400cc0:	bf00      	nop
  400cc2:	371c      	adds	r7, #28
  400cc4:	46bd      	mov	sp, r7
  400cc6:	bd90      	pop	{r4, r7, pc}
  400cc8:	400e0e00 	.word	0x400e0e00
  400ccc:	004015b5 	.word	0x004015b5
  400cd0:	00400ad1 	.word	0x00400ad1
  400cd4:	00400abd 	.word	0x00400abd
  400cd8:	40024000 	.word	0x40024000
  400cdc:	00402265 	.word	0x00402265
  400ce0:	004022e9 	.word	0x004022e9
  400ce4:	00402319 	.word	0x00402319
  400ce8:	00402349 	.word	0x00402349
  400cec:	004009f5 	.word	0x004009f5

00400cf0 <configure_wifi_comm_pin>:
void configure_wifi_comm_pin(void) {
  400cf0:	b580      	push	{r7, lr}
  400cf2:	af00      	add	r7, sp, #0
    pmc_enable_periph_clk(ID_PIOA);
  400cf4:	200b      	movs	r0, #11
  400cf6:	4b0e      	ldr	r3, [pc, #56]	; (400d30 <configure_wifi_comm_pin+0x40>)
  400cf8:	4798      	blx	r3
    pio_set_input(PIOA, PIN_WIFI_COMM_MASK, PIO_DEFAULT);
  400cfa:	2200      	movs	r2, #0
  400cfc:	f44f 2100 	mov.w	r1, #524288	; 0x80000
  400d00:	480c      	ldr	r0, [pc, #48]	; (400d34 <configure_wifi_comm_pin+0x44>)
  400d02:	4b0d      	ldr	r3, [pc, #52]	; (400d38 <configure_wifi_comm_pin+0x48>)
  400d04:	4798      	blx	r3
    PIOA->PIO_AIMER  = PIN_WIFI_COMM_MASK;
  400d06:	4b0b      	ldr	r3, [pc, #44]	; (400d34 <configure_wifi_comm_pin+0x44>)
  400d08:	f44f 2200 	mov.w	r2, #524288	; 0x80000
  400d0c:	f8c3 20b0 	str.w	r2, [r3, #176]	; 0xb0
    PIOA->PIO_ESR    = PIN_WIFI_COMM_MASK;
  400d10:	4b08      	ldr	r3, [pc, #32]	; (400d34 <configure_wifi_comm_pin+0x44>)
  400d12:	f44f 2200 	mov.w	r2, #524288	; 0x80000
  400d16:	f8c3 20c0 	str.w	r2, [r3, #192]	; 0xc0
    PIOA->PIO_REHLSR = PIN_WIFI_COMM_MASK;  // rising edge
  400d1a:	4b06      	ldr	r3, [pc, #24]	; (400d34 <configure_wifi_comm_pin+0x44>)
  400d1c:	f44f 2200 	mov.w	r2, #524288	; 0x80000
  400d20:	f8c3 20d4 	str.w	r2, [r3, #212]	; 0xd4
    PIOA->PIO_IER    = PIN_WIFI_COMM_MASK;
  400d24:	4b03      	ldr	r3, [pc, #12]	; (400d34 <configure_wifi_comm_pin+0x44>)
  400d26:	f44f 2200 	mov.w	r2, #524288	; 0x80000
  400d2a:	641a      	str	r2, [r3, #64]	; 0x40
    // NVIC handled in main
}
  400d2c:	bf00      	nop
  400d2e:	bd80      	pop	{r7, pc}
  400d30:	00401c35 	.word	0x00401c35
  400d34:	400e0e00 	.word	0x400e0e00
  400d38:	004014d1 	.word	0x004014d1

00400d3c <configure_wifi_provision_pin>:

void configure_wifi_provision_pin(void) {
  400d3c:	b580      	push	{r7, lr}
  400d3e:	af00      	add	r7, sp, #0
    pmc_enable_periph_clk(ID_PIOA);
  400d40:	200b      	movs	r0, #11
  400d42:	4b0e      	ldr	r3, [pc, #56]	; (400d7c <configure_wifi_provision_pin+0x40>)
  400d44:	4798      	blx	r3
    pio_set_input(PIOA, PIN_WIFI_PROVISION_MASK, PIO_PULLUP);
  400d46:	2201      	movs	r2, #1
  400d48:	f44f 6180 	mov.w	r1, #1024	; 0x400
  400d4c:	480c      	ldr	r0, [pc, #48]	; (400d80 <configure_wifi_provision_pin+0x44>)
  400d4e:	4b0d      	ldr	r3, [pc, #52]	; (400d84 <configure_wifi_provision_pin+0x48>)
  400d50:	4798      	blx	r3
    PIOA->PIO_AIMER  = PIN_WIFI_PROVISION_MASK;
  400d52:	4b0b      	ldr	r3, [pc, #44]	; (400d80 <configure_wifi_provision_pin+0x44>)
  400d54:	f44f 6280 	mov.w	r2, #1024	; 0x400
  400d58:	f8c3 20b0 	str.w	r2, [r3, #176]	; 0xb0
    PIOA->PIO_ESR    = PIN_WIFI_PROVISION_MASK;
  400d5c:	4b08      	ldr	r3, [pc, #32]	; (400d80 <configure_wifi_provision_pin+0x44>)
  400d5e:	f44f 6280 	mov.w	r2, #1024	; 0x400
  400d62:	f8c3 20c0 	str.w	r2, [r3, #192]	; 0xc0
    PIOA->PIO_FELLSR = PIN_WIFI_PROVISION_MASK;  // falling edge
  400d66:	4b06      	ldr	r3, [pc, #24]	; (400d80 <configure_wifi_provision_pin+0x44>)
  400d68:	f44f 6280 	mov.w	r2, #1024	; 0x400
  400d6c:	f8c3 20d0 	str.w	r2, [r3, #208]	; 0xd0
    PIOA->PIO_IER    = PIN_WIFI_PROVISION_MASK;
  400d70:	4b03      	ldr	r3, [pc, #12]	; (400d80 <configure_wifi_provision_pin+0x44>)
  400d72:	f44f 6280 	mov.w	r2, #1024	; 0x400
  400d76:	641a      	str	r2, [r3, #64]	; 0x40
    // NVIC handled in main
}
  400d78:	bf00      	nop
  400d7a:	bd80      	pop	{r7, pc}
  400d7c:	00401c35 	.word	0x00401c35
  400d80:	400e0e00 	.word	0x400e0e00
  400d84:	004014d1 	.word	0x004014d1

00400d88 <configure_spi>:
void configure_spi(void) {
  400d88:	b598      	push	{r3, r4, r7, lr}
  400d8a:	af00      	add	r7, sp, #0
	pmc_enable_periph_clk(WIFI_SPI_ID); 
  400d8c:	2015      	movs	r0, #21
  400d8e:	4b10      	ldr	r3, [pc, #64]	; (400dd0 <configure_spi+0x48>)
  400d90:	4798      	blx	r3
	pio_configure(PIOA, PIO_PERIPH_A, PIO_PA12A_MISO | PIO_PA13A_MOSI | PIO_PA14A_SPCK | PIO_PA11A_NPCS0, PIO_DEFAULT);
  400d92:	2300      	movs	r3, #0
  400d94:	f44f 42f0 	mov.w	r2, #30720	; 0x7800
  400d98:	f04f 6100 	mov.w	r1, #134217728	; 0x8000000
  400d9c:	480d      	ldr	r0, [pc, #52]	; (400dd4 <configure_spi+0x4c>)
  400d9e:	4c0e      	ldr	r4, [pc, #56]	; (400dd8 <configure_spi+0x50>)
  400da0:	47a0      	blx	r4
	spi_disable(WIFI_SPI);
  400da2:	480e      	ldr	r0, [pc, #56]	; (400ddc <configure_spi+0x54>)
  400da4:	4b0e      	ldr	r3, [pc, #56]	; (400de0 <configure_spi+0x58>)
  400da6:	4798      	blx	r3
	spi_reset(WIFI_SPI);
  400da8:	480c      	ldr	r0, [pc, #48]	; (400ddc <configure_spi+0x54>)
  400daa:	4b0e      	ldr	r3, [pc, #56]	; (400de4 <configure_spi+0x5c>)
  400dac:	4798      	blx	r3
	spi_set_slave_mode(WIFI_SPI);
  400dae:	480b      	ldr	r0, [pc, #44]	; (400ddc <configure_spi+0x54>)
  400db0:	4b0d      	ldr	r3, [pc, #52]	; (400de8 <configure_spi+0x60>)
  400db2:	4798      	blx	r3
	spi_set_bits_per_transfer(WIFI_SPI, 0, SPI_CSR_BITS_8_BIT);
  400db4:	2200      	movs	r2, #0
  400db6:	2100      	movs	r1, #0
  400db8:	4808      	ldr	r0, [pc, #32]	; (400ddc <configure_spi+0x54>)
  400dba:	4b0c      	ldr	r3, [pc, #48]	; (400dec <configure_spi+0x64>)
  400dbc:	4798      	blx	r3
	spi_disable_interrupt(WIFI_SPI, SPI_IER_RDRF);
  400dbe:	2101      	movs	r1, #1
  400dc0:	4806      	ldr	r0, [pc, #24]	; (400ddc <configure_spi+0x54>)
  400dc2:	4b0b      	ldr	r3, [pc, #44]	; (400df0 <configure_spi+0x68>)
  400dc4:	4798      	blx	r3
	spi_enable(WIFI_SPI);
  400dc6:	4805      	ldr	r0, [pc, #20]	; (400ddc <configure_spi+0x54>)
  400dc8:	4b0a      	ldr	r3, [pc, #40]	; (400df4 <configure_spi+0x6c>)
  400dca:	4798      	blx	r3
}
  400dcc:	bf00      	nop
  400dce:	bd98      	pop	{r3, r4, r7, pc}
  400dd0:	00401c35 	.word	0x00401c35
  400dd4:	400e0e00 	.word	0x400e0e00
  400dd8:	004015b5 	.word	0x004015b5
  400ddc:	40008000 	.word	0x40008000
  400de0:	00400b1d 	.word	0x00400b1d
  400de4:	00400aed 	.word	0x00400aed
  400de8:	00400b35 	.word	0x00400b35
  400dec:	00401d59 	.word	0x00401d59
  400df0:	00400b53 	.word	0x00400b53
  400df4:	00400b05 	.word	0x00400b05

00400df8 <write_wifi_command>:

void write_wifi_command(char* comm, uint8_t cnt) {
  400df8:	b580      	push	{r7, lr}
  400dfa:	b082      	sub	sp, #8
  400dfc:	af00      	add	r7, sp, #0
  400dfe:	6078      	str	r0, [r7, #4]
  400e00:	460b      	mov	r3, r1
  400e02:	70fb      	strb	r3, [r7, #3]
	g_wifi_command_complete = 0;
  400e04:	4b24      	ldr	r3, [pc, #144]	; (400e98 <write_wifi_command+0xa0>)
  400e06:	2200      	movs	r2, #0
  400e08:	701a      	strb	r2, [r3, #0]
	counts = 0;
  400e0a:	4b24      	ldr	r3, [pc, #144]	; (400e9c <write_wifi_command+0xa4>)
  400e0c:	2200      	movs	r2, #0
  400e0e:	701a      	strb	r2, [r3, #0]
	
	g_wifi_buf_idx = 0;
  400e10:	4b23      	ldr	r3, [pc, #140]	; (400ea0 <write_wifi_command+0xa8>)
  400e12:	2200      	movs	r2, #0
  400e14:	601a      	str	r2, [r3, #0]
	memset((void*)g_wifi_buffer, 0, WIFI_BUFFER_SIZE);
  400e16:	f44f 6280 	mov.w	r2, #1024	; 0x400
  400e1a:	2100      	movs	r1, #0
  400e1c:	4821      	ldr	r0, [pc, #132]	; (400ea4 <write_wifi_command+0xac>)
  400e1e:	4b22      	ldr	r3, [pc, #136]	; (400ea8 <write_wifi_command+0xb0>)
  400e20:	4798      	blx	r3
	while(*comm) {
  400e22:	e00e      	b.n	400e42 <write_wifi_command+0x4a>
		while(!(BOARD_USART->US_CSR & US_CSR_TXRDY));
  400e24:	bf00      	nop
  400e26:	4b21      	ldr	r3, [pc, #132]	; (400eac <write_wifi_command+0xb4>)
  400e28:	695b      	ldr	r3, [r3, #20]
  400e2a:	f003 0302 	and.w	r3, r3, #2
  400e2e:	2b00      	cmp	r3, #0
  400e30:	d0f9      	beq.n	400e26 <write_wifi_command+0x2e>
		usart_write(BOARD_USART, *comm++);
  400e32:	687b      	ldr	r3, [r7, #4]
  400e34:	1c5a      	adds	r2, r3, #1
  400e36:	607a      	str	r2, [r7, #4]
  400e38:	781b      	ldrb	r3, [r3, #0]
  400e3a:	4619      	mov	r1, r3
  400e3c:	481b      	ldr	r0, [pc, #108]	; (400eac <write_wifi_command+0xb4>)
  400e3e:	4b1c      	ldr	r3, [pc, #112]	; (400eb0 <write_wifi_command+0xb8>)
  400e40:	4798      	blx	r3
	while(*comm) {
  400e42:	687b      	ldr	r3, [r7, #4]
  400e44:	781b      	ldrb	r3, [r3, #0]
  400e46:	2b00      	cmp	r3, #0
  400e48:	d1ec      	bne.n	400e24 <write_wifi_command+0x2c>
	}
	while(!(BOARD_USART->US_CSR & US_CSR_TXRDY));
  400e4a:	bf00      	nop
  400e4c:	4b17      	ldr	r3, [pc, #92]	; (400eac <write_wifi_command+0xb4>)
  400e4e:	695b      	ldr	r3, [r3, #20]
  400e50:	f003 0302 	and.w	r3, r3, #2
  400e54:	2b00      	cmp	r3, #0
  400e56:	d0f9      	beq.n	400e4c <write_wifi_command+0x54>
		usart_write(BOARD_USART, '\r');
  400e58:	210d      	movs	r1, #13
  400e5a:	4814      	ldr	r0, [pc, #80]	; (400eac <write_wifi_command+0xb4>)
  400e5c:	4b14      	ldr	r3, [pc, #80]	; (400eb0 <write_wifi_command+0xb8>)
  400e5e:	4798      	blx	r3
	while(!(BOARD_USART->US_CSR & US_CSR_TXRDY));
  400e60:	bf00      	nop
  400e62:	4b12      	ldr	r3, [pc, #72]	; (400eac <write_wifi_command+0xb4>)
  400e64:	695b      	ldr	r3, [r3, #20]
  400e66:	f003 0302 	and.w	r3, r3, #2
  400e6a:	2b00      	cmp	r3, #0
  400e6c:	d0f9      	beq.n	400e62 <write_wifi_command+0x6a>
	usart_write(BOARD_USART, '\n');
  400e6e:	210a      	movs	r1, #10
  400e70:	480e      	ldr	r0, [pc, #56]	; (400eac <write_wifi_command+0xb4>)
  400e72:	4b0f      	ldr	r3, [pc, #60]	; (400eb0 <write_wifi_command+0xb8>)
  400e74:	4798      	blx	r3
	
	while(!g_wifi_command_complete && counts < cnt);
  400e76:	bf00      	nop
  400e78:	4b07      	ldr	r3, [pc, #28]	; (400e98 <write_wifi_command+0xa0>)
  400e7a:	781b      	ldrb	r3, [r3, #0]
  400e7c:	b2db      	uxtb	r3, r3
  400e7e:	2b00      	cmp	r3, #0
  400e80:	d105      	bne.n	400e8e <write_wifi_command+0x96>
  400e82:	4b06      	ldr	r3, [pc, #24]	; (400e9c <write_wifi_command+0xa4>)
  400e84:	781b      	ldrb	r3, [r3, #0]
  400e86:	b2db      	uxtb	r3, r3
  400e88:	78fa      	ldrb	r2, [r7, #3]
  400e8a:	429a      	cmp	r2, r3
  400e8c:	d8f4      	bhi.n	400e78 <write_wifi_command+0x80>
}
  400e8e:	bf00      	nop
  400e90:	3708      	adds	r7, #8
  400e92:	46bd      	mov	sp, r7
  400e94:	bd80      	pop	{r7, pc}
  400e96:	bf00      	nop
  400e98:	200009e4 	.word	0x200009e4
  400e9c:	20000ad0 	.word	0x20000ad0
  400ea0:	200009e0 	.word	0x200009e0
  400ea4:	20019178 	.word	0x20019178
  400ea8:	00403a89 	.word	0x00403a89
  400eac:	40024000 	.word	0x40024000
  400eb0:	004023c7 	.word	0x004023c7

00400eb4 <write_image_to_web>:
volatile uint32_t g_t_wifi_total = 0;
volatile uint32_t g_t_before_wait = 0;
volatile uint32_t g_t_after_wait  = 0;
volatile uint32_t g_t_wait_only   = 0;

void write_image_to_web(void) {
  400eb4:	b590      	push	{r4, r7, lr}
  400eb6:	b097      	sub	sp, #92	; 0x5c
  400eb8:	af00      	add	r7, sp, #0
    uint32_t t_start = TC0->TC_CHANNEL[0].TC_CV;  // ? start
  400eba:	4b3a      	ldr	r3, [pc, #232]	; (400fa4 <write_image_to_web+0xf0>)
  400ebc:	691b      	ldr	r3, [r3, #16]
  400ebe:	653b      	str	r3, [r7, #80]	; 0x50

    if (g_image_len == 0) {
  400ec0:	4b39      	ldr	r3, [pc, #228]	; (400fa8 <write_image_to_web+0xf4>)
  400ec2:	681b      	ldr	r3, [r3, #0]
  400ec4:	2b00      	cmp	r3, #0
  400ec6:	d103      	bne.n	400ed0 <write_image_to_web+0x1c>
        g_buf_owner = BUF_OWNER_NONE;
  400ec8:	4b38      	ldr	r3, [pc, #224]	; (400fac <write_image_to_web+0xf8>)
  400eca:	2200      	movs	r2, #0
  400ecc:	701a      	strb	r2, [r3, #0]
  400ece:	e066      	b.n	400f9e <write_image_to_web+0xea>
        return;
    }
    g_buf_owner = BUF_OWNER_WIFI;
  400ed0:	4b36      	ldr	r3, [pc, #216]	; (400fac <write_image_to_web+0xf8>)
  400ed2:	2202      	movs	r2, #2
  400ed4:	701a      	strb	r2, [r3, #0]

    char cmd[64];
    sprintf(cmd, "image_transfer %u\r\n", (unsigned int)g_image_len);
  400ed6:	4b34      	ldr	r3, [pc, #208]	; (400fa8 <write_image_to_web+0xf4>)
  400ed8:	681a      	ldr	r2, [r3, #0]
  400eda:	f107 0308 	add.w	r3, r7, #8
  400ede:	4934      	ldr	r1, [pc, #208]	; (400fb0 <write_image_to_web+0xfc>)
  400ee0:	4618      	mov	r0, r3
  400ee2:	4b34      	ldr	r3, [pc, #208]	; (400fb4 <write_image_to_web+0x100>)
  400ee4:	4798      	blx	r3
    char *p = cmd;
  400ee6:	f107 0308 	add.w	r3, r7, #8
  400eea:	657b      	str	r3, [r7, #84]	; 0x54
    while (*p) {
  400eec:	e00e      	b.n	400f0c <write_image_to_web+0x58>
        while (!(BOARD_USART->US_CSR & US_CSR_TXRDY));
  400eee:	bf00      	nop
  400ef0:	4b31      	ldr	r3, [pc, #196]	; (400fb8 <write_image_to_web+0x104>)
  400ef2:	695b      	ldr	r3, [r3, #20]
  400ef4:	f003 0302 	and.w	r3, r3, #2
  400ef8:	2b00      	cmp	r3, #0
  400efa:	d0f9      	beq.n	400ef0 <write_image_to_web+0x3c>
        usart_write(BOARD_USART, *p++);
  400efc:	6d7b      	ldr	r3, [r7, #84]	; 0x54
  400efe:	1c5a      	adds	r2, r3, #1
  400f00:	657a      	str	r2, [r7, #84]	; 0x54
  400f02:	781b      	ldrb	r3, [r3, #0]
  400f04:	4619      	mov	r1, r3
  400f06:	482c      	ldr	r0, [pc, #176]	; (400fb8 <write_image_to_web+0x104>)
  400f08:	4b2c      	ldr	r3, [pc, #176]	; (400fbc <write_image_to_web+0x108>)
  400f0a:	4798      	blx	r3
    while (*p) {
  400f0c:	6d7b      	ldr	r3, [r7, #84]	; 0x54
  400f0e:	781b      	ldrb	r3, [r3, #0]
  400f10:	2b00      	cmp	r3, #0
  400f12:	d1ec      	bne.n	400eee <write_image_to_web+0x3a>
    }

    spi_write(WIFI_SPI, 0x00, 0, 0);
  400f14:	2300      	movs	r3, #0
  400f16:	2200      	movs	r2, #0
  400f18:	2100      	movs	r1, #0
  400f1a:	4829      	ldr	r0, [pc, #164]	; (400fc0 <write_image_to_web+0x10c>)
  400f1c:	4c29      	ldr	r4, [pc, #164]	; (400fc4 <write_image_to_web+0x110>)
  400f1e:	47a0      	blx	r4

    Pdc *p_spi_pdc = spi_get_pdc_base(WIFI_SPI);
  400f20:	4827      	ldr	r0, [pc, #156]	; (400fc0 <write_image_to_web+0x10c>)
  400f22:	4b29      	ldr	r3, [pc, #164]	; (400fc8 <write_image_to_web+0x114>)
  400f24:	4798      	blx	r3
  400f26:	64f8      	str	r0, [r7, #76]	; 0x4c
    pdc_packet_t pdc_spi_packet;
    pdc_spi_packet.ul_addr = (uint32_t)(g_image_buffer + 1);
  400f28:	4b28      	ldr	r3, [pc, #160]	; (400fcc <write_image_to_web+0x118>)
  400f2a:	603b      	str	r3, [r7, #0]
    pdc_spi_packet.ul_size = g_image_len;
  400f2c:	4b1e      	ldr	r3, [pc, #120]	; (400fa8 <write_image_to_web+0xf4>)
  400f2e:	681b      	ldr	r3, [r3, #0]
  400f30:	607b      	str	r3, [r7, #4]
    pdc_tx_init(p_spi_pdc, &pdc_spi_packet, NULL);
  400f32:	463b      	mov	r3, r7
  400f34:	2200      	movs	r2, #0
  400f36:	4619      	mov	r1, r3
  400f38:	6cf8      	ldr	r0, [r7, #76]	; 0x4c
  400f3a:	4b25      	ldr	r3, [pc, #148]	; (400fd0 <write_image_to_web+0x11c>)
  400f3c:	4798      	blx	r3
    pdc_enable_transfer(p_spi_pdc, PERIPH_PTCR_TXTEN);
  400f3e:	f44f 7180 	mov.w	r1, #256	; 0x100
  400f42:	6cf8      	ldr	r0, [r7, #76]	; 0x4c
  400f44:	4b23      	ldr	r3, [pc, #140]	; (400fd4 <write_image_to_web+0x120>)
  400f46:	4798      	blx	r3

    g_wifi_command_complete = 0;
  400f48:	4b23      	ldr	r3, [pc, #140]	; (400fd8 <write_image_to_web+0x124>)
  400f4a:	2200      	movs	r2, #0
  400f4c:	701a      	strb	r2, [r3, #0]
	g_t_before_wait = TC0->TC_CHANNEL[0].TC_CV;  // ? just before wait
  400f4e:	4b15      	ldr	r3, [pc, #84]	; (400fa4 <write_image_to_web+0xf0>)
  400f50:	691b      	ldr	r3, [r3, #16]
  400f52:	4a22      	ldr	r2, [pc, #136]	; (400fdc <write_image_to_web+0x128>)
  400f54:	6013      	str	r3, [r2, #0]
	while (!g_wifi_command_complete);
  400f56:	bf00      	nop
  400f58:	4b1f      	ldr	r3, [pc, #124]	; (400fd8 <write_image_to_web+0x124>)
  400f5a:	781b      	ldrb	r3, [r3, #0]
  400f5c:	b2db      	uxtb	r3, r3
  400f5e:	2b00      	cmp	r3, #0
  400f60:	d0fa      	beq.n	400f58 <write_image_to_web+0xa4>
	    g_t_after_wait = TC0->TC_CHANNEL[0].TC_CV;   // ? just after wait
  400f62:	4b10      	ldr	r3, [pc, #64]	; (400fa4 <write_image_to_web+0xf0>)
  400f64:	691b      	ldr	r3, [r3, #16]
  400f66:	4a1e      	ldr	r2, [pc, #120]	; (400fe0 <write_image_to_web+0x12c>)
  400f68:	6013      	str	r3, [r2, #0]
		    g_t_wait_only = g_t_after_wait - g_t_before_wait;  // ? pure wait time
  400f6a:	4b1d      	ldr	r3, [pc, #116]	; (400fe0 <write_image_to_web+0x12c>)
  400f6c:	681a      	ldr	r2, [r3, #0]
  400f6e:	4b1b      	ldr	r3, [pc, #108]	; (400fdc <write_image_to_web+0x128>)
  400f70:	681b      	ldr	r3, [r3, #0]
  400f72:	1ad3      	subs	r3, r2, r3
  400f74:	4a1b      	ldr	r2, [pc, #108]	; (400fe4 <write_image_to_web+0x130>)
  400f76:	6013      	str	r3, [r2, #0]

    pdc_disable_transfer(p_spi_pdc, PERIPH_PTCR_TXTEN);
  400f78:	f44f 7180 	mov.w	r1, #256	; 0x100
  400f7c:	6cf8      	ldr	r0, [r7, #76]	; 0x4c
  400f7e:	4b1a      	ldr	r3, [pc, #104]	; (400fe8 <write_image_to_web+0x134>)
  400f80:	4798      	blx	r3
    g_wifi_command_complete = 0;
  400f82:	4b15      	ldr	r3, [pc, #84]	; (400fd8 <write_image_to_web+0x124>)
  400f84:	2200      	movs	r2, #0
  400f86:	701a      	strb	r2, [r3, #0]
    g_buf_owner = BUF_OWNER_NONE;
  400f88:	4b08      	ldr	r3, [pc, #32]	; (400fac <write_image_to_web+0xf8>)
  400f8a:	2200      	movs	r2, #0
  400f8c:	701a      	strb	r2, [r3, #0]

    uint32_t t_end = TC0->TC_CHANNEL[0].TC_CV;  // ? end
  400f8e:	4b05      	ldr	r3, [pc, #20]	; (400fa4 <write_image_to_web+0xf0>)
  400f90:	691b      	ldr	r3, [r3, #16]
  400f92:	64bb      	str	r3, [r7, #72]	; 0x48
    g_t_wifi_total = t_end - t_start;
  400f94:	6cba      	ldr	r2, [r7, #72]	; 0x48
  400f96:	6d3b      	ldr	r3, [r7, #80]	; 0x50
  400f98:	1ad3      	subs	r3, r2, r3
  400f9a:	4a14      	ldr	r2, [pc, #80]	; (400fec <write_image_to_web+0x138>)
  400f9c:	6013      	str	r3, [r2, #0]
  400f9e:	375c      	adds	r7, #92	; 0x5c
  400fa0:	46bd      	mov	sp, r7
  400fa2:	bd90      	pop	{r4, r7, pc}
  400fa4:	40010000 	.word	0x40010000
  400fa8:	20000a74 	.word	0x20000a74
  400fac:	20000a7b 	.word	0x20000a7b
  400fb0:	00409294 	.word	0x00409294
  400fb4:	00403b25 	.word	0x00403b25
  400fb8:	40024000 	.word	0x40024000
  400fbc:	004023c7 	.word	0x004023c7
  400fc0:	40008000 	.word	0x40008000
  400fc4:	00401cd9 	.word	0x00401cd9
  400fc8:	00400b6d 	.word	0x00400b6d
  400fcc:	20000ad9 	.word	0x20000ad9
  400fd0:	00400139 	.word	0x00400139
  400fd4:	0040017b 	.word	0x0040017b
  400fd8:	200009e4 	.word	0x200009e4
  400fdc:	200009ec 	.word	0x200009ec
  400fe0:	200009f0 	.word	0x200009f0
  400fe4:	200009f4 	.word	0x200009f4
  400fe8:	0040019b 	.word	0x0040019b
  400fec:	200009e8 	.word	0x200009e8

00400ff0 <board_init>:
#include <asf.h>
#include <board.h>
#include <conf_board.h>

void board_init(void)
{
  400ff0:	b480      	push	{r7}
  400ff2:	af00      	add	r7, sp, #0
	/* This function is meant to contain board-specific initialization code
	 * for, e.g., the I/O pins. The initialization can rely on application-
	 * specific board configuration, found in conf_board.h.
	 */
}
  400ff4:	bf00      	nop
  400ff6:	46bd      	mov	sp, r7
  400ff8:	bc80      	pop	{r7}
  400ffa:	4770      	bx	lr

00400ffc <osc_enable>:
{
  400ffc:	b580      	push	{r7, lr}
  400ffe:	b082      	sub	sp, #8
  401000:	af00      	add	r7, sp, #0
  401002:	6078      	str	r0, [r7, #4]
	switch (ul_id) {
  401004:	687b      	ldr	r3, [r7, #4]
  401006:	2b07      	cmp	r3, #7
  401008:	d831      	bhi.n	40106e <osc_enable+0x72>
  40100a:	a201      	add	r2, pc, #4	; (adr r2, 401010 <osc_enable+0x14>)
  40100c:	f852 f023 	ldr.w	pc, [r2, r3, lsl #2]
  401010:	0040106d 	.word	0x0040106d
  401014:	00401031 	.word	0x00401031
  401018:	00401039 	.word	0x00401039
  40101c:	00401041 	.word	0x00401041
  401020:	00401049 	.word	0x00401049
  401024:	00401051 	.word	0x00401051
  401028:	00401059 	.word	0x00401059
  40102c:	00401063 	.word	0x00401063
		pmc_switch_sclk_to_32kxtal(PMC_OSC_XTAL);
  401030:	2000      	movs	r0, #0
  401032:	4b11      	ldr	r3, [pc, #68]	; (401078 <osc_enable+0x7c>)
  401034:	4798      	blx	r3
		break;
  401036:	e01a      	b.n	40106e <osc_enable+0x72>
		pmc_switch_sclk_to_32kxtal(PMC_OSC_BYPASS);
  401038:	2001      	movs	r0, #1
  40103a:	4b0f      	ldr	r3, [pc, #60]	; (401078 <osc_enable+0x7c>)
  40103c:	4798      	blx	r3
		break;
  40103e:	e016      	b.n	40106e <osc_enable+0x72>
		pmc_switch_mainck_to_fastrc(CKGR_MOR_MOSCRCF_4_MHz);
  401040:	2000      	movs	r0, #0
  401042:	4b0e      	ldr	r3, [pc, #56]	; (40107c <osc_enable+0x80>)
  401044:	4798      	blx	r3
		break;
  401046:	e012      	b.n	40106e <osc_enable+0x72>
		pmc_switch_mainck_to_fastrc(CKGR_MOR_MOSCRCF_8_MHz);
  401048:	2010      	movs	r0, #16
  40104a:	4b0c      	ldr	r3, [pc, #48]	; (40107c <osc_enable+0x80>)
  40104c:	4798      	blx	r3
		break;
  40104e:	e00e      	b.n	40106e <osc_enable+0x72>
		pmc_switch_mainck_to_fastrc(CKGR_MOR_MOSCRCF_12_MHz);
  401050:	2020      	movs	r0, #32
  401052:	4b0a      	ldr	r3, [pc, #40]	; (40107c <osc_enable+0x80>)
  401054:	4798      	blx	r3
		break;
  401056:	e00a      	b.n	40106e <osc_enable+0x72>
		pmc_switch_mainck_to_xtal(PMC_OSC_XTAL,
  401058:	213e      	movs	r1, #62	; 0x3e
  40105a:	2000      	movs	r0, #0
  40105c:	4b08      	ldr	r3, [pc, #32]	; (401080 <osc_enable+0x84>)
  40105e:	4798      	blx	r3
		break;
  401060:	e005      	b.n	40106e <osc_enable+0x72>
		pmc_switch_mainck_to_xtal(PMC_OSC_BYPASS,
  401062:	213e      	movs	r1, #62	; 0x3e
  401064:	2001      	movs	r0, #1
  401066:	4b06      	ldr	r3, [pc, #24]	; (401080 <osc_enable+0x84>)
  401068:	4798      	blx	r3
		break;
  40106a:	e000      	b.n	40106e <osc_enable+0x72>
		break;
  40106c:	bf00      	nop
}
  40106e:	bf00      	nop
  401070:	3708      	adds	r7, #8
  401072:	46bd      	mov	sp, r7
  401074:	bd80      	pop	{r7, pc}
  401076:	bf00      	nop
  401078:	00401a69 	.word	0x00401a69
  40107c:	00401ad5 	.word	0x00401ad5
  401080:	00401b45 	.word	0x00401b45

00401084 <osc_is_ready>:
{
  401084:	b580      	push	{r7, lr}
  401086:	b082      	sub	sp, #8
  401088:	af00      	add	r7, sp, #0
  40108a:	6078      	str	r0, [r7, #4]
	switch (ul_id) {
  40108c:	687b      	ldr	r3, [r7, #4]
  40108e:	2b07      	cmp	r3, #7
  401090:	d826      	bhi.n	4010e0 <osc_is_ready+0x5c>
  401092:	a201      	add	r2, pc, #4	; (adr r2, 401098 <osc_is_ready+0x14>)
  401094:	f852 f023 	ldr.w	pc, [r2, r3, lsl #2]
  401098:	004010b9 	.word	0x004010b9
  40109c:	004010bd 	.word	0x004010bd
  4010a0:	004010bd 	.word	0x004010bd
  4010a4:	004010cf 	.word	0x004010cf
  4010a8:	004010cf 	.word	0x004010cf
  4010ac:	004010cf 	.word	0x004010cf
  4010b0:	004010cf 	.word	0x004010cf
  4010b4:	004010cf 	.word	0x004010cf
		return 1;
  4010b8:	2301      	movs	r3, #1
  4010ba:	e012      	b.n	4010e2 <osc_is_ready+0x5e>
		return pmc_osc_is_ready_32kxtal();
  4010bc:	4b0b      	ldr	r3, [pc, #44]	; (4010ec <osc_is_ready+0x68>)
  4010be:	4798      	blx	r3
  4010c0:	4603      	mov	r3, r0
  4010c2:	2b00      	cmp	r3, #0
  4010c4:	bf14      	ite	ne
  4010c6:	2301      	movne	r3, #1
  4010c8:	2300      	moveq	r3, #0
  4010ca:	b2db      	uxtb	r3, r3
  4010cc:	e009      	b.n	4010e2 <osc_is_ready+0x5e>
		return pmc_osc_is_ready_mainck();
  4010ce:	4b08      	ldr	r3, [pc, #32]	; (4010f0 <osc_is_ready+0x6c>)
  4010d0:	4798      	blx	r3
  4010d2:	4603      	mov	r3, r0
  4010d4:	2b00      	cmp	r3, #0
  4010d6:	bf14      	ite	ne
  4010d8:	2301      	movne	r3, #1
  4010da:	2300      	moveq	r3, #0
  4010dc:	b2db      	uxtb	r3, r3
  4010de:	e000      	b.n	4010e2 <osc_is_ready+0x5e>
	return 0;
  4010e0:	2300      	movs	r3, #0
}
  4010e2:	4618      	mov	r0, r3
  4010e4:	3708      	adds	r7, #8
  4010e6:	46bd      	mov	sp, r7
  4010e8:	bd80      	pop	{r7, pc}
  4010ea:	bf00      	nop
  4010ec:	00401aa1 	.word	0x00401aa1
  4010f0:	00401bbd 	.word	0x00401bbd

004010f4 <osc_get_rate>:
{
  4010f4:	b480      	push	{r7}
  4010f6:	b083      	sub	sp, #12
  4010f8:	af00      	add	r7, sp, #0
  4010fa:	6078      	str	r0, [r7, #4]
	switch (ul_id) {
  4010fc:	687b      	ldr	r3, [r7, #4]
  4010fe:	2b07      	cmp	r3, #7
  401100:	d825      	bhi.n	40114e <osc_get_rate+0x5a>
  401102:	a201      	add	r2, pc, #4	; (adr r2, 401108 <osc_get_rate+0x14>)
  401104:	f852 f023 	ldr.w	pc, [r2, r3, lsl #2]
  401108:	00401129 	.word	0x00401129
  40110c:	0040112f 	.word	0x0040112f
  401110:	00401135 	.word	0x00401135
  401114:	0040113b 	.word	0x0040113b
  401118:	0040113f 	.word	0x0040113f
  40111c:	00401143 	.word	0x00401143
  401120:	00401147 	.word	0x00401147
  401124:	0040114b 	.word	0x0040114b
		return OSC_SLCK_32K_RC_HZ;
  401128:	f44f 43fa 	mov.w	r3, #32000	; 0x7d00
  40112c:	e010      	b.n	401150 <osc_get_rate+0x5c>
		return BOARD_FREQ_SLCK_XTAL;
  40112e:	f44f 4300 	mov.w	r3, #32768	; 0x8000
  401132:	e00d      	b.n	401150 <osc_get_rate+0x5c>
		return BOARD_FREQ_SLCK_BYPASS;
  401134:	f44f 4300 	mov.w	r3, #32768	; 0x8000
  401138:	e00a      	b.n	401150 <osc_get_rate+0x5c>
		return OSC_MAINCK_4M_RC_HZ;
  40113a:	4b08      	ldr	r3, [pc, #32]	; (40115c <osc_get_rate+0x68>)
  40113c:	e008      	b.n	401150 <osc_get_rate+0x5c>
		return OSC_MAINCK_8M_RC_HZ;
  40113e:	4b08      	ldr	r3, [pc, #32]	; (401160 <osc_get_rate+0x6c>)
  401140:	e006      	b.n	401150 <osc_get_rate+0x5c>
		return OSC_MAINCK_12M_RC_HZ;
  401142:	4b08      	ldr	r3, [pc, #32]	; (401164 <osc_get_rate+0x70>)
  401144:	e004      	b.n	401150 <osc_get_rate+0x5c>
		return BOARD_FREQ_MAINCK_XTAL;
  401146:	4b07      	ldr	r3, [pc, #28]	; (401164 <osc_get_rate+0x70>)
  401148:	e002      	b.n	401150 <osc_get_rate+0x5c>
		return BOARD_FREQ_MAINCK_BYPASS;
  40114a:	4b06      	ldr	r3, [pc, #24]	; (401164 <osc_get_rate+0x70>)
  40114c:	e000      	b.n	401150 <osc_get_rate+0x5c>
	return 0;
  40114e:	2300      	movs	r3, #0
}
  401150:	4618      	mov	r0, r3
  401152:	370c      	adds	r7, #12
  401154:	46bd      	mov	sp, r7
  401156:	bc80      	pop	{r7}
  401158:	4770      	bx	lr
  40115a:	bf00      	nop
  40115c:	003d0900 	.word	0x003d0900
  401160:	007a1200 	.word	0x007a1200
  401164:	00b71b00 	.word	0x00b71b00

00401168 <osc_wait_ready>:
 * to become stable and ready to use as a clock source.
 *
 * \param id A number identifying the oscillator to wait for.
 */
static inline void osc_wait_ready(uint8_t id)
{
  401168:	b580      	push	{r7, lr}
  40116a:	b082      	sub	sp, #8
  40116c:	af00      	add	r7, sp, #0
  40116e:	4603      	mov	r3, r0
  401170:	71fb      	strb	r3, [r7, #7]
	while (!osc_is_ready(id)) {
  401172:	bf00      	nop
  401174:	79fb      	ldrb	r3, [r7, #7]
  401176:	4618      	mov	r0, r3
  401178:	4b05      	ldr	r3, [pc, #20]	; (401190 <osc_wait_ready+0x28>)
  40117a:	4798      	blx	r3
  40117c:	4603      	mov	r3, r0
  40117e:	f083 0301 	eor.w	r3, r3, #1
  401182:	b2db      	uxtb	r3, r3
  401184:	2b00      	cmp	r3, #0
  401186:	d1f5      	bne.n	401174 <osc_wait_ready+0xc>
		/* Do nothing */
	}
}
  401188:	bf00      	nop
  40118a:	3708      	adds	r7, #8
  40118c:	46bd      	mov	sp, r7
  40118e:	bd80      	pop	{r7, pc}
  401190:	00401085 	.word	0x00401085

00401194 <pll_config_init>:
 * \note The SAM3S PLL hardware interprets mul as mul+1. For readability the hardware mul+1
 * is hidden in this implementation. Use mul as mul effective value.
 */
static inline void pll_config_init(struct pll_config *p_cfg,
		enum pll_source e_src, uint32_t ul_div, uint32_t ul_mul)
{
  401194:	b580      	push	{r7, lr}
  401196:	b086      	sub	sp, #24
  401198:	af00      	add	r7, sp, #0
  40119a:	60f8      	str	r0, [r7, #12]
  40119c:	607a      	str	r2, [r7, #4]
  40119e:	603b      	str	r3, [r7, #0]
  4011a0:	460b      	mov	r3, r1
  4011a2:	72fb      	strb	r3, [r7, #11]
	uint32_t vco_hz;

	Assert(e_src < PLL_NR_SOURCES);

	/* Calculate internal VCO frequency */
	vco_hz = osc_get_rate(e_src) / ul_div;
  4011a4:	7afb      	ldrb	r3, [r7, #11]
  4011a6:	4618      	mov	r0, r3
  4011a8:	4b0d      	ldr	r3, [pc, #52]	; (4011e0 <pll_config_init+0x4c>)
  4011aa:	4798      	blx	r3
  4011ac:	4602      	mov	r2, r0
  4011ae:	687b      	ldr	r3, [r7, #4]
  4011b0:	fbb2 f3f3 	udiv	r3, r2, r3
  4011b4:	617b      	str	r3, [r7, #20]
	Assert(vco_hz >= PLL_INPUT_MIN_HZ);
	Assert(vco_hz <= PLL_INPUT_MAX_HZ);

	vco_hz *= ul_mul;
  4011b6:	697b      	ldr	r3, [r7, #20]
  4011b8:	683a      	ldr	r2, [r7, #0]
  4011ba:	fb02 f303 	mul.w	r3, r2, r3
  4011be:	617b      	str	r3, [r7, #20]
	Assert(vco_hz >= PLL_OUTPUT_MIN_HZ);
	Assert(vco_hz <= PLL_OUTPUT_MAX_HZ);

	/* PMC hardware will automatically make it mul+1 */
	p_cfg->ctrl = CKGR_PLLAR_MULA(ul_mul - 1) | CKGR_PLLAR_DIVA(ul_div) | CKGR_PLLAR_PLLACOUNT(PLL_COUNT);
  4011c0:	683b      	ldr	r3, [r7, #0]
  4011c2:	3b01      	subs	r3, #1
  4011c4:	041a      	lsls	r2, r3, #16
  4011c6:	4b07      	ldr	r3, [pc, #28]	; (4011e4 <pll_config_init+0x50>)
  4011c8:	4013      	ands	r3, r2
  4011ca:	687a      	ldr	r2, [r7, #4]
  4011cc:	b2d2      	uxtb	r2, r2
  4011ce:	4313      	orrs	r3, r2
  4011d0:	f443 527c 	orr.w	r2, r3, #16128	; 0x3f00
  4011d4:	68fb      	ldr	r3, [r7, #12]
  4011d6:	601a      	str	r2, [r3, #0]
}
  4011d8:	bf00      	nop
  4011da:	3718      	adds	r7, #24
  4011dc:	46bd      	mov	sp, r7
  4011de:	bd80      	pop	{r7, pc}
  4011e0:	004010f5 	.word	0x004010f5
  4011e4:	07ff0000 	.word	0x07ff0000

004011e8 <pll_enable>:
		PMC->CKGR_PLLBR = p_cfg->ctrl;
	}
}

static inline void pll_enable(const struct pll_config *p_cfg, uint32_t ul_pll_id)
{
  4011e8:	b580      	push	{r7, lr}
  4011ea:	b082      	sub	sp, #8
  4011ec:	af00      	add	r7, sp, #0
  4011ee:	6078      	str	r0, [r7, #4]
  4011f0:	6039      	str	r1, [r7, #0]
	Assert(ul_pll_id < NR_PLLS);

	if (ul_pll_id == PLLA_ID) {
  4011f2:	683b      	ldr	r3, [r7, #0]
  4011f4:	2b00      	cmp	r3, #0
  4011f6:	d108      	bne.n	40120a <pll_enable+0x22>
		pmc_disable_pllack(); // Always stop PLL first!
  4011f8:	4b09      	ldr	r3, [pc, #36]	; (401220 <pll_enable+0x38>)
  4011fa:	4798      	blx	r3
		PMC->CKGR_PLLAR = CKGR_PLLAR_ONE | p_cfg->ctrl;
  4011fc:	4a09      	ldr	r2, [pc, #36]	; (401224 <pll_enable+0x3c>)
  4011fe:	687b      	ldr	r3, [r7, #4]
  401200:	681b      	ldr	r3, [r3, #0]
  401202:	f043 5300 	orr.w	r3, r3, #536870912	; 0x20000000
  401206:	6293      	str	r3, [r2, #40]	; 0x28
	} else {
		pmc_disable_pllbck();
		PMC->CKGR_PLLBR = p_cfg->ctrl;
	}
}
  401208:	e005      	b.n	401216 <pll_enable+0x2e>
		pmc_disable_pllbck();
  40120a:	4b07      	ldr	r3, [pc, #28]	; (401228 <pll_enable+0x40>)
  40120c:	4798      	blx	r3
		PMC->CKGR_PLLBR = p_cfg->ctrl;
  40120e:	4a05      	ldr	r2, [pc, #20]	; (401224 <pll_enable+0x3c>)
  401210:	687b      	ldr	r3, [r7, #4]
  401212:	681b      	ldr	r3, [r3, #0]
  401214:	62d3      	str	r3, [r2, #44]	; 0x2c
}
  401216:	bf00      	nop
  401218:	3708      	adds	r7, #8
  40121a:	46bd      	mov	sp, r7
  40121c:	bd80      	pop	{r7, pc}
  40121e:	bf00      	nop
  401220:	00401bd5 	.word	0x00401bd5
  401224:	400e0400 	.word	0x400e0400
  401228:	00401c05 	.word	0x00401c05

0040122c <pll_is_locked>:
		pmc_disable_pllbck();
	}
}

static inline uint32_t pll_is_locked(uint32_t ul_pll_id)
{
  40122c:	b580      	push	{r7, lr}
  40122e:	b082      	sub	sp, #8
  401230:	af00      	add	r7, sp, #0
  401232:	6078      	str	r0, [r7, #4]
	Assert(ul_pll_id < NR_PLLS);

	if (ul_pll_id == PLLA_ID) {
  401234:	687b      	ldr	r3, [r7, #4]
  401236:	2b00      	cmp	r3, #0
  401238:	d103      	bne.n	401242 <pll_is_locked+0x16>
		return pmc_is_locked_pllack();
  40123a:	4b05      	ldr	r3, [pc, #20]	; (401250 <pll_is_locked+0x24>)
  40123c:	4798      	blx	r3
  40123e:	4603      	mov	r3, r0
  401240:	e002      	b.n	401248 <pll_is_locked+0x1c>
	} else {
		return pmc_is_locked_pllbck();
  401242:	4b04      	ldr	r3, [pc, #16]	; (401254 <pll_is_locked+0x28>)
  401244:	4798      	blx	r3
  401246:	4603      	mov	r3, r0
	}
}
  401248:	4618      	mov	r0, r3
  40124a:	3708      	adds	r7, #8
  40124c:	46bd      	mov	sp, r7
  40124e:	bd80      	pop	{r7, pc}
  401250:	00401bed 	.word	0x00401bed
  401254:	00401c1d 	.word	0x00401c1d

00401258 <pll_enable_source>:

static inline void pll_enable_source(enum pll_source e_src)
{
  401258:	b580      	push	{r7, lr}
  40125a:	b082      	sub	sp, #8
  40125c:	af00      	add	r7, sp, #0
  40125e:	4603      	mov	r3, r0
  401260:	71fb      	strb	r3, [r7, #7]
	switch (e_src) {
  401262:	79fb      	ldrb	r3, [r7, #7]
  401264:	3b03      	subs	r3, #3
  401266:	2b04      	cmp	r3, #4
  401268:	d808      	bhi.n	40127c <pll_enable_source+0x24>
	case PLL_SRC_MAINCK_4M_RC:
	case PLL_SRC_MAINCK_8M_RC:
	case PLL_SRC_MAINCK_12M_RC:
	case PLL_SRC_MAINCK_XTAL:
	case PLL_SRC_MAINCK_BYPASS:
		osc_enable(e_src);
  40126a:	79fb      	ldrb	r3, [r7, #7]
  40126c:	4618      	mov	r0, r3
  40126e:	4b06      	ldr	r3, [pc, #24]	; (401288 <pll_enable_source+0x30>)
  401270:	4798      	blx	r3
		osc_wait_ready(e_src);
  401272:	79fb      	ldrb	r3, [r7, #7]
  401274:	4618      	mov	r0, r3
  401276:	4b05      	ldr	r3, [pc, #20]	; (40128c <pll_enable_source+0x34>)
  401278:	4798      	blx	r3
		break;
  40127a:	e000      	b.n	40127e <pll_enable_source+0x26>

	default:
		Assert(false);
		break;
  40127c:	bf00      	nop
	}
}
  40127e:	bf00      	nop
  401280:	3708      	adds	r7, #8
  401282:	46bd      	mov	sp, r7
  401284:	bd80      	pop	{r7, pc}
  401286:	bf00      	nop
  401288:	00400ffd 	.word	0x00400ffd
  40128c:	00401169 	.word	0x00401169

00401290 <pll_wait_for_lock>:
 *
 * \retval STATUS_OK The PLL is now locked.
 * \retval ERR_TIMEOUT Timed out waiting for PLL to become locked.
 */
static inline int pll_wait_for_lock(unsigned int pll_id)
{
  401290:	b580      	push	{r7, lr}
  401292:	b082      	sub	sp, #8
  401294:	af00      	add	r7, sp, #0
  401296:	6078      	str	r0, [r7, #4]
	Assert(pll_id < NR_PLLS);

	while (!pll_is_locked(pll_id)) {
  401298:	bf00      	nop
  40129a:	6878      	ldr	r0, [r7, #4]
  40129c:	4b04      	ldr	r3, [pc, #16]	; (4012b0 <pll_wait_for_lock+0x20>)
  40129e:	4798      	blx	r3
  4012a0:	4603      	mov	r3, r0
  4012a2:	2b00      	cmp	r3, #0
  4012a4:	d0f9      	beq.n	40129a <pll_wait_for_lock+0xa>
		/* Do nothing */
	}

	return 0;
  4012a6:	2300      	movs	r3, #0
}
  4012a8:	4618      	mov	r0, r3
  4012aa:	3708      	adds	r7, #8
  4012ac:	46bd      	mov	sp, r7
  4012ae:	bd80      	pop	{r7, pc}
  4012b0:	0040122d 	.word	0x0040122d

004012b4 <sysclk_get_main_hz>:
{
  4012b4:	b580      	push	{r7, lr}
  4012b6:	af00      	add	r7, sp, #0
		return pll_get_default_rate(0);
  4012b8:	2006      	movs	r0, #6
  4012ba:	4b04      	ldr	r3, [pc, #16]	; (4012cc <sysclk_get_main_hz+0x18>)
  4012bc:	4798      	blx	r3
  4012be:	4602      	mov	r2, r0
  4012c0:	4613      	mov	r3, r2
  4012c2:	00db      	lsls	r3, r3, #3
  4012c4:	4413      	add	r3, r2
}
  4012c6:	4618      	mov	r0, r3
  4012c8:	bd80      	pop	{r7, pc}
  4012ca:	bf00      	nop
  4012cc:	004010f5 	.word	0x004010f5

004012d0 <sysclk_get_cpu_hz>:
{
  4012d0:	b580      	push	{r7, lr}
  4012d2:	af00      	add	r7, sp, #0
	return sysclk_get_main_hz() /
  4012d4:	4b02      	ldr	r3, [pc, #8]	; (4012e0 <sysclk_get_cpu_hz+0x10>)
  4012d6:	4798      	blx	r3
  4012d8:	4603      	mov	r3, r0
}
  4012da:	4618      	mov	r0, r3
  4012dc:	bd80      	pop	{r7, pc}
  4012de:	bf00      	nop
  4012e0:	004012b5 	.word	0x004012b5

004012e4 <sysclk_init>:
	pmc_disable_udpck();
}
#endif // CONFIG_USBCLK_SOURCE

void sysclk_init(void)
{
  4012e4:	b590      	push	{r4, r7, lr}
  4012e6:	b083      	sub	sp, #12
  4012e8:	af00      	add	r7, sp, #0
	/* Set flash wait state to max in case the below clock switching. */
	system_init_flash(CHIP_FREQ_CPU_MAX);
  4012ea:	4811      	ldr	r0, [pc, #68]	; (401330 <sysclk_init+0x4c>)
  4012ec:	4b11      	ldr	r3, [pc, #68]	; (401334 <sysclk_init+0x50>)
  4012ee:	4798      	blx	r3

#ifdef CONFIG_PLL0_SOURCE
	else if (CONFIG_SYSCLK_SOURCE == SYSCLK_SRC_PLLACK) {
		struct pll_config pllcfg;

		pll_enable_source(CONFIG_PLL0_SOURCE);
  4012f0:	2006      	movs	r0, #6
  4012f2:	4b11      	ldr	r3, [pc, #68]	; (401338 <sysclk_init+0x54>)
  4012f4:	4798      	blx	r3
		pll_config_defaults(&pllcfg, 0);
  4012f6:	1d38      	adds	r0, r7, #4
  4012f8:	2309      	movs	r3, #9
  4012fa:	2201      	movs	r2, #1
  4012fc:	2106      	movs	r1, #6
  4012fe:	4c0f      	ldr	r4, [pc, #60]	; (40133c <sysclk_init+0x58>)
  401300:	47a0      	blx	r4
		pll_enable(&pllcfg, 0);
  401302:	1d3b      	adds	r3, r7, #4
  401304:	2100      	movs	r1, #0
  401306:	4618      	mov	r0, r3
  401308:	4b0d      	ldr	r3, [pc, #52]	; (401340 <sysclk_init+0x5c>)
  40130a:	4798      	blx	r3
		pll_wait_for_lock(0);
  40130c:	2000      	movs	r0, #0
  40130e:	4b0d      	ldr	r3, [pc, #52]	; (401344 <sysclk_init+0x60>)
  401310:	4798      	blx	r3
		pmc_switch_mck_to_pllack(CONFIG_SYSCLK_PRES);
  401312:	2000      	movs	r0, #0
  401314:	4b0c      	ldr	r3, [pc, #48]	; (401348 <sysclk_init+0x64>)
  401316:	4798      	blx	r3
		pmc_switch_mck_to_pllbck(CONFIG_SYSCLK_PRES);
	}
#endif

	/* Update the SystemFrequency variable */
	SystemCoreClockUpdate();
  401318:	4b0c      	ldr	r3, [pc, #48]	; (40134c <sysclk_init+0x68>)
  40131a:	4798      	blx	r3

	/* Set a flash wait state depending on the new cpu frequency */
	system_init_flash(sysclk_get_cpu_hz());
  40131c:	4b0c      	ldr	r3, [pc, #48]	; (401350 <sysclk_init+0x6c>)
  40131e:	4798      	blx	r3
  401320:	4603      	mov	r3, r0
  401322:	4618      	mov	r0, r3
  401324:	4b03      	ldr	r3, [pc, #12]	; (401334 <sysclk_init+0x50>)
  401326:	4798      	blx	r3

#if (defined CONFIG_SYSCLK_DEFAULT_RETURNS_SLOW_OSC)
	/* Signal that the internal frequencies are setup */
	sysclk_initialized = 1;
#endif
}
  401328:	bf00      	nop
  40132a:	370c      	adds	r7, #12
  40132c:	46bd      	mov	sp, r7
  40132e:	bd90      	pop	{r4, r7, pc}
  401330:	07270e00 	.word	0x07270e00
  401334:	004026b1 	.word	0x004026b1
  401338:	00401259 	.word	0x00401259
  40133c:	00401195 	.word	0x00401195
  401340:	004011e9 	.word	0x004011e9
  401344:	00401291 	.word	0x00401291
  401348:	004019e9 	.word	0x004019e9
  40134c:	00402519 	.word	0x00402519
  401350:	004012d1 	.word	0x004012d1

00401354 <pio_pull_up>:
 * \param ul_pull_up_enable Indicates if the pin(s) internal pull-up shall be
 * configured.
 */
void pio_pull_up(Pio *p_pio, const uint32_t ul_mask,
		const uint32_t ul_pull_up_enable)
{
  401354:	b480      	push	{r7}
  401356:	b085      	sub	sp, #20
  401358:	af00      	add	r7, sp, #0
  40135a:	60f8      	str	r0, [r7, #12]
  40135c:	60b9      	str	r1, [r7, #8]
  40135e:	607a      	str	r2, [r7, #4]
	/* Enable the pull-up(s) if necessary */
	if (ul_pull_up_enable) {
  401360:	687b      	ldr	r3, [r7, #4]
  401362:	2b00      	cmp	r3, #0
  401364:	d003      	beq.n	40136e <pio_pull_up+0x1a>
		p_pio->PIO_PUER = ul_mask;
  401366:	68fb      	ldr	r3, [r7, #12]
  401368:	68ba      	ldr	r2, [r7, #8]
  40136a:	665a      	str	r2, [r3, #100]	; 0x64
	} else {
		p_pio->PIO_PUDR = ul_mask;
	}
}
  40136c:	e002      	b.n	401374 <pio_pull_up+0x20>
		p_pio->PIO_PUDR = ul_mask;
  40136e:	68fb      	ldr	r3, [r7, #12]
  401370:	68ba      	ldr	r2, [r7, #8]
  401372:	661a      	str	r2, [r3, #96]	; 0x60
}
  401374:	bf00      	nop
  401376:	3714      	adds	r7, #20
  401378:	46bd      	mov	sp, r7
  40137a:	bc80      	pop	{r7}
  40137c:	4770      	bx	lr

0040137e <pio_get>:
 * \retval 1 at least one PIO currently has a high level.
 * \retval 0 all PIOs have a low level.
 */
uint32_t pio_get(Pio *p_pio, const pio_type_t ul_type,
		const uint32_t ul_mask)
{
  40137e:	b480      	push	{r7}
  401380:	b087      	sub	sp, #28
  401382:	af00      	add	r7, sp, #0
  401384:	60f8      	str	r0, [r7, #12]
  401386:	60b9      	str	r1, [r7, #8]
  401388:	607a      	str	r2, [r7, #4]
	uint32_t ul_reg;

	if ((ul_type == PIO_OUTPUT_0) || (ul_type == PIO_OUTPUT_1)) {
  40138a:	68bb      	ldr	r3, [r7, #8]
  40138c:	f1b3 5f40 	cmp.w	r3, #805306368	; 0x30000000
  401390:	d003      	beq.n	40139a <pio_get+0x1c>
  401392:	68bb      	ldr	r3, [r7, #8]
  401394:	f1b3 5f60 	cmp.w	r3, #939524096	; 0x38000000
  401398:	d103      	bne.n	4013a2 <pio_get+0x24>
		ul_reg = p_pio->PIO_ODSR;
  40139a:	68fb      	ldr	r3, [r7, #12]
  40139c:	6b9b      	ldr	r3, [r3, #56]	; 0x38
  40139e:	617b      	str	r3, [r7, #20]
  4013a0:	e002      	b.n	4013a8 <pio_get+0x2a>
	} else {
		ul_reg = p_pio->PIO_PDSR;
  4013a2:	68fb      	ldr	r3, [r7, #12]
  4013a4:	6bdb      	ldr	r3, [r3, #60]	; 0x3c
  4013a6:	617b      	str	r3, [r7, #20]
	}

	if ((ul_reg & ul_mask) == 0) {
  4013a8:	697a      	ldr	r2, [r7, #20]
  4013aa:	687b      	ldr	r3, [r7, #4]
  4013ac:	4013      	ands	r3, r2
  4013ae:	2b00      	cmp	r3, #0
  4013b0:	d101      	bne.n	4013b6 <pio_get+0x38>
		return 0;
  4013b2:	2300      	movs	r3, #0
  4013b4:	e000      	b.n	4013b8 <pio_get+0x3a>
	} else {
		return 1;
  4013b6:	2301      	movs	r3, #1
	}
}
  4013b8:	4618      	mov	r0, r3
  4013ba:	371c      	adds	r7, #28
  4013bc:	46bd      	mov	sp, r7
  4013be:	bc80      	pop	{r7}
  4013c0:	4770      	bx	lr

004013c2 <pio_set_peripheral>:
 * \param ul_type PIO type.
 * \param ul_mask Bitmask of one or more pin(s) to configure.
 */
void pio_set_peripheral(Pio *p_pio, const pio_type_t ul_type,
		const uint32_t ul_mask)
{
  4013c2:	b480      	push	{r7}
  4013c4:	b087      	sub	sp, #28
  4013c6:	af00      	add	r7, sp, #0
  4013c8:	60f8      	str	r0, [r7, #12]
  4013ca:	60b9      	str	r1, [r7, #8]
  4013cc:	607a      	str	r2, [r7, #4]
	uint32_t ul_sr;

	/* Disable interrupts on the pin(s) */
	p_pio->PIO_IDR = ul_mask;
  4013ce:	68fb      	ldr	r3, [r7, #12]
  4013d0:	687a      	ldr	r2, [r7, #4]
  4013d2:	645a      	str	r2, [r3, #68]	; 0x44

#if (SAM3S || SAM3N || SAM4S || SAM4E || SAM4N || SAM4C || SAMG || SAM4CP || SAM4CM || SAMV71 || SAMV70 || SAME70 || SAMS70)
	switch (ul_type) {
  4013d4:	68bb      	ldr	r3, [r7, #8]
  4013d6:	f1b3 5fc0 	cmp.w	r3, #402653184	; 0x18000000
  4013da:	d04a      	beq.n	401472 <pio_set_peripheral+0xb0>
  4013dc:	f1b3 5fc0 	cmp.w	r3, #402653184	; 0x18000000
  4013e0:	d808      	bhi.n	4013f4 <pio_set_peripheral+0x32>
  4013e2:	f1b3 6f00 	cmp.w	r3, #134217728	; 0x8000000
  4013e6:	d016      	beq.n	401416 <pio_set_peripheral+0x54>
  4013e8:	f1b3 5f80 	cmp.w	r3, #268435456	; 0x10000000
  4013ec:	d02c      	beq.n	401448 <pio_set_peripheral+0x86>
  4013ee:	2b00      	cmp	r3, #0
  4013f0:	d069      	beq.n	4014c6 <pio_set_peripheral+0x104>
  4013f2:	e064      	b.n	4014be <pio_set_peripheral+0xfc>
  4013f4:	f1b3 5f20 	cmp.w	r3, #671088640	; 0x28000000
  4013f8:	d065      	beq.n	4014c6 <pio_set_peripheral+0x104>
  4013fa:	f1b3 5f20 	cmp.w	r3, #671088640	; 0x28000000
  4013fe:	d803      	bhi.n	401408 <pio_set_peripheral+0x46>
  401400:	f1b3 5f00 	cmp.w	r3, #536870912	; 0x20000000
  401404:	d04a      	beq.n	40149c <pio_set_peripheral+0xda>
  401406:	e05a      	b.n	4014be <pio_set_peripheral+0xfc>
  401408:	f1b3 5f40 	cmp.w	r3, #805306368	; 0x30000000
  40140c:	d05b      	beq.n	4014c6 <pio_set_peripheral+0x104>
  40140e:	f1b3 5f60 	cmp.w	r3, #939524096	; 0x38000000
  401412:	d058      	beq.n	4014c6 <pio_set_peripheral+0x104>
  401414:	e053      	b.n	4014be <pio_set_peripheral+0xfc>
	case PIO_PERIPH_A:
		ul_sr = p_pio->PIO_ABCDSR[0];
  401416:	68fb      	ldr	r3, [r7, #12]
  401418:	6f1b      	ldr	r3, [r3, #112]	; 0x70
  40141a:	617b      	str	r3, [r7, #20]
		p_pio->PIO_ABCDSR[0] &= (~ul_mask & ul_sr);
  40141c:	68fb      	ldr	r3, [r7, #12]
  40141e:	6f1a      	ldr	r2, [r3, #112]	; 0x70
  401420:	687b      	ldr	r3, [r7, #4]
  401422:	43d9      	mvns	r1, r3
  401424:	697b      	ldr	r3, [r7, #20]
  401426:	400b      	ands	r3, r1
  401428:	401a      	ands	r2, r3
  40142a:	68fb      	ldr	r3, [r7, #12]
  40142c:	671a      	str	r2, [r3, #112]	; 0x70

		ul_sr = p_pio->PIO_ABCDSR[1];
  40142e:	68fb      	ldr	r3, [r7, #12]
  401430:	6f5b      	ldr	r3, [r3, #116]	; 0x74
  401432:	617b      	str	r3, [r7, #20]
		p_pio->PIO_ABCDSR[1] &= (~ul_mask & ul_sr);
  401434:	68fb      	ldr	r3, [r7, #12]
  401436:	6f5a      	ldr	r2, [r3, #116]	; 0x74
  401438:	687b      	ldr	r3, [r7, #4]
  40143a:	43d9      	mvns	r1, r3
  40143c:	697b      	ldr	r3, [r7, #20]
  40143e:	400b      	ands	r3, r1
  401440:	401a      	ands	r2, r3
  401442:	68fb      	ldr	r3, [r7, #12]
  401444:	675a      	str	r2, [r3, #116]	; 0x74
		break;
  401446:	e03a      	b.n	4014be <pio_set_peripheral+0xfc>
	case PIO_PERIPH_B:
		ul_sr = p_pio->PIO_ABCDSR[0];
  401448:	68fb      	ldr	r3, [r7, #12]
  40144a:	6f1b      	ldr	r3, [r3, #112]	; 0x70
  40144c:	617b      	str	r3, [r7, #20]
		p_pio->PIO_ABCDSR[0] = (ul_mask | ul_sr);
  40144e:	687a      	ldr	r2, [r7, #4]
  401450:	697b      	ldr	r3, [r7, #20]
  401452:	431a      	orrs	r2, r3
  401454:	68fb      	ldr	r3, [r7, #12]
  401456:	671a      	str	r2, [r3, #112]	; 0x70

		ul_sr = p_pio->PIO_ABCDSR[1];
  401458:	68fb      	ldr	r3, [r7, #12]
  40145a:	6f5b      	ldr	r3, [r3, #116]	; 0x74
  40145c:	617b      	str	r3, [r7, #20]
		p_pio->PIO_ABCDSR[1] &= (~ul_mask & ul_sr);
  40145e:	68fb      	ldr	r3, [r7, #12]
  401460:	6f5a      	ldr	r2, [r3, #116]	; 0x74
  401462:	687b      	ldr	r3, [r7, #4]
  401464:	43d9      	mvns	r1, r3
  401466:	697b      	ldr	r3, [r7, #20]
  401468:	400b      	ands	r3, r1
  40146a:	401a      	ands	r2, r3
  40146c:	68fb      	ldr	r3, [r7, #12]
  40146e:	675a      	str	r2, [r3, #116]	; 0x74
		break;
  401470:	e025      	b.n	4014be <pio_set_peripheral+0xfc>
#if (!SAMG)
	case PIO_PERIPH_C:
		ul_sr = p_pio->PIO_ABCDSR[0];
  401472:	68fb      	ldr	r3, [r7, #12]
  401474:	6f1b      	ldr	r3, [r3, #112]	; 0x70
  401476:	617b      	str	r3, [r7, #20]
		p_pio->PIO_ABCDSR[0] &= (~ul_mask & ul_sr);
  401478:	68fb      	ldr	r3, [r7, #12]
  40147a:	6f1a      	ldr	r2, [r3, #112]	; 0x70
  40147c:	687b      	ldr	r3, [r7, #4]
  40147e:	43d9      	mvns	r1, r3
  401480:	697b      	ldr	r3, [r7, #20]
  401482:	400b      	ands	r3, r1
  401484:	401a      	ands	r2, r3
  401486:	68fb      	ldr	r3, [r7, #12]
  401488:	671a      	str	r2, [r3, #112]	; 0x70

		ul_sr = p_pio->PIO_ABCDSR[1];
  40148a:	68fb      	ldr	r3, [r7, #12]
  40148c:	6f5b      	ldr	r3, [r3, #116]	; 0x74
  40148e:	617b      	str	r3, [r7, #20]
		p_pio->PIO_ABCDSR[1] = (ul_mask | ul_sr);
  401490:	687a      	ldr	r2, [r7, #4]
  401492:	697b      	ldr	r3, [r7, #20]
  401494:	431a      	orrs	r2, r3
  401496:	68fb      	ldr	r3, [r7, #12]
  401498:	675a      	str	r2, [r3, #116]	; 0x74
		break;
  40149a:	e010      	b.n	4014be <pio_set_peripheral+0xfc>
	case PIO_PERIPH_D:
		ul_sr = p_pio->PIO_ABCDSR[0];
  40149c:	68fb      	ldr	r3, [r7, #12]
  40149e:	6f1b      	ldr	r3, [r3, #112]	; 0x70
  4014a0:	617b      	str	r3, [r7, #20]
		p_pio->PIO_ABCDSR[0] = (ul_mask | ul_sr);
  4014a2:	687a      	ldr	r2, [r7, #4]
  4014a4:	697b      	ldr	r3, [r7, #20]
  4014a6:	431a      	orrs	r2, r3
  4014a8:	68fb      	ldr	r3, [r7, #12]
  4014aa:	671a      	str	r2, [r3, #112]	; 0x70

		ul_sr = p_pio->PIO_ABCDSR[1];
  4014ac:	68fb      	ldr	r3, [r7, #12]
  4014ae:	6f5b      	ldr	r3, [r3, #116]	; 0x74
  4014b0:	617b      	str	r3, [r7, #20]
		p_pio->PIO_ABCDSR[1] = (ul_mask | ul_sr);
  4014b2:	687a      	ldr	r2, [r7, #4]
  4014b4:	697b      	ldr	r3, [r7, #20]
  4014b6:	431a      	orrs	r2, r3
  4014b8:	68fb      	ldr	r3, [r7, #12]
  4014ba:	675a      	str	r2, [r3, #116]	; 0x74
		break;
  4014bc:	bf00      	nop
#else
#error "Unsupported device"
#endif

	/* Remove the pins from under the control of PIO */
	p_pio->PIO_PDR = ul_mask;
  4014be:	68fb      	ldr	r3, [r7, #12]
  4014c0:	687a      	ldr	r2, [r7, #4]
  4014c2:	605a      	str	r2, [r3, #4]
  4014c4:	e000      	b.n	4014c8 <pio_set_peripheral+0x106>
		return;
  4014c6:	bf00      	nop
}
  4014c8:	371c      	adds	r7, #28
  4014ca:	46bd      	mov	sp, r7
  4014cc:	bc80      	pop	{r7}
  4014ce:	4770      	bx	lr

004014d0 <pio_set_input>:
 * \param ul_mask Bitmask indicating which pin(s) to configure as input(s).
 * \param ul_attribute PIO attribute(s).
 */
void pio_set_input(Pio *p_pio, const uint32_t ul_mask,
		const uint32_t ul_attribute)
{
  4014d0:	b580      	push	{r7, lr}
  4014d2:	b084      	sub	sp, #16
  4014d4:	af00      	add	r7, sp, #0
  4014d6:	60f8      	str	r0, [r7, #12]
  4014d8:	60b9      	str	r1, [r7, #8]
  4014da:	607a      	str	r2, [r7, #4]
	pio_disable_interrupt(p_pio, ul_mask);
  4014dc:	68b9      	ldr	r1, [r7, #8]
  4014de:	68f8      	ldr	r0, [r7, #12]
  4014e0:	4b19      	ldr	r3, [pc, #100]	; (401548 <pio_set_input+0x78>)
  4014e2:	4798      	blx	r3
	pio_pull_up(p_pio, ul_mask, ul_attribute & PIO_PULLUP);
  4014e4:	687b      	ldr	r3, [r7, #4]
  4014e6:	f003 0301 	and.w	r3, r3, #1
  4014ea:	461a      	mov	r2, r3
  4014ec:	68b9      	ldr	r1, [r7, #8]
  4014ee:	68f8      	ldr	r0, [r7, #12]
  4014f0:	4b16      	ldr	r3, [pc, #88]	; (40154c <pio_set_input+0x7c>)
  4014f2:	4798      	blx	r3

	/* Enable Input Filter if necessary */
	if (ul_attribute & (PIO_DEGLITCH | PIO_DEBOUNCE)) {
  4014f4:	687b      	ldr	r3, [r7, #4]
  4014f6:	f003 030a 	and.w	r3, r3, #10
  4014fa:	2b00      	cmp	r3, #0
  4014fc:	d003      	beq.n	401506 <pio_set_input+0x36>
		p_pio->PIO_IFER = ul_mask;
  4014fe:	68fb      	ldr	r3, [r7, #12]
  401500:	68ba      	ldr	r2, [r7, #8]
  401502:	621a      	str	r2, [r3, #32]
  401504:	e002      	b.n	40150c <pio_set_input+0x3c>
	} else {
		p_pio->PIO_IFDR = ul_mask;
  401506:	68fb      	ldr	r3, [r7, #12]
  401508:	68ba      	ldr	r2, [r7, #8]
  40150a:	625a      	str	r2, [r3, #36]	; 0x24
	}

#if (SAM3S || SAM3N || SAM4S || SAM4E || SAM4N || SAM4C || SAMG || SAM4CP || SAM4CM || SAMV71 || SAMV70 || SAME70 || SAMS70)
	/* Enable de-glitch or de-bounce if necessary */
	if (ul_attribute & PIO_DEGLITCH) {
  40150c:	687b      	ldr	r3, [r7, #4]
  40150e:	f003 0302 	and.w	r3, r3, #2
  401512:	2b00      	cmp	r3, #0
  401514:	d004      	beq.n	401520 <pio_set_input+0x50>
		p_pio->PIO_IFSCDR = ul_mask;
  401516:	68fb      	ldr	r3, [r7, #12]
  401518:	68ba      	ldr	r2, [r7, #8]
  40151a:	f8c3 2080 	str.w	r2, [r3, #128]	; 0x80
  40151e:	e008      	b.n	401532 <pio_set_input+0x62>
	} else {
		if (ul_attribute & PIO_DEBOUNCE) {
  401520:	687b      	ldr	r3, [r7, #4]
  401522:	f003 0308 	and.w	r3, r3, #8
  401526:	2b00      	cmp	r3, #0
  401528:	d003      	beq.n	401532 <pio_set_input+0x62>
			p_pio->PIO_IFSCER = ul_mask;
  40152a:	68fb      	ldr	r3, [r7, #12]
  40152c:	68ba      	ldr	r2, [r7, #8]
  40152e:	f8c3 2084 	str.w	r2, [r3, #132]	; 0x84
#else
#error "Unsupported device"
#endif

	/* Configure pin as input */
	p_pio->PIO_ODR = ul_mask;
  401532:	68fb      	ldr	r3, [r7, #12]
  401534:	68ba      	ldr	r2, [r7, #8]
  401536:	615a      	str	r2, [r3, #20]
	p_pio->PIO_PER = ul_mask;
  401538:	68fb      	ldr	r3, [r7, #12]
  40153a:	68ba      	ldr	r2, [r7, #8]
  40153c:	601a      	str	r2, [r3, #0]
}
  40153e:	bf00      	nop
  401540:	3710      	adds	r7, #16
  401542:	46bd      	mov	sp, r7
  401544:	bd80      	pop	{r7, pc}
  401546:	bf00      	nop
  401548:	00401681 	.word	0x00401681
  40154c:	00401355 	.word	0x00401355

00401550 <pio_set_output>:
 */
void pio_set_output(Pio *p_pio, const uint32_t ul_mask,
		const uint32_t ul_default_level,
		const uint32_t ul_multidrive_enable,
		const uint32_t ul_pull_up_enable)
{
  401550:	b580      	push	{r7, lr}
  401552:	b084      	sub	sp, #16
  401554:	af00      	add	r7, sp, #0
  401556:	60f8      	str	r0, [r7, #12]
  401558:	60b9      	str	r1, [r7, #8]
  40155a:	607a      	str	r2, [r7, #4]
  40155c:	603b      	str	r3, [r7, #0]
	pio_disable_interrupt(p_pio, ul_mask);
  40155e:	68b9      	ldr	r1, [r7, #8]
  401560:	68f8      	ldr	r0, [r7, #12]
  401562:	4b12      	ldr	r3, [pc, #72]	; (4015ac <pio_set_output+0x5c>)
  401564:	4798      	blx	r3
	pio_pull_up(p_pio, ul_mask, ul_pull_up_enable);
  401566:	69ba      	ldr	r2, [r7, #24]
  401568:	68b9      	ldr	r1, [r7, #8]
  40156a:	68f8      	ldr	r0, [r7, #12]
  40156c:	4b10      	ldr	r3, [pc, #64]	; (4015b0 <pio_set_output+0x60>)
  40156e:	4798      	blx	r3

	/* Enable multi-drive if necessary */
	if (ul_multidrive_enable) {
  401570:	683b      	ldr	r3, [r7, #0]
  401572:	2b00      	cmp	r3, #0
  401574:	d003      	beq.n	40157e <pio_set_output+0x2e>
		p_pio->PIO_MDER = ul_mask;
  401576:	68fb      	ldr	r3, [r7, #12]
  401578:	68ba      	ldr	r2, [r7, #8]
  40157a:	651a      	str	r2, [r3, #80]	; 0x50
  40157c:	e002      	b.n	401584 <pio_set_output+0x34>
	} else {
		p_pio->PIO_MDDR = ul_mask;
  40157e:	68fb      	ldr	r3, [r7, #12]
  401580:	68ba      	ldr	r2, [r7, #8]
  401582:	655a      	str	r2, [r3, #84]	; 0x54
	}

	/* Set default value */
	if (ul_default_level) {
  401584:	687b      	ldr	r3, [r7, #4]
  401586:	2b00      	cmp	r3, #0
  401588:	d003      	beq.n	401592 <pio_set_output+0x42>
		p_pio->PIO_SODR = ul_mask;
  40158a:	68fb      	ldr	r3, [r7, #12]
  40158c:	68ba      	ldr	r2, [r7, #8]
  40158e:	631a      	str	r2, [r3, #48]	; 0x30
  401590:	e002      	b.n	401598 <pio_set_output+0x48>
	} else {
		p_pio->PIO_CODR = ul_mask;
  401592:	68fb      	ldr	r3, [r7, #12]
  401594:	68ba      	ldr	r2, [r7, #8]
  401596:	635a      	str	r2, [r3, #52]	; 0x34
	}

	/* Configure pin(s) as output(s) */
	p_pio->PIO_OER = ul_mask;
  401598:	68fb      	ldr	r3, [r7, #12]
  40159a:	68ba      	ldr	r2, [r7, #8]
  40159c:	611a      	str	r2, [r3, #16]
	p_pio->PIO_PER = ul_mask;
  40159e:	68fb      	ldr	r3, [r7, #12]
  4015a0:	68ba      	ldr	r2, [r7, #8]
  4015a2:	601a      	str	r2, [r3, #0]
}
  4015a4:	bf00      	nop
  4015a6:	3710      	adds	r7, #16
  4015a8:	46bd      	mov	sp, r7
  4015aa:	bd80      	pop	{r7, pc}
  4015ac:	00401681 	.word	0x00401681
  4015b0:	00401355 	.word	0x00401355

004015b4 <pio_configure>:
 *
 * \return Whether the pin(s) have been configured properly.
 */
uint32_t pio_configure(Pio *p_pio, const pio_type_t ul_type,
		const uint32_t ul_mask, const uint32_t ul_attribute)
{
  4015b4:	b590      	push	{r4, r7, lr}
  4015b6:	b087      	sub	sp, #28
  4015b8:	af02      	add	r7, sp, #8
  4015ba:	60f8      	str	r0, [r7, #12]
  4015bc:	60b9      	str	r1, [r7, #8]
  4015be:	607a      	str	r2, [r7, #4]
  4015c0:	603b      	str	r3, [r7, #0]
	/* Configure pins */
	switch (ul_type) {
  4015c2:	68bb      	ldr	r3, [r7, #8]
  4015c4:	f1b3 5f00 	cmp.w	r3, #536870912	; 0x20000000
  4015c8:	d016      	beq.n	4015f8 <pio_configure+0x44>
  4015ca:	f1b3 5f00 	cmp.w	r3, #536870912	; 0x20000000
  4015ce:	d809      	bhi.n	4015e4 <pio_configure+0x30>
  4015d0:	f1b3 5f80 	cmp.w	r3, #268435456	; 0x10000000
  4015d4:	d010      	beq.n	4015f8 <pio_configure+0x44>
  4015d6:	f1b3 5fc0 	cmp.w	r3, #402653184	; 0x18000000
  4015da:	d00d      	beq.n	4015f8 <pio_configure+0x44>
  4015dc:	f1b3 6f00 	cmp.w	r3, #134217728	; 0x8000000
  4015e0:	d00a      	beq.n	4015f8 <pio_configure+0x44>
  4015e2:	e03d      	b.n	401660 <pio_configure+0xac>
  4015e4:	f1b3 5f40 	cmp.w	r3, #805306368	; 0x30000000
  4015e8:	d01a      	beq.n	401620 <pio_configure+0x6c>
  4015ea:	f1b3 5f60 	cmp.w	r3, #939524096	; 0x38000000
  4015ee:	d017      	beq.n	401620 <pio_configure+0x6c>
  4015f0:	f1b3 5f20 	cmp.w	r3, #671088640	; 0x28000000
  4015f4:	d00e      	beq.n	401614 <pio_configure+0x60>
  4015f6:	e033      	b.n	401660 <pio_configure+0xac>
	case PIO_PERIPH_B:
#if (SAM3S || SAM3N || SAM4S || SAM4E || SAM4N || SAM4C || SAM4CP || SAM4CM || SAMV71 || SAMV70 || SAME70 || SAMS70)
	case PIO_PERIPH_C:
	case PIO_PERIPH_D:
#endif
		pio_set_peripheral(p_pio, ul_type, ul_mask);
  4015f8:	687a      	ldr	r2, [r7, #4]
  4015fa:	68b9      	ldr	r1, [r7, #8]
  4015fc:	68f8      	ldr	r0, [r7, #12]
  4015fe:	4b1c      	ldr	r3, [pc, #112]	; (401670 <pio_configure+0xbc>)
  401600:	4798      	blx	r3
		pio_pull_up(p_pio, ul_mask, (ul_attribute & PIO_PULLUP));
  401602:	683b      	ldr	r3, [r7, #0]
  401604:	f003 0301 	and.w	r3, r3, #1
  401608:	461a      	mov	r2, r3
  40160a:	6879      	ldr	r1, [r7, #4]
  40160c:	68f8      	ldr	r0, [r7, #12]
  40160e:	4b19      	ldr	r3, [pc, #100]	; (401674 <pio_configure+0xc0>)
  401610:	4798      	blx	r3
		break;
  401612:	e027      	b.n	401664 <pio_configure+0xb0>

	case PIO_INPUT:
		pio_set_input(p_pio, ul_mask, ul_attribute);
  401614:	683a      	ldr	r2, [r7, #0]
  401616:	6879      	ldr	r1, [r7, #4]
  401618:	68f8      	ldr	r0, [r7, #12]
  40161a:	4b17      	ldr	r3, [pc, #92]	; (401678 <pio_configure+0xc4>)
  40161c:	4798      	blx	r3
		break;
  40161e:	e021      	b.n	401664 <pio_configure+0xb0>

	case PIO_OUTPUT_0:
	case PIO_OUTPUT_1:
		pio_set_output(p_pio, ul_mask, (ul_type == PIO_OUTPUT_1),
  401620:	68bb      	ldr	r3, [r7, #8]
  401622:	f1b3 5f60 	cmp.w	r3, #939524096	; 0x38000000
  401626:	bf0c      	ite	eq
  401628:	2301      	moveq	r3, #1
  40162a:	2300      	movne	r3, #0
  40162c:	b2db      	uxtb	r3, r3
  40162e:	461a      	mov	r2, r3
				(ul_attribute & PIO_OPENDRAIN) ? 1 : 0,
  401630:	683b      	ldr	r3, [r7, #0]
  401632:	f003 0304 	and.w	r3, r3, #4
		pio_set_output(p_pio, ul_mask, (ul_type == PIO_OUTPUT_1),
  401636:	2b00      	cmp	r3, #0
  401638:	bf14      	ite	ne
  40163a:	2301      	movne	r3, #1
  40163c:	2300      	moveq	r3, #0
  40163e:	b2db      	uxtb	r3, r3
  401640:	4619      	mov	r1, r3
				(ul_attribute & PIO_PULLUP) ? 1 : 0);
  401642:	683b      	ldr	r3, [r7, #0]
  401644:	f003 0301 	and.w	r3, r3, #1
		pio_set_output(p_pio, ul_mask, (ul_type == PIO_OUTPUT_1),
  401648:	2b00      	cmp	r3, #0
  40164a:	bf14      	ite	ne
  40164c:	2301      	movne	r3, #1
  40164e:	2300      	moveq	r3, #0
  401650:	b2db      	uxtb	r3, r3
  401652:	9300      	str	r3, [sp, #0]
  401654:	460b      	mov	r3, r1
  401656:	6879      	ldr	r1, [r7, #4]
  401658:	68f8      	ldr	r0, [r7, #12]
  40165a:	4c08      	ldr	r4, [pc, #32]	; (40167c <pio_configure+0xc8>)
  40165c:	47a0      	blx	r4
		break;
  40165e:	e001      	b.n	401664 <pio_configure+0xb0>

	default:
		return 0;
  401660:	2300      	movs	r3, #0
  401662:	e000      	b.n	401666 <pio_configure+0xb2>
	}

	return 1;
  401664:	2301      	movs	r3, #1
}
  401666:	4618      	mov	r0, r3
  401668:	3714      	adds	r7, #20
  40166a:	46bd      	mov	sp, r7
  40166c:	bd90      	pop	{r4, r7, pc}
  40166e:	bf00      	nop
  401670:	004013c3 	.word	0x004013c3
  401674:	00401355 	.word	0x00401355
  401678:	004014d1 	.word	0x004014d1
  40167c:	00401551 	.word	0x00401551

00401680 <pio_disable_interrupt>:
 *
 * \param p_pio Pointer to a PIO instance.
 * \param ul_mask Interrupt sources bit map.
 */
void pio_disable_interrupt(Pio *p_pio, const uint32_t ul_mask)
{
  401680:	b480      	push	{r7}
  401682:	b083      	sub	sp, #12
  401684:	af00      	add	r7, sp, #0
  401686:	6078      	str	r0, [r7, #4]
  401688:	6039      	str	r1, [r7, #0]
	p_pio->PIO_IDR = ul_mask;
  40168a:	687b      	ldr	r3, [r7, #4]
  40168c:	683a      	ldr	r2, [r7, #0]
  40168e:	645a      	str	r2, [r3, #68]	; 0x44
}
  401690:	bf00      	nop
  401692:	370c      	adds	r7, #12
  401694:	46bd      	mov	sp, r7
  401696:	bc80      	pop	{r7}
  401698:	4770      	bx	lr

0040169a <pio_get_interrupt_status>:
 * \param p_pio Pointer to a PIO instance.
 *
 * \return The interrupt status value.
 */
uint32_t pio_get_interrupt_status(const Pio *p_pio)
{
  40169a:	b480      	push	{r7}
  40169c:	b083      	sub	sp, #12
  40169e:	af00      	add	r7, sp, #0
  4016a0:	6078      	str	r0, [r7, #4]
	return p_pio->PIO_ISR;
  4016a2:	687b      	ldr	r3, [r7, #4]
  4016a4:	6cdb      	ldr	r3, [r3, #76]	; 0x4c
}
  4016a6:	4618      	mov	r0, r3
  4016a8:	370c      	adds	r7, #12
  4016aa:	46bd      	mov	sp, r7
  4016ac:	bc80      	pop	{r7}
  4016ae:	4770      	bx	lr

004016b0 <pio_get_interrupt_mask>:
 * \param p_pio Pointer to a PIO instance.
 *
 * \return The interrupt mask value.
 */
uint32_t pio_get_interrupt_mask(const Pio *p_pio)
{
  4016b0:	b480      	push	{r7}
  4016b2:	b083      	sub	sp, #12
  4016b4:	af00      	add	r7, sp, #0
  4016b6:	6078      	str	r0, [r7, #4]
	return p_pio->PIO_IMR;
  4016b8:	687b      	ldr	r3, [r7, #4]
  4016ba:	6c9b      	ldr	r3, [r3, #72]	; 0x48
}
  4016bc:	4618      	mov	r0, r3
  4016be:	370c      	adds	r7, #12
  4016c0:	46bd      	mov	sp, r7
  4016c2:	bc80      	pop	{r7}
  4016c4:	4770      	bx	lr
	...

004016c8 <pio_set_pin_high>:
 * \param ul_pin The pin index.
 *
 * \note The function \ref pio_configure_pin must be called beforehand.
 */
void pio_set_pin_high(uint32_t ul_pin)
{
  4016c8:	b580      	push	{r7, lr}
  4016ca:	b084      	sub	sp, #16
  4016cc:	af00      	add	r7, sp, #0
  4016ce:	6078      	str	r0, [r7, #4]
	Pio *p_pio = pio_get_pin_group(ul_pin);
  4016d0:	6878      	ldr	r0, [r7, #4]
  4016d2:	4b08      	ldr	r3, [pc, #32]	; (4016f4 <pio_set_pin_high+0x2c>)
  4016d4:	4798      	blx	r3
  4016d6:	60f8      	str	r0, [r7, #12]

	/* Value to be driven on the I/O line: 1. */
	p_pio->PIO_SODR = 1 << (ul_pin & 0x1F);
  4016d8:	687b      	ldr	r3, [r7, #4]
  4016da:	f003 031f 	and.w	r3, r3, #31
  4016de:	2201      	movs	r2, #1
  4016e0:	fa02 f303 	lsl.w	r3, r2, r3
  4016e4:	461a      	mov	r2, r3
  4016e6:	68fb      	ldr	r3, [r7, #12]
  4016e8:	631a      	str	r2, [r3, #48]	; 0x30
}
  4016ea:	bf00      	nop
  4016ec:	3710      	adds	r7, #16
  4016ee:	46bd      	mov	sp, r7
  4016f0:	bd80      	pop	{r7, pc}
  4016f2:	bf00      	nop
  4016f4:	004018d9 	.word	0x004018d9

004016f8 <pio_set_pin_low>:
 * \param ul_pin The pin index.
 *
 * \note The function \ref pio_configure_pin must be called before.
 */
void pio_set_pin_low(uint32_t ul_pin)
{
  4016f8:	b580      	push	{r7, lr}
  4016fa:	b084      	sub	sp, #16
  4016fc:	af00      	add	r7, sp, #0
  4016fe:	6078      	str	r0, [r7, #4]
	Pio *p_pio = pio_get_pin_group(ul_pin);
  401700:	6878      	ldr	r0, [r7, #4]
  401702:	4b08      	ldr	r3, [pc, #32]	; (401724 <pio_set_pin_low+0x2c>)
  401704:	4798      	blx	r3
  401706:	60f8      	str	r0, [r7, #12]

	/* Value to be driven on the I/O line: 0. */
	p_pio->PIO_CODR = 1 << (ul_pin & 0x1F);
  401708:	687b      	ldr	r3, [r7, #4]
  40170a:	f003 031f 	and.w	r3, r3, #31
  40170e:	2201      	movs	r2, #1
  401710:	fa02 f303 	lsl.w	r3, r2, r3
  401714:	461a      	mov	r2, r3
  401716:	68fb      	ldr	r3, [r7, #12]
  401718:	635a      	str	r2, [r3, #52]	; 0x34
}
  40171a:	bf00      	nop
  40171c:	3710      	adds	r7, #16
  40171e:	46bd      	mov	sp, r7
  401720:	bd80      	pop	{r7, pc}
  401722:	bf00      	nop
  401724:	004018d9 	.word	0x004018d9

00401728 <pio_configure_pin>:
 * \param ul_flags Pins attributes.
 *
 * \return Whether the pin(s) have been configured properly.
 */
uint32_t pio_configure_pin(uint32_t ul_pin, const uint32_t ul_flags)
{
  401728:	b590      	push	{r4, r7, lr}
  40172a:	b087      	sub	sp, #28
  40172c:	af02      	add	r7, sp, #8
  40172e:	6078      	str	r0, [r7, #4]
  401730:	6039      	str	r1, [r7, #0]
	Pio *p_pio = pio_get_pin_group(ul_pin);
  401732:	6878      	ldr	r0, [r7, #4]
  401734:	4b63      	ldr	r3, [pc, #396]	; (4018c4 <pio_configure_pin+0x19c>)
  401736:	4798      	blx	r3
  401738:	60f8      	str	r0, [r7, #12]

	/* Configure pins */
	switch (ul_flags & PIO_TYPE_Msk) {
  40173a:	683b      	ldr	r3, [r7, #0]
  40173c:	f003 43f0 	and.w	r3, r3, #2013265920	; 0x78000000
  401740:	f1b3 5f00 	cmp.w	r3, #536870912	; 0x20000000
  401744:	d067      	beq.n	401816 <pio_configure_pin+0xee>
  401746:	f1b3 5f00 	cmp.w	r3, #536870912	; 0x20000000
  40174a:	d809      	bhi.n	401760 <pio_configure_pin+0x38>
  40174c:	f1b3 5f80 	cmp.w	r3, #268435456	; 0x10000000
  401750:	d02b      	beq.n	4017aa <pio_configure_pin+0x82>
  401752:	f1b3 5fc0 	cmp.w	r3, #402653184	; 0x18000000
  401756:	d043      	beq.n	4017e0 <pio_configure_pin+0xb8>
  401758:	f1b3 6f00 	cmp.w	r3, #134217728	; 0x8000000
  40175c:	d00a      	beq.n	401774 <pio_configure_pin+0x4c>
  40175e:	e0a9      	b.n	4018b4 <pio_configure_pin+0x18c>
  401760:	f1b3 5f40 	cmp.w	r3, #805306368	; 0x30000000
  401764:	d07e      	beq.n	401864 <pio_configure_pin+0x13c>
  401766:	f1b3 5f60 	cmp.w	r3, #939524096	; 0x38000000
  40176a:	d07b      	beq.n	401864 <pio_configure_pin+0x13c>
  40176c:	f1b3 5f20 	cmp.w	r3, #671088640	; 0x28000000
  401770:	d06c      	beq.n	40184c <pio_configure_pin+0x124>
  401772:	e09f      	b.n	4018b4 <pio_configure_pin+0x18c>
	case PIO_TYPE_PIO_PERIPH_A:
		pio_set_peripheral(p_pio, PIO_PERIPH_A, (1 << (ul_pin & 0x1F)));
  401774:	687b      	ldr	r3, [r7, #4]
  401776:	f003 031f 	and.w	r3, r3, #31
  40177a:	2201      	movs	r2, #1
  40177c:	fa02 f303 	lsl.w	r3, r2, r3
  401780:	461a      	mov	r2, r3
  401782:	f04f 6100 	mov.w	r1, #134217728	; 0x8000000
  401786:	68f8      	ldr	r0, [r7, #12]
  401788:	4b4f      	ldr	r3, [pc, #316]	; (4018c8 <pio_configure_pin+0x1a0>)
  40178a:	4798      	blx	r3
		pio_pull_up(p_pio, (1 << (ul_pin & 0x1F)),
  40178c:	687b      	ldr	r3, [r7, #4]
  40178e:	f003 031f 	and.w	r3, r3, #31
  401792:	2201      	movs	r2, #1
  401794:	fa02 f303 	lsl.w	r3, r2, r3
  401798:	4619      	mov	r1, r3
  40179a:	683b      	ldr	r3, [r7, #0]
  40179c:	f003 0301 	and.w	r3, r3, #1
  4017a0:	461a      	mov	r2, r3
  4017a2:	68f8      	ldr	r0, [r7, #12]
  4017a4:	4b49      	ldr	r3, [pc, #292]	; (4018cc <pio_configure_pin+0x1a4>)
  4017a6:	4798      	blx	r3
				(ul_flags & PIO_PULLUP));
		break;
  4017a8:	e086      	b.n	4018b8 <pio_configure_pin+0x190>
	case PIO_TYPE_PIO_PERIPH_B:
		pio_set_peripheral(p_pio, PIO_PERIPH_B, (1 << (ul_pin & 0x1F)));
  4017aa:	687b      	ldr	r3, [r7, #4]
  4017ac:	f003 031f 	and.w	r3, r3, #31
  4017b0:	2201      	movs	r2, #1
  4017b2:	fa02 f303 	lsl.w	r3, r2, r3
  4017b6:	461a      	mov	r2, r3
  4017b8:	f04f 5180 	mov.w	r1, #268435456	; 0x10000000
  4017bc:	68f8      	ldr	r0, [r7, #12]
  4017be:	4b42      	ldr	r3, [pc, #264]	; (4018c8 <pio_configure_pin+0x1a0>)
  4017c0:	4798      	blx	r3
		pio_pull_up(p_pio, (1 << (ul_pin & 0x1F)),
  4017c2:	687b      	ldr	r3, [r7, #4]
  4017c4:	f003 031f 	and.w	r3, r3, #31
  4017c8:	2201      	movs	r2, #1
  4017ca:	fa02 f303 	lsl.w	r3, r2, r3
  4017ce:	4619      	mov	r1, r3
  4017d0:	683b      	ldr	r3, [r7, #0]
  4017d2:	f003 0301 	and.w	r3, r3, #1
  4017d6:	461a      	mov	r2, r3
  4017d8:	68f8      	ldr	r0, [r7, #12]
  4017da:	4b3c      	ldr	r3, [pc, #240]	; (4018cc <pio_configure_pin+0x1a4>)
  4017dc:	4798      	blx	r3
				(ul_flags & PIO_PULLUP));
		break;
  4017de:	e06b      	b.n	4018b8 <pio_configure_pin+0x190>
#if (SAM3S || SAM3N || SAM4S || SAM4E || SAM4N || SAM4C || SAM4CP || SAM4CM || SAMV71 || SAMV70 || SAME70 || SAMS70)
	case PIO_TYPE_PIO_PERIPH_C:
		pio_set_peripheral(p_pio, PIO_PERIPH_C, (1 << (ul_pin & 0x1F)));
  4017e0:	687b      	ldr	r3, [r7, #4]
  4017e2:	f003 031f 	and.w	r3, r3, #31
  4017e6:	2201      	movs	r2, #1
  4017e8:	fa02 f303 	lsl.w	r3, r2, r3
  4017ec:	461a      	mov	r2, r3
  4017ee:	f04f 51c0 	mov.w	r1, #402653184	; 0x18000000
  4017f2:	68f8      	ldr	r0, [r7, #12]
  4017f4:	4b34      	ldr	r3, [pc, #208]	; (4018c8 <pio_configure_pin+0x1a0>)
  4017f6:	4798      	blx	r3
		pio_pull_up(p_pio, (1 << (ul_pin & 0x1F)),
  4017f8:	687b      	ldr	r3, [r7, #4]
  4017fa:	f003 031f 	and.w	r3, r3, #31
  4017fe:	2201      	movs	r2, #1
  401800:	fa02 f303 	lsl.w	r3, r2, r3
  401804:	4619      	mov	r1, r3
  401806:	683b      	ldr	r3, [r7, #0]
  401808:	f003 0301 	and.w	r3, r3, #1
  40180c:	461a      	mov	r2, r3
  40180e:	68f8      	ldr	r0, [r7, #12]
  401810:	4b2e      	ldr	r3, [pc, #184]	; (4018cc <pio_configure_pin+0x1a4>)
  401812:	4798      	blx	r3
				(ul_flags & PIO_PULLUP));
		break;
  401814:	e050      	b.n	4018b8 <pio_configure_pin+0x190>
	case PIO_TYPE_PIO_PERIPH_D:
		pio_set_peripheral(p_pio, PIO_PERIPH_D, (1 << (ul_pin & 0x1F)));
  401816:	687b      	ldr	r3, [r7, #4]
  401818:	f003 031f 	and.w	r3, r3, #31
  40181c:	2201      	movs	r2, #1
  40181e:	fa02 f303 	lsl.w	r3, r2, r3
  401822:	461a      	mov	r2, r3
  401824:	f04f 5100 	mov.w	r1, #536870912	; 0x20000000
  401828:	68f8      	ldr	r0, [r7, #12]
  40182a:	4b27      	ldr	r3, [pc, #156]	; (4018c8 <pio_configure_pin+0x1a0>)
  40182c:	4798      	blx	r3
		pio_pull_up(p_pio, (1 << (ul_pin & 0x1F)),
  40182e:	687b      	ldr	r3, [r7, #4]
  401830:	f003 031f 	and.w	r3, r3, #31
  401834:	2201      	movs	r2, #1
  401836:	fa02 f303 	lsl.w	r3, r2, r3
  40183a:	4619      	mov	r1, r3
  40183c:	683b      	ldr	r3, [r7, #0]
  40183e:	f003 0301 	and.w	r3, r3, #1
  401842:	461a      	mov	r2, r3
  401844:	68f8      	ldr	r0, [r7, #12]
  401846:	4b21      	ldr	r3, [pc, #132]	; (4018cc <pio_configure_pin+0x1a4>)
  401848:	4798      	blx	r3
				(ul_flags & PIO_PULLUP));
		break;
  40184a:	e035      	b.n	4018b8 <pio_configure_pin+0x190>
#endif

	case PIO_TYPE_PIO_INPUT:
		pio_set_input(p_pio, (1 << (ul_pin & 0x1F)), ul_flags);
  40184c:	687b      	ldr	r3, [r7, #4]
  40184e:	f003 031f 	and.w	r3, r3, #31
  401852:	2201      	movs	r2, #1
  401854:	fa02 f303 	lsl.w	r3, r2, r3
  401858:	683a      	ldr	r2, [r7, #0]
  40185a:	4619      	mov	r1, r3
  40185c:	68f8      	ldr	r0, [r7, #12]
  40185e:	4b1c      	ldr	r3, [pc, #112]	; (4018d0 <pio_configure_pin+0x1a8>)
  401860:	4798      	blx	r3
		break;
  401862:	e029      	b.n	4018b8 <pio_configure_pin+0x190>

	case PIO_TYPE_PIO_OUTPUT_0:
	case PIO_TYPE_PIO_OUTPUT_1:
		pio_set_output(p_pio, (1 << (ul_pin & 0x1F)),
  401864:	687b      	ldr	r3, [r7, #4]
  401866:	f003 031f 	and.w	r3, r3, #31
  40186a:	2201      	movs	r2, #1
  40186c:	fa02 f303 	lsl.w	r3, r2, r3
  401870:	4619      	mov	r1, r3
				((ul_flags & PIO_TYPE_PIO_OUTPUT_1)
  401872:	683b      	ldr	r3, [r7, #0]
  401874:	f003 5360 	and.w	r3, r3, #939524096	; 0x38000000
		pio_set_output(p_pio, (1 << (ul_pin & 0x1F)),
  401878:	f1b3 5f60 	cmp.w	r3, #939524096	; 0x38000000
  40187c:	bf0c      	ite	eq
  40187e:	2301      	moveq	r3, #1
  401880:	2300      	movne	r3, #0
  401882:	b2db      	uxtb	r3, r3
  401884:	461a      	mov	r2, r3
				== PIO_TYPE_PIO_OUTPUT_1) ? 1 : 0,
				(ul_flags & PIO_OPENDRAIN) ? 1 : 0,
  401886:	683b      	ldr	r3, [r7, #0]
  401888:	f003 0304 	and.w	r3, r3, #4
		pio_set_output(p_pio, (1 << (ul_pin & 0x1F)),
  40188c:	2b00      	cmp	r3, #0
  40188e:	bf14      	ite	ne
  401890:	2301      	movne	r3, #1
  401892:	2300      	moveq	r3, #0
  401894:	b2db      	uxtb	r3, r3
  401896:	4618      	mov	r0, r3
				(ul_flags & PIO_PULLUP) ? 1 : 0);
  401898:	683b      	ldr	r3, [r7, #0]
  40189a:	f003 0301 	and.w	r3, r3, #1
		pio_set_output(p_pio, (1 << (ul_pin & 0x1F)),
  40189e:	2b00      	cmp	r3, #0
  4018a0:	bf14      	ite	ne
  4018a2:	2301      	movne	r3, #1
  4018a4:	2300      	moveq	r3, #0
  4018a6:	b2db      	uxtb	r3, r3
  4018a8:	9300      	str	r3, [sp, #0]
  4018aa:	4603      	mov	r3, r0
  4018ac:	68f8      	ldr	r0, [r7, #12]
  4018ae:	4c09      	ldr	r4, [pc, #36]	; (4018d4 <pio_configure_pin+0x1ac>)
  4018b0:	47a0      	blx	r4
		break;
  4018b2:	e001      	b.n	4018b8 <pio_configure_pin+0x190>

	default:
		return 0;
  4018b4:	2300      	movs	r3, #0
  4018b6:	e000      	b.n	4018ba <pio_configure_pin+0x192>
	}

	return 1;
  4018b8:	2301      	movs	r3, #1
}
  4018ba:	4618      	mov	r0, r3
  4018bc:	3714      	adds	r7, #20
  4018be:	46bd      	mov	sp, r7
  4018c0:	bd90      	pop	{r4, r7, pc}
  4018c2:	bf00      	nop
  4018c4:	004018d9 	.word	0x004018d9
  4018c8:	004013c3 	.word	0x004013c3
  4018cc:	00401355 	.word	0x00401355
  4018d0:	004014d1 	.word	0x004014d1
  4018d4:	00401551 	.word	0x00401551

004018d8 <pio_get_pin_group>:
 * \param ul_pin The pin index.
 *
 * \return Pointer to \ref Pio struct for GPIO port.
 */
Pio *pio_get_pin_group(uint32_t ul_pin)
{
  4018d8:	b480      	push	{r7}
  4018da:	b085      	sub	sp, #20
  4018dc:	af00      	add	r7, sp, #0
  4018de:	6078      	str	r0, [r7, #4]
		p_pio = PIOC;
	} else {
		p_pio = (Pio *)((uint32_t)PIOA + (PIO_DELTA * (ul_pin >> 5)));
	}
#else
	p_pio = (Pio *)((uint32_t)PIOA + (PIO_DELTA * (ul_pin >> 5)));
  4018e0:	687b      	ldr	r3, [r7, #4]
  4018e2:	095b      	lsrs	r3, r3, #5
  4018e4:	f503 1300 	add.w	r3, r3, #2097152	; 0x200000
  4018e8:	f203 7307 	addw	r3, r3, #1799	; 0x707
  4018ec:	025b      	lsls	r3, r3, #9
  4018ee:	60fb      	str	r3, [r7, #12]
#endif
	return p_pio;
  4018f0:	68fb      	ldr	r3, [r7, #12]
}
  4018f2:	4618      	mov	r0, r3
  4018f4:	3714      	adds	r7, #20
  4018f6:	46bd      	mov	sp, r7
  4018f8:	bc80      	pop	{r7}
  4018fa:	4770      	bx	lr

004018fc <pio_handler_process>:
 *
 * \param p_pio PIO controller base address.
 * \param ul_id PIO controller ID.
 */
void pio_handler_process(Pio *p_pio, uint32_t ul_id)
{
  4018fc:	b580      	push	{r7, lr}
  4018fe:	b084      	sub	sp, #16
  401900:	af00      	add	r7, sp, #0
  401902:	6078      	str	r0, [r7, #4]
  401904:	6039      	str	r1, [r7, #0]
	uint32_t status;
	uint32_t i;

	/* Read PIO controller status */
	status = pio_get_interrupt_status(p_pio);
  401906:	6878      	ldr	r0, [r7, #4]
  401908:	4b2c      	ldr	r3, [pc, #176]	; (4019bc <pio_handler_process+0xc0>)
  40190a:	4798      	blx	r3
  40190c:	60f8      	str	r0, [r7, #12]
	status &= pio_get_interrupt_mask(p_pio);
  40190e:	6878      	ldr	r0, [r7, #4]
  401910:	4b2b      	ldr	r3, [pc, #172]	; (4019c0 <pio_handler_process+0xc4>)
  401912:	4798      	blx	r3
  401914:	4602      	mov	r2, r0
  401916:	68fb      	ldr	r3, [r7, #12]
  401918:	4013      	ands	r3, r2
  40191a:	60fb      	str	r3, [r7, #12]

	/* Check pending events */
	if (status != 0) {
  40191c:	68fb      	ldr	r3, [r7, #12]
  40191e:	2b00      	cmp	r3, #0
  401920:	d03c      	beq.n	40199c <pio_handler_process+0xa0>
		/* Find triggering source */
		i = 0;
  401922:	2300      	movs	r3, #0
  401924:	60bb      	str	r3, [r7, #8]
		while (status != 0) {
  401926:	e034      	b.n	401992 <pio_handler_process+0x96>
			/* Source is configured on the same controller */
			if (gs_interrupt_sources[i].id == ul_id) {
  401928:	4a26      	ldr	r2, [pc, #152]	; (4019c4 <pio_handler_process+0xc8>)
  40192a:	68bb      	ldr	r3, [r7, #8]
  40192c:	011b      	lsls	r3, r3, #4
  40192e:	4413      	add	r3, r2
  401930:	681a      	ldr	r2, [r3, #0]
  401932:	683b      	ldr	r3, [r7, #0]
  401934:	429a      	cmp	r2, r3
  401936:	d126      	bne.n	401986 <pio_handler_process+0x8a>
				/* Source has PIOs whose statuses have changed */
				if ((status & gs_interrupt_sources[i].mask) != 0) {
  401938:	4a22      	ldr	r2, [pc, #136]	; (4019c4 <pio_handler_process+0xc8>)
  40193a:	68bb      	ldr	r3, [r7, #8]
  40193c:	011b      	lsls	r3, r3, #4
  40193e:	4413      	add	r3, r2
  401940:	3304      	adds	r3, #4
  401942:	681a      	ldr	r2, [r3, #0]
  401944:	68fb      	ldr	r3, [r7, #12]
  401946:	4013      	ands	r3, r2
  401948:	2b00      	cmp	r3, #0
  40194a:	d01c      	beq.n	401986 <pio_handler_process+0x8a>
					gs_interrupt_sources[i].handler(gs_interrupt_sources[i].id,
  40194c:	4a1d      	ldr	r2, [pc, #116]	; (4019c4 <pio_handler_process+0xc8>)
  40194e:	68bb      	ldr	r3, [r7, #8]
  401950:	011b      	lsls	r3, r3, #4
  401952:	4413      	add	r3, r2
  401954:	330c      	adds	r3, #12
  401956:	681b      	ldr	r3, [r3, #0]
  401958:	491a      	ldr	r1, [pc, #104]	; (4019c4 <pio_handler_process+0xc8>)
  40195a:	68ba      	ldr	r2, [r7, #8]
  40195c:	0112      	lsls	r2, r2, #4
  40195e:	440a      	add	r2, r1
  401960:	6810      	ldr	r0, [r2, #0]
  401962:	4918      	ldr	r1, [pc, #96]	; (4019c4 <pio_handler_process+0xc8>)
  401964:	68ba      	ldr	r2, [r7, #8]
  401966:	0112      	lsls	r2, r2, #4
  401968:	440a      	add	r2, r1
  40196a:	3204      	adds	r2, #4
  40196c:	6812      	ldr	r2, [r2, #0]
  40196e:	4611      	mov	r1, r2
  401970:	4798      	blx	r3
							gs_interrupt_sources[i].mask);
					status &= ~(gs_interrupt_sources[i].mask);
  401972:	4a14      	ldr	r2, [pc, #80]	; (4019c4 <pio_handler_process+0xc8>)
  401974:	68bb      	ldr	r3, [r7, #8]
  401976:	011b      	lsls	r3, r3, #4
  401978:	4413      	add	r3, r2
  40197a:	3304      	adds	r3, #4
  40197c:	681b      	ldr	r3, [r3, #0]
  40197e:	43db      	mvns	r3, r3
  401980:	68fa      	ldr	r2, [r7, #12]
  401982:	4013      	ands	r3, r2
  401984:	60fb      	str	r3, [r7, #12]
				}
			}
			i++;
  401986:	68bb      	ldr	r3, [r7, #8]
  401988:	3301      	adds	r3, #1
  40198a:	60bb      	str	r3, [r7, #8]
			if (i >= MAX_INTERRUPT_SOURCES) {
  40198c:	68bb      	ldr	r3, [r7, #8]
  40198e:	2b06      	cmp	r3, #6
  401990:	d803      	bhi.n	40199a <pio_handler_process+0x9e>
		while (status != 0) {
  401992:	68fb      	ldr	r3, [r7, #12]
  401994:	2b00      	cmp	r3, #0
  401996:	d1c7      	bne.n	401928 <pio_handler_process+0x2c>
  401998:	e000      	b.n	40199c <pio_handler_process+0xa0>
				break;
  40199a:	bf00      	nop
		}
	}

	/* Check capture events */
#if (SAM3S || SAM4S || SAM4E)
	if (pio_capture_enable_flag) {
  40199c:	4b0a      	ldr	r3, [pc, #40]	; (4019c8 <pio_handler_process+0xcc>)
  40199e:	681b      	ldr	r3, [r3, #0]
  4019a0:	2b00      	cmp	r3, #0
  4019a2:	d007      	beq.n	4019b4 <pio_handler_process+0xb8>
		if (pio_capture_handler) {
  4019a4:	4b09      	ldr	r3, [pc, #36]	; (4019cc <pio_handler_process+0xd0>)
  4019a6:	681b      	ldr	r3, [r3, #0]
  4019a8:	2b00      	cmp	r3, #0
  4019aa:	d003      	beq.n	4019b4 <pio_handler_process+0xb8>
			pio_capture_handler(p_pio);
  4019ac:	4b07      	ldr	r3, [pc, #28]	; (4019cc <pio_handler_process+0xd0>)
  4019ae:	681b      	ldr	r3, [r3, #0]
  4019b0:	6878      	ldr	r0, [r7, #4]
  4019b2:	4798      	blx	r3
		}
	}
#endif
}
  4019b4:	bf00      	nop
  4019b6:	3710      	adds	r7, #16
  4019b8:	46bd      	mov	sp, r7
  4019ba:	bd80      	pop	{r7, pc}
  4019bc:	0040169b 	.word	0x0040169b
  4019c0:	004016b1 	.word	0x004016b1
  4019c4:	200009f8 	.word	0x200009f8
  4019c8:	20000ad4 	.word	0x20000ad4
  4019cc:	20000a68 	.word	0x20000a68

004019d0 <PIOB_Handler>:
/**
 * \brief Parallel IO Controller B interrupt handler
 * Redefined PIOB interrupt handler for NVIC interrupt table.
 */
void PIOB_Handler(void)
{
  4019d0:	b580      	push	{r7, lr}
  4019d2:	af00      	add	r7, sp, #0
    pio_handler_process(PIOB, ID_PIOB);
  4019d4:	210c      	movs	r1, #12
  4019d6:	4802      	ldr	r0, [pc, #8]	; (4019e0 <PIOB_Handler+0x10>)
  4019d8:	4b02      	ldr	r3, [pc, #8]	; (4019e4 <PIOB_Handler+0x14>)
  4019da:	4798      	blx	r3
}
  4019dc:	bf00      	nop
  4019de:	bd80      	pop	{r7, pc}
  4019e0:	400e1000 	.word	0x400e1000
  4019e4:	004018fd 	.word	0x004018fd

004019e8 <pmc_switch_mck_to_pllack>:
 *
 * \retval 0 Success.
 * \retval 1 Timeout error.
 */
uint32_t pmc_switch_mck_to_pllack(uint32_t ul_pres)
{
  4019e8:	b480      	push	{r7}
  4019ea:	b085      	sub	sp, #20
  4019ec:	af00      	add	r7, sp, #0
  4019ee:	6078      	str	r0, [r7, #4]
	uint32_t ul_timeout;

	PMC->PMC_MCKR = (PMC->PMC_MCKR & (~PMC_MCKR_PRES_Msk)) | ul_pres;
  4019f0:	491c      	ldr	r1, [pc, #112]	; (401a64 <pmc_switch_mck_to_pllack+0x7c>)
  4019f2:	4b1c      	ldr	r3, [pc, #112]	; (401a64 <pmc_switch_mck_to_pllack+0x7c>)
  4019f4:	6b1b      	ldr	r3, [r3, #48]	; 0x30
  4019f6:	f023 0270 	bic.w	r2, r3, #112	; 0x70
  4019fa:	687b      	ldr	r3, [r7, #4]
  4019fc:	4313      	orrs	r3, r2
  4019fe:	630b      	str	r3, [r1, #48]	; 0x30
	for (ul_timeout = PMC_TIMEOUT; !(PMC->PMC_SR & PMC_SR_MCKRDY);
  401a00:	f44f 6300 	mov.w	r3, #2048	; 0x800
  401a04:	60fb      	str	r3, [r7, #12]
  401a06:	e007      	b.n	401a18 <pmc_switch_mck_to_pllack+0x30>
			--ul_timeout) {
		if (ul_timeout == 0) {
  401a08:	68fb      	ldr	r3, [r7, #12]
  401a0a:	2b00      	cmp	r3, #0
  401a0c:	d101      	bne.n	401a12 <pmc_switch_mck_to_pllack+0x2a>
			return 1;
  401a0e:	2301      	movs	r3, #1
  401a10:	e023      	b.n	401a5a <pmc_switch_mck_to_pllack+0x72>
			--ul_timeout) {
  401a12:	68fb      	ldr	r3, [r7, #12]
  401a14:	3b01      	subs	r3, #1
  401a16:	60fb      	str	r3, [r7, #12]
	for (ul_timeout = PMC_TIMEOUT; !(PMC->PMC_SR & PMC_SR_MCKRDY);
  401a18:	4b12      	ldr	r3, [pc, #72]	; (401a64 <pmc_switch_mck_to_pllack+0x7c>)
  401a1a:	6e9b      	ldr	r3, [r3, #104]	; 0x68
  401a1c:	f003 0308 	and.w	r3, r3, #8
  401a20:	2b00      	cmp	r3, #0
  401a22:	d0f1      	beq.n	401a08 <pmc_switch_mck_to_pllack+0x20>
		}
	}

	PMC->PMC_MCKR = (PMC->PMC_MCKR & (~PMC_MCKR_CSS_Msk)) |
  401a24:	4a0f      	ldr	r2, [pc, #60]	; (401a64 <pmc_switch_mck_to_pllack+0x7c>)
  401a26:	4b0f      	ldr	r3, [pc, #60]	; (401a64 <pmc_switch_mck_to_pllack+0x7c>)
  401a28:	6b1b      	ldr	r3, [r3, #48]	; 0x30
  401a2a:	f023 0303 	bic.w	r3, r3, #3
  401a2e:	f043 0302 	orr.w	r3, r3, #2
  401a32:	6313      	str	r3, [r2, #48]	; 0x30
			PMC_MCKR_CSS_PLLA_CLK;

	for (ul_timeout = PMC_TIMEOUT; !(PMC->PMC_SR & PMC_SR_MCKRDY);
  401a34:	f44f 6300 	mov.w	r3, #2048	; 0x800
  401a38:	60fb      	str	r3, [r7, #12]
  401a3a:	e007      	b.n	401a4c <pmc_switch_mck_to_pllack+0x64>
			--ul_timeout) {
		if (ul_timeout == 0) {
  401a3c:	68fb      	ldr	r3, [r7, #12]
  401a3e:	2b00      	cmp	r3, #0
  401a40:	d101      	bne.n	401a46 <pmc_switch_mck_to_pllack+0x5e>
			return 1;
  401a42:	2301      	movs	r3, #1
  401a44:	e009      	b.n	401a5a <pmc_switch_mck_to_pllack+0x72>
			--ul_timeout) {
  401a46:	68fb      	ldr	r3, [r7, #12]
  401a48:	3b01      	subs	r3, #1
  401a4a:	60fb      	str	r3, [r7, #12]
	for (ul_timeout = PMC_TIMEOUT; !(PMC->PMC_SR & PMC_SR_MCKRDY);
  401a4c:	4b05      	ldr	r3, [pc, #20]	; (401a64 <pmc_switch_mck_to_pllack+0x7c>)
  401a4e:	6e9b      	ldr	r3, [r3, #104]	; 0x68
  401a50:	f003 0308 	and.w	r3, r3, #8
  401a54:	2b00      	cmp	r3, #0
  401a56:	d0f1      	beq.n	401a3c <pmc_switch_mck_to_pllack+0x54>
		}
	}

	return 0;
  401a58:	2300      	movs	r3, #0
}
  401a5a:	4618      	mov	r0, r3
  401a5c:	3714      	adds	r7, #20
  401a5e:	46bd      	mov	sp, r7
  401a60:	bc80      	pop	{r7}
  401a62:	4770      	bx	lr
  401a64:	400e0400 	.word	0x400e0400

00401a68 <pmc_switch_sclk_to_32kxtal>:
 *       VDDIO power supply.
 *
 * \param ul_bypass 0 for Xtal, 1 for bypass.
 */
void pmc_switch_sclk_to_32kxtal(uint32_t ul_bypass)
{
  401a68:	b480      	push	{r7}
  401a6a:	b083      	sub	sp, #12
  401a6c:	af00      	add	r7, sp, #0
  401a6e:	6078      	str	r0, [r7, #4]
	/* Set Bypass mode if required */
	if (ul_bypass == 1) {
  401a70:	687b      	ldr	r3, [r7, #4]
  401a72:	2b01      	cmp	r3, #1
  401a74:	d107      	bne.n	401a86 <pmc_switch_sclk_to_32kxtal+0x1e>
		SUPC->SUPC_MR |= SUPC_MR_KEY_PASSWD |
  401a76:	4a08      	ldr	r2, [pc, #32]	; (401a98 <pmc_switch_sclk_to_32kxtal+0x30>)
  401a78:	4b07      	ldr	r3, [pc, #28]	; (401a98 <pmc_switch_sclk_to_32kxtal+0x30>)
  401a7a:	689b      	ldr	r3, [r3, #8]
  401a7c:	f043 4325 	orr.w	r3, r3, #2768240640	; 0xa5000000
  401a80:	f443 1380 	orr.w	r3, r3, #1048576	; 0x100000
  401a84:	6093      	str	r3, [r2, #8]
			SUPC_MR_OSCBYPASS;
	}

	SUPC->SUPC_CR = SUPC_CR_KEY_PASSWD | SUPC_CR_XTALSEL;
  401a86:	4b04      	ldr	r3, [pc, #16]	; (401a98 <pmc_switch_sclk_to_32kxtal+0x30>)
  401a88:	4a04      	ldr	r2, [pc, #16]	; (401a9c <pmc_switch_sclk_to_32kxtal+0x34>)
  401a8a:	601a      	str	r2, [r3, #0]
}
  401a8c:	bf00      	nop
  401a8e:	370c      	adds	r7, #12
  401a90:	46bd      	mov	sp, r7
  401a92:	bc80      	pop	{r7}
  401a94:	4770      	bx	lr
  401a96:	bf00      	nop
  401a98:	400e1410 	.word	0x400e1410
  401a9c:	a5000008 	.word	0xa5000008

00401aa0 <pmc_osc_is_ready_32kxtal>:
 *
 * \retval 1 External 32k Xtal is ready.
 * \retval 0 External 32k Xtal is not ready.
 */
uint32_t pmc_osc_is_ready_32kxtal(void)
{
  401aa0:	b480      	push	{r7}
  401aa2:	af00      	add	r7, sp, #0
	return ((SUPC->SUPC_SR & SUPC_SR_OSCSEL)
  401aa4:	4b09      	ldr	r3, [pc, #36]	; (401acc <pmc_osc_is_ready_32kxtal+0x2c>)
  401aa6:	695b      	ldr	r3, [r3, #20]
  401aa8:	f003 0380 	and.w	r3, r3, #128	; 0x80
			&& (PMC->PMC_SR & PMC_SR_OSCSELS));
  401aac:	2b00      	cmp	r3, #0
  401aae:	d007      	beq.n	401ac0 <pmc_osc_is_ready_32kxtal+0x20>
  401ab0:	4b07      	ldr	r3, [pc, #28]	; (401ad0 <pmc_osc_is_ready_32kxtal+0x30>)
  401ab2:	6e9b      	ldr	r3, [r3, #104]	; 0x68
  401ab4:	f003 0380 	and.w	r3, r3, #128	; 0x80
  401ab8:	2b00      	cmp	r3, #0
  401aba:	d001      	beq.n	401ac0 <pmc_osc_is_ready_32kxtal+0x20>
  401abc:	2301      	movs	r3, #1
  401abe:	e000      	b.n	401ac2 <pmc_osc_is_ready_32kxtal+0x22>
  401ac0:	2300      	movs	r3, #0
}
  401ac2:	4618      	mov	r0, r3
  401ac4:	46bd      	mov	sp, r7
  401ac6:	bc80      	pop	{r7}
  401ac8:	4770      	bx	lr
  401aca:	bf00      	nop
  401acc:	400e1410 	.word	0x400e1410
  401ad0:	400e0400 	.word	0x400e0400

00401ad4 <pmc_switch_mainck_to_fastrc>:
 * \retval 0 Success.
 * \retval 1 Timeout error.
 * \retval 2 Invalid frequency.
 */
void pmc_switch_mainck_to_fastrc(uint32_t ul_moscrcf)
{
  401ad4:	b480      	push	{r7}
  401ad6:	b083      	sub	sp, #12
  401ad8:	af00      	add	r7, sp, #0
  401ada:	6078      	str	r0, [r7, #4]
	/* Enable Fast RC oscillator but DO NOT switch to RC now */
	PMC->CKGR_MOR |= (CKGR_MOR_KEY_PASSWD | CKGR_MOR_MOSCRCEN);
  401adc:	4a18      	ldr	r2, [pc, #96]	; (401b40 <pmc_switch_mainck_to_fastrc+0x6c>)
  401ade:	4b18      	ldr	r3, [pc, #96]	; (401b40 <pmc_switch_mainck_to_fastrc+0x6c>)
  401ae0:	6a1b      	ldr	r3, [r3, #32]
  401ae2:	f443 135c 	orr.w	r3, r3, #3604480	; 0x370000
  401ae6:	f043 0308 	orr.w	r3, r3, #8
  401aea:	6213      	str	r3, [r2, #32]

	/* Wait the Fast RC to stabilize */
	while (!(PMC->PMC_SR & PMC_SR_MOSCRCS));
  401aec:	bf00      	nop
  401aee:	4b14      	ldr	r3, [pc, #80]	; (401b40 <pmc_switch_mainck_to_fastrc+0x6c>)
  401af0:	6e9b      	ldr	r3, [r3, #104]	; 0x68
  401af2:	f403 3300 	and.w	r3, r3, #131072	; 0x20000
  401af6:	2b00      	cmp	r3, #0
  401af8:	d0f9      	beq.n	401aee <pmc_switch_mainck_to_fastrc+0x1a>

	/* Change Fast RC oscillator frequency */
	PMC->CKGR_MOR = (PMC->CKGR_MOR & ~CKGR_MOR_MOSCRCF_Msk) |
  401afa:	4911      	ldr	r1, [pc, #68]	; (401b40 <pmc_switch_mainck_to_fastrc+0x6c>)
  401afc:	4b10      	ldr	r3, [pc, #64]	; (401b40 <pmc_switch_mainck_to_fastrc+0x6c>)
  401afe:	6a1b      	ldr	r3, [r3, #32]
  401b00:	f423 135c 	bic.w	r3, r3, #3604480	; 0x370000
  401b04:	f023 0370 	bic.w	r3, r3, #112	; 0x70
			CKGR_MOR_KEY_PASSWD | ul_moscrcf;
  401b08:	687a      	ldr	r2, [r7, #4]
  401b0a:	4313      	orrs	r3, r2
  401b0c:	f443 135c 	orr.w	r3, r3, #3604480	; 0x370000
	PMC->CKGR_MOR = (PMC->CKGR_MOR & ~CKGR_MOR_MOSCRCF_Msk) |
  401b10:	620b      	str	r3, [r1, #32]

	/* Wait the Fast RC to stabilize */
	while (!(PMC->PMC_SR & PMC_SR_MOSCRCS));
  401b12:	bf00      	nop
  401b14:	4b0a      	ldr	r3, [pc, #40]	; (401b40 <pmc_switch_mainck_to_fastrc+0x6c>)
  401b16:	6e9b      	ldr	r3, [r3, #104]	; 0x68
  401b18:	f403 3300 	and.w	r3, r3, #131072	; 0x20000
  401b1c:	2b00      	cmp	r3, #0
  401b1e:	d0f9      	beq.n	401b14 <pmc_switch_mainck_to_fastrc+0x40>

	/* Switch to Fast RC */
	PMC->CKGR_MOR = (PMC->CKGR_MOR & ~CKGR_MOR_MOSCSEL) |
  401b20:	4a07      	ldr	r2, [pc, #28]	; (401b40 <pmc_switch_mainck_to_fastrc+0x6c>)
  401b22:	4b07      	ldr	r3, [pc, #28]	; (401b40 <pmc_switch_mainck_to_fastrc+0x6c>)
  401b24:	6a1b      	ldr	r3, [r3, #32]
  401b26:	f023 739b 	bic.w	r3, r3, #20316160	; 0x1360000
  401b2a:	f423 3380 	bic.w	r3, r3, #65536	; 0x10000
  401b2e:	f443 135c 	orr.w	r3, r3, #3604480	; 0x370000
  401b32:	6213      	str	r3, [r2, #32]
			CKGR_MOR_KEY_PASSWD;
}
  401b34:	bf00      	nop
  401b36:	370c      	adds	r7, #12
  401b38:	46bd      	mov	sp, r7
  401b3a:	bc80      	pop	{r7}
  401b3c:	4770      	bx	lr
  401b3e:	bf00      	nop
  401b40:	400e0400 	.word	0x400e0400

00401b44 <pmc_switch_mainck_to_xtal>:
 * \retval 0 Success.
 * \retval 1 Timeout error.
 */
void pmc_switch_mainck_to_xtal(uint32_t ul_bypass,
		uint32_t ul_xtal_startup_time)
{
  401b44:	b480      	push	{r7}
  401b46:	b083      	sub	sp, #12
  401b48:	af00      	add	r7, sp, #0
  401b4a:	6078      	str	r0, [r7, #4]
  401b4c:	6039      	str	r1, [r7, #0]
	/* Enable Main Xtal oscillator */
	if (ul_bypass) {
  401b4e:	687b      	ldr	r3, [r7, #4]
  401b50:	2b00      	cmp	r3, #0
  401b52:	d008      	beq.n	401b66 <pmc_switch_mainck_to_xtal+0x22>
		PMC->CKGR_MOR = (PMC->CKGR_MOR & ~CKGR_MOR_MOSCXTEN) |
  401b54:	4916      	ldr	r1, [pc, #88]	; (401bb0 <pmc_switch_mainck_to_xtal+0x6c>)
  401b56:	4b16      	ldr	r3, [pc, #88]	; (401bb0 <pmc_switch_mainck_to_xtal+0x6c>)
  401b58:	6a1b      	ldr	r3, [r3, #32]
				CKGR_MOR_KEY_PASSWD | CKGR_MOR_MOSCXTBY |
  401b5a:	4a16      	ldr	r2, [pc, #88]	; (401bb4 <pmc_switch_mainck_to_xtal+0x70>)
  401b5c:	401a      	ands	r2, r3
  401b5e:	4b16      	ldr	r3, [pc, #88]	; (401bb8 <pmc_switch_mainck_to_xtal+0x74>)
  401b60:	4313      	orrs	r3, r2
		PMC->CKGR_MOR = (PMC->CKGR_MOR & ~CKGR_MOR_MOSCXTEN) |
  401b62:	620b      	str	r3, [r1, #32]
		/* Wait the Xtal to stabilize */
		while (!(PMC->PMC_SR & PMC_SR_MOSCXTS));

		PMC->CKGR_MOR |= CKGR_MOR_KEY_PASSWD | CKGR_MOR_MOSCSEL;
	}
}
  401b64:	e01e      	b.n	401ba4 <pmc_switch_mainck_to_xtal+0x60>
		PMC->CKGR_MOR = (PMC->CKGR_MOR & ~CKGR_MOR_MOSCXTBY) |
  401b66:	4912      	ldr	r1, [pc, #72]	; (401bb0 <pmc_switch_mainck_to_xtal+0x6c>)
  401b68:	4b11      	ldr	r3, [pc, #68]	; (401bb0 <pmc_switch_mainck_to_xtal+0x6c>)
  401b6a:	6a1b      	ldr	r3, [r3, #32]
				CKGR_MOR_KEY_PASSWD | CKGR_MOR_MOSCXTEN |
  401b6c:	f423 135c 	bic.w	r3, r3, #3604480	; 0x370000
  401b70:	f023 0303 	bic.w	r3, r3, #3
				CKGR_MOR_MOSCXTST(ul_xtal_startup_time);
  401b74:	683a      	ldr	r2, [r7, #0]
  401b76:	0212      	lsls	r2, r2, #8
  401b78:	b292      	uxth	r2, r2
				CKGR_MOR_KEY_PASSWD | CKGR_MOR_MOSCXTEN |
  401b7a:	4313      	orrs	r3, r2
  401b7c:	f443 135c 	orr.w	r3, r3, #3604480	; 0x370000
  401b80:	f043 0301 	orr.w	r3, r3, #1
		PMC->CKGR_MOR = (PMC->CKGR_MOR & ~CKGR_MOR_MOSCXTBY) |
  401b84:	620b      	str	r3, [r1, #32]
		while (!(PMC->PMC_SR & PMC_SR_MOSCXTS));
  401b86:	bf00      	nop
  401b88:	4b09      	ldr	r3, [pc, #36]	; (401bb0 <pmc_switch_mainck_to_xtal+0x6c>)
  401b8a:	6e9b      	ldr	r3, [r3, #104]	; 0x68
  401b8c:	f003 0301 	and.w	r3, r3, #1
  401b90:	2b00      	cmp	r3, #0
  401b92:	d0f9      	beq.n	401b88 <pmc_switch_mainck_to_xtal+0x44>
		PMC->CKGR_MOR |= CKGR_MOR_KEY_PASSWD | CKGR_MOR_MOSCSEL;
  401b94:	4a06      	ldr	r2, [pc, #24]	; (401bb0 <pmc_switch_mainck_to_xtal+0x6c>)
  401b96:	4b06      	ldr	r3, [pc, #24]	; (401bb0 <pmc_switch_mainck_to_xtal+0x6c>)
  401b98:	6a1b      	ldr	r3, [r3, #32]
  401b9a:	f043 739b 	orr.w	r3, r3, #20316160	; 0x1360000
  401b9e:	f443 3380 	orr.w	r3, r3, #65536	; 0x10000
  401ba2:	6213      	str	r3, [r2, #32]
}
  401ba4:	bf00      	nop
  401ba6:	370c      	adds	r7, #12
  401ba8:	46bd      	mov	sp, r7
  401baa:	bc80      	pop	{r7}
  401bac:	4770      	bx	lr
  401bae:	bf00      	nop
  401bb0:	400e0400 	.word	0x400e0400
  401bb4:	fec8fffc 	.word	0xfec8fffc
  401bb8:	01370002 	.word	0x01370002

00401bbc <pmc_osc_is_ready_mainck>:
 *
 * \retval 1 Xtal is ready.
 * \retval 0 Xtal is not ready.
 */
uint32_t pmc_osc_is_ready_mainck(void)
{
  401bbc:	b480      	push	{r7}
  401bbe:	af00      	add	r7, sp, #0
	return PMC->PMC_SR & PMC_SR_MOSCSELS;
  401bc0:	4b03      	ldr	r3, [pc, #12]	; (401bd0 <pmc_osc_is_ready_mainck+0x14>)
  401bc2:	6e9b      	ldr	r3, [r3, #104]	; 0x68
  401bc4:	f403 3380 	and.w	r3, r3, #65536	; 0x10000
}
  401bc8:	4618      	mov	r0, r3
  401bca:	46bd      	mov	sp, r7
  401bcc:	bc80      	pop	{r7}
  401bce:	4770      	bx	lr
  401bd0:	400e0400 	.word	0x400e0400

00401bd4 <pmc_disable_pllack>:

/**
 * \brief Disable PLLA clock.
 */
void pmc_disable_pllack(void)
{
  401bd4:	b480      	push	{r7}
  401bd6:	af00      	add	r7, sp, #0
#if (SAM4C || SAM4CM || SAM4CP || SAMG)
	PMC->CKGR_PLLAR = CKGR_PLLAR_MULA(0);
#else
	PMC->CKGR_PLLAR = CKGR_PLLAR_ONE | CKGR_PLLAR_MULA(0);
  401bd8:	4b03      	ldr	r3, [pc, #12]	; (401be8 <pmc_disable_pllack+0x14>)
  401bda:	f04f 5200 	mov.w	r2, #536870912	; 0x20000000
  401bde:	629a      	str	r2, [r3, #40]	; 0x28
#endif
}
  401be0:	bf00      	nop
  401be2:	46bd      	mov	sp, r7
  401be4:	bc80      	pop	{r7}
  401be6:	4770      	bx	lr
  401be8:	400e0400 	.word	0x400e0400

00401bec <pmc_is_locked_pllack>:
 *
 * \retval 0 Not locked.
 * \retval 1 Locked.
 */
uint32_t pmc_is_locked_pllack(void)
{
  401bec:	b480      	push	{r7}
  401bee:	af00      	add	r7, sp, #0
	return (PMC->PMC_SR & PMC_SR_LOCKA);
  401bf0:	4b03      	ldr	r3, [pc, #12]	; (401c00 <pmc_is_locked_pllack+0x14>)
  401bf2:	6e9b      	ldr	r3, [r3, #104]	; 0x68
  401bf4:	f003 0302 	and.w	r3, r3, #2
}
  401bf8:	4618      	mov	r0, r3
  401bfa:	46bd      	mov	sp, r7
  401bfc:	bc80      	pop	{r7}
  401bfe:	4770      	bx	lr
  401c00:	400e0400 	.word	0x400e0400

00401c04 <pmc_disable_pllbck>:

/**
 * \brief Disable PLLB clock.
 */
void pmc_disable_pllbck(void)
{
  401c04:	b480      	push	{r7}
  401c06:	af00      	add	r7, sp, #0
	PMC->CKGR_PLLBR = CKGR_PLLBR_MULB(0);
  401c08:	4b03      	ldr	r3, [pc, #12]	; (401c18 <pmc_disable_pllbck+0x14>)
  401c0a:	2200      	movs	r2, #0
  401c0c:	62da      	str	r2, [r3, #44]	; 0x2c
}
  401c0e:	bf00      	nop
  401c10:	46bd      	mov	sp, r7
  401c12:	bc80      	pop	{r7}
  401c14:	4770      	bx	lr
  401c16:	bf00      	nop
  401c18:	400e0400 	.word	0x400e0400

00401c1c <pmc_is_locked_pllbck>:
 *
 * \retval 0 Not locked.
 * \retval 1 Locked.
 */
uint32_t pmc_is_locked_pllbck(void)
{
  401c1c:	b480      	push	{r7}
  401c1e:	af00      	add	r7, sp, #0
	return (PMC->PMC_SR & PMC_SR_LOCKB);
  401c20:	4b03      	ldr	r3, [pc, #12]	; (401c30 <pmc_is_locked_pllbck+0x14>)
  401c22:	6e9b      	ldr	r3, [r3, #104]	; 0x68
  401c24:	f003 0304 	and.w	r3, r3, #4
}
  401c28:	4618      	mov	r0, r3
  401c2a:	46bd      	mov	sp, r7
  401c2c:	bc80      	pop	{r7}
  401c2e:	4770      	bx	lr
  401c30:	400e0400 	.word	0x400e0400

00401c34 <pmc_enable_periph_clk>:
 *
 * \retval 0 Success.
 * \retval 1 Invalid parameter.
 */
uint32_t pmc_enable_periph_clk(uint32_t ul_id)
{
  401c34:	b480      	push	{r7}
  401c36:	b083      	sub	sp, #12
  401c38:	af00      	add	r7, sp, #0
  401c3a:	6078      	str	r0, [r7, #4]
	PMC->PMC_PCR = ul_id & 0x7F;
	pcr = PMC->PMC_PCR | PMC_PCR_EN | PMC_PCR_CMD;
	PMC->PMC_PCR = pcr;
	return 0;
#else
	if (ul_id > MAX_PERIPH_ID) {
  401c3c:	687b      	ldr	r3, [r7, #4]
  401c3e:	2b22      	cmp	r3, #34	; 0x22
  401c40:	d901      	bls.n	401c46 <pmc_enable_periph_clk+0x12>
		return 1;
  401c42:	2301      	movs	r3, #1
  401c44:	e02f      	b.n	401ca6 <pmc_enable_periph_clk+0x72>
	}

	if (ul_id < 32) {
  401c46:	687b      	ldr	r3, [r7, #4]
  401c48:	2b1f      	cmp	r3, #31
  401c4a:	d813      	bhi.n	401c74 <pmc_enable_periph_clk+0x40>
		if ((PMC->PMC_PCSR0 & (1u << ul_id)) != (1u << ul_id)) {
  401c4c:	4b18      	ldr	r3, [pc, #96]	; (401cb0 <pmc_enable_periph_clk+0x7c>)
  401c4e:	699a      	ldr	r2, [r3, #24]
  401c50:	2101      	movs	r1, #1
  401c52:	687b      	ldr	r3, [r7, #4]
  401c54:	fa01 f303 	lsl.w	r3, r1, r3
  401c58:	401a      	ands	r2, r3
  401c5a:	2101      	movs	r1, #1
  401c5c:	687b      	ldr	r3, [r7, #4]
  401c5e:	fa01 f303 	lsl.w	r3, r1, r3
  401c62:	429a      	cmp	r2, r3
  401c64:	d01e      	beq.n	401ca4 <pmc_enable_periph_clk+0x70>
			PMC->PMC_PCER0 = 1 << ul_id;
  401c66:	4a12      	ldr	r2, [pc, #72]	; (401cb0 <pmc_enable_periph_clk+0x7c>)
  401c68:	2101      	movs	r1, #1
  401c6a:	687b      	ldr	r3, [r7, #4]
  401c6c:	fa01 f303 	lsl.w	r3, r1, r3
  401c70:	6113      	str	r3, [r2, #16]
  401c72:	e017      	b.n	401ca4 <pmc_enable_periph_clk+0x70>
		}
#if (SAM3S || SAM3XA || SAM4S || SAM4E || SAM4C || SAM4CM || SAM4CP || SAMG55 || SAMV71 || SAMV70 || SAME70 || SAMS70)
	} else {
		ul_id -= 32;
  401c74:	687b      	ldr	r3, [r7, #4]
  401c76:	3b20      	subs	r3, #32
  401c78:	607b      	str	r3, [r7, #4]
		if ((PMC->PMC_PCSR1 & (1u << ul_id)) != (1u << ul_id)) {
  401c7a:	4b0d      	ldr	r3, [pc, #52]	; (401cb0 <pmc_enable_periph_clk+0x7c>)
  401c7c:	f8d3 2108 	ldr.w	r2, [r3, #264]	; 0x108
  401c80:	2101      	movs	r1, #1
  401c82:	687b      	ldr	r3, [r7, #4]
  401c84:	fa01 f303 	lsl.w	r3, r1, r3
  401c88:	401a      	ands	r2, r3
  401c8a:	2101      	movs	r1, #1
  401c8c:	687b      	ldr	r3, [r7, #4]
  401c8e:	fa01 f303 	lsl.w	r3, r1, r3
  401c92:	429a      	cmp	r2, r3
  401c94:	d006      	beq.n	401ca4 <pmc_enable_periph_clk+0x70>
			PMC->PMC_PCER1 = 1 << ul_id;
  401c96:	4a06      	ldr	r2, [pc, #24]	; (401cb0 <pmc_enable_periph_clk+0x7c>)
  401c98:	2101      	movs	r1, #1
  401c9a:	687b      	ldr	r3, [r7, #4]
  401c9c:	fa01 f303 	lsl.w	r3, r1, r3
  401ca0:	f8c2 3100 	str.w	r3, [r2, #256]	; 0x100
		}
#endif
	}

	return 0;
  401ca4:	2300      	movs	r3, #0
#endif /* defined(REG_PMC_PCR) && !SAMG55 */
}
  401ca6:	4618      	mov	r0, r3
  401ca8:	370c      	adds	r7, #12
  401caa:	46bd      	mov	sp, r7
  401cac:	bc80      	pop	{r7}
  401cae:	4770      	bx	lr
  401cb0:	400e0400 	.word	0x400e0400

00401cb4 <spi_get_peripheral_select_mode>:
{
  401cb4:	b480      	push	{r7}
  401cb6:	b083      	sub	sp, #12
  401cb8:	af00      	add	r7, sp, #0
  401cba:	6078      	str	r0, [r7, #4]
	if (p_spi->SPI_MR & SPI_MR_PS) {
  401cbc:	687b      	ldr	r3, [r7, #4]
  401cbe:	685b      	ldr	r3, [r3, #4]
  401cc0:	f003 0302 	and.w	r3, r3, #2
  401cc4:	2b00      	cmp	r3, #0
  401cc6:	d001      	beq.n	401ccc <spi_get_peripheral_select_mode+0x18>
		return 1;
  401cc8:	2301      	movs	r3, #1
  401cca:	e000      	b.n	401cce <spi_get_peripheral_select_mode+0x1a>
		return 0;
  401ccc:	2300      	movs	r3, #0
}
  401cce:	4618      	mov	r0, r3
  401cd0:	370c      	adds	r7, #12
  401cd2:	46bd      	mov	sp, r7
  401cd4:	bc80      	pop	{r7}
  401cd6:	4770      	bx	lr

00401cd8 <spi_write>:
 * \retval SPI_OK on Success.
 * \retval SPI_ERROR_TIMEOUT on Time-out.
 */
spi_status_t spi_write(Spi *p_spi, uint16_t us_data,
		uint8_t uc_pcs, uint8_t uc_last)
{
  401cd8:	b580      	push	{r7, lr}
  401cda:	b084      	sub	sp, #16
  401cdc:	af00      	add	r7, sp, #0
  401cde:	6078      	str	r0, [r7, #4]
  401ce0:	4608      	mov	r0, r1
  401ce2:	4611      	mov	r1, r2
  401ce4:	461a      	mov	r2, r3
  401ce6:	4603      	mov	r3, r0
  401ce8:	807b      	strh	r3, [r7, #2]
  401cea:	460b      	mov	r3, r1
  401cec:	707b      	strb	r3, [r7, #1]
  401cee:	4613      	mov	r3, r2
  401cf0:	703b      	strb	r3, [r7, #0]
	uint32_t timeout = SPI_TIMEOUT;
  401cf2:	f643 2398 	movw	r3, #15000	; 0x3a98
  401cf6:	60fb      	str	r3, [r7, #12]
	uint32_t value;

	while (!(p_spi->SPI_SR & SPI_SR_TDRE)) {
  401cf8:	e006      	b.n	401d08 <spi_write+0x30>
		if (!timeout--) {
  401cfa:	68fb      	ldr	r3, [r7, #12]
  401cfc:	1e5a      	subs	r2, r3, #1
  401cfe:	60fa      	str	r2, [r7, #12]
  401d00:	2b00      	cmp	r3, #0
  401d02:	d101      	bne.n	401d08 <spi_write+0x30>
			return SPI_ERROR_TIMEOUT;
  401d04:	2301      	movs	r3, #1
  401d06:	e020      	b.n	401d4a <spi_write+0x72>
	while (!(p_spi->SPI_SR & SPI_SR_TDRE)) {
  401d08:	687b      	ldr	r3, [r7, #4]
  401d0a:	691b      	ldr	r3, [r3, #16]
  401d0c:	f003 0302 	and.w	r3, r3, #2
  401d10:	2b00      	cmp	r3, #0
  401d12:	d0f2      	beq.n	401cfa <spi_write+0x22>
		}
	}

	if (spi_get_peripheral_select_mode(p_spi)) {
  401d14:	6878      	ldr	r0, [r7, #4]
  401d16:	4b0f      	ldr	r3, [pc, #60]	; (401d54 <spi_write+0x7c>)
  401d18:	4798      	blx	r3
  401d1a:	4603      	mov	r3, r0
  401d1c:	2b00      	cmp	r3, #0
  401d1e:	d00e      	beq.n	401d3e <spi_write+0x66>
		value = SPI_TDR_TD(us_data) | SPI_TDR_PCS(uc_pcs);
  401d20:	887a      	ldrh	r2, [r7, #2]
  401d22:	787b      	ldrb	r3, [r7, #1]
  401d24:	041b      	lsls	r3, r3, #16
  401d26:	f403 2370 	and.w	r3, r3, #983040	; 0xf0000
  401d2a:	4313      	orrs	r3, r2
  401d2c:	60bb      	str	r3, [r7, #8]
		if (uc_last) {
  401d2e:	783b      	ldrb	r3, [r7, #0]
  401d30:	2b00      	cmp	r3, #0
  401d32:	d006      	beq.n	401d42 <spi_write+0x6a>
			value |= SPI_TDR_LASTXFER;
  401d34:	68bb      	ldr	r3, [r7, #8]
  401d36:	f043 7380 	orr.w	r3, r3, #16777216	; 0x1000000
  401d3a:	60bb      	str	r3, [r7, #8]
  401d3c:	e001      	b.n	401d42 <spi_write+0x6a>
		}
	} else {
		value = SPI_TDR_TD(us_data);
  401d3e:	887b      	ldrh	r3, [r7, #2]
  401d40:	60bb      	str	r3, [r7, #8]
	}

	p_spi->SPI_TDR = value;
  401d42:	687b      	ldr	r3, [r7, #4]
  401d44:	68ba      	ldr	r2, [r7, #8]
  401d46:	60da      	str	r2, [r3, #12]

	return SPI_OK;
  401d48:	2300      	movs	r3, #0
}
  401d4a:	4618      	mov	r0, r3
  401d4c:	3710      	adds	r7, #16
  401d4e:	46bd      	mov	sp, r7
  401d50:	bd80      	pop	{r7, pc}
  401d52:	bf00      	nop
  401d54:	00401cb5 	.word	0x00401cb5

00401d58 <spi_set_bits_per_transfer>:
 * \param ul_bits Number of bits (8~16), use the pattern defined
 *        in the device header file.
 */
void spi_set_bits_per_transfer(Spi *p_spi, uint32_t ul_pcs_ch,
		uint32_t ul_bits)
{
  401d58:	b480      	push	{r7}
  401d5a:	b085      	sub	sp, #20
  401d5c:	af00      	add	r7, sp, #0
  401d5e:	60f8      	str	r0, [r7, #12]
  401d60:	60b9      	str	r1, [r7, #8]
  401d62:	607a      	str	r2, [r7, #4]
	p_spi->SPI_CSR[ul_pcs_ch] &= (~SPI_CSR_BITS_Msk);
  401d64:	68fb      	ldr	r3, [r7, #12]
  401d66:	68ba      	ldr	r2, [r7, #8]
  401d68:	320c      	adds	r2, #12
  401d6a:	f853 3022 	ldr.w	r3, [r3, r2, lsl #2]
  401d6e:	f023 01f0 	bic.w	r1, r3, #240	; 0xf0
  401d72:	68fb      	ldr	r3, [r7, #12]
  401d74:	68ba      	ldr	r2, [r7, #8]
  401d76:	320c      	adds	r2, #12
  401d78:	f843 1022 	str.w	r1, [r3, r2, lsl #2]
	p_spi->SPI_CSR[ul_pcs_ch] |= ul_bits;
  401d7c:	68fb      	ldr	r3, [r7, #12]
  401d7e:	68ba      	ldr	r2, [r7, #8]
  401d80:	320c      	adds	r2, #12
  401d82:	f853 2022 	ldr.w	r2, [r3, r2, lsl #2]
  401d86:	687b      	ldr	r3, [r7, #4]
  401d88:	ea42 0103 	orr.w	r1, r2, r3
  401d8c:	68fb      	ldr	r3, [r7, #12]
  401d8e:	68ba      	ldr	r2, [r7, #8]
  401d90:	320c      	adds	r2, #12
  401d92:	f843 1022 	str.w	r1, [r3, r2, lsl #2]
}
  401d96:	bf00      	nop
  401d98:	3714      	adds	r7, #20
  401d9a:	46bd      	mov	sp, r7
  401d9c:	bc80      	pop	{r7}
  401d9e:	4770      	bx	lr

00401da0 <twi_enable_master_mode>:
 * \brief Enable TWI master mode.
 *
 * \param p_twi Pointer to a TWI instance.
 */
void twi_enable_master_mode(Twi *p_twi)
{
  401da0:	b480      	push	{r7}
  401da2:	b083      	sub	sp, #12
  401da4:	af00      	add	r7, sp, #0
  401da6:	6078      	str	r0, [r7, #4]
	/* Set Master Disable bit and Slave Disable bit */
	p_twi->TWI_CR = TWI_CR_MSDIS;
  401da8:	687b      	ldr	r3, [r7, #4]
  401daa:	2208      	movs	r2, #8
  401dac:	601a      	str	r2, [r3, #0]
	p_twi->TWI_CR = TWI_CR_SVDIS;
  401dae:	687b      	ldr	r3, [r7, #4]
  401db0:	2220      	movs	r2, #32
  401db2:	601a      	str	r2, [r3, #0]

	/* Set Master Enable bit */
	p_twi->TWI_CR = TWI_CR_MSEN;
  401db4:	687b      	ldr	r3, [r7, #4]
  401db6:	2204      	movs	r2, #4
  401db8:	601a      	str	r2, [r3, #0]
}
  401dba:	bf00      	nop
  401dbc:	370c      	adds	r7, #12
  401dbe:	46bd      	mov	sp, r7
  401dc0:	bc80      	pop	{r7}
  401dc2:	4770      	bx	lr

00401dc4 <twi_master_init>:
 * \param p_opt Options for initializing the TWI module (see \ref twi_options_t).
 *
 * \return TWI_SUCCESS if initialization is complete, error code otherwise.
 */
uint32_t twi_master_init(Twi *p_twi, const twi_options_t *p_opt)
{
  401dc4:	b580      	push	{r7, lr}
  401dc6:	b084      	sub	sp, #16
  401dc8:	af00      	add	r7, sp, #0
  401dca:	6078      	str	r0, [r7, #4]
  401dcc:	6039      	str	r1, [r7, #0]
	uint32_t status = TWI_SUCCESS;
  401dce:	2300      	movs	r3, #0
  401dd0:	60fb      	str	r3, [r7, #12]

	/* Disable TWI interrupts */
	p_twi->TWI_IDR = ~0UL;
  401dd2:	687b      	ldr	r3, [r7, #4]
  401dd4:	f04f 32ff 	mov.w	r2, #4294967295
  401dd8:	629a      	str	r2, [r3, #40]	; 0x28

	/* Dummy read in status register */
	p_twi->TWI_SR;
  401dda:	687b      	ldr	r3, [r7, #4]
  401ddc:	6a1b      	ldr	r3, [r3, #32]

	/* Reset TWI peripheral */
	twi_reset(p_twi);
  401dde:	6878      	ldr	r0, [r7, #4]
  401de0:	4b0e      	ldr	r3, [pc, #56]	; (401e1c <twi_master_init+0x58>)
  401de2:	4798      	blx	r3

	twi_enable_master_mode(p_twi);
  401de4:	6878      	ldr	r0, [r7, #4]
  401de6:	4b0e      	ldr	r3, [pc, #56]	; (401e20 <twi_master_init+0x5c>)
  401de8:	4798      	blx	r3

	/* Select the speed */
	if (twi_set_speed(p_twi, p_opt->speed, p_opt->master_clk) == FAIL) {
  401dea:	683b      	ldr	r3, [r7, #0]
  401dec:	6859      	ldr	r1, [r3, #4]
  401dee:	683b      	ldr	r3, [r7, #0]
  401df0:	681b      	ldr	r3, [r3, #0]
  401df2:	461a      	mov	r2, r3
  401df4:	6878      	ldr	r0, [r7, #4]
  401df6:	4b0b      	ldr	r3, [pc, #44]	; (401e24 <twi_master_init+0x60>)
  401df8:	4798      	blx	r3
  401dfa:	4603      	mov	r3, r0
  401dfc:	2b01      	cmp	r3, #1
  401dfe:	d101      	bne.n	401e04 <twi_master_init+0x40>
		/* The desired speed setting is rejected */
		status = TWI_INVALID_ARGUMENT;
  401e00:	2301      	movs	r3, #1
  401e02:	60fb      	str	r3, [r7, #12]
	}

	if (p_opt->smbus == 1) {
  401e04:	683b      	ldr	r3, [r7, #0]
  401e06:	7a5b      	ldrb	r3, [r3, #9]
  401e08:	2b01      	cmp	r3, #1
  401e0a:	d102      	bne.n	401e12 <twi_master_init+0x4e>
		p_twi->TWI_CR = TWI_CR_QUICK;
  401e0c:	687b      	ldr	r3, [r7, #4]
  401e0e:	2240      	movs	r2, #64	; 0x40
  401e10:	601a      	str	r2, [r3, #0]
	}

	return status;
  401e12:	68fb      	ldr	r3, [r7, #12]
}
  401e14:	4618      	mov	r0, r3
  401e16:	3710      	adds	r7, #16
  401e18:	46bd      	mov	sp, r7
  401e1a:	bd80      	pop	{r7, pc}
  401e1c:	00402161 	.word	0x00402161
  401e20:	00401da1 	.word	0x00401da1
  401e24:	00401e29 	.word	0x00401e29

00401e28 <twi_set_speed>:
 *
 * \retval PASS New speed setting is accepted.
 * \retval FAIL New speed setting is rejected.
 */
uint32_t twi_set_speed(Twi *p_twi, uint32_t ul_speed, uint32_t ul_mck)
{
  401e28:	b480      	push	{r7}
  401e2a:	b089      	sub	sp, #36	; 0x24
  401e2c:	af00      	add	r7, sp, #0
  401e2e:	60f8      	str	r0, [r7, #12]
  401e30:	60b9      	str	r1, [r7, #8]
  401e32:	607a      	str	r2, [r7, #4]
	uint32_t ckdiv = 0;
  401e34:	2300      	movs	r3, #0
  401e36:	61fb      	str	r3, [r7, #28]
	uint32_t c_lh_div;
	uint32_t cldiv, chdiv;

	if (ul_speed > I2C_FAST_MODE_SPEED) {
  401e38:	68bb      	ldr	r3, [r7, #8]
  401e3a:	4a34      	ldr	r2, [pc, #208]	; (401f0c <twi_set_speed+0xe4>)
  401e3c:	4293      	cmp	r3, r2
  401e3e:	d901      	bls.n	401e44 <twi_set_speed+0x1c>
		return FAIL;
  401e40:	2301      	movs	r3, #1
  401e42:	e05d      	b.n	401f00 <twi_set_speed+0xd8>
	}

	/* Low level time not less than 1.3us of I2C Fast Mode. */
	if (ul_speed > LOW_LEVEL_TIME_LIMIT) {
  401e44:	68bb      	ldr	r3, [r7, #8]
  401e46:	4a32      	ldr	r2, [pc, #200]	; (401f10 <twi_set_speed+0xe8>)
  401e48:	4293      	cmp	r3, r2
  401e4a:	d937      	bls.n	401ebc <twi_set_speed+0x94>
		/* Low level of time fixed for 1.3us. */
		cldiv = ul_mck / (LOW_LEVEL_TIME_LIMIT * TWI_CLK_DIVIDER) - TWI_CLK_CALC_ARGU;
  401e4c:	687b      	ldr	r3, [r7, #4]
  401e4e:	4a31      	ldr	r2, [pc, #196]	; (401f14 <twi_set_speed+0xec>)
  401e50:	fba2 2303 	umull	r2, r3, r2, r3
  401e54:	0b9b      	lsrs	r3, r3, #14
  401e56:	3b04      	subs	r3, #4
  401e58:	617b      	str	r3, [r7, #20]
		chdiv = ul_mck / ((ul_speed + (ul_speed - LOW_LEVEL_TIME_LIMIT)) * TWI_CLK_DIVIDER) - TWI_CLK_CALC_ARGU;
  401e5a:	68ba      	ldr	r2, [r7, #8]
  401e5c:	4b2e      	ldr	r3, [pc, #184]	; (401f18 <twi_set_speed+0xf0>)
  401e5e:	4413      	add	r3, r2
  401e60:	009b      	lsls	r3, r3, #2
  401e62:	687a      	ldr	r2, [r7, #4]
  401e64:	fbb2 f3f3 	udiv	r3, r2, r3
  401e68:	3b04      	subs	r3, #4
  401e6a:	613b      	str	r3, [r7, #16]
		
		/* cldiv must fit in 8 bits, ckdiv must fit in 3 bits */
		while ((cldiv > TWI_CLK_DIV_MAX) && (ckdiv < TWI_CLK_DIV_MIN)) {
  401e6c:	e005      	b.n	401e7a <twi_set_speed+0x52>
			/* Increase clock divider */
			ckdiv++;
  401e6e:	69fb      	ldr	r3, [r7, #28]
  401e70:	3301      	adds	r3, #1
  401e72:	61fb      	str	r3, [r7, #28]
			/* Divide cldiv value */
			cldiv /= TWI_CLK_DIVIDER;
  401e74:	697b      	ldr	r3, [r7, #20]
  401e76:	085b      	lsrs	r3, r3, #1
  401e78:	617b      	str	r3, [r7, #20]
		while ((cldiv > TWI_CLK_DIV_MAX) && (ckdiv < TWI_CLK_DIV_MIN)) {
  401e7a:	697b      	ldr	r3, [r7, #20]
  401e7c:	2bff      	cmp	r3, #255	; 0xff
  401e7e:	d909      	bls.n	401e94 <twi_set_speed+0x6c>
  401e80:	69fb      	ldr	r3, [r7, #28]
  401e82:	2b06      	cmp	r3, #6
  401e84:	d9f3      	bls.n	401e6e <twi_set_speed+0x46>
		}
		/* chdiv must fit in 8 bits, ckdiv must fit in 3 bits */
		while ((chdiv > TWI_CLK_DIV_MAX) && (ckdiv < TWI_CLK_DIV_MIN)) {
  401e86:	e005      	b.n	401e94 <twi_set_speed+0x6c>
			/* Increase clock divider */
			ckdiv++;
  401e88:	69fb      	ldr	r3, [r7, #28]
  401e8a:	3301      	adds	r3, #1
  401e8c:	61fb      	str	r3, [r7, #28]
			/* Divide cldiv value */
			chdiv /= TWI_CLK_DIVIDER;
  401e8e:	693b      	ldr	r3, [r7, #16]
  401e90:	085b      	lsrs	r3, r3, #1
  401e92:	613b      	str	r3, [r7, #16]
		while ((chdiv > TWI_CLK_DIV_MAX) && (ckdiv < TWI_CLK_DIV_MIN)) {
  401e94:	693b      	ldr	r3, [r7, #16]
  401e96:	2bff      	cmp	r3, #255	; 0xff
  401e98:	d902      	bls.n	401ea0 <twi_set_speed+0x78>
  401e9a:	69fb      	ldr	r3, [r7, #28]
  401e9c:	2b06      	cmp	r3, #6
  401e9e:	d9f3      	bls.n	401e88 <twi_set_speed+0x60>
		}

		/* set clock waveform generator register */
		p_twi->TWI_CWGR =
				TWI_CWGR_CLDIV(cldiv) | TWI_CWGR_CHDIV(chdiv) |
  401ea0:	697b      	ldr	r3, [r7, #20]
  401ea2:	b2da      	uxtb	r2, r3
  401ea4:	693b      	ldr	r3, [r7, #16]
  401ea6:	021b      	lsls	r3, r3, #8
  401ea8:	b29b      	uxth	r3, r3
  401eaa:	431a      	orrs	r2, r3
				TWI_CWGR_CKDIV(ckdiv);		
  401eac:	69fb      	ldr	r3, [r7, #28]
  401eae:	041b      	lsls	r3, r3, #16
  401eb0:	f403 23e0 	and.w	r3, r3, #458752	; 0x70000
				TWI_CWGR_CLDIV(cldiv) | TWI_CWGR_CHDIV(chdiv) |
  401eb4:	431a      	orrs	r2, r3
		p_twi->TWI_CWGR =
  401eb6:	68fb      	ldr	r3, [r7, #12]
  401eb8:	611a      	str	r2, [r3, #16]
  401eba:	e020      	b.n	401efe <twi_set_speed+0xd6>
	} else {
		c_lh_div = ul_mck / (ul_speed * TWI_CLK_DIVIDER) - TWI_CLK_CALC_ARGU;
  401ebc:	68bb      	ldr	r3, [r7, #8]
  401ebe:	005b      	lsls	r3, r3, #1
  401ec0:	687a      	ldr	r2, [r7, #4]
  401ec2:	fbb2 f3f3 	udiv	r3, r2, r3
  401ec6:	3b04      	subs	r3, #4
  401ec8:	61bb      	str	r3, [r7, #24]

		/* cldiv must fit in 8 bits, ckdiv must fit in 3 bits */
		while ((c_lh_div > TWI_CLK_DIV_MAX) && (ckdiv < TWI_CLK_DIV_MIN)) {
  401eca:	e005      	b.n	401ed8 <twi_set_speed+0xb0>
			/* Increase clock divider */
			ckdiv++;
  401ecc:	69fb      	ldr	r3, [r7, #28]
  401ece:	3301      	adds	r3, #1
  401ed0:	61fb      	str	r3, [r7, #28]
			/* Divide cldiv value */
			c_lh_div /= TWI_CLK_DIVIDER;
  401ed2:	69bb      	ldr	r3, [r7, #24]
  401ed4:	085b      	lsrs	r3, r3, #1
  401ed6:	61bb      	str	r3, [r7, #24]
		while ((c_lh_div > TWI_CLK_DIV_MAX) && (ckdiv < TWI_CLK_DIV_MIN)) {
  401ed8:	69bb      	ldr	r3, [r7, #24]
  401eda:	2bff      	cmp	r3, #255	; 0xff
  401edc:	d902      	bls.n	401ee4 <twi_set_speed+0xbc>
  401ede:	69fb      	ldr	r3, [r7, #28]
  401ee0:	2b06      	cmp	r3, #6
  401ee2:	d9f3      	bls.n	401ecc <twi_set_speed+0xa4>
		}

		/* set clock waveform generator register */
		p_twi->TWI_CWGR =
				TWI_CWGR_CLDIV(c_lh_div) | TWI_CWGR_CHDIV(c_lh_div) |
  401ee4:	69bb      	ldr	r3, [r7, #24]
  401ee6:	b2da      	uxtb	r2, r3
  401ee8:	69bb      	ldr	r3, [r7, #24]
  401eea:	021b      	lsls	r3, r3, #8
  401eec:	b29b      	uxth	r3, r3
  401eee:	431a      	orrs	r2, r3
				TWI_CWGR_CKDIV(ckdiv);
  401ef0:	69fb      	ldr	r3, [r7, #28]
  401ef2:	041b      	lsls	r3, r3, #16
  401ef4:	f403 23e0 	and.w	r3, r3, #458752	; 0x70000
				TWI_CWGR_CLDIV(c_lh_div) | TWI_CWGR_CHDIV(c_lh_div) |
  401ef8:	431a      	orrs	r2, r3
		p_twi->TWI_CWGR =
  401efa:	68fb      	ldr	r3, [r7, #12]
  401efc:	611a      	str	r2, [r3, #16]
	}

	return PASS;
  401efe:	2300      	movs	r3, #0
}
  401f00:	4618      	mov	r0, r3
  401f02:	3724      	adds	r7, #36	; 0x24
  401f04:	46bd      	mov	sp, r7
  401f06:	bc80      	pop	{r7}
  401f08:	4770      	bx	lr
  401f0a:	bf00      	nop
  401f0c:	00061a80 	.word	0x00061a80
  401f10:	0005dc00 	.word	0x0005dc00
  401f14:	057619f1 	.word	0x057619f1
  401f18:	3ffd1200 	.word	0x3ffd1200

00401f1c <twi_mk_addr>:
 * which byte is the MSB to start with.
 *
 * Please see the device datasheet for details on this.
 */
uint32_t twi_mk_addr(const uint8_t *addr, int len)
{
  401f1c:	b480      	push	{r7}
  401f1e:	b085      	sub	sp, #20
  401f20:	af00      	add	r7, sp, #0
  401f22:	6078      	str	r0, [r7, #4]
  401f24:	6039      	str	r1, [r7, #0]
	uint32_t val;

	if (len == 0)
  401f26:	683b      	ldr	r3, [r7, #0]
  401f28:	2b00      	cmp	r3, #0
  401f2a:	d101      	bne.n	401f30 <twi_mk_addr+0x14>
		return 0;
  401f2c:	2300      	movs	r3, #0
  401f2e:	e01d      	b.n	401f6c <twi_mk_addr+0x50>

	val = addr[0];
  401f30:	687b      	ldr	r3, [r7, #4]
  401f32:	781b      	ldrb	r3, [r3, #0]
  401f34:	60fb      	str	r3, [r7, #12]
	if (len > 1) {
  401f36:	683b      	ldr	r3, [r7, #0]
  401f38:	2b01      	cmp	r3, #1
  401f3a:	dd09      	ble.n	401f50 <twi_mk_addr+0x34>
		val <<= 8;
  401f3c:	68fb      	ldr	r3, [r7, #12]
  401f3e:	021b      	lsls	r3, r3, #8
  401f40:	60fb      	str	r3, [r7, #12]
		val |= addr[1];
  401f42:	687b      	ldr	r3, [r7, #4]
  401f44:	3301      	adds	r3, #1
  401f46:	781b      	ldrb	r3, [r3, #0]
  401f48:	461a      	mov	r2, r3
  401f4a:	68fb      	ldr	r3, [r7, #12]
  401f4c:	4313      	orrs	r3, r2
  401f4e:	60fb      	str	r3, [r7, #12]
	}
	if (len > 2) {
  401f50:	683b      	ldr	r3, [r7, #0]
  401f52:	2b02      	cmp	r3, #2
  401f54:	dd09      	ble.n	401f6a <twi_mk_addr+0x4e>
		val <<= 8;
  401f56:	68fb      	ldr	r3, [r7, #12]
  401f58:	021b      	lsls	r3, r3, #8
  401f5a:	60fb      	str	r3, [r7, #12]
		val |= addr[2];
  401f5c:	687b      	ldr	r3, [r7, #4]
  401f5e:	3302      	adds	r3, #2
  401f60:	781b      	ldrb	r3, [r3, #0]
  401f62:	461a      	mov	r2, r3
  401f64:	68fb      	ldr	r3, [r7, #12]
  401f66:	4313      	orrs	r3, r2
  401f68:	60fb      	str	r3, [r7, #12]
	}
	return val;
  401f6a:	68fb      	ldr	r3, [r7, #12]
}
  401f6c:	4618      	mov	r0, r3
  401f6e:	3714      	adds	r7, #20
  401f70:	46bd      	mov	sp, r7
  401f72:	bc80      	pop	{r7}
  401f74:	4770      	bx	lr
	...

00401f78 <twi_master_read>:
 * \param p_packet Packet information and data (see \ref twi_packet_t).
 *
 * \return TWI_SUCCESS if all bytes were read, error code otherwise.
 */
uint32_t twi_master_read(Twi *p_twi, twi_packet_t *p_packet)
{
  401f78:	b580      	push	{r7, lr}
  401f7a:	b088      	sub	sp, #32
  401f7c:	af00      	add	r7, sp, #0
  401f7e:	6078      	str	r0, [r7, #4]
  401f80:	6039      	str	r1, [r7, #0]
	uint32_t status;
	uint32_t cnt = p_packet->length;
  401f82:	683b      	ldr	r3, [r7, #0]
  401f84:	68db      	ldr	r3, [r3, #12]
  401f86:	61fb      	str	r3, [r7, #28]
	uint8_t *buffer = p_packet->buffer;
  401f88:	683b      	ldr	r3, [r7, #0]
  401f8a:	689b      	ldr	r3, [r3, #8]
  401f8c:	61bb      	str	r3, [r7, #24]
	uint8_t stop_sent = 0;
  401f8e:	2300      	movs	r3, #0
  401f90:	75fb      	strb	r3, [r7, #23]
	uint32_t timeout = TWI_TIMEOUT;;
  401f92:	f247 5330 	movw	r3, #30000	; 0x7530
  401f96:	613b      	str	r3, [r7, #16]
	
	/* Check argument */
	if (cnt == 0) {
  401f98:	69fb      	ldr	r3, [r7, #28]
  401f9a:	2b00      	cmp	r3, #0
  401f9c:	d101      	bne.n	401fa2 <twi_master_read+0x2a>
		return TWI_INVALID_ARGUMENT;
  401f9e:	2301      	movs	r3, #1
  401fa0:	e069      	b.n	402076 <twi_master_read+0xfe>
	}

	/* Set read mode, slave address and 3 internal address byte lengths */
	p_twi->TWI_MMR = 0;
  401fa2:	687b      	ldr	r3, [r7, #4]
  401fa4:	2200      	movs	r2, #0
  401fa6:	605a      	str	r2, [r3, #4]
	p_twi->TWI_MMR = TWI_MMR_MREAD | TWI_MMR_DADR(p_packet->chip) |
  401fa8:	683b      	ldr	r3, [r7, #0]
  401faa:	7c1b      	ldrb	r3, [r3, #16]
  401fac:	041b      	lsls	r3, r3, #16
  401fae:	f403 02fe 	and.w	r2, r3, #8323072	; 0x7f0000
			((p_packet->addr_length << TWI_MMR_IADRSZ_Pos) &
  401fb2:	683b      	ldr	r3, [r7, #0]
  401fb4:	685b      	ldr	r3, [r3, #4]
  401fb6:	021b      	lsls	r3, r3, #8
  401fb8:	f403 7340 	and.w	r3, r3, #768	; 0x300
	p_twi->TWI_MMR = TWI_MMR_MREAD | TWI_MMR_DADR(p_packet->chip) |
  401fbc:	4313      	orrs	r3, r2
  401fbe:	f443 5280 	orr.w	r2, r3, #4096	; 0x1000
  401fc2:	687b      	ldr	r3, [r7, #4]
  401fc4:	605a      	str	r2, [r3, #4]
			TWI_MMR_IADRSZ_Msk);

	/* Set internal address for remote chip */
	p_twi->TWI_IADR = 0;
  401fc6:	687b      	ldr	r3, [r7, #4]
  401fc8:	2200      	movs	r2, #0
  401fca:	60da      	str	r2, [r3, #12]
	p_twi->TWI_IADR = twi_mk_addr(p_packet->addr, p_packet->addr_length);
  401fcc:	683a      	ldr	r2, [r7, #0]
  401fce:	683b      	ldr	r3, [r7, #0]
  401fd0:	685b      	ldr	r3, [r3, #4]
  401fd2:	4619      	mov	r1, r3
  401fd4:	4610      	mov	r0, r2
  401fd6:	4b2a      	ldr	r3, [pc, #168]	; (402080 <twi_master_read+0x108>)
  401fd8:	4798      	blx	r3
  401fda:	4602      	mov	r2, r0
  401fdc:	687b      	ldr	r3, [r7, #4]
  401fde:	60da      	str	r2, [r3, #12]

	/* Send a START condition */
	if (cnt == 1) {
  401fe0:	69fb      	ldr	r3, [r7, #28]
  401fe2:	2b01      	cmp	r3, #1
  401fe4:	d105      	bne.n	401ff2 <twi_master_read+0x7a>
		p_twi->TWI_CR = TWI_CR_START | TWI_CR_STOP;
  401fe6:	687b      	ldr	r3, [r7, #4]
  401fe8:	2203      	movs	r2, #3
  401fea:	601a      	str	r2, [r3, #0]
		stop_sent = 1;
  401fec:	2301      	movs	r3, #1
  401fee:	75fb      	strb	r3, [r7, #23]
  401ff0:	e034      	b.n	40205c <twi_master_read+0xe4>
	} else {
		p_twi->TWI_CR = TWI_CR_START;
  401ff2:	687b      	ldr	r3, [r7, #4]
  401ff4:	2201      	movs	r2, #1
  401ff6:	601a      	str	r2, [r3, #0]
		stop_sent = 0;
  401ff8:	2300      	movs	r3, #0
  401ffa:	75fb      	strb	r3, [r7, #23]
	}

	while (cnt > 0) {
  401ffc:	e02e      	b.n	40205c <twi_master_read+0xe4>
		status = p_twi->TWI_SR;
  401ffe:	687b      	ldr	r3, [r7, #4]
  402000:	6a1b      	ldr	r3, [r3, #32]
  402002:	60fb      	str	r3, [r7, #12]
		if (status & TWI_SR_NACK) {
  402004:	68fb      	ldr	r3, [r7, #12]
  402006:	f403 7380 	and.w	r3, r3, #256	; 0x100
  40200a:	2b00      	cmp	r3, #0
  40200c:	d001      	beq.n	402012 <twi_master_read+0x9a>
			return TWI_RECEIVE_NACK;
  40200e:	2305      	movs	r3, #5
  402010:	e031      	b.n	402076 <twi_master_read+0xfe>
		}

		if (!timeout--) {
  402012:	693b      	ldr	r3, [r7, #16]
  402014:	1e5a      	subs	r2, r3, #1
  402016:	613a      	str	r2, [r7, #16]
  402018:	2b00      	cmp	r3, #0
  40201a:	d101      	bne.n	402020 <twi_master_read+0xa8>
			return TWI_ERROR_TIMEOUT;
  40201c:	2309      	movs	r3, #9
  40201e:	e02a      	b.n	402076 <twi_master_read+0xfe>
		}
				
		/* Last byte ? */
		if (cnt == 1  && !stop_sent) {
  402020:	69fb      	ldr	r3, [r7, #28]
  402022:	2b01      	cmp	r3, #1
  402024:	d107      	bne.n	402036 <twi_master_read+0xbe>
  402026:	7dfb      	ldrb	r3, [r7, #23]
  402028:	2b00      	cmp	r3, #0
  40202a:	d104      	bne.n	402036 <twi_master_read+0xbe>
			p_twi->TWI_CR = TWI_CR_STOP;
  40202c:	687b      	ldr	r3, [r7, #4]
  40202e:	2202      	movs	r2, #2
  402030:	601a      	str	r2, [r3, #0]
			stop_sent = 1;
  402032:	2301      	movs	r3, #1
  402034:	75fb      	strb	r3, [r7, #23]
		}

		if (!(status & TWI_SR_RXRDY)) {
  402036:	68fb      	ldr	r3, [r7, #12]
  402038:	f003 0302 	and.w	r3, r3, #2
  40203c:	2b00      	cmp	r3, #0
  40203e:	d100      	bne.n	402042 <twi_master_read+0xca>
			continue;
  402040:	e00c      	b.n	40205c <twi_master_read+0xe4>
		}
		*buffer++ = p_twi->TWI_RHR;
  402042:	69bb      	ldr	r3, [r7, #24]
  402044:	1c5a      	adds	r2, r3, #1
  402046:	61ba      	str	r2, [r7, #24]
  402048:	687a      	ldr	r2, [r7, #4]
  40204a:	6b12      	ldr	r2, [r2, #48]	; 0x30
  40204c:	b2d2      	uxtb	r2, r2
  40204e:	701a      	strb	r2, [r3, #0]

		cnt--;
  402050:	69fb      	ldr	r3, [r7, #28]
  402052:	3b01      	subs	r3, #1
  402054:	61fb      	str	r3, [r7, #28]
		timeout = TWI_TIMEOUT;
  402056:	f247 5330 	movw	r3, #30000	; 0x7530
  40205a:	613b      	str	r3, [r7, #16]
	while (cnt > 0) {
  40205c:	69fb      	ldr	r3, [r7, #28]
  40205e:	2b00      	cmp	r3, #0
  402060:	d1cd      	bne.n	401ffe <twi_master_read+0x86>
	}

	while (!(p_twi->TWI_SR & TWI_SR_TXCOMP)) {
  402062:	bf00      	nop
  402064:	687b      	ldr	r3, [r7, #4]
  402066:	6a1b      	ldr	r3, [r3, #32]
  402068:	f003 0301 	and.w	r3, r3, #1
  40206c:	2b00      	cmp	r3, #0
  40206e:	d0f9      	beq.n	402064 <twi_master_read+0xec>
	}

	p_twi->TWI_SR;
  402070:	687b      	ldr	r3, [r7, #4]
  402072:	6a1b      	ldr	r3, [r3, #32]

	return TWI_SUCCESS;
  402074:	2300      	movs	r3, #0
}
  402076:	4618      	mov	r0, r3
  402078:	3720      	adds	r7, #32
  40207a:	46bd      	mov	sp, r7
  40207c:	bd80      	pop	{r7, pc}
  40207e:	bf00      	nop
  402080:	00401f1d 	.word	0x00401f1d

00402084 <twi_master_write>:
 * \param p_packet Packet information and data (see \ref twi_packet_t).
 *
 * \return TWI_SUCCESS if all bytes were written, error code otherwise.
 */
uint32_t twi_master_write(Twi *p_twi, twi_packet_t *p_packet)
{
  402084:	b580      	push	{r7, lr}
  402086:	b086      	sub	sp, #24
  402088:	af00      	add	r7, sp, #0
  40208a:	6078      	str	r0, [r7, #4]
  40208c:	6039      	str	r1, [r7, #0]
	uint32_t status;
	uint32_t cnt = p_packet->length;
  40208e:	683b      	ldr	r3, [r7, #0]
  402090:	68db      	ldr	r3, [r3, #12]
  402092:	617b      	str	r3, [r7, #20]
	uint8_t *buffer = p_packet->buffer;
  402094:	683b      	ldr	r3, [r7, #0]
  402096:	689b      	ldr	r3, [r3, #8]
  402098:	613b      	str	r3, [r7, #16]

	/* Check argument */
	if (cnt == 0) {
  40209a:	697b      	ldr	r3, [r7, #20]
  40209c:	2b00      	cmp	r3, #0
  40209e:	d101      	bne.n	4020a4 <twi_master_write+0x20>
		return TWI_INVALID_ARGUMENT;
  4020a0:	2301      	movs	r3, #1
  4020a2:	e056      	b.n	402152 <twi_master_write+0xce>
	}

	/* Set write mode, slave address and 3 internal address byte lengths */
	p_twi->TWI_MMR = 0;
  4020a4:	687b      	ldr	r3, [r7, #4]
  4020a6:	2200      	movs	r2, #0
  4020a8:	605a      	str	r2, [r3, #4]
	p_twi->TWI_MMR = TWI_MMR_DADR(p_packet->chip) |
  4020aa:	683b      	ldr	r3, [r7, #0]
  4020ac:	7c1b      	ldrb	r3, [r3, #16]
  4020ae:	041b      	lsls	r3, r3, #16
  4020b0:	f403 02fe 	and.w	r2, r3, #8323072	; 0x7f0000
			((p_packet->addr_length << TWI_MMR_IADRSZ_Pos) &
  4020b4:	683b      	ldr	r3, [r7, #0]
  4020b6:	685b      	ldr	r3, [r3, #4]
  4020b8:	021b      	lsls	r3, r3, #8
  4020ba:	f403 7340 	and.w	r3, r3, #768	; 0x300
	p_twi->TWI_MMR = TWI_MMR_DADR(p_packet->chip) |
  4020be:	431a      	orrs	r2, r3
  4020c0:	687b      	ldr	r3, [r7, #4]
  4020c2:	605a      	str	r2, [r3, #4]
			TWI_MMR_IADRSZ_Msk);

	/* Set internal address for remote chip */
	p_twi->TWI_IADR = 0;
  4020c4:	687b      	ldr	r3, [r7, #4]
  4020c6:	2200      	movs	r2, #0
  4020c8:	60da      	str	r2, [r3, #12]
	p_twi->TWI_IADR = twi_mk_addr(p_packet->addr, p_packet->addr_length);
  4020ca:	683a      	ldr	r2, [r7, #0]
  4020cc:	683b      	ldr	r3, [r7, #0]
  4020ce:	685b      	ldr	r3, [r3, #4]
  4020d0:	4619      	mov	r1, r3
  4020d2:	4610      	mov	r0, r2
  4020d4:	4b21      	ldr	r3, [pc, #132]	; (40215c <twi_master_write+0xd8>)
  4020d6:	4798      	blx	r3
  4020d8:	4602      	mov	r2, r0
  4020da:	687b      	ldr	r3, [r7, #4]
  4020dc:	60da      	str	r2, [r3, #12]

	/* Send all bytes */
	while (cnt > 0) {
  4020de:	e019      	b.n	402114 <twi_master_write+0x90>
		status = p_twi->TWI_SR;
  4020e0:	687b      	ldr	r3, [r7, #4]
  4020e2:	6a1b      	ldr	r3, [r3, #32]
  4020e4:	60fb      	str	r3, [r7, #12]
		if (status & TWI_SR_NACK) {
  4020e6:	68fb      	ldr	r3, [r7, #12]
  4020e8:	f403 7380 	and.w	r3, r3, #256	; 0x100
  4020ec:	2b00      	cmp	r3, #0
  4020ee:	d001      	beq.n	4020f4 <twi_master_write+0x70>
			return TWI_RECEIVE_NACK;
  4020f0:	2305      	movs	r3, #5
  4020f2:	e02e      	b.n	402152 <twi_master_write+0xce>
		}

		if (!(status & TWI_SR_TXRDY)) {
  4020f4:	68fb      	ldr	r3, [r7, #12]
  4020f6:	f003 0304 	and.w	r3, r3, #4
  4020fa:	2b00      	cmp	r3, #0
  4020fc:	d100      	bne.n	402100 <twi_master_write+0x7c>
			continue;
  4020fe:	e009      	b.n	402114 <twi_master_write+0x90>
		}
		p_twi->TWI_THR = *buffer++;
  402100:	693b      	ldr	r3, [r7, #16]
  402102:	1c5a      	adds	r2, r3, #1
  402104:	613a      	str	r2, [r7, #16]
  402106:	781b      	ldrb	r3, [r3, #0]
  402108:	461a      	mov	r2, r3
  40210a:	687b      	ldr	r3, [r7, #4]
  40210c:	635a      	str	r2, [r3, #52]	; 0x34

		cnt--;
  40210e:	697b      	ldr	r3, [r7, #20]
  402110:	3b01      	subs	r3, #1
  402112:	617b      	str	r3, [r7, #20]
	while (cnt > 0) {
  402114:	697b      	ldr	r3, [r7, #20]
  402116:	2b00      	cmp	r3, #0
  402118:	d1e2      	bne.n	4020e0 <twi_master_write+0x5c>
	}

	while (1) {
		status = p_twi->TWI_SR;
  40211a:	687b      	ldr	r3, [r7, #4]
  40211c:	6a1b      	ldr	r3, [r3, #32]
  40211e:	60fb      	str	r3, [r7, #12]
		if (status & TWI_SR_NACK) {
  402120:	68fb      	ldr	r3, [r7, #12]
  402122:	f403 7380 	and.w	r3, r3, #256	; 0x100
  402126:	2b00      	cmp	r3, #0
  402128:	d001      	beq.n	40212e <twi_master_write+0xaa>
			return TWI_RECEIVE_NACK;
  40212a:	2305      	movs	r3, #5
  40212c:	e011      	b.n	402152 <twi_master_write+0xce>
		}

		if (status & TWI_SR_TXRDY) {
  40212e:	68fb      	ldr	r3, [r7, #12]
  402130:	f003 0304 	and.w	r3, r3, #4
  402134:	2b00      	cmp	r3, #0
  402136:	d100      	bne.n	40213a <twi_master_write+0xb6>
		status = p_twi->TWI_SR;
  402138:	e7ef      	b.n	40211a <twi_master_write+0x96>
			break;
  40213a:	bf00      	nop
		}
	}

	p_twi->TWI_CR = TWI_CR_STOP;
  40213c:	687b      	ldr	r3, [r7, #4]
  40213e:	2202      	movs	r2, #2
  402140:	601a      	str	r2, [r3, #0]

	while (!(p_twi->TWI_SR & TWI_SR_TXCOMP)) {
  402142:	bf00      	nop
  402144:	687b      	ldr	r3, [r7, #4]
  402146:	6a1b      	ldr	r3, [r3, #32]
  402148:	f003 0301 	and.w	r3, r3, #1
  40214c:	2b00      	cmp	r3, #0
  40214e:	d0f9      	beq.n	402144 <twi_master_write+0xc0>
	}

	return TWI_SUCCESS;
  402150:	2300      	movs	r3, #0
}
  402152:	4618      	mov	r0, r3
  402154:	3718      	adds	r7, #24
  402156:	46bd      	mov	sp, r7
  402158:	bd80      	pop	{r7, pc}
  40215a:	bf00      	nop
  40215c:	00401f1d 	.word	0x00401f1d

00402160 <twi_reset>:
 * \brief Reset TWI.
 *
 * \param p_twi Pointer to a TWI instance.
 */
void twi_reset(Twi *p_twi)
{
  402160:	b480      	push	{r7}
  402162:	b083      	sub	sp, #12
  402164:	af00      	add	r7, sp, #0
  402166:	6078      	str	r0, [r7, #4]
	/* Set SWRST bit to reset TWI peripheral */
	p_twi->TWI_CR = TWI_CR_SWRST;
  402168:	687b      	ldr	r3, [r7, #4]
  40216a:	2280      	movs	r2, #128	; 0x80
  40216c:	601a      	str	r2, [r3, #0]
	p_twi->TWI_RHR;
  40216e:	687b      	ldr	r3, [r7, #4]
  402170:	6b1b      	ldr	r3, [r3, #48]	; 0x30
}
  402172:	bf00      	nop
  402174:	370c      	adds	r7, #12
  402176:	46bd      	mov	sp, r7
  402178:	bc80      	pop	{r7}
  40217a:	4770      	bx	lr

0040217c <usart_set_async_baudrate>:
 * \retval 1 Baud rate set point is out of range for the given input clock
 * frequency.
 */
uint32_t usart_set_async_baudrate(Usart *p_usart,
		uint32_t baudrate, uint32_t ul_mck)
{
  40217c:	b480      	push	{r7}
  40217e:	b089      	sub	sp, #36	; 0x24
  402180:	af00      	add	r7, sp, #0
  402182:	60f8      	str	r0, [r7, #12]
  402184:	60b9      	str	r1, [r7, #8]
  402186:	607a      	str	r2, [r7, #4]
	uint32_t cd_fp;
	uint32_t cd;
	uint32_t fp;

	/* Calculate the receiver sampling divide of baudrate clock. */
	if (ul_mck >= HIGH_FRQ_SAMPLE_DIV * baudrate) {
  402188:	68bb      	ldr	r3, [r7, #8]
  40218a:	011a      	lsls	r2, r3, #4
  40218c:	687b      	ldr	r3, [r7, #4]
  40218e:	429a      	cmp	r2, r3
  402190:	d802      	bhi.n	402198 <usart_set_async_baudrate+0x1c>
		over = HIGH_FRQ_SAMPLE_DIV;
  402192:	2310      	movs	r3, #16
  402194:	61fb      	str	r3, [r7, #28]
  402196:	e001      	b.n	40219c <usart_set_async_baudrate+0x20>
	} else {
		over = LOW_FRQ_SAMPLE_DIV;
  402198:	2308      	movs	r3, #8
  40219a:	61fb      	str	r3, [r7, #28]
	}

	/* Calculate clock divider according to the fraction calculated formula. */
	cd_fp = (8 * ul_mck + (over * baudrate) / 2) / (over * baudrate);
  40219c:	687b      	ldr	r3, [r7, #4]
  40219e:	00da      	lsls	r2, r3, #3
  4021a0:	69fb      	ldr	r3, [r7, #28]
  4021a2:	68b9      	ldr	r1, [r7, #8]
  4021a4:	fb01 f303 	mul.w	r3, r1, r3
  4021a8:	085b      	lsrs	r3, r3, #1
  4021aa:	441a      	add	r2, r3
  4021ac:	69fb      	ldr	r3, [r7, #28]
  4021ae:	68b9      	ldr	r1, [r7, #8]
  4021b0:	fb01 f303 	mul.w	r3, r1, r3
  4021b4:	fbb2 f3f3 	udiv	r3, r2, r3
  4021b8:	61bb      	str	r3, [r7, #24]
	cd = cd_fp >> 3;
  4021ba:	69bb      	ldr	r3, [r7, #24]
  4021bc:	08db      	lsrs	r3, r3, #3
  4021be:	617b      	str	r3, [r7, #20]
	fp = cd_fp & 0x07;
  4021c0:	69bb      	ldr	r3, [r7, #24]
  4021c2:	f003 0307 	and.w	r3, r3, #7
  4021c6:	613b      	str	r3, [r7, #16]
	if (cd < MIN_CD_VALUE || cd > MAX_CD_VALUE) {
  4021c8:	697b      	ldr	r3, [r7, #20]
  4021ca:	2b00      	cmp	r3, #0
  4021cc:	d003      	beq.n	4021d6 <usart_set_async_baudrate+0x5a>
  4021ce:	697b      	ldr	r3, [r7, #20]
  4021d0:	f5b3 3f80 	cmp.w	r3, #65536	; 0x10000
  4021d4:	d301      	bcc.n	4021da <usart_set_async_baudrate+0x5e>
		return 1;
  4021d6:	2301      	movs	r3, #1
  4021d8:	e00f      	b.n	4021fa <usart_set_async_baudrate+0x7e>
	}

	/* Configure the OVER bit in MR register. */
	if (over == 8) {
  4021da:	69fb      	ldr	r3, [r7, #28]
  4021dc:	2b08      	cmp	r3, #8
  4021de:	d105      	bne.n	4021ec <usart_set_async_baudrate+0x70>
		p_usart->US_MR |= US_MR_OVER;
  4021e0:	68fb      	ldr	r3, [r7, #12]
  4021e2:	685b      	ldr	r3, [r3, #4]
  4021e4:	f443 2200 	orr.w	r2, r3, #524288	; 0x80000
  4021e8:	68fb      	ldr	r3, [r7, #12]
  4021ea:	605a      	str	r2, [r3, #4]
	}

	/* Configure the baudrate generate register. */
	p_usart->US_BRGR = (cd << US_BRGR_CD_Pos) | (fp << US_BRGR_FP_Pos);
  4021ec:	693b      	ldr	r3, [r7, #16]
  4021ee:	041a      	lsls	r2, r3, #16
  4021f0:	697b      	ldr	r3, [r7, #20]
  4021f2:	431a      	orrs	r2, r3
  4021f4:	68fb      	ldr	r3, [r7, #12]
  4021f6:	621a      	str	r2, [r3, #32]

	return 0;
  4021f8:	2300      	movs	r3, #0
}
  4021fa:	4618      	mov	r0, r3
  4021fc:	3724      	adds	r7, #36	; 0x24
  4021fe:	46bd      	mov	sp, r7
  402200:	bc80      	pop	{r7}
  402202:	4770      	bx	lr

00402204 <usart_reset>:
 * \brief Reset the USART and disable TX and RX.
 *
 * \param p_usart Pointer to a USART instance.
 */
void usart_reset(Usart *p_usart)
{
  402204:	b580      	push	{r7, lr}
  402206:	b082      	sub	sp, #8
  402208:	af00      	add	r7, sp, #0
  40220a:	6078      	str	r0, [r7, #4]
	/* Disable the Write Protect. */
	usart_disable_writeprotect(p_usart);
  40220c:	6878      	ldr	r0, [r7, #4]
  40220e:	4b0f      	ldr	r3, [pc, #60]	; (40224c <usart_reset+0x48>)
  402210:	4798      	blx	r3

	/* Reset registers that could cause unpredictable behavior after reset. */
	p_usart->US_MR = 0;
  402212:	687b      	ldr	r3, [r7, #4]
  402214:	2200      	movs	r2, #0
  402216:	605a      	str	r2, [r3, #4]
	p_usart->US_RTOR = 0;
  402218:	687b      	ldr	r3, [r7, #4]
  40221a:	2200      	movs	r2, #0
  40221c:	625a      	str	r2, [r3, #36]	; 0x24
	p_usart->US_TTGR = 0;
  40221e:	687b      	ldr	r3, [r7, #4]
  402220:	2200      	movs	r2, #0
  402222:	629a      	str	r2, [r3, #40]	; 0x28

	/* Disable TX and RX. */
	usart_reset_tx(p_usart);
  402224:	6878      	ldr	r0, [r7, #4]
  402226:	4b0a      	ldr	r3, [pc, #40]	; (402250 <usart_reset+0x4c>)
  402228:	4798      	blx	r3
	usart_reset_rx(p_usart);
  40222a:	6878      	ldr	r0, [r7, #4]
  40222c:	4b09      	ldr	r3, [pc, #36]	; (402254 <usart_reset+0x50>)
  40222e:	4798      	blx	r3
	/* Reset status bits. */
	usart_reset_status(p_usart);
  402230:	6878      	ldr	r0, [r7, #4]
  402232:	4b09      	ldr	r3, [pc, #36]	; (402258 <usart_reset+0x54>)
  402234:	4798      	blx	r3
	/* Turn off RTS and DTR if exist. */
	usart_drive_RTS_pin_high(p_usart);
  402236:	6878      	ldr	r0, [r7, #4]
  402238:	4b08      	ldr	r3, [pc, #32]	; (40225c <usart_reset+0x58>)
  40223a:	4798      	blx	r3
#if (SAM3S || SAM4S || SAM3U || SAM4L || SAM4E)
	usart_drive_DTR_pin_high(p_usart);
  40223c:	6878      	ldr	r0, [r7, #4]
  40223e:	4b08      	ldr	r3, [pc, #32]	; (402260 <usart_reset+0x5c>)
  402240:	4798      	blx	r3
#endif
}
  402242:	bf00      	nop
  402244:	3708      	adds	r7, #8
  402246:	46bd      	mov	sp, r7
  402248:	bd80      	pop	{r7, pc}
  40224a:	bf00      	nop
  40224c:	00402429 	.word	0x00402429
  402250:	00402301 	.word	0x00402301
  402254:	00402331 	.word	0x00402331
  402258:	00402379 	.word	0x00402379
  40225c:	004023ad 	.word	0x004023ad
  402260:	00402393 	.word	0x00402393

00402264 <usart_init_rs232>:
 * \retval 0 on success.
 * \retval 1 on failure.
 */
uint32_t usart_init_rs232(Usart *p_usart,
		const sam_usart_opt_t *p_usart_opt, uint32_t ul_mck)
{
  402264:	b580      	push	{r7, lr}
  402266:	b084      	sub	sp, #16
  402268:	af00      	add	r7, sp, #0
  40226a:	60f8      	str	r0, [r7, #12]
  40226c:	60b9      	str	r1, [r7, #8]
  40226e:	607a      	str	r2, [r7, #4]
	static uint32_t ul_reg_val;

	/* Reset the USART and shut down TX and RX. */
	usart_reset(p_usart);
  402270:	68f8      	ldr	r0, [r7, #12]
  402272:	4b1a      	ldr	r3, [pc, #104]	; (4022dc <usart_init_rs232+0x78>)
  402274:	4798      	blx	r3

	ul_reg_val = 0;
  402276:	4b1a      	ldr	r3, [pc, #104]	; (4022e0 <usart_init_rs232+0x7c>)
  402278:	2200      	movs	r2, #0
  40227a:	601a      	str	r2, [r3, #0]
	/* Check whether the input values are legal. */
	if (!p_usart_opt || usart_set_async_baudrate(p_usart,
  40227c:	68bb      	ldr	r3, [r7, #8]
  40227e:	2b00      	cmp	r3, #0
  402280:	d009      	beq.n	402296 <usart_init_rs232+0x32>
  402282:	68bb      	ldr	r3, [r7, #8]
  402284:	681b      	ldr	r3, [r3, #0]
  402286:	687a      	ldr	r2, [r7, #4]
  402288:	4619      	mov	r1, r3
  40228a:	68f8      	ldr	r0, [r7, #12]
  40228c:	4b15      	ldr	r3, [pc, #84]	; (4022e4 <usart_init_rs232+0x80>)
  40228e:	4798      	blx	r3
  402290:	4603      	mov	r3, r0
  402292:	2b00      	cmp	r3, #0
  402294:	d001      	beq.n	40229a <usart_init_rs232+0x36>
			p_usart_opt->baudrate, ul_mck)) {
		return 1;
  402296:	2301      	movs	r3, #1
  402298:	e01b      	b.n	4022d2 <usart_init_rs232+0x6e>
	}

	/* Configure the USART option. */
	ul_reg_val |= p_usart_opt->char_length | p_usart_opt->parity_type |
  40229a:	68bb      	ldr	r3, [r7, #8]
  40229c:	685a      	ldr	r2, [r3, #4]
  40229e:	68bb      	ldr	r3, [r7, #8]
  4022a0:	689b      	ldr	r3, [r3, #8]
  4022a2:	431a      	orrs	r2, r3
			p_usart_opt->channel_mode | p_usart_opt->stop_bits;
  4022a4:	68bb      	ldr	r3, [r7, #8]
  4022a6:	691b      	ldr	r3, [r3, #16]
	ul_reg_val |= p_usart_opt->char_length | p_usart_opt->parity_type |
  4022a8:	431a      	orrs	r2, r3
			p_usart_opt->channel_mode | p_usart_opt->stop_bits;
  4022aa:	68bb      	ldr	r3, [r7, #8]
  4022ac:	68db      	ldr	r3, [r3, #12]
  4022ae:	431a      	orrs	r2, r3
	ul_reg_val |= p_usart_opt->char_length | p_usart_opt->parity_type |
  4022b0:	4b0b      	ldr	r3, [pc, #44]	; (4022e0 <usart_init_rs232+0x7c>)
  4022b2:	681b      	ldr	r3, [r3, #0]
  4022b4:	4313      	orrs	r3, r2
  4022b6:	4a0a      	ldr	r2, [pc, #40]	; (4022e0 <usart_init_rs232+0x7c>)
  4022b8:	6013      	str	r3, [r2, #0]

	/* Configure the USART mode as normal mode. */
	ul_reg_val |= US_MR_USART_MODE_NORMAL;
  4022ba:	4b09      	ldr	r3, [pc, #36]	; (4022e0 <usart_init_rs232+0x7c>)
  4022bc:	681b      	ldr	r3, [r3, #0]
  4022be:	4a08      	ldr	r2, [pc, #32]	; (4022e0 <usart_init_rs232+0x7c>)
  4022c0:	6013      	str	r3, [r2, #0]

	p_usart->US_MR |= ul_reg_val;
  4022c2:	68fb      	ldr	r3, [r7, #12]
  4022c4:	685a      	ldr	r2, [r3, #4]
  4022c6:	4b06      	ldr	r3, [pc, #24]	; (4022e0 <usart_init_rs232+0x7c>)
  4022c8:	681b      	ldr	r3, [r3, #0]
  4022ca:	431a      	orrs	r2, r3
  4022cc:	68fb      	ldr	r3, [r7, #12]
  4022ce:	605a      	str	r2, [r3, #4]

	return 0;
  4022d0:	2300      	movs	r3, #0
}
  4022d2:	4618      	mov	r0, r3
  4022d4:	3710      	adds	r7, #16
  4022d6:	46bd      	mov	sp, r7
  4022d8:	bd80      	pop	{r7, pc}
  4022da:	bf00      	nop
  4022dc:	00402205 	.word	0x00402205
  4022e0:	20000a6c 	.word	0x20000a6c
  4022e4:	0040217d 	.word	0x0040217d

004022e8 <usart_enable_tx>:
 * \brief Enable USART transmitter.
 *
 * \param p_usart Pointer to a USART instance.
 */
void usart_enable_tx(Usart *p_usart)
{
  4022e8:	b480      	push	{r7}
  4022ea:	b083      	sub	sp, #12
  4022ec:	af00      	add	r7, sp, #0
  4022ee:	6078      	str	r0, [r7, #4]
	p_usart->US_CR = US_CR_TXEN;
  4022f0:	687b      	ldr	r3, [r7, #4]
  4022f2:	2240      	movs	r2, #64	; 0x40
  4022f4:	601a      	str	r2, [r3, #0]
}
  4022f6:	bf00      	nop
  4022f8:	370c      	adds	r7, #12
  4022fa:	46bd      	mov	sp, r7
  4022fc:	bc80      	pop	{r7}
  4022fe:	4770      	bx	lr

00402300 <usart_reset_tx>:
 * \brief Immediately stop and disable USART transmitter.
 *
 * \param p_usart Pointer to a USART instance.
 */
void usart_reset_tx(Usart *p_usart)
{
  402300:	b480      	push	{r7}
  402302:	b083      	sub	sp, #12
  402304:	af00      	add	r7, sp, #0
  402306:	6078      	str	r0, [r7, #4]
	/* Reset transmitter */
	p_usart->US_CR = US_CR_RSTTX | US_CR_TXDIS;
  402308:	687b      	ldr	r3, [r7, #4]
  40230a:	2288      	movs	r2, #136	; 0x88
  40230c:	601a      	str	r2, [r3, #0]
}
  40230e:	bf00      	nop
  402310:	370c      	adds	r7, #12
  402312:	46bd      	mov	sp, r7
  402314:	bc80      	pop	{r7}
  402316:	4770      	bx	lr

00402318 <usart_enable_rx>:
 * \brief Enable USART receiver.
 *
 * \param p_usart Pointer to a USART instance.
 */
void usart_enable_rx(Usart *p_usart)
{
  402318:	b480      	push	{r7}
  40231a:	b083      	sub	sp, #12
  40231c:	af00      	add	r7, sp, #0
  40231e:	6078      	str	r0, [r7, #4]
	p_usart->US_CR = US_CR_RXEN;
  402320:	687b      	ldr	r3, [r7, #4]
  402322:	2210      	movs	r2, #16
  402324:	601a      	str	r2, [r3, #0]
}
  402326:	bf00      	nop
  402328:	370c      	adds	r7, #12
  40232a:	46bd      	mov	sp, r7
  40232c:	bc80      	pop	{r7}
  40232e:	4770      	bx	lr

00402330 <usart_reset_rx>:
 * \brief Immediately stop and disable USART receiver.
 *
 * \param p_usart Pointer to a USART instance.
 */
void usart_reset_rx(Usart *p_usart)
{
  402330:	b480      	push	{r7}
  402332:	b083      	sub	sp, #12
  402334:	af00      	add	r7, sp, #0
  402336:	6078      	str	r0, [r7, #4]
	/* Reset Receiver */
	p_usart->US_CR = US_CR_RSTRX | US_CR_RXDIS;
  402338:	687b      	ldr	r3, [r7, #4]
  40233a:	2224      	movs	r2, #36	; 0x24
  40233c:	601a      	str	r2, [r3, #0]
}
  40233e:	bf00      	nop
  402340:	370c      	adds	r7, #12
  402342:	46bd      	mov	sp, r7
  402344:	bc80      	pop	{r7}
  402346:	4770      	bx	lr

00402348 <usart_enable_interrupt>:
 *
 * \param p_usart Pointer to a USART peripheral.
 * \param ul_sources Interrupt sources bit map.
 */
void usart_enable_interrupt(Usart *p_usart, uint32_t ul_sources)
{
  402348:	b480      	push	{r7}
  40234a:	b083      	sub	sp, #12
  40234c:	af00      	add	r7, sp, #0
  40234e:	6078      	str	r0, [r7, #4]
  402350:	6039      	str	r1, [r7, #0]
	p_usart->US_IER = ul_sources;
  402352:	687b      	ldr	r3, [r7, #4]
  402354:	683a      	ldr	r2, [r7, #0]
  402356:	609a      	str	r2, [r3, #8]
}
  402358:	bf00      	nop
  40235a:	370c      	adds	r7, #12
  40235c:	46bd      	mov	sp, r7
  40235e:	bc80      	pop	{r7}
  402360:	4770      	bx	lr

00402362 <usart_get_status>:
 * \param p_usart Pointer to a USART instance.
 *
 * \return The current USART status.
 */
uint32_t usart_get_status(Usart *p_usart)
{
  402362:	b480      	push	{r7}
  402364:	b083      	sub	sp, #12
  402366:	af00      	add	r7, sp, #0
  402368:	6078      	str	r0, [r7, #4]
	return p_usart->US_CSR;
  40236a:	687b      	ldr	r3, [r7, #4]
  40236c:	695b      	ldr	r3, [r3, #20]
}
  40236e:	4618      	mov	r0, r3
  402370:	370c      	adds	r7, #12
  402372:	46bd      	mov	sp, r7
  402374:	bc80      	pop	{r7}
  402376:	4770      	bx	lr

00402378 <usart_reset_status>:
 * \brief Reset status bits (PARE, OVER, MANERR, UNRE and PXBRK in US_CSR).
 *
 * \param p_usart Pointer to a USART instance.
 */
void usart_reset_status(Usart *p_usart)
{
  402378:	b480      	push	{r7}
  40237a:	b083      	sub	sp, #12
  40237c:	af00      	add	r7, sp, #0
  40237e:	6078      	str	r0, [r7, #4]
	p_usart->US_CR = US_CR_RSTSTA;
  402380:	687b      	ldr	r3, [r7, #4]
  402382:	f44f 7280 	mov.w	r2, #256	; 0x100
  402386:	601a      	str	r2, [r3, #0]
}
  402388:	bf00      	nop
  40238a:	370c      	adds	r7, #12
  40238c:	46bd      	mov	sp, r7
  40238e:	bc80      	pop	{r7}
  402390:	4770      	bx	lr

00402392 <usart_drive_DTR_pin_high>:
 * \brief Drive the pin DTR to 1.
 *
 * \param p_usart Pointer to a USART instance.
 */
void usart_drive_DTR_pin_high(Usart *p_usart)
{
  402392:	b480      	push	{r7}
  402394:	b083      	sub	sp, #12
  402396:	af00      	add	r7, sp, #0
  402398:	6078      	str	r0, [r7, #4]
	p_usart->US_CR = US_CR_DTRDIS;
  40239a:	687b      	ldr	r3, [r7, #4]
  40239c:	f44f 3200 	mov.w	r2, #131072	; 0x20000
  4023a0:	601a      	str	r2, [r3, #0]
}
  4023a2:	bf00      	nop
  4023a4:	370c      	adds	r7, #12
  4023a6:	46bd      	mov	sp, r7
  4023a8:	bc80      	pop	{r7}
  4023aa:	4770      	bx	lr

004023ac <usart_drive_RTS_pin_high>:
 * \brief Drive the pin RTS to 1.
 *
 * \param p_usart Pointer to a USART instance.
 */
void usart_drive_RTS_pin_high(Usart *p_usart)
{
  4023ac:	b480      	push	{r7}
  4023ae:	b083      	sub	sp, #12
  4023b0:	af00      	add	r7, sp, #0
  4023b2:	6078      	str	r0, [r7, #4]
	p_usart->US_CR = US_CR_RTSDIS;
  4023b4:	687b      	ldr	r3, [r7, #4]
  4023b6:	f44f 2200 	mov.w	r2, #524288	; 0x80000
  4023ba:	601a      	str	r2, [r3, #0]
}
  4023bc:	bf00      	nop
  4023be:	370c      	adds	r7, #12
  4023c0:	46bd      	mov	sp, r7
  4023c2:	bc80      	pop	{r7}
  4023c4:	4770      	bx	lr

004023c6 <usart_write>:
 *
 * \retval 0 on success.
 * \retval 1 on failure.
 */
uint32_t usart_write(Usart *p_usart, uint32_t c)
{
  4023c6:	b480      	push	{r7}
  4023c8:	b083      	sub	sp, #12
  4023ca:	af00      	add	r7, sp, #0
  4023cc:	6078      	str	r0, [r7, #4]
  4023ce:	6039      	str	r1, [r7, #0]
	if (!(p_usart->US_CSR & US_CSR_TXRDY)) {
  4023d0:	687b      	ldr	r3, [r7, #4]
  4023d2:	695b      	ldr	r3, [r3, #20]
  4023d4:	f003 0302 	and.w	r3, r3, #2
  4023d8:	2b00      	cmp	r3, #0
  4023da:	d101      	bne.n	4023e0 <usart_write+0x1a>
		return 1;
  4023dc:	2301      	movs	r3, #1
  4023de:	e005      	b.n	4023ec <usart_write+0x26>
	}

	p_usart->US_THR = US_THR_TXCHR(c);
  4023e0:	683b      	ldr	r3, [r7, #0]
  4023e2:	f3c3 0208 	ubfx	r2, r3, #0, #9
  4023e6:	687b      	ldr	r3, [r7, #4]
  4023e8:	61da      	str	r2, [r3, #28]
	return 0;
  4023ea:	2300      	movs	r3, #0
}
  4023ec:	4618      	mov	r0, r3
  4023ee:	370c      	adds	r7, #12
  4023f0:	46bd      	mov	sp, r7
  4023f2:	bc80      	pop	{r7}
  4023f4:	4770      	bx	lr

004023f6 <usart_read>:
 *
 * \retval 0 on success.
 * \retval 1 if no data is available or errors.
 */
uint32_t usart_read(Usart *p_usart, uint32_t *c)
{
  4023f6:	b480      	push	{r7}
  4023f8:	b083      	sub	sp, #12
  4023fa:	af00      	add	r7, sp, #0
  4023fc:	6078      	str	r0, [r7, #4]
  4023fe:	6039      	str	r1, [r7, #0]
	if (!(p_usart->US_CSR & US_CSR_RXRDY)) {
  402400:	687b      	ldr	r3, [r7, #4]
  402402:	695b      	ldr	r3, [r3, #20]
  402404:	f003 0301 	and.w	r3, r3, #1
  402408:	2b00      	cmp	r3, #0
  40240a:	d101      	bne.n	402410 <usart_read+0x1a>
		return 1;
  40240c:	2301      	movs	r3, #1
  40240e:	e006      	b.n	40241e <usart_read+0x28>
	}

	/* Read character */
	*c = p_usart->US_RHR & US_RHR_RXCHR_Msk;
  402410:	687b      	ldr	r3, [r7, #4]
  402412:	699b      	ldr	r3, [r3, #24]
  402414:	f3c3 0208 	ubfx	r2, r3, #0, #9
  402418:	683b      	ldr	r3, [r7, #0]
  40241a:	601a      	str	r2, [r3, #0]

	return 0;
  40241c:	2300      	movs	r3, #0
}
  40241e:	4618      	mov	r0, r3
  402420:	370c      	adds	r7, #12
  402422:	46bd      	mov	sp, r7
  402424:	bc80      	pop	{r7}
  402426:	4770      	bx	lr

00402428 <usart_disable_writeprotect>:
 * \brief Disable write protect of USART registers.
 *
 * \param p_usart Pointer to a USART instance.
 */
void usart_disable_writeprotect(Usart *p_usart)
{
  402428:	b480      	push	{r7}
  40242a:	b083      	sub	sp, #12
  40242c:	af00      	add	r7, sp, #0
  40242e:	6078      	str	r0, [r7, #4]
	p_usart->US_WPMR = US_WPMR_WPKEY_PASSWD;
  402430:	687b      	ldr	r3, [r7, #4]
  402432:	4a04      	ldr	r2, [pc, #16]	; (402444 <usart_disable_writeprotect+0x1c>)
  402434:	f8c3 20e4 	str.w	r2, [r3, #228]	; 0xe4
}
  402438:	bf00      	nop
  40243a:	370c      	adds	r7, #12
  40243c:	46bd      	mov	sp, r7
  40243e:	bc80      	pop	{r7}
  402440:	4770      	bx	lr
  402442:	bf00      	nop
  402444:	55534100 	.word	0x55534100

00402448 <Reset_Handler>:
/**
 * \brief This is the code that gets called on processor reset.
 * To initialize the device, and call the main() routine.
 */
void Reset_Handler(void)
{
  402448:	b580      	push	{r7, lr}
  40244a:	b084      	sub	sp, #16
  40244c:	af00      	add	r7, sp, #0
	uint32_t *pSrc, *pDest;

	/* Initialize the relocate segment */
	pSrc = &_etext;
  40244e:	4b27      	ldr	r3, [pc, #156]	; (4024ec <Reset_Handler+0xa4>)
  402450:	60fb      	str	r3, [r7, #12]
	pDest = &_srelocate;
  402452:	4b27      	ldr	r3, [pc, #156]	; (4024f0 <Reset_Handler+0xa8>)
  402454:	60bb      	str	r3, [r7, #8]

	if (pSrc > pDest) {
  402456:	68fa      	ldr	r2, [r7, #12]
  402458:	68bb      	ldr	r3, [r7, #8]
  40245a:	429a      	cmp	r2, r3
  40245c:	d90d      	bls.n	40247a <Reset_Handler+0x32>
		for (; pDest < &_erelocate;) {
  40245e:	e007      	b.n	402470 <Reset_Handler+0x28>
			*pDest++ = *pSrc++;
  402460:	68bb      	ldr	r3, [r7, #8]
  402462:	1d1a      	adds	r2, r3, #4
  402464:	60ba      	str	r2, [r7, #8]
  402466:	68fa      	ldr	r2, [r7, #12]
  402468:	1d11      	adds	r1, r2, #4
  40246a:	60f9      	str	r1, [r7, #12]
  40246c:	6812      	ldr	r2, [r2, #0]
  40246e:	601a      	str	r2, [r3, #0]
		for (; pDest < &_erelocate;) {
  402470:	68bb      	ldr	r3, [r7, #8]
  402472:	4a20      	ldr	r2, [pc, #128]	; (4024f4 <Reset_Handler+0xac>)
  402474:	4293      	cmp	r3, r2
  402476:	d3f3      	bcc.n	402460 <Reset_Handler+0x18>
  402478:	e020      	b.n	4024bc <Reset_Handler+0x74>
		}
	} else if (pSrc < pDest) {
  40247a:	68fa      	ldr	r2, [r7, #12]
  40247c:	68bb      	ldr	r3, [r7, #8]
  40247e:	429a      	cmp	r2, r3
  402480:	d21c      	bcs.n	4024bc <Reset_Handler+0x74>
		uint32_t nb_bytes = (uint32_t)&_erelocate - (uint32_t)&_srelocate;
  402482:	4a1c      	ldr	r2, [pc, #112]	; (4024f4 <Reset_Handler+0xac>)
  402484:	4b1a      	ldr	r3, [pc, #104]	; (4024f0 <Reset_Handler+0xa8>)
  402486:	1ad3      	subs	r3, r2, r3
  402488:	607b      	str	r3, [r7, #4]
		pSrc = (uint32_t*)((uint32_t)pSrc + nb_bytes) - 1;
  40248a:	68fa      	ldr	r2, [r7, #12]
  40248c:	687b      	ldr	r3, [r7, #4]
  40248e:	4413      	add	r3, r2
  402490:	3b04      	subs	r3, #4
  402492:	60fb      	str	r3, [r7, #12]
		pDest = (uint32_t*)((uint32_t)pDest + nb_bytes) - 1;
  402494:	68ba      	ldr	r2, [r7, #8]
  402496:	687b      	ldr	r3, [r7, #4]
  402498:	4413      	add	r3, r2
  40249a:	3b04      	subs	r3, #4
  40249c:	60bb      	str	r3, [r7, #8]
		for (;nb_bytes;nb_bytes -= 4) {
  40249e:	e00a      	b.n	4024b6 <Reset_Handler+0x6e>
			*pDest-- = *pSrc--;
  4024a0:	68bb      	ldr	r3, [r7, #8]
  4024a2:	1f1a      	subs	r2, r3, #4
  4024a4:	60ba      	str	r2, [r7, #8]
  4024a6:	68fa      	ldr	r2, [r7, #12]
  4024a8:	1f11      	subs	r1, r2, #4
  4024aa:	60f9      	str	r1, [r7, #12]
  4024ac:	6812      	ldr	r2, [r2, #0]
  4024ae:	601a      	str	r2, [r3, #0]
		for (;nb_bytes;nb_bytes -= 4) {
  4024b0:	687b      	ldr	r3, [r7, #4]
  4024b2:	3b04      	subs	r3, #4
  4024b4:	607b      	str	r3, [r7, #4]
  4024b6:	687b      	ldr	r3, [r7, #4]
  4024b8:	2b00      	cmp	r3, #0
  4024ba:	d1f1      	bne.n	4024a0 <Reset_Handler+0x58>
		}
	}
	__NOP();
  4024bc:	bf00      	nop

	/* Clear the zero segment */
	for (pDest = &_szero; pDest < &_ezero;) {
  4024be:	4b0e      	ldr	r3, [pc, #56]	; (4024f8 <Reset_Handler+0xb0>)
  4024c0:	60bb      	str	r3, [r7, #8]
  4024c2:	e004      	b.n	4024ce <Reset_Handler+0x86>
		*pDest++ = 0;
  4024c4:	68bb      	ldr	r3, [r7, #8]
  4024c6:	1d1a      	adds	r2, r3, #4
  4024c8:	60ba      	str	r2, [r7, #8]
  4024ca:	2200      	movs	r2, #0
  4024cc:	601a      	str	r2, [r3, #0]
	for (pDest = &_szero; pDest < &_ezero;) {
  4024ce:	68bb      	ldr	r3, [r7, #8]
  4024d0:	4a0a      	ldr	r2, [pc, #40]	; (4024fc <Reset_Handler+0xb4>)
  4024d2:	4293      	cmp	r3, r2
  4024d4:	d3f6      	bcc.n	4024c4 <Reset_Handler+0x7c>
	}

	/* Set the vector table base address */
	pSrc = (uint32_t *) & _sfixed;
  4024d6:	4b0a      	ldr	r3, [pc, #40]	; (402500 <Reset_Handler+0xb8>)
  4024d8:	60fb      	str	r3, [r7, #12]
	SCB->VTOR = ((uint32_t) pSrc);
  4024da:	4a0a      	ldr	r2, [pc, #40]	; (402504 <Reset_Handler+0xbc>)
  4024dc:	68fb      	ldr	r3, [r7, #12]
  4024de:	6093      	str	r3, [r2, #8]

	/* Initialize the C library */
	__libc_init_array();
  4024e0:	4b09      	ldr	r3, [pc, #36]	; (402508 <Reset_Handler+0xc0>)
  4024e2:	4798      	blx	r3

	/* Branch to main function */
	main();
  4024e4:	4b09      	ldr	r3, [pc, #36]	; (40250c <Reset_Handler+0xc4>)
  4024e6:	4798      	blx	r3

	/* Infinite loop */
	while (1);
  4024e8:	e7fe      	b.n	4024e8 <Reset_Handler+0xa0>
  4024ea:	bf00      	nop
  4024ec:	00409604 	.word	0x00409604
  4024f0:	20000000 	.word	0x20000000
  4024f4:	200009c0 	.word	0x200009c0
  4024f8:	200009c0 	.word	0x200009c0
  4024fc:	200195a0 	.word	0x200195a0
  402500:	00400000 	.word	0x00400000
  402504:	e000ed00 	.word	0xe000ed00
  402508:	00403a39 	.word	0x00403a39
  40250c:	00403115 	.word	0x00403115

00402510 <Dummy_Handler>:

/**
 * \brief Default interrupt handler for unused IRQs.
 */
void Dummy_Handler(void)
{
  402510:	b480      	push	{r7}
  402512:	af00      	add	r7, sp, #0
	while (1) {
  402514:	e7fe      	b.n	402514 <Dummy_Handler+0x4>
	...

00402518 <SystemCoreClockUpdate>:

/**
 * \brief Get Core Clock Frequency.
 */
void SystemCoreClockUpdate( void )
{
  402518:	b480      	push	{r7}
  40251a:	af00      	add	r7, sp, #0
	/* Determine clock frequency according to clock register values */
	switch ( PMC->PMC_MCKR & (uint32_t) PMC_MCKR_CSS_Msk ) {
  40251c:	4b5d      	ldr	r3, [pc, #372]	; (402694 <SystemCoreClockUpdate+0x17c>)
  40251e:	6b1b      	ldr	r3, [r3, #48]	; 0x30
  402520:	f003 0303 	and.w	r3, r3, #3
  402524:	2b03      	cmp	r3, #3
  402526:	f200 8096 	bhi.w	402656 <SystemCoreClockUpdate+0x13e>
  40252a:	a201      	add	r2, pc, #4	; (adr r2, 402530 <SystemCoreClockUpdate+0x18>)
  40252c:	f852 f023 	ldr.w	pc, [r2, r3, lsl #2]
  402530:	00402541 	.word	0x00402541
  402534:	00402561 	.word	0x00402561
  402538:	004025ab 	.word	0x004025ab
  40253c:	004025ab 	.word	0x004025ab
	case PMC_MCKR_CSS_SLOW_CLK: /* Slow clock */
			if ( SUPC->SUPC_SR & SUPC_SR_OSCSEL ) {
  402540:	4b55      	ldr	r3, [pc, #340]	; (402698 <SystemCoreClockUpdate+0x180>)
  402542:	695b      	ldr	r3, [r3, #20]
  402544:	f003 0380 	and.w	r3, r3, #128	; 0x80
  402548:	2b00      	cmp	r3, #0
  40254a:	d004      	beq.n	402556 <SystemCoreClockUpdate+0x3e>
				SystemCoreClock = CHIP_FREQ_XTAL_32K;
  40254c:	4b53      	ldr	r3, [pc, #332]	; (40269c <SystemCoreClockUpdate+0x184>)
  40254e:	f44f 4200 	mov.w	r2, #32768	; 0x8000
  402552:	601a      	str	r2, [r3, #0]
			} else {
				SystemCoreClock = CHIP_FREQ_SLCK_RC;
			}
		break;
  402554:	e080      	b.n	402658 <SystemCoreClockUpdate+0x140>
				SystemCoreClock = CHIP_FREQ_SLCK_RC;
  402556:	4b51      	ldr	r3, [pc, #324]	; (40269c <SystemCoreClockUpdate+0x184>)
  402558:	f44f 42fa 	mov.w	r2, #32000	; 0x7d00
  40255c:	601a      	str	r2, [r3, #0]
		break;
  40255e:	e07b      	b.n	402658 <SystemCoreClockUpdate+0x140>
		
	case PMC_MCKR_CSS_MAIN_CLK: /* Main clock */
		if ( PMC->CKGR_MOR & CKGR_MOR_MOSCSEL ) {
  402560:	4b4c      	ldr	r3, [pc, #304]	; (402694 <SystemCoreClockUpdate+0x17c>)
  402562:	6a1b      	ldr	r3, [r3, #32]
  402564:	f003 7380 	and.w	r3, r3, #16777216	; 0x1000000
  402568:	2b00      	cmp	r3, #0
  40256a:	d003      	beq.n	402574 <SystemCoreClockUpdate+0x5c>
			SystemCoreClock = CHIP_FREQ_XTAL;
  40256c:	4b4b      	ldr	r3, [pc, #300]	; (40269c <SystemCoreClockUpdate+0x184>)
  40256e:	4a4c      	ldr	r2, [pc, #304]	; (4026a0 <SystemCoreClockUpdate+0x188>)
  402570:	601a      	str	r2, [r3, #0]
			
			default:
			break;
			}
		}
		break;
  402572:	e071      	b.n	402658 <SystemCoreClockUpdate+0x140>
			SystemCoreClock = CHIP_FREQ_MAINCK_RC_4MHZ;
  402574:	4b49      	ldr	r3, [pc, #292]	; (40269c <SystemCoreClockUpdate+0x184>)
  402576:	4a4b      	ldr	r2, [pc, #300]	; (4026a4 <SystemCoreClockUpdate+0x18c>)
  402578:	601a      	str	r2, [r3, #0]
			switch ( PMC->CKGR_MOR & CKGR_MOR_MOSCRCF_Msk ) {
  40257a:	4b46      	ldr	r3, [pc, #280]	; (402694 <SystemCoreClockUpdate+0x17c>)
  40257c:	6a1b      	ldr	r3, [r3, #32]
  40257e:	f003 0370 	and.w	r3, r3, #112	; 0x70
  402582:	2b10      	cmp	r3, #16
  402584:	d008      	beq.n	402598 <SystemCoreClockUpdate+0x80>
  402586:	2b20      	cmp	r3, #32
  402588:	d00a      	beq.n	4025a0 <SystemCoreClockUpdate+0x88>
  40258a:	2b00      	cmp	r3, #0
  40258c:	d000      	beq.n	402590 <SystemCoreClockUpdate+0x78>
			break;
  40258e:	e00b      	b.n	4025a8 <SystemCoreClockUpdate+0x90>
				SystemCoreClock = CHIP_FREQ_MAINCK_RC_4MHZ;
  402590:	4b42      	ldr	r3, [pc, #264]	; (40269c <SystemCoreClockUpdate+0x184>)
  402592:	4a44      	ldr	r2, [pc, #272]	; (4026a4 <SystemCoreClockUpdate+0x18c>)
  402594:	601a      	str	r2, [r3, #0]
			break;
  402596:	e007      	b.n	4025a8 <SystemCoreClockUpdate+0x90>
				SystemCoreClock = CHIP_FREQ_MAINCK_RC_8MHZ;
  402598:	4b40      	ldr	r3, [pc, #256]	; (40269c <SystemCoreClockUpdate+0x184>)
  40259a:	4a43      	ldr	r2, [pc, #268]	; (4026a8 <SystemCoreClockUpdate+0x190>)
  40259c:	601a      	str	r2, [r3, #0]
			break;
  40259e:	e003      	b.n	4025a8 <SystemCoreClockUpdate+0x90>
				SystemCoreClock = CHIP_FREQ_MAINCK_RC_12MHZ;
  4025a0:	4b3e      	ldr	r3, [pc, #248]	; (40269c <SystemCoreClockUpdate+0x184>)
  4025a2:	4a3f      	ldr	r2, [pc, #252]	; (4026a0 <SystemCoreClockUpdate+0x188>)
  4025a4:	601a      	str	r2, [r3, #0]
			break;
  4025a6:	bf00      	nop
		break;
  4025a8:	e056      	b.n	402658 <SystemCoreClockUpdate+0x140>
		
	case PMC_MCKR_CSS_PLLA_CLK:	/* PLLA clock */
	case PMC_MCKR_CSS_PLLB_CLK:	/* PLLB clock */
			if ( PMC->CKGR_MOR & CKGR_MOR_MOSCSEL ) {
  4025aa:	4b3a      	ldr	r3, [pc, #232]	; (402694 <SystemCoreClockUpdate+0x17c>)
  4025ac:	6a1b      	ldr	r3, [r3, #32]
  4025ae:	f003 7380 	and.w	r3, r3, #16777216	; 0x1000000
  4025b2:	2b00      	cmp	r3, #0
  4025b4:	d003      	beq.n	4025be <SystemCoreClockUpdate+0xa6>
				SystemCoreClock = CHIP_FREQ_XTAL;
  4025b6:	4b39      	ldr	r3, [pc, #228]	; (40269c <SystemCoreClockUpdate+0x184>)
  4025b8:	4a39      	ldr	r2, [pc, #228]	; (4026a0 <SystemCoreClockUpdate+0x188>)
  4025ba:	601a      	str	r2, [r3, #0]
  4025bc:	e019      	b.n	4025f2 <SystemCoreClockUpdate+0xda>
			} else {
				SystemCoreClock = CHIP_FREQ_MAINCK_RC_4MHZ;
  4025be:	4b37      	ldr	r3, [pc, #220]	; (40269c <SystemCoreClockUpdate+0x184>)
  4025c0:	4a38      	ldr	r2, [pc, #224]	; (4026a4 <SystemCoreClockUpdate+0x18c>)
  4025c2:	601a      	str	r2, [r3, #0]
				
				switch ( PMC->CKGR_MOR & CKGR_MOR_MOSCRCF_Msk ) {
  4025c4:	4b33      	ldr	r3, [pc, #204]	; (402694 <SystemCoreClockUpdate+0x17c>)
  4025c6:	6a1b      	ldr	r3, [r3, #32]
  4025c8:	f003 0370 	and.w	r3, r3, #112	; 0x70
  4025cc:	2b10      	cmp	r3, #16
  4025ce:	d008      	beq.n	4025e2 <SystemCoreClockUpdate+0xca>
  4025d0:	2b20      	cmp	r3, #32
  4025d2:	d00a      	beq.n	4025ea <SystemCoreClockUpdate+0xd2>
  4025d4:	2b00      	cmp	r3, #0
  4025d6:	d000      	beq.n	4025da <SystemCoreClockUpdate+0xc2>
				case CKGR_MOR_MOSCRCF_12_MHz:
					SystemCoreClock = CHIP_FREQ_MAINCK_RC_12MHZ;
					break;
				
				default:
					break;
  4025d8:	e00b      	b.n	4025f2 <SystemCoreClockUpdate+0xda>
					SystemCoreClock = CHIP_FREQ_MAINCK_RC_4MHZ;
  4025da:	4b30      	ldr	r3, [pc, #192]	; (40269c <SystemCoreClockUpdate+0x184>)
  4025dc:	4a31      	ldr	r2, [pc, #196]	; (4026a4 <SystemCoreClockUpdate+0x18c>)
  4025de:	601a      	str	r2, [r3, #0]
					break;
  4025e0:	e007      	b.n	4025f2 <SystemCoreClockUpdate+0xda>
					SystemCoreClock = CHIP_FREQ_MAINCK_RC_8MHZ;
  4025e2:	4b2e      	ldr	r3, [pc, #184]	; (40269c <SystemCoreClockUpdate+0x184>)
  4025e4:	4a30      	ldr	r2, [pc, #192]	; (4026a8 <SystemCoreClockUpdate+0x190>)
  4025e6:	601a      	str	r2, [r3, #0]
					break;
  4025e8:	e003      	b.n	4025f2 <SystemCoreClockUpdate+0xda>
					SystemCoreClock = CHIP_FREQ_MAINCK_RC_12MHZ;
  4025ea:	4b2c      	ldr	r3, [pc, #176]	; (40269c <SystemCoreClockUpdate+0x184>)
  4025ec:	4a2c      	ldr	r2, [pc, #176]	; (4026a0 <SystemCoreClockUpdate+0x188>)
  4025ee:	601a      	str	r2, [r3, #0]
					break;
  4025f0:	bf00      	nop
				}
			}
			
			if ( (uint32_t)(PMC->PMC_MCKR & (uint32_t) PMC_MCKR_CSS_Msk) ==
  4025f2:	4b28      	ldr	r3, [pc, #160]	; (402694 <SystemCoreClockUpdate+0x17c>)
  4025f4:	6b1b      	ldr	r3, [r3, #48]	; 0x30
  4025f6:	f003 0303 	and.w	r3, r3, #3
  4025fa:	2b02      	cmp	r3, #2
  4025fc:	d115      	bne.n	40262a <SystemCoreClockUpdate+0x112>
					PMC_MCKR_CSS_PLLA_CLK ) {
				SystemCoreClock *= ((((PMC->CKGR_PLLAR) & CKGR_PLLAR_MULA_Msk)
  4025fe:	4b25      	ldr	r3, [pc, #148]	; (402694 <SystemCoreClockUpdate+0x17c>)
  402600:	6a9b      	ldr	r3, [r3, #40]	; 0x28
						>> CKGR_PLLAR_MULA_Pos) + 1U);
  402602:	0c1b      	lsrs	r3, r3, #16
  402604:	f3c3 030a 	ubfx	r3, r3, #0, #11
  402608:	3301      	adds	r3, #1
				SystemCoreClock *= ((((PMC->CKGR_PLLAR) & CKGR_PLLAR_MULA_Msk)
  40260a:	4a24      	ldr	r2, [pc, #144]	; (40269c <SystemCoreClockUpdate+0x184>)
  40260c:	6812      	ldr	r2, [r2, #0]
  40260e:	fb02 f303 	mul.w	r3, r2, r3
  402612:	4a22      	ldr	r2, [pc, #136]	; (40269c <SystemCoreClockUpdate+0x184>)
  402614:	6013      	str	r3, [r2, #0]
				SystemCoreClock /= ((((PMC->CKGR_PLLAR) & CKGR_PLLAR_DIVA_Msk)
  402616:	4b1f      	ldr	r3, [pc, #124]	; (402694 <SystemCoreClockUpdate+0x17c>)
  402618:	6a9b      	ldr	r3, [r3, #40]	; 0x28
						>> CKGR_PLLAR_DIVA_Pos));
  40261a:	b2db      	uxtb	r3, r3
				SystemCoreClock /= ((((PMC->CKGR_PLLAR) & CKGR_PLLAR_DIVA_Msk)
  40261c:	4a1f      	ldr	r2, [pc, #124]	; (40269c <SystemCoreClockUpdate+0x184>)
  40261e:	6812      	ldr	r2, [r2, #0]
  402620:	fbb2 f3f3 	udiv	r3, r2, r3
  402624:	4a1d      	ldr	r2, [pc, #116]	; (40269c <SystemCoreClockUpdate+0x184>)
  402626:	6013      	str	r3, [r2, #0]
				SystemCoreClock *= ((((PMC->CKGR_PLLBR) & CKGR_PLLBR_MULB_Msk)
						>> CKGR_PLLBR_MULB_Pos) + 1U);
				SystemCoreClock /= ((((PMC->CKGR_PLLBR) & CKGR_PLLBR_DIVB_Msk)
						>> CKGR_PLLBR_DIVB_Pos));
			}
		break;
  402628:	e016      	b.n	402658 <SystemCoreClockUpdate+0x140>
				SystemCoreClock *= ((((PMC->CKGR_PLLBR) & CKGR_PLLBR_MULB_Msk)
  40262a:	4b1a      	ldr	r3, [pc, #104]	; (402694 <SystemCoreClockUpdate+0x17c>)
  40262c:	6adb      	ldr	r3, [r3, #44]	; 0x2c
						>> CKGR_PLLBR_MULB_Pos) + 1U);
  40262e:	0c1b      	lsrs	r3, r3, #16
  402630:	f3c3 030a 	ubfx	r3, r3, #0, #11
  402634:	3301      	adds	r3, #1
				SystemCoreClock *= ((((PMC->CKGR_PLLBR) & CKGR_PLLBR_MULB_Msk)
  402636:	4a19      	ldr	r2, [pc, #100]	; (40269c <SystemCoreClockUpdate+0x184>)
  402638:	6812      	ldr	r2, [r2, #0]
  40263a:	fb02 f303 	mul.w	r3, r2, r3
  40263e:	4a17      	ldr	r2, [pc, #92]	; (40269c <SystemCoreClockUpdate+0x184>)
  402640:	6013      	str	r3, [r2, #0]
				SystemCoreClock /= ((((PMC->CKGR_PLLBR) & CKGR_PLLBR_DIVB_Msk)
  402642:	4b14      	ldr	r3, [pc, #80]	; (402694 <SystemCoreClockUpdate+0x17c>)
  402644:	6adb      	ldr	r3, [r3, #44]	; 0x2c
						>> CKGR_PLLBR_DIVB_Pos));
  402646:	b2db      	uxtb	r3, r3
				SystemCoreClock /= ((((PMC->CKGR_PLLBR) & CKGR_PLLBR_DIVB_Msk)
  402648:	4a14      	ldr	r2, [pc, #80]	; (40269c <SystemCoreClockUpdate+0x184>)
  40264a:	6812      	ldr	r2, [r2, #0]
  40264c:	fbb2 f3f3 	udiv	r3, r2, r3
  402650:	4a12      	ldr	r2, [pc, #72]	; (40269c <SystemCoreClockUpdate+0x184>)
  402652:	6013      	str	r3, [r2, #0]
		break;
  402654:	e000      	b.n	402658 <SystemCoreClockUpdate+0x140>
		
	default:
		break;
  402656:	bf00      	nop
	}

	if ( (PMC->PMC_MCKR & PMC_MCKR_PRES_Msk) == PMC_MCKR_PRES_CLK_3 ) {
  402658:	4b0e      	ldr	r3, [pc, #56]	; (402694 <SystemCoreClockUpdate+0x17c>)
  40265a:	6b1b      	ldr	r3, [r3, #48]	; 0x30
  40265c:	f003 0370 	and.w	r3, r3, #112	; 0x70
  402660:	2b70      	cmp	r3, #112	; 0x70
  402662:	d108      	bne.n	402676 <SystemCoreClockUpdate+0x15e>
		SystemCoreClock /= 3U;
  402664:	4b0d      	ldr	r3, [pc, #52]	; (40269c <SystemCoreClockUpdate+0x184>)
  402666:	681b      	ldr	r3, [r3, #0]
  402668:	4a10      	ldr	r2, [pc, #64]	; (4026ac <SystemCoreClockUpdate+0x194>)
  40266a:	fba2 2303 	umull	r2, r3, r2, r3
  40266e:	085b      	lsrs	r3, r3, #1
  402670:	4a0a      	ldr	r2, [pc, #40]	; (40269c <SystemCoreClockUpdate+0x184>)
  402672:	6013      	str	r3, [r2, #0]
	} else {
		SystemCoreClock >>=
			((PMC->PMC_MCKR & PMC_MCKR_PRES_Msk) >> PMC_MCKR_PRES_Pos);
	}
}
  402674:	e00a      	b.n	40268c <SystemCoreClockUpdate+0x174>
			((PMC->PMC_MCKR & PMC_MCKR_PRES_Msk) >> PMC_MCKR_PRES_Pos);
  402676:	4b07      	ldr	r3, [pc, #28]	; (402694 <SystemCoreClockUpdate+0x17c>)
  402678:	6b1b      	ldr	r3, [r3, #48]	; 0x30
  40267a:	091b      	lsrs	r3, r3, #4
  40267c:	f003 0307 	and.w	r3, r3, #7
		SystemCoreClock >>=
  402680:	4a06      	ldr	r2, [pc, #24]	; (40269c <SystemCoreClockUpdate+0x184>)
  402682:	6812      	ldr	r2, [r2, #0]
  402684:	fa22 f303 	lsr.w	r3, r2, r3
  402688:	4a04      	ldr	r2, [pc, #16]	; (40269c <SystemCoreClockUpdate+0x184>)
  40268a:	6013      	str	r3, [r2, #0]
}
  40268c:	bf00      	nop
  40268e:	46bd      	mov	sp, r7
  402690:	bc80      	pop	{r7}
  402692:	4770      	bx	lr
  402694:	400e0400 	.word	0x400e0400
  402698:	400e1410 	.word	0x400e1410
  40269c:	2000000c 	.word	0x2000000c
  4026a0:	00b71b00 	.word	0x00b71b00
  4026a4:	003d0900 	.word	0x003d0900
  4026a8:	007a1200 	.word	0x007a1200
  4026ac:	aaaaaaab 	.word	0xaaaaaaab

004026b0 <system_init_flash>:
 * \brief Initialize flash wait state according to operating frequency.
 *
 * \param ul_clk System clock frequency.
 */
void system_init_flash( uint32_t ul_clk )
{
  4026b0:	b480      	push	{r7}
  4026b2:	b083      	sub	sp, #12
  4026b4:	af00      	add	r7, sp, #0
  4026b6:	6078      	str	r0, [r7, #4]
  /* Set FWS for embedded Flash access according to operating frequency */
#if !defined(ID_EFC1)
	if ( ul_clk < CHIP_FREQ_FWS_0 ) {
  4026b8:	687b      	ldr	r3, [r7, #4]
  4026ba:	4a18      	ldr	r2, [pc, #96]	; (40271c <system_init_flash+0x6c>)
  4026bc:	4293      	cmp	r3, r2
  4026be:	d804      	bhi.n	4026ca <system_init_flash+0x1a>
		EFC0->EEFC_FMR = EEFC_FMR_FWS(0)|EEFC_FMR_CLOE;
  4026c0:	4b17      	ldr	r3, [pc, #92]	; (402720 <system_init_flash+0x70>)
  4026c2:	f04f 6280 	mov.w	r2, #67108864	; 0x4000000
  4026c6:	601a      	str	r2, [r3, #0]
				}
			}
		}
	}
#endif
}
  4026c8:	e023      	b.n	402712 <system_init_flash+0x62>
		if ( ul_clk < CHIP_FREQ_FWS_1 ) {
  4026ca:	687b      	ldr	r3, [r7, #4]
  4026cc:	4a15      	ldr	r2, [pc, #84]	; (402724 <system_init_flash+0x74>)
  4026ce:	4293      	cmp	r3, r2
  4026d0:	d803      	bhi.n	4026da <system_init_flash+0x2a>
			EFC0->EEFC_FMR = EEFC_FMR_FWS(1)|EEFC_FMR_CLOE;
  4026d2:	4b13      	ldr	r3, [pc, #76]	; (402720 <system_init_flash+0x70>)
  4026d4:	4a14      	ldr	r2, [pc, #80]	; (402728 <system_init_flash+0x78>)
  4026d6:	601a      	str	r2, [r3, #0]
}
  4026d8:	e01b      	b.n	402712 <system_init_flash+0x62>
			if ( ul_clk < CHIP_FREQ_FWS_2 ) {
  4026da:	687b      	ldr	r3, [r7, #4]
  4026dc:	4a13      	ldr	r2, [pc, #76]	; (40272c <system_init_flash+0x7c>)
  4026de:	4293      	cmp	r3, r2
  4026e0:	d803      	bhi.n	4026ea <system_init_flash+0x3a>
				EFC0->EEFC_FMR = EEFC_FMR_FWS(2)|EEFC_FMR_CLOE;
  4026e2:	4b0f      	ldr	r3, [pc, #60]	; (402720 <system_init_flash+0x70>)
  4026e4:	4a12      	ldr	r2, [pc, #72]	; (402730 <system_init_flash+0x80>)
  4026e6:	601a      	str	r2, [r3, #0]
}
  4026e8:	e013      	b.n	402712 <system_init_flash+0x62>
				if ( ul_clk < CHIP_FREQ_FWS_3 ) {
  4026ea:	687b      	ldr	r3, [r7, #4]
  4026ec:	4a11      	ldr	r2, [pc, #68]	; (402734 <system_init_flash+0x84>)
  4026ee:	4293      	cmp	r3, r2
  4026f0:	d803      	bhi.n	4026fa <system_init_flash+0x4a>
					EFC0->EEFC_FMR = EEFC_FMR_FWS(3)|EEFC_FMR_CLOE;
  4026f2:	4b0b      	ldr	r3, [pc, #44]	; (402720 <system_init_flash+0x70>)
  4026f4:	4a10      	ldr	r2, [pc, #64]	; (402738 <system_init_flash+0x88>)
  4026f6:	601a      	str	r2, [r3, #0]
}
  4026f8:	e00b      	b.n	402712 <system_init_flash+0x62>
					if ( ul_clk < CHIP_FREQ_FWS_4 ) {
  4026fa:	687b      	ldr	r3, [r7, #4]
  4026fc:	4a0f      	ldr	r2, [pc, #60]	; (40273c <system_init_flash+0x8c>)
  4026fe:	4293      	cmp	r3, r2
  402700:	d804      	bhi.n	40270c <system_init_flash+0x5c>
					EFC0->EEFC_FMR = EEFC_FMR_FWS(4)|EEFC_FMR_CLOE;
  402702:	4b07      	ldr	r3, [pc, #28]	; (402720 <system_init_flash+0x70>)
  402704:	f04f 2204 	mov.w	r2, #67109888	; 0x4000400
  402708:	601a      	str	r2, [r3, #0]
}
  40270a:	e002      	b.n	402712 <system_init_flash+0x62>
					EFC0->EEFC_FMR = EEFC_FMR_FWS(5)|EEFC_FMR_CLOE;
  40270c:	4b04      	ldr	r3, [pc, #16]	; (402720 <system_init_flash+0x70>)
  40270e:	4a0c      	ldr	r2, [pc, #48]	; (402740 <system_init_flash+0x90>)
  402710:	601a      	str	r2, [r3, #0]
}
  402712:	bf00      	nop
  402714:	370c      	adds	r7, #12
  402716:	46bd      	mov	sp, r7
  402718:	bc80      	pop	{r7}
  40271a:	4770      	bx	lr
  40271c:	01312cff 	.word	0x01312cff
  402720:	400e0a00 	.word	0x400e0a00
  402724:	026259ff 	.word	0x026259ff
  402728:	04000100 	.word	0x04000100
  40272c:	039386ff 	.word	0x039386ff
  402730:	04000200 	.word	0x04000200
  402734:	04c4b3ff 	.word	0x04c4b3ff
  402738:	04000300 	.word	0x04000300
  40273c:	05f5e0ff 	.word	0x05f5e0ff
  402740:	04000500 	.word	0x04000500

00402744 <_sbrk>:
extern void _exit(int status);
extern void _kill(int pid, int sig);
extern int _getpid(void);

extern caddr_t _sbrk(int incr)
{
  402744:	b480      	push	{r7}
  402746:	b085      	sub	sp, #20
  402748:	af00      	add	r7, sp, #0
  40274a:	6078      	str	r0, [r7, #4]
	static unsigned char *heap = NULL;
	unsigned char *prev_heap;
	int ramend = (int)&__ram_end__;
  40274c:	4b10      	ldr	r3, [pc, #64]	; (402790 <_sbrk+0x4c>)
  40274e:	60fb      	str	r3, [r7, #12]

	if (heap == NULL) {
  402750:	4b10      	ldr	r3, [pc, #64]	; (402794 <_sbrk+0x50>)
  402752:	681b      	ldr	r3, [r3, #0]
  402754:	2b00      	cmp	r3, #0
  402756:	d102      	bne.n	40275e <_sbrk+0x1a>
		heap = (unsigned char *)&_end;
  402758:	4b0e      	ldr	r3, [pc, #56]	; (402794 <_sbrk+0x50>)
  40275a:	4a0f      	ldr	r2, [pc, #60]	; (402798 <_sbrk+0x54>)
  40275c:	601a      	str	r2, [r3, #0]
	}
	prev_heap = heap;
  40275e:	4b0d      	ldr	r3, [pc, #52]	; (402794 <_sbrk+0x50>)
  402760:	681b      	ldr	r3, [r3, #0]
  402762:	60bb      	str	r3, [r7, #8]

	if (((int)prev_heap + incr) > ramend) {
  402764:	68ba      	ldr	r2, [r7, #8]
  402766:	687b      	ldr	r3, [r7, #4]
  402768:	441a      	add	r2, r3
  40276a:	68fb      	ldr	r3, [r7, #12]
  40276c:	429a      	cmp	r2, r3
  40276e:	dd02      	ble.n	402776 <_sbrk+0x32>
		return (caddr_t) -1;	
  402770:	f04f 33ff 	mov.w	r3, #4294967295
  402774:	e006      	b.n	402784 <_sbrk+0x40>
	}

	heap += incr;
  402776:	4b07      	ldr	r3, [pc, #28]	; (402794 <_sbrk+0x50>)
  402778:	681a      	ldr	r2, [r3, #0]
  40277a:	687b      	ldr	r3, [r7, #4]
  40277c:	4413      	add	r3, r2
  40277e:	4a05      	ldr	r2, [pc, #20]	; (402794 <_sbrk+0x50>)
  402780:	6013      	str	r3, [r2, #0]

	return (caddr_t) prev_heap;
  402782:	68bb      	ldr	r3, [r7, #8]
}
  402784:	4618      	mov	r0, r3
  402786:	3714      	adds	r7, #20
  402788:	46bd      	mov	sp, r7
  40278a:	bc80      	pop	{r7}
  40278c:	4770      	bx	lr
  40278e:	bf00      	nop
  402790:	2001fffc 	.word	0x2001fffc
  402794:	20000a70 	.word	0x20000a70
  402798:	2001c5a0 	.word	0x2001c5a0

0040279c <osc_get_rate>:
{
  40279c:	b480      	push	{r7}
  40279e:	b083      	sub	sp, #12
  4027a0:	af00      	add	r7, sp, #0
  4027a2:	6078      	str	r0, [r7, #4]
	switch (ul_id) {
  4027a4:	687b      	ldr	r3, [r7, #4]
  4027a6:	2b07      	cmp	r3, #7
  4027a8:	d825      	bhi.n	4027f6 <osc_get_rate+0x5a>
  4027aa:	a201      	add	r2, pc, #4	; (adr r2, 4027b0 <osc_get_rate+0x14>)
  4027ac:	f852 f023 	ldr.w	pc, [r2, r3, lsl #2]
  4027b0:	004027d1 	.word	0x004027d1
  4027b4:	004027d7 	.word	0x004027d7
  4027b8:	004027dd 	.word	0x004027dd
  4027bc:	004027e3 	.word	0x004027e3
  4027c0:	004027e7 	.word	0x004027e7
  4027c4:	004027eb 	.word	0x004027eb
  4027c8:	004027ef 	.word	0x004027ef
  4027cc:	004027f3 	.word	0x004027f3
		return OSC_SLCK_32K_RC_HZ;
  4027d0:	f44f 43fa 	mov.w	r3, #32000	; 0x7d00
  4027d4:	e010      	b.n	4027f8 <osc_get_rate+0x5c>
		return BOARD_FREQ_SLCK_XTAL;
  4027d6:	f44f 4300 	mov.w	r3, #32768	; 0x8000
  4027da:	e00d      	b.n	4027f8 <osc_get_rate+0x5c>
		return BOARD_FREQ_SLCK_BYPASS;
  4027dc:	f44f 4300 	mov.w	r3, #32768	; 0x8000
  4027e0:	e00a      	b.n	4027f8 <osc_get_rate+0x5c>
		return OSC_MAINCK_4M_RC_HZ;
  4027e2:	4b08      	ldr	r3, [pc, #32]	; (402804 <osc_get_rate+0x68>)
  4027e4:	e008      	b.n	4027f8 <osc_get_rate+0x5c>
		return OSC_MAINCK_8M_RC_HZ;
  4027e6:	4b08      	ldr	r3, [pc, #32]	; (402808 <osc_get_rate+0x6c>)
  4027e8:	e006      	b.n	4027f8 <osc_get_rate+0x5c>
		return OSC_MAINCK_12M_RC_HZ;
  4027ea:	4b08      	ldr	r3, [pc, #32]	; (40280c <osc_get_rate+0x70>)
  4027ec:	e004      	b.n	4027f8 <osc_get_rate+0x5c>
		return BOARD_FREQ_MAINCK_XTAL;
  4027ee:	4b07      	ldr	r3, [pc, #28]	; (40280c <osc_get_rate+0x70>)
  4027f0:	e002      	b.n	4027f8 <osc_get_rate+0x5c>
		return BOARD_FREQ_MAINCK_BYPASS;
  4027f2:	4b06      	ldr	r3, [pc, #24]	; (40280c <osc_get_rate+0x70>)
  4027f4:	e000      	b.n	4027f8 <osc_get_rate+0x5c>
	return 0;
  4027f6:	2300      	movs	r3, #0
}
  4027f8:	4618      	mov	r0, r3
  4027fa:	370c      	adds	r7, #12
  4027fc:	46bd      	mov	sp, r7
  4027fe:	bc80      	pop	{r7}
  402800:	4770      	bx	lr
  402802:	bf00      	nop
  402804:	003d0900 	.word	0x003d0900
  402808:	007a1200 	.word	0x007a1200
  40280c:	00b71b00 	.word	0x00b71b00

00402810 <sysclk_get_main_hz>:
{
  402810:	b580      	push	{r7, lr}
  402812:	af00      	add	r7, sp, #0
		return pll_get_default_rate(0);
  402814:	2006      	movs	r0, #6
  402816:	4b04      	ldr	r3, [pc, #16]	; (402828 <sysclk_get_main_hz+0x18>)
  402818:	4798      	blx	r3
  40281a:	4602      	mov	r2, r0
  40281c:	4613      	mov	r3, r2
  40281e:	00db      	lsls	r3, r3, #3
  402820:	4413      	add	r3, r2
}
  402822:	4618      	mov	r0, r3
  402824:	bd80      	pop	{r7, pc}
  402826:	bf00      	nop
  402828:	0040279d 	.word	0x0040279d

0040282c <sysclk_get_cpu_hz>:
{
  40282c:	b580      	push	{r7, lr}
  40282e:	af00      	add	r7, sp, #0
	return sysclk_get_main_hz() /
  402830:	4b02      	ldr	r3, [pc, #8]	; (40283c <sysclk_get_cpu_hz+0x10>)
  402832:	4798      	blx	r3
  402834:	4603      	mov	r3, r0
}
  402836:	4618      	mov	r0, r3
  402838:	bd80      	pop	{r7, pc}
  40283a:	bf00      	nop
  40283c:	00402811 	.word	0x00402811

00402840 <PIOA_Handler>:
volatile uint32_t g_t_find_len    = 0;   // time spent in find_image_len
volatile uint32_t g_bytes_captured = 0;  // actual bytes written by PDC
volatile uint32_t g_t_capture_total = 0;


void PIOA_Handler(void) {
  402840:	b580      	push	{r7, lr}
  402842:	b082      	sub	sp, #8
  402844:	af00      	add	r7, sp, #0
	uint32_t isr = PIOA->PIO_ISR;  // clears ALL pending bits — must read once
  402846:	4b31      	ldr	r3, [pc, #196]	; (40290c <PIOA_Handler+0xcc>)
  402848:	6cdb      	ldr	r3, [r3, #76]	; 0x4c
  40284a:	607b      	str	r3, [r7, #4]

	if (isr & PIN_OV_VSYNC_MASK) {
  40284c:	687b      	ldr	r3, [r7, #4]
  40284e:	f403 4300 	and.w	r3, r3, #32768	; 0x8000
  402852:	2b00      	cmp	r3, #0
  402854:	d027      	beq.n	4028a6 <PIOA_Handler+0x66>
		if (g_vsync_state == VSYNC_IDLE) {
  402856:	4b2e      	ldr	r3, [pc, #184]	; (402910 <PIOA_Handler+0xd0>)
  402858:	781b      	ldrb	r3, [r3, #0]
  40285a:	b2db      	uxtb	r3, r3
  40285c:	2b00      	cmp	r3, #0
  40285e:	d10b      	bne.n	402878 <PIOA_Handler+0x38>
			PIOA->PIO_PCMR |= PIO_PCMR_PCEN;            // frame start
  402860:	4a2a      	ldr	r2, [pc, #168]	; (40290c <PIOA_Handler+0xcc>)
  402862:	4b2a      	ldr	r3, [pc, #168]	; (40290c <PIOA_Handler+0xcc>)
  402864:	f8d3 3150 	ldr.w	r3, [r3, #336]	; 0x150
  402868:	f043 0301 	orr.w	r3, r3, #1
  40286c:	f8c2 3150 	str.w	r3, [r2, #336]	; 0x150
			g_vsync_state = VSYNC_FRAME_STARTED;
  402870:	4b27      	ldr	r3, [pc, #156]	; (402910 <PIOA_Handler+0xd0>)
  402872:	2201      	movs	r2, #1
  402874:	701a      	strb	r2, [r3, #0]
  402876:	e016      	b.n	4028a6 <PIOA_Handler+0x66>
			} else if (g_vsync_state == VSYNC_FRAME_STARTED) {
  402878:	4b25      	ldr	r3, [pc, #148]	; (402910 <PIOA_Handler+0xd0>)
  40287a:	781b      	ldrb	r3, [r3, #0]
  40287c:	b2db      	uxtb	r3, r3
  40287e:	2b01      	cmp	r3, #1
  402880:	d111      	bne.n	4028a6 <PIOA_Handler+0x66>
			PIOA->PIO_PCMR  &= ~PIO_PCMR_PCEN;          // frame end
  402882:	4a22      	ldr	r2, [pc, #136]	; (40290c <PIOA_Handler+0xcc>)
  402884:	4b21      	ldr	r3, [pc, #132]	; (40290c <PIOA_Handler+0xcc>)
  402886:	f8d3 3150 	ldr.w	r3, [r3, #336]	; 0x150
  40288a:	f023 0301 	bic.w	r3, r3, #1
  40288e:	f8c2 3150 	str.w	r3, [r2, #336]	; 0x150
			PDC_PIOA->PERIPH_PTCR = PERIPH_PTCR_RXTDIS;
  402892:	4b20      	ldr	r3, [pc, #128]	; (402914 <PIOA_Handler+0xd4>)
  402894:	2202      	movs	r2, #2
  402896:	621a      	str	r2, [r3, #32]
			PIOA->PIO_IDR = PIN_OV_VSYNC_MASK;           // disarm until next capture
  402898:	4b1c      	ldr	r3, [pc, #112]	; (40290c <PIOA_Handler+0xcc>)
  40289a:	f44f 4200 	mov.w	r2, #32768	; 0x8000
  40289e:	645a      	str	r2, [r3, #68]	; 0x44
			g_vsync_state = VSYNC_FRAME_DONE;
  4028a0:	4b1b      	ldr	r3, [pc, #108]	; (402910 <PIOA_Handler+0xd0>)
  4028a2:	2202      	movs	r2, #2
  4028a4:	701a      	strb	r2, [r3, #0]
		}
	}

	if (isr & PIN_WIFI_COMM_MASK)      g_wifi_command_complete = 1;
  4028a6:	687b      	ldr	r3, [r7, #4]
  4028a8:	f403 2300 	and.w	r3, r3, #524288	; 0x80000
  4028ac:	2b00      	cmp	r3, #0
  4028ae:	d002      	beq.n	4028b6 <PIOA_Handler+0x76>
  4028b0:	4b19      	ldr	r3, [pc, #100]	; (402918 <PIOA_Handler+0xd8>)
  4028b2:	2201      	movs	r2, #1
  4028b4:	701a      	strb	r2, [r3, #0]
	if (isr & PIN_WIFI_PROVISION_MASK) g_wifi_provision_flag   = 1;
  4028b6:	687b      	ldr	r3, [r7, #4]
  4028b8:	f403 6380 	and.w	r3, r3, #1024	; 0x400
  4028bc:	2b00      	cmp	r3, #0
  4028be:	d002      	beq.n	4028c6 <PIOA_Handler+0x86>
  4028c0:	4b16      	ldr	r3, [pc, #88]	; (40291c <PIOA_Handler+0xdc>)
  4028c2:	2201      	movs	r2, #1
  4028c4:	701a      	strb	r2, [r3, #0]
	if (isr & PIN_NETWORK_STATUS_MASK)  g_network_ready = pio_get(PIOA, PIO_TYPE_PIO_INPUT, PIN_NETWORK_STATUS_MASK);
  4028c6:	687b      	ldr	r3, [r7, #4]
  4028c8:	f003 0302 	and.w	r3, r3, #2
  4028cc:	2b00      	cmp	r3, #0
  4028ce:	d009      	beq.n	4028e4 <PIOA_Handler+0xa4>
  4028d0:	2202      	movs	r2, #2
  4028d2:	f04f 5120 	mov.w	r1, #671088640	; 0x28000000
  4028d6:	480d      	ldr	r0, [pc, #52]	; (40290c <PIOA_Handler+0xcc>)
  4028d8:	4b11      	ldr	r3, [pc, #68]	; (402920 <PIOA_Handler+0xe0>)
  4028da:	4798      	blx	r3
  4028dc:	4603      	mov	r3, r0
  4028de:	b2da      	uxtb	r2, r3
  4028e0:	4b10      	ldr	r3, [pc, #64]	; (402924 <PIOA_Handler+0xe4>)
  4028e2:	701a      	strb	r2, [r3, #0]
    if (isr & PIN_CLIENT_STATUS_MASK)   g_clients_connected = pio_get(PIOA, PIO_TYPE_PIO_INPUT, PIN_CLIENT_STATUS_MASK);
  4028e4:	687b      	ldr	r3, [r7, #4]
  4028e6:	f003 0304 	and.w	r3, r3, #4
  4028ea:	2b00      	cmp	r3, #0
  4028ec:	d009      	beq.n	402902 <PIOA_Handler+0xc2>
  4028ee:	2204      	movs	r2, #4
  4028f0:	f04f 5120 	mov.w	r1, #671088640	; 0x28000000
  4028f4:	4805      	ldr	r0, [pc, #20]	; (40290c <PIOA_Handler+0xcc>)
  4028f6:	4b0a      	ldr	r3, [pc, #40]	; (402920 <PIOA_Handler+0xe0>)
  4028f8:	4798      	blx	r3
  4028fa:	4603      	mov	r3, r0
  4028fc:	b2da      	uxtb	r2, r3
  4028fe:	4b0a      	ldr	r3, [pc, #40]	; (402928 <PIOA_Handler+0xe8>)
  402900:	701a      	strb	r2, [r3, #0]
}
  402902:	bf00      	nop
  402904:	3708      	adds	r7, #8
  402906:	46bd      	mov	sp, r7
  402908:	bd80      	pop	{r7, pc}
  40290a:	bf00      	nop
  40290c:	400e0e00 	.word	0x400e0e00
  402910:	20000a78 	.word	0x20000a78
  402914:	400e0f68 	.word	0x400e0f68
  402918:	200009e4 	.word	0x200009e4
  40291c:	200009e5 	.word	0x200009e5
  402920:	0040137f 	.word	0x0040137f
  402924:	20000a79 	.word	0x20000a79
  402928:	20000a7a 	.word	0x20000a7a

0040292c <init_vsync_interrupts>:

void init_vsync_interrupts(void) {
  40292c:	b480      	push	{r7}
  40292e:	af00      	add	r7, sp, #0
	// PIO_PER intentionally omitted — conflicts with TWI on PIOA
	PIOA->PIO_ODR    = PIN_OV_VSYNC_MASK;
  402930:	4b0b      	ldr	r3, [pc, #44]	; (402960 <init_vsync_interrupts+0x34>)
  402932:	f44f 4200 	mov.w	r2, #32768	; 0x8000
  402936:	615a      	str	r2, [r3, #20]
	PIOA->PIO_AIMER  = PIN_OV_VSYNC_MASK;
  402938:	4b09      	ldr	r3, [pc, #36]	; (402960 <init_vsync_interrupts+0x34>)
  40293a:	f44f 4200 	mov.w	r2, #32768	; 0x8000
  40293e:	f8c3 20b0 	str.w	r2, [r3, #176]	; 0xb0
	PIOA->PIO_ESR    = PIN_OV_VSYNC_MASK;
  402942:	4b07      	ldr	r3, [pc, #28]	; (402960 <init_vsync_interrupts+0x34>)
  402944:	f44f 4200 	mov.w	r2, #32768	; 0x8000
  402948:	f8c3 20c0 	str.w	r2, [r3, #192]	; 0xc0
	PIOA->PIO_REHLSR = PIN_OV_VSYNC_MASK;
  40294c:	4b04      	ldr	r3, [pc, #16]	; (402960 <init_vsync_interrupts+0x34>)
  40294e:	f44f 4200 	mov.w	r2, #32768	; 0x8000
  402952:	f8c3 20d4 	str.w	r2, [r3, #212]	; 0xd4
	// IER armed per-frame in start_capture()
}
  402956:	bf00      	nop
  402958:	46bd      	mov	sp, r7
  40295a:	bc80      	pop	{r7}
  40295c:	4770      	bx	lr
  40295e:	bf00      	nop
  402960:	400e0e00 	.word	0x400e0e00

00402964 <configure_twi>:

void configure_twi(void) {
  402964:	b580      	push	{r7, lr}
  402966:	b084      	sub	sp, #16
  402968:	af00      	add	r7, sp, #0
	twi_options_t opt;
	pmc_enable_periph_clk(ID_TWI0);
  40296a:	2013      	movs	r0, #19
  40296c:	4b0d      	ldr	r3, [pc, #52]	; (4029a4 <configure_twi+0x40>)
  40296e:	4798      	blx	r3
	gpio_configure_pin(PIO_PA3_IDX, (PIO_PERIPH_A | PIO_DEFAULT));
  402970:	f04f 6100 	mov.w	r1, #134217728	; 0x8000000
  402974:	2003      	movs	r0, #3
  402976:	4b0c      	ldr	r3, [pc, #48]	; (4029a8 <configure_twi+0x44>)
  402978:	4798      	blx	r3
	gpio_configure_pin(PIO_PA4_IDX, (PIO_PERIPH_A | PIO_DEFAULT));
  40297a:	f04f 6100 	mov.w	r1, #134217728	; 0x8000000
  40297e:	2004      	movs	r0, #4
  402980:	4b09      	ldr	r3, [pc, #36]	; (4029a8 <configure_twi+0x44>)
  402982:	4798      	blx	r3
	opt.master_clk = sysclk_get_cpu_hz();
  402984:	4b09      	ldr	r3, [pc, #36]	; (4029ac <configure_twi+0x48>)
  402986:	4798      	blx	r3
  402988:	4603      	mov	r3, r0
  40298a:	607b      	str	r3, [r7, #4]
	opt.speed      = 100000;
  40298c:	4b08      	ldr	r3, [pc, #32]	; (4029b0 <configure_twi+0x4c>)
  40298e:	60bb      	str	r3, [r7, #8]
	twi_master_init(BOARD_TWI, &opt);
  402990:	1d3b      	adds	r3, r7, #4
  402992:	4619      	mov	r1, r3
  402994:	4807      	ldr	r0, [pc, #28]	; (4029b4 <configure_twi+0x50>)
  402996:	4b08      	ldr	r3, [pc, #32]	; (4029b8 <configure_twi+0x54>)
  402998:	4798      	blx	r3
}
  40299a:	bf00      	nop
  40299c:	3710      	adds	r7, #16
  40299e:	46bd      	mov	sp, r7
  4029a0:	bd80      	pop	{r7, pc}
  4029a2:	bf00      	nop
  4029a4:	00401c35 	.word	0x00401c35
  4029a8:	00401729 	.word	0x00401729
  4029ac:	0040282d 	.word	0x0040282d
  4029b0:	000186a0 	.word	0x000186a0
  4029b4:	40018000 	.word	0x40018000
  4029b8:	00401dc5 	.word	0x00401dc5

004029bc <pio_capture_init>:

void pio_capture_init(Pio *p_pio, uint32_t ul_id) {
  4029bc:	b580      	push	{r7, lr}
  4029be:	b082      	sub	sp, #8
  4029c0:	af00      	add	r7, sp, #0
  4029c2:	6078      	str	r0, [r7, #4]
  4029c4:	6039      	str	r1, [r7, #0]
	pmc_enable_periph_clk(ul_id);
  4029c6:	6838      	ldr	r0, [r7, #0]
  4029c8:	4b09      	ldr	r3, [pc, #36]	; (4029f0 <pio_capture_init+0x34>)
  4029ca:	4798      	blx	r3
	p_pio->PIO_PCMR  &= ~PIO_PCMR_PCEN;
  4029cc:	687b      	ldr	r3, [r7, #4]
  4029ce:	f8d3 3150 	ldr.w	r3, [r3, #336]	; 0x150
  4029d2:	f023 0201 	bic.w	r2, r3, #1
  4029d6:	687b      	ldr	r3, [r7, #4]
  4029d8:	f8c3 2150 	str.w	r2, [r3, #336]	; 0x150
	p_pio->PIO_PCIDR  = 0xFFFFFFFF;
  4029dc:	687b      	ldr	r3, [r7, #4]
  4029de:	f04f 32ff 	mov.w	r2, #4294967295
  4029e2:	f8c3 2158 	str.w	r2, [r3, #344]	; 0x158
}
  4029e6:	bf00      	nop
  4029e8:	3708      	adds	r7, #8
  4029ea:	46bd      	mov	sp, r7
  4029ec:	bd80      	pop	{r7, pc}
  4029ee:	bf00      	nop
  4029f0:	00401c35 	.word	0x00401c35

004029f4 <init_camera>:

void init_camera(void) {
  4029f4:	e92d 4ff0 	stmdb	sp!, {r4, r5, r6, r7, r8, r9, sl, fp, lr}
  4029f8:	b085      	sub	sp, #20
  4029fa:	af00      	add	r7, sp, #0
	pmc_enable_periph_clk(ID_PIOA);
  4029fc:	200b      	movs	r0, #11
  4029fe:	4b67      	ldr	r3, [pc, #412]	; (402b9c <init_camera+0x1a8>)
  402a00:	4798      	blx	r3
	gpio_configure_pin(PIN_OV_RST, PIN_OV_RST_FLAGS);
  402a02:	f04f 5160 	mov.w	r1, #939524096	; 0x38000000
  402a06:	2014      	movs	r0, #20
  402a08:	4b65      	ldr	r3, [pc, #404]	; (402ba0 <init_camera+0x1ac>)
  402a0a:	4798      	blx	r3

	// XCLK — PA17 PCK1 @ 108MHz/8 = 13.5MHz
	PIOA->PIO_ABCDSR[0] |=  (1u << 17);
  402a0c:	4a65      	ldr	r2, [pc, #404]	; (402ba4 <init_camera+0x1b0>)
  402a0e:	4b65      	ldr	r3, [pc, #404]	; (402ba4 <init_camera+0x1b0>)
  402a10:	6f1b      	ldr	r3, [r3, #112]	; 0x70
  402a12:	f443 3300 	orr.w	r3, r3, #131072	; 0x20000
  402a16:	6713      	str	r3, [r2, #112]	; 0x70
	PIOA->PIO_ABCDSR[1] &= ~(1u << 17);
  402a18:	4a62      	ldr	r2, [pc, #392]	; (402ba4 <init_camera+0x1b0>)
  402a1a:	4b62      	ldr	r3, [pc, #392]	; (402ba4 <init_camera+0x1b0>)
  402a1c:	6f5b      	ldr	r3, [r3, #116]	; 0x74
  402a1e:	f423 3300 	bic.w	r3, r3, #131072	; 0x20000
  402a22:	6753      	str	r3, [r2, #116]	; 0x74
	PIOA->PIO_PDR = (1u << 17);
  402a24:	4b5f      	ldr	r3, [pc, #380]	; (402ba4 <init_camera+0x1b0>)
  402a26:	f44f 3200 	mov.w	r2, #131072	; 0x20000
  402a2a:	605a      	str	r2, [r3, #4]
	PMC->PMC_PCK[1] = PMC_PCK_CSS_PLLA_CLK | PMC_PCK_PRES_CLK_4;
  402a2c:	4b5e      	ldr	r3, [pc, #376]	; (402ba8 <init_camera+0x1b4>)
  402a2e:	2222      	movs	r2, #34	; 0x22
  402a30:	645a      	str	r2, [r3, #68]	; 0x44
	PMC->PMC_SCER   = PMC_SCER_PCK1;
  402a32:	4b5d      	ldr	r3, [pc, #372]	; (402ba8 <init_camera+0x1b4>)
  402a34:	f44f 7200 	mov.w	r2, #512	; 0x200
  402a38:	601a      	str	r2, [r3, #0]
	while (!(PMC->PMC_SR & PMC_SR_PCKRDY1));
  402a3a:	bf00      	nop
  402a3c:	4b5a      	ldr	r3, [pc, #360]	; (402ba8 <init_camera+0x1b4>)
  402a3e:	6e9b      	ldr	r3, [r3, #104]	; 0x68
  402a40:	f403 7300 	and.w	r3, r3, #512	; 0x200
  402a44:	2b00      	cmp	r3, #0
  402a46:	d0f9      	beq.n	402a3c <init_camera+0x48>
	delay_ms(10);
  402a48:	4b58      	ldr	r3, [pc, #352]	; (402bac <init_camera+0x1b8>)
  402a4a:	4798      	blx	r3
  402a4c:	4603      	mov	r3, r0
  402a4e:	4619      	mov	r1, r3
  402a50:	f04f 0200 	mov.w	r2, #0
  402a54:	460b      	mov	r3, r1
  402a56:	4614      	mov	r4, r2
  402a58:	00a6      	lsls	r6, r4, #2
  402a5a:	ea46 7693 	orr.w	r6, r6, r3, lsr #30
  402a5e:	009d      	lsls	r5, r3, #2
  402a60:	462b      	mov	r3, r5
  402a62:	4634      	mov	r4, r6
  402a64:	185b      	adds	r3, r3, r1
  402a66:	eb44 0402 	adc.w	r4, r4, r2
  402a6a:	18db      	adds	r3, r3, r3
  402a6c:	eb44 0404 	adc.w	r4, r4, r4
  402a70:	4619      	mov	r1, r3
  402a72:	4622      	mov	r2, r4
  402a74:	f243 63af 	movw	r3, #13999	; 0x36af
  402a78:	f04f 0400 	mov.w	r4, #0
  402a7c:	18cd      	adds	r5, r1, r3
  402a7e:	eb42 0604 	adc.w	r6, r2, r4
  402a82:	4628      	mov	r0, r5
  402a84:	4631      	mov	r1, r6
  402a86:	4c4a      	ldr	r4, [pc, #296]	; (402bb0 <init_camera+0x1bc>)
  402a88:	f243 62b0 	movw	r2, #14000	; 0x36b0
  402a8c:	f04f 0300 	mov.w	r3, #0
  402a90:	47a0      	blx	r4
  402a92:	4603      	mov	r3, r0
  402a94:	460c      	mov	r4, r1
  402a96:	4618      	mov	r0, r3
  402a98:	4b46      	ldr	r3, [pc, #280]	; (402bb4 <init_camera+0x1c0>)
  402a9a:	4798      	blx	r3

	gpio_set_pin_low(PIN_OV_RST);
  402a9c:	2014      	movs	r0, #20
  402a9e:	4b46      	ldr	r3, [pc, #280]	; (402bb8 <init_camera+0x1c4>)
  402aa0:	4798      	blx	r3
	delay_ms(10);
  402aa2:	4b42      	ldr	r3, [pc, #264]	; (402bac <init_camera+0x1b8>)
  402aa4:	4798      	blx	r3
  402aa6:	4603      	mov	r3, r0
  402aa8:	4619      	mov	r1, r3
  402aaa:	f04f 0200 	mov.w	r2, #0
  402aae:	460b      	mov	r3, r1
  402ab0:	4614      	mov	r4, r2
  402ab2:	00a0      	lsls	r0, r4, #2
  402ab4:	60f8      	str	r0, [r7, #12]
  402ab6:	68f8      	ldr	r0, [r7, #12]
  402ab8:	ea40 7093 	orr.w	r0, r0, r3, lsr #30
  402abc:	60f8      	str	r0, [r7, #12]
  402abe:	009b      	lsls	r3, r3, #2
  402ac0:	60bb      	str	r3, [r7, #8]
  402ac2:	e9d7 3402 	ldrd	r3, r4, [r7, #8]
  402ac6:	185b      	adds	r3, r3, r1
  402ac8:	eb44 0402 	adc.w	r4, r4, r2
  402acc:	18db      	adds	r3, r3, r3
  402ace:	eb44 0404 	adc.w	r4, r4, r4
  402ad2:	4619      	mov	r1, r3
  402ad4:	4622      	mov	r2, r4
  402ad6:	f243 63af 	movw	r3, #13999	; 0x36af
  402ada:	f04f 0400 	mov.w	r4, #0
  402ade:	18cd      	adds	r5, r1, r3
  402ae0:	eb42 0604 	adc.w	r6, r2, r4
  402ae4:	4628      	mov	r0, r5
  402ae6:	4631      	mov	r1, r6
  402ae8:	4c31      	ldr	r4, [pc, #196]	; (402bb0 <init_camera+0x1bc>)
  402aea:	f243 62b0 	movw	r2, #14000	; 0x36b0
  402aee:	f04f 0300 	mov.w	r3, #0
  402af2:	47a0      	blx	r4
  402af4:	4603      	mov	r3, r0
  402af6:	460c      	mov	r4, r1
  402af8:	4618      	mov	r0, r3
  402afa:	4b2e      	ldr	r3, [pc, #184]	; (402bb4 <init_camera+0x1c0>)
  402afc:	4798      	blx	r3
	gpio_set_pin_high(PIN_OV_RST);
  402afe:	2014      	movs	r0, #20
  402b00:	4b2e      	ldr	r3, [pc, #184]	; (402bbc <init_camera+0x1c8>)
  402b02:	4798      	blx	r3
	delay_ms(500);
  402b04:	4b29      	ldr	r3, [pc, #164]	; (402bac <init_camera+0x1b8>)
  402b06:	4798      	blx	r3
  402b08:	4603      	mov	r3, r0
  402b0a:	4619      	mov	r1, r3
  402b0c:	f04f 0200 	mov.w	r2, #0
  402b10:	460b      	mov	r3, r1
  402b12:	4614      	mov	r4, r2
  402b14:	0160      	lsls	r0, r4, #5
  402b16:	6078      	str	r0, [r7, #4]
  402b18:	6878      	ldr	r0, [r7, #4]
  402b1a:	ea40 60d3 	orr.w	r0, r0, r3, lsr #27
  402b1e:	6078      	str	r0, [r7, #4]
  402b20:	015b      	lsls	r3, r3, #5
  402b22:	603b      	str	r3, [r7, #0]
  402b24:	e9d7 3400 	ldrd	r3, r4, [r7]
  402b28:	1a5b      	subs	r3, r3, r1
  402b2a:	eb64 0402 	sbc.w	r4, r4, r2
  402b2e:	ea4f 0b84 	mov.w	fp, r4, lsl #2
  402b32:	ea4b 7b93 	orr.w	fp, fp, r3, lsr #30
  402b36:	ea4f 0a83 	mov.w	sl, r3, lsl #2
  402b3a:	4653      	mov	r3, sl
  402b3c:	465c      	mov	r4, fp
  402b3e:	185b      	adds	r3, r3, r1
  402b40:	eb44 0402 	adc.w	r4, r4, r2
  402b44:	ea4f 0984 	mov.w	r9, r4, lsl #2
  402b48:	ea49 7993 	orr.w	r9, r9, r3, lsr #30
  402b4c:	ea4f 0883 	mov.w	r8, r3, lsl #2
  402b50:	4643      	mov	r3, r8
  402b52:	464c      	mov	r4, r9
  402b54:	4619      	mov	r1, r3
  402b56:	4622      	mov	r2, r4
  402b58:	f243 63af 	movw	r3, #13999	; 0x36af
  402b5c:	f04f 0400 	mov.w	r4, #0
  402b60:	18cd      	adds	r5, r1, r3
  402b62:	eb42 0604 	adc.w	r6, r2, r4
  402b66:	4628      	mov	r0, r5
  402b68:	4631      	mov	r1, r6
  402b6a:	4c11      	ldr	r4, [pc, #68]	; (402bb0 <init_camera+0x1bc>)
  402b6c:	f243 62b0 	movw	r2, #14000	; 0x36b0
  402b70:	f04f 0300 	mov.w	r3, #0
  402b74:	47a0      	blx	r4
  402b76:	4603      	mov	r3, r0
  402b78:	460c      	mov	r4, r1
  402b7a:	4618      	mov	r0, r3
  402b7c:	4b0d      	ldr	r3, [pc, #52]	; (402bb4 <init_camera+0x1c0>)
  402b7e:	4798      	blx	r3

	configure_twi();
  402b80:	4b0f      	ldr	r3, [pc, #60]	; (402bc0 <init_camera+0x1cc>)
  402b82:	4798      	blx	r3
	init_vsync_interrupts();
  402b84:	4b0f      	ldr	r3, [pc, #60]	; (402bc4 <init_camera+0x1d0>)
  402b86:	4798      	blx	r3
	pio_capture_init(PIOA, ID_PIOA);
  402b88:	210b      	movs	r1, #11
  402b8a:	4806      	ldr	r0, [pc, #24]	; (402ba4 <init_camera+0x1b0>)
  402b8c:	4b0e      	ldr	r3, [pc, #56]	; (402bc8 <init_camera+0x1d4>)
  402b8e:	4798      	blx	r3
}
  402b90:	bf00      	nop
  402b92:	3714      	adds	r7, #20
  402b94:	46bd      	mov	sp, r7
  402b96:	e8bd 8ff0 	ldmia.w	sp!, {r4, r5, r6, r7, r8, r9, sl, fp, pc}
  402b9a:	bf00      	nop
  402b9c:	00401c35 	.word	0x00401c35
  402ba0:	00401729 	.word	0x00401729
  402ba4:	400e0e00 	.word	0x400e0e00
  402ba8:	400e0400 	.word	0x400e0400
  402bac:	0040282d 	.word	0x0040282d
  402bb0:	00403729 	.word	0x00403729
  402bb4:	20000001 	.word	0x20000001
  402bb8:	004016f9 	.word	0x004016f9
  402bbc:	004016c9 	.word	0x004016c9
  402bc0:	00402965 	.word	0x00402965
  402bc4:	0040292d 	.word	0x0040292d
  402bc8:	004029bd 	.word	0x004029bd

00402bcc <configure_camera>:

void configure_camera(void) {
  402bcc:	b580      	push	{r7, lr}
  402bce:	af00      	add	r7, sp, #0
	ov_init(BOARD_TWI);
  402bd0:	480a      	ldr	r0, [pc, #40]	; (402bfc <configure_camera+0x30>)
  402bd2:	4b0b      	ldr	r3, [pc, #44]	; (402c00 <configure_camera+0x34>)
  402bd4:	4798      	blx	r3
	ov_configure(BOARD_TWI, JPEG_INIT);
  402bd6:	2100      	movs	r1, #0
  402bd8:	4808      	ldr	r0, [pc, #32]	; (402bfc <configure_camera+0x30>)
  402bda:	4b0a      	ldr	r3, [pc, #40]	; (402c04 <configure_camera+0x38>)
  402bdc:	4798      	blx	r3
	ov_configure(BOARD_TWI, YUV422);
  402bde:	2101      	movs	r1, #1
  402be0:	4806      	ldr	r0, [pc, #24]	; (402bfc <configure_camera+0x30>)
  402be2:	4b08      	ldr	r3, [pc, #32]	; (402c04 <configure_camera+0x38>)
  402be4:	4798      	blx	r3
	ov_configure(BOARD_TWI, JPEG);
  402be6:	2102      	movs	r1, #2
  402be8:	4804      	ldr	r0, [pc, #16]	; (402bfc <configure_camera+0x30>)
  402bea:	4b06      	ldr	r3, [pc, #24]	; (402c04 <configure_camera+0x38>)
  402bec:	4798      	blx	r3
	ov_configure(BOARD_TWI, JPEG_320x240);
  402bee:	2103      	movs	r1, #3
  402bf0:	4802      	ldr	r0, [pc, #8]	; (402bfc <configure_camera+0x30>)
  402bf2:	4b04      	ldr	r3, [pc, #16]	; (402c04 <configure_camera+0x38>)
  402bf4:	4798      	blx	r3
	
}
  402bf6:	bf00      	nop
  402bf8:	bd80      	pop	{r7, pc}
  402bfa:	bf00      	nop
  402bfc:	40018000 	.word	0x40018000
  402c00:	0040067d 	.word	0x0040067d
  402c04:	00400709 	.word	0x00400709

00402c08 <start_capture>:

uint8_t start_capture(void) {
  402c08:	b580      	push	{r7, lr}
  402c0a:	b08a      	sub	sp, #40	; 0x28
  402c0c:	af00      	add	r7, sp, #0
	uint32_t t_start = TC0->TC_CHANNEL[0].TC_CV;  // ? start of entire function
  402c0e:	4b42      	ldr	r3, [pc, #264]	; (402d18 <start_capture+0x110>)
  402c10:	691b      	ldr	r3, [r3, #16]
  402c12:	627b      	str	r3, [r7, #36]	; 0x24
    while (g_buf_owner == BUF_OWNER_WIFI);
  402c14:	bf00      	nop
  402c16:	4b41      	ldr	r3, [pc, #260]	; (402d1c <start_capture+0x114>)
  402c18:	781b      	ldrb	r3, [r3, #0]
  402c1a:	b2db      	uxtb	r3, r3
  402c1c:	2b02      	cmp	r3, #2
  402c1e:	d0fa      	beq.n	402c16 <start_capture+0xe>
    g_buf_owner = BUF_OWNER_CAMERA;
  402c20:	4b3e      	ldr	r3, [pc, #248]	; (402d1c <start_capture+0x114>)
  402c22:	2201      	movs	r2, #1
  402c24:	701a      	strb	r2, [r3, #0]

    uint32_t cap_pins = PIN_OV_CAP_PINS;
  402c26:	4b3e      	ldr	r3, [pc, #248]	; (402d20 <start_capture+0x118>)
  402c28:	623b      	str	r3, [r7, #32]
    PIOA->PIO_PDR        = cap_pins;
  402c2a:	4a3e      	ldr	r2, [pc, #248]	; (402d24 <start_capture+0x11c>)
  402c2c:	6a3b      	ldr	r3, [r7, #32]
  402c2e:	6053      	str	r3, [r2, #4]
    PIOA->PIO_ABCDSR[0] |= cap_pins;
  402c30:	493c      	ldr	r1, [pc, #240]	; (402d24 <start_capture+0x11c>)
  402c32:	4b3c      	ldr	r3, [pc, #240]	; (402d24 <start_capture+0x11c>)
  402c34:	6f1a      	ldr	r2, [r3, #112]	; 0x70
  402c36:	6a3b      	ldr	r3, [r7, #32]
  402c38:	4313      	orrs	r3, r2
  402c3a:	670b      	str	r3, [r1, #112]	; 0x70
    PIOA->PIO_ABCDSR[1] |= cap_pins;
  402c3c:	4939      	ldr	r1, [pc, #228]	; (402d24 <start_capture+0x11c>)
  402c3e:	4b39      	ldr	r3, [pc, #228]	; (402d24 <start_capture+0x11c>)
  402c40:	6f5a      	ldr	r2, [r3, #116]	; 0x74
  402c42:	6a3b      	ldr	r3, [r7, #32]
  402c44:	4313      	orrs	r3, r2
  402c46:	674b      	str	r3, [r1, #116]	; 0x74
    PIOA->PIO_PUDR       = cap_pins;
  402c48:	4a36      	ldr	r2, [pc, #216]	; (402d24 <start_capture+0x11c>)
  402c4a:	6a3b      	ldr	r3, [r7, #32]
  402c4c:	6613      	str	r3, [r2, #96]	; 0x60
    PIOA->PIO_PCIDR      = 0xFFFFFFFF;
  402c4e:	4b35      	ldr	r3, [pc, #212]	; (402d24 <start_capture+0x11c>)
  402c50:	f04f 32ff 	mov.w	r2, #4294967295
  402c54:	f8c3 2158 	str.w	r2, [r3, #344]	; 0x158

    volatile uint32_t dummy = PIOA->PIO_PCRHR;
  402c58:	4b32      	ldr	r3, [pc, #200]	; (402d24 <start_capture+0x11c>)
  402c5a:	f8d3 3164 	ldr.w	r3, [r3, #356]	; 0x164
  402c5e:	60bb      	str	r3, [r7, #8]
    (void)dummy;
  402c60:	68bb      	ldr	r3, [r7, #8]

    Pdc *pdc = PDC_PIOA;
  402c62:	4b31      	ldr	r3, [pc, #196]	; (402d28 <start_capture+0x120>)
  402c64:	61fb      	str	r3, [r7, #28]
    pdc->PERIPH_PTCR = PERIPH_PTCR_RXTDIS;
  402c66:	69fb      	ldr	r3, [r7, #28]
  402c68:	2202      	movs	r2, #2
  402c6a:	621a      	str	r2, [r3, #32]
    pdc->PERIPH_RPR  = (uint32_t)(g_image_buffer+1);
  402c6c:	4b2f      	ldr	r3, [pc, #188]	; (402d2c <start_capture+0x124>)
  402c6e:	461a      	mov	r2, r3
  402c70:	69fb      	ldr	r3, [r7, #28]
  402c72:	601a      	str	r2, [r3, #0]
    pdc->PERIPH_RCR  = CAM_IMAGE_BUFFER_SIZE-1;
  402c74:	69fb      	ldr	r3, [r7, #28]
  402c76:	4a2e      	ldr	r2, [pc, #184]	; (402d30 <start_capture+0x128>)
  402c78:	605a      	str	r2, [r3, #4]
    pdc->PERIPH_RNPR = 0;
  402c7a:	69fb      	ldr	r3, [r7, #28]
  402c7c:	2200      	movs	r2, #0
  402c7e:	611a      	str	r2, [r3, #16]
    pdc->PERIPH_RNCR = 0;
  402c80:	69fb      	ldr	r3, [r7, #28]
  402c82:	2200      	movs	r2, #0
  402c84:	615a      	str	r2, [r3, #20]
    pdc->PERIPH_PTCR = PERIPH_PTCR_RXTEN;
  402c86:	69fb      	ldr	r3, [r7, #28]
  402c88:	2201      	movs	r2, #1
  402c8a:	621a      	str	r2, [r3, #32]
    PIOA->PIO_PCMR   = 0;
  402c8c:	4b25      	ldr	r3, [pc, #148]	; (402d24 <start_capture+0x11c>)
  402c8e:	2200      	movs	r2, #0
  402c90:	f8c3 2150 	str.w	r2, [r3, #336]	; 0x150

    g_vsync_state = VSYNC_IDLE;
  402c94:	4b27      	ldr	r3, [pc, #156]	; (402d34 <start_capture+0x12c>)
  402c96:	2200      	movs	r2, #0
  402c98:	701a      	strb	r2, [r3, #0]
    volatile uint32_t isr_flush = PIOA->PIO_ISR;
  402c9a:	4b22      	ldr	r3, [pc, #136]	; (402d24 <start_capture+0x11c>)
  402c9c:	6cdb      	ldr	r3, [r3, #76]	; 0x4c
  402c9e:	607b      	str	r3, [r7, #4]
    (void)isr_flush;
  402ca0:	687b      	ldr	r3, [r7, #4]
    PIOA->PIO_IER = PIN_OV_VSYNC_MASK;
  402ca2:	4b20      	ldr	r3, [pc, #128]	; (402d24 <start_capture+0x11c>)
  402ca4:	f44f 4200 	mov.w	r2, #32768	; 0x8000
  402ca8:	641a      	str	r2, [r3, #64]	; 0x40

    // Time VSYNC wait
    uint32_t t1 = TC0->TC_CHANNEL[0].TC_CV;
  402caa:	4b1b      	ldr	r3, [pc, #108]	; (402d18 <start_capture+0x110>)
  402cac:	691b      	ldr	r3, [r3, #16]
  402cae:	61bb      	str	r3, [r7, #24]
    while (g_vsync_state != VSYNC_FRAME_DONE);
  402cb0:	bf00      	nop
  402cb2:	4b20      	ldr	r3, [pc, #128]	; (402d34 <start_capture+0x12c>)
  402cb4:	781b      	ldrb	r3, [r3, #0]
  402cb6:	b2db      	uxtb	r3, r3
  402cb8:	2b02      	cmp	r3, #2
  402cba:	d1fa      	bne.n	402cb2 <start_capture+0xaa>
    uint32_t t2 = TC0->TC_CHANNEL[0].TC_CV;
  402cbc:	4b16      	ldr	r3, [pc, #88]	; (402d18 <start_capture+0x110>)
  402cbe:	691b      	ldr	r3, [r3, #16]
  402cc0:	617b      	str	r3, [r7, #20]

    g_bytes_captured = (CAM_IMAGE_BUFFER_SIZE - 1) - PDC_PIOA->PERIPH_RCR;
  402cc2:	4b19      	ldr	r3, [pc, #100]	; (402d28 <start_capture+0x120>)
  402cc4:	685b      	ldr	r3, [r3, #4]
  402cc6:	f5c3 33c3 	rsb	r3, r3, #99840	; 0x18600
  402cca:	339f      	adds	r3, #159	; 0x9f
  402ccc:	4a1a      	ldr	r2, [pc, #104]	; (402d38 <start_capture+0x130>)
  402cce:	6013      	str	r3, [r2, #0]

    // Time find_image_len
    uint8_t result = find_image_len(g_bytes_captured);
  402cd0:	4b19      	ldr	r3, [pc, #100]	; (402d38 <start_capture+0x130>)
  402cd2:	681b      	ldr	r3, [r3, #0]
  402cd4:	4618      	mov	r0, r3
  402cd6:	4b19      	ldr	r3, [pc, #100]	; (402d3c <start_capture+0x134>)
  402cd8:	4798      	blx	r3
  402cda:	4603      	mov	r3, r0
  402cdc:	74fb      	strb	r3, [r7, #19]
    uint32_t t3 = TC0->TC_CHANNEL[0].TC_CV;
  402cde:	4b0e      	ldr	r3, [pc, #56]	; (402d18 <start_capture+0x110>)
  402ce0:	691b      	ldr	r3, [r3, #16]
  402ce2:	60fb      	str	r3, [r7, #12]

    // Divide by 108000 in your head to convert to ms (108MHz clock)
    g_t_vsync_wait = t2 - t1;
  402ce4:	697a      	ldr	r2, [r7, #20]
  402ce6:	69bb      	ldr	r3, [r7, #24]
  402ce8:	1ad3      	subs	r3, r2, r3
  402cea:	4a15      	ldr	r2, [pc, #84]	; (402d40 <start_capture+0x138>)
  402cec:	6013      	str	r3, [r2, #0]
    g_t_find_len   = t3 - t2;
  402cee:	68fa      	ldr	r2, [r7, #12]
  402cf0:	697b      	ldr	r3, [r7, #20]
  402cf2:	1ad3      	subs	r3, r2, r3
  402cf4:	4a13      	ldr	r2, [pc, #76]	; (402d44 <start_capture+0x13c>)
  402cf6:	6013      	str	r3, [r2, #0]
	g_t_capture_total = t3 - t_start;  // ? entire function duration
  402cf8:	68fa      	ldr	r2, [r7, #12]
  402cfa:	6a7b      	ldr	r3, [r7, #36]	; 0x24
  402cfc:	1ad3      	subs	r3, r2, r3
  402cfe:	4a12      	ldr	r2, [pc, #72]	; (402d48 <start_capture+0x140>)
  402d00:	6013      	str	r3, [r2, #0]

    if (!result) g_buf_owner = BUF_OWNER_NONE;
  402d02:	7cfb      	ldrb	r3, [r7, #19]
  402d04:	2b00      	cmp	r3, #0
  402d06:	d102      	bne.n	402d0e <start_capture+0x106>
  402d08:	4b04      	ldr	r3, [pc, #16]	; (402d1c <start_capture+0x114>)
  402d0a:	2200      	movs	r2, #0
  402d0c:	701a      	strb	r2, [r3, #0]
    return result;
  402d0e:	7cfb      	ldrb	r3, [r7, #19]
}
  402d10:	4618      	mov	r0, r3
  402d12:	3728      	adds	r7, #40	; 0x28
  402d14:	46bd      	mov	sp, r7
  402d16:	bd80      	pop	{r7, pc}
  402d18:	40010000 	.word	0x40010000
  402d1c:	20000a7b 	.word	0x20000a7b
  402d20:	ff810000 	.word	0xff810000
  402d24:	400e0e00 	.word	0x400e0e00
  402d28:	400e0f68 	.word	0x400e0f68
  402d2c:	20000ad9 	.word	0x20000ad9
  402d30:	0001869f 	.word	0x0001869f
  402d34:	20000a78 	.word	0x20000a78
  402d38:	20000a84 	.word	0x20000a84
  402d3c:	00402d4d 	.word	0x00402d4d
  402d40:	20000a7c 	.word	0x20000a7c
  402d44:	20000a80 	.word	0x20000a80
  402d48:	20000a88 	.word	0x20000a88

00402d4c <find_image_len>:


uint8_t find_image_len(uint32_t search_len) {
  402d4c:	b480      	push	{r7}
  402d4e:	b087      	sub	sp, #28
  402d50:	af00      	add	r7, sp, #0
  402d52:	6078      	str	r0, [r7, #4]
    uint32_t soi_idx = 0, eoi_idx = 0;
  402d54:	2300      	movs	r3, #0
  402d56:	617b      	str	r3, [r7, #20]
  402d58:	2300      	movs	r3, #0
  402d5a:	613b      	str	r3, [r7, #16]
    uint8_t  found_soi = 0, found_sos = 0, found_eoi = 0;
  402d5c:	2300      	movs	r3, #0
  402d5e:	73fb      	strb	r3, [r7, #15]
  402d60:	2300      	movs	r3, #0
  402d62:	73bb      	strb	r3, [r7, #14]
  402d64:	2300      	movs	r3, #0
  402d66:	737b      	strb	r3, [r7, #13]

    for (uint32_t i = 0; i < search_len - 1; i++) {
  402d68:	2300      	movs	r3, #0
  402d6a:	60bb      	str	r3, [r7, #8]
  402d6c:	e041      	b.n	402df2 <find_image_len+0xa6>
        if (!found_soi) {
  402d6e:	7bfb      	ldrb	r3, [r7, #15]
  402d70:	2b00      	cmp	r3, #0
  402d72:	d110      	bne.n	402d96 <find_image_len+0x4a>
            if (g_image_buffer[i] == 0xFF && g_image_buffer[i+1] == 0xD8) {
  402d74:	4a2f      	ldr	r2, [pc, #188]	; (402e34 <find_image_len+0xe8>)
  402d76:	68bb      	ldr	r3, [r7, #8]
  402d78:	4413      	add	r3, r2
  402d7a:	781b      	ldrb	r3, [r3, #0]
  402d7c:	2bff      	cmp	r3, #255	; 0xff
  402d7e:	d12d      	bne.n	402ddc <find_image_len+0x90>
  402d80:	68bb      	ldr	r3, [r7, #8]
  402d82:	3301      	adds	r3, #1
  402d84:	4a2b      	ldr	r2, [pc, #172]	; (402e34 <find_image_len+0xe8>)
  402d86:	5cd3      	ldrb	r3, [r2, r3]
  402d88:	2bd8      	cmp	r3, #216	; 0xd8
  402d8a:	d127      	bne.n	402ddc <find_image_len+0x90>
                soi_idx   = i;
  402d8c:	68bb      	ldr	r3, [r7, #8]
  402d8e:	617b      	str	r3, [r7, #20]
                found_soi = 1;
  402d90:	2301      	movs	r3, #1
  402d92:	73fb      	strb	r3, [r7, #15]
  402d94:	e022      	b.n	402ddc <find_image_len+0x90>
            }
        } else if (!found_sos) {
  402d96:	7bbb      	ldrb	r3, [r7, #14]
  402d98:	2b00      	cmp	r3, #0
  402d9a:	d10e      	bne.n	402dba <find_image_len+0x6e>
            if (g_image_buffer[i] == 0xFF && g_image_buffer[i+1] == 0xDA) {
  402d9c:	4a25      	ldr	r2, [pc, #148]	; (402e34 <find_image_len+0xe8>)
  402d9e:	68bb      	ldr	r3, [r7, #8]
  402da0:	4413      	add	r3, r2
  402da2:	781b      	ldrb	r3, [r3, #0]
  402da4:	2bff      	cmp	r3, #255	; 0xff
  402da6:	d119      	bne.n	402ddc <find_image_len+0x90>
  402da8:	68bb      	ldr	r3, [r7, #8]
  402daa:	3301      	adds	r3, #1
  402dac:	4a21      	ldr	r2, [pc, #132]	; (402e34 <find_image_len+0xe8>)
  402dae:	5cd3      	ldrb	r3, [r2, r3]
  402db0:	2bda      	cmp	r3, #218	; 0xda
  402db2:	d113      	bne.n	402ddc <find_image_len+0x90>
                found_sos = 1;
  402db4:	2301      	movs	r3, #1
  402db6:	73bb      	strb	r3, [r7, #14]
  402db8:	e010      	b.n	402ddc <find_image_len+0x90>
            }
        } else {
            if (g_image_buffer[i] == 0xFF && g_image_buffer[i+1] == 0xD9) {
  402dba:	4a1e      	ldr	r2, [pc, #120]	; (402e34 <find_image_len+0xe8>)
  402dbc:	68bb      	ldr	r3, [r7, #8]
  402dbe:	4413      	add	r3, r2
  402dc0:	781b      	ldrb	r3, [r3, #0]
  402dc2:	2bff      	cmp	r3, #255	; 0xff
  402dc4:	d10a      	bne.n	402ddc <find_image_len+0x90>
  402dc6:	68bb      	ldr	r3, [r7, #8]
  402dc8:	3301      	adds	r3, #1
  402dca:	4a1a      	ldr	r2, [pc, #104]	; (402e34 <find_image_len+0xe8>)
  402dcc:	5cd3      	ldrb	r3, [r2, r3]
  402dce:	2bd9      	cmp	r3, #217	; 0xd9
  402dd0:	d104      	bne.n	402ddc <find_image_len+0x90>
                eoi_idx   = i;
  402dd2:	68bb      	ldr	r3, [r7, #8]
  402dd4:	613b      	str	r3, [r7, #16]
                found_eoi = 1;
  402dd6:	2301      	movs	r3, #1
  402dd8:	737b      	strb	r3, [r7, #13]
                break;
  402dda:	e00f      	b.n	402dfc <find_image_len+0xb0>
            }
        }

        if ((i & 0x1FFF) == 0) {
  402ddc:	68bb      	ldr	r3, [r7, #8]
  402dde:	f3c3 030c 	ubfx	r3, r3, #0, #13
  402de2:	2b00      	cmp	r3, #0
  402de4:	d102      	bne.n	402dec <find_image_len+0xa0>
            WDT->WDT_CR = WDT_CR_KEY_PASSWD | WDT_CR_WDRSTT;
  402de6:	4b14      	ldr	r3, [pc, #80]	; (402e38 <find_image_len+0xec>)
  402de8:	4a14      	ldr	r2, [pc, #80]	; (402e3c <find_image_len+0xf0>)
  402dea:	601a      	str	r2, [r3, #0]
    for (uint32_t i = 0; i < search_len - 1; i++) {
  402dec:	68bb      	ldr	r3, [r7, #8]
  402dee:	3301      	adds	r3, #1
  402df0:	60bb      	str	r3, [r7, #8]
  402df2:	687b      	ldr	r3, [r7, #4]
  402df4:	1e5a      	subs	r2, r3, #1
  402df6:	68bb      	ldr	r3, [r7, #8]
  402df8:	429a      	cmp	r2, r3
  402dfa:	d8b8      	bhi.n	402d6e <find_image_len+0x22>
        }
    }

    if (found_soi && found_eoi && eoi_idx > soi_idx) {
  402dfc:	7bfb      	ldrb	r3, [r7, #15]
  402dfe:	2b00      	cmp	r3, #0
  402e00:	d00e      	beq.n	402e20 <find_image_len+0xd4>
  402e02:	7b7b      	ldrb	r3, [r7, #13]
  402e04:	2b00      	cmp	r3, #0
  402e06:	d00b      	beq.n	402e20 <find_image_len+0xd4>
  402e08:	693a      	ldr	r2, [r7, #16]
  402e0a:	697b      	ldr	r3, [r7, #20]
  402e0c:	429a      	cmp	r2, r3
  402e0e:	d907      	bls.n	402e20 <find_image_len+0xd4>
        g_image_len = (eoi_idx - soi_idx) + 2;
  402e10:	693a      	ldr	r2, [r7, #16]
  402e12:	697b      	ldr	r3, [r7, #20]
  402e14:	1ad3      	subs	r3, r2, r3
  402e16:	3302      	adds	r3, #2
  402e18:	4a09      	ldr	r2, [pc, #36]	; (402e40 <find_image_len+0xf4>)
  402e1a:	6013      	str	r3, [r2, #0]
        return 1;
  402e1c:	2301      	movs	r3, #1
  402e1e:	e003      	b.n	402e28 <find_image_len+0xdc>
    }
    g_image_len = 0;
  402e20:	4b07      	ldr	r3, [pc, #28]	; (402e40 <find_image_len+0xf4>)
  402e22:	2200      	movs	r2, #0
  402e24:	601a      	str	r2, [r3, #0]
    return 0;
  402e26:	2300      	movs	r3, #0
  402e28:	4618      	mov	r0, r3
  402e2a:	371c      	adds	r7, #28
  402e2c:	46bd      	mov	sp, r7
  402e2e:	bc80      	pop	{r7}
  402e30:	4770      	bx	lr
  402e32:	bf00      	nop
  402e34:	20000ad8 	.word	0x20000ad8
  402e38:	400e1450 	.word	0x400e1450
  402e3c:	a5000001 	.word	0xa5000001
  402e40:	20000a74 	.word	0x20000a74

00402e44 <__NVIC_EnableIRQ>:
{
  402e44:	b480      	push	{r7}
  402e46:	b083      	sub	sp, #12
  402e48:	af00      	add	r7, sp, #0
  402e4a:	4603      	mov	r3, r0
  402e4c:	71fb      	strb	r3, [r7, #7]
  if ((int32_t)(IRQn) >= 0)
  402e4e:	f997 3007 	ldrsb.w	r3, [r7, #7]
  402e52:	2b00      	cmp	r3, #0
  402e54:	db0b      	blt.n	402e6e <__NVIC_EnableIRQ+0x2a>
    NVIC->ISER[(((uint32_t)IRQn) >> 5UL)] = (uint32_t)(1UL << (((uint32_t)IRQn) & 0x1FUL));
  402e56:	4908      	ldr	r1, [pc, #32]	; (402e78 <__NVIC_EnableIRQ+0x34>)
  402e58:	f997 3007 	ldrsb.w	r3, [r7, #7]
  402e5c:	095b      	lsrs	r3, r3, #5
  402e5e:	79fa      	ldrb	r2, [r7, #7]
  402e60:	f002 021f 	and.w	r2, r2, #31
  402e64:	2001      	movs	r0, #1
  402e66:	fa00 f202 	lsl.w	r2, r0, r2
  402e6a:	f841 2023 	str.w	r2, [r1, r3, lsl #2]
}
  402e6e:	bf00      	nop
  402e70:	370c      	adds	r7, #12
  402e72:	46bd      	mov	sp, r7
  402e74:	bc80      	pop	{r7}
  402e76:	4770      	bx	lr
  402e78:	e000e100 	.word	0xe000e100

00402e7c <__NVIC_SetPriority>:
  \param [in]      IRQn  Interrupt number.
  \param [in]  priority  Priority to set.
  \note    The priority cannot be set for every processor exception.
 */
__STATIC_INLINE void __NVIC_SetPriority(IRQn_Type IRQn, uint32_t priority)
{
  402e7c:	b480      	push	{r7}
  402e7e:	b083      	sub	sp, #12
  402e80:	af00      	add	r7, sp, #0
  402e82:	4603      	mov	r3, r0
  402e84:	6039      	str	r1, [r7, #0]
  402e86:	71fb      	strb	r3, [r7, #7]
  if ((int32_t)(IRQn) >= 0)
  402e88:	f997 3007 	ldrsb.w	r3, [r7, #7]
  402e8c:	2b00      	cmp	r3, #0
  402e8e:	db0a      	blt.n	402ea6 <__NVIC_SetPriority+0x2a>
  {
    NVIC->IP[((uint32_t)IRQn)]               = (uint8_t)((priority << (8U - __NVIC_PRIO_BITS)) & (uint32_t)0xFFUL);
  402e90:	490d      	ldr	r1, [pc, #52]	; (402ec8 <__NVIC_SetPriority+0x4c>)
  402e92:	f997 3007 	ldrsb.w	r3, [r7, #7]
  402e96:	683a      	ldr	r2, [r7, #0]
  402e98:	b2d2      	uxtb	r2, r2
  402e9a:	0112      	lsls	r2, r2, #4
  402e9c:	b2d2      	uxtb	r2, r2
  402e9e:	440b      	add	r3, r1
  402ea0:	f883 2300 	strb.w	r2, [r3, #768]	; 0x300
  }
  else
  {
    SCB->SHP[(((uint32_t)IRQn) & 0xFUL)-4UL] = (uint8_t)((priority << (8U - __NVIC_PRIO_BITS)) & (uint32_t)0xFFUL);
  }
}
  402ea4:	e00a      	b.n	402ebc <__NVIC_SetPriority+0x40>
    SCB->SHP[(((uint32_t)IRQn) & 0xFUL)-4UL] = (uint8_t)((priority << (8U - __NVIC_PRIO_BITS)) & (uint32_t)0xFFUL);
  402ea6:	4909      	ldr	r1, [pc, #36]	; (402ecc <__NVIC_SetPriority+0x50>)
  402ea8:	79fb      	ldrb	r3, [r7, #7]
  402eaa:	f003 030f 	and.w	r3, r3, #15
  402eae:	3b04      	subs	r3, #4
  402eb0:	683a      	ldr	r2, [r7, #0]
  402eb2:	b2d2      	uxtb	r2, r2
  402eb4:	0112      	lsls	r2, r2, #4
  402eb6:	b2d2      	uxtb	r2, r2
  402eb8:	440b      	add	r3, r1
  402eba:	761a      	strb	r2, [r3, #24]
}
  402ebc:	bf00      	nop
  402ebe:	370c      	adds	r7, #12
  402ec0:	46bd      	mov	sp, r7
  402ec2:	bc80      	pop	{r7}
  402ec4:	4770      	bx	lr
  402ec6:	bf00      	nop
  402ec8:	e000e100 	.word	0xe000e100
  402ecc:	e000ed00 	.word	0xe000ed00

00402ed0 <osc_get_rate>:
{
  402ed0:	b480      	push	{r7}
  402ed2:	b083      	sub	sp, #12
  402ed4:	af00      	add	r7, sp, #0
  402ed6:	6078      	str	r0, [r7, #4]
	switch (ul_id) {
  402ed8:	687b      	ldr	r3, [r7, #4]
  402eda:	2b07      	cmp	r3, #7
  402edc:	d825      	bhi.n	402f2a <osc_get_rate+0x5a>
  402ede:	a201      	add	r2, pc, #4	; (adr r2, 402ee4 <osc_get_rate+0x14>)
  402ee0:	f852 f023 	ldr.w	pc, [r2, r3, lsl #2]
  402ee4:	00402f05 	.word	0x00402f05
  402ee8:	00402f0b 	.word	0x00402f0b
  402eec:	00402f11 	.word	0x00402f11
  402ef0:	00402f17 	.word	0x00402f17
  402ef4:	00402f1b 	.word	0x00402f1b
  402ef8:	00402f1f 	.word	0x00402f1f
  402efc:	00402f23 	.word	0x00402f23
  402f00:	00402f27 	.word	0x00402f27
		return OSC_SLCK_32K_RC_HZ;
  402f04:	f44f 43fa 	mov.w	r3, #32000	; 0x7d00
  402f08:	e010      	b.n	402f2c <osc_get_rate+0x5c>
		return BOARD_FREQ_SLCK_XTAL;
  402f0a:	f44f 4300 	mov.w	r3, #32768	; 0x8000
  402f0e:	e00d      	b.n	402f2c <osc_get_rate+0x5c>
		return BOARD_FREQ_SLCK_BYPASS;
  402f10:	f44f 4300 	mov.w	r3, #32768	; 0x8000
  402f14:	e00a      	b.n	402f2c <osc_get_rate+0x5c>
		return OSC_MAINCK_4M_RC_HZ;
  402f16:	4b08      	ldr	r3, [pc, #32]	; (402f38 <osc_get_rate+0x68>)
  402f18:	e008      	b.n	402f2c <osc_get_rate+0x5c>
		return OSC_MAINCK_8M_RC_HZ;
  402f1a:	4b08      	ldr	r3, [pc, #32]	; (402f3c <osc_get_rate+0x6c>)
  402f1c:	e006      	b.n	402f2c <osc_get_rate+0x5c>
		return OSC_MAINCK_12M_RC_HZ;
  402f1e:	4b08      	ldr	r3, [pc, #32]	; (402f40 <osc_get_rate+0x70>)
  402f20:	e004      	b.n	402f2c <osc_get_rate+0x5c>
		return BOARD_FREQ_MAINCK_XTAL;
  402f22:	4b07      	ldr	r3, [pc, #28]	; (402f40 <osc_get_rate+0x70>)
  402f24:	e002      	b.n	402f2c <osc_get_rate+0x5c>
		return BOARD_FREQ_MAINCK_BYPASS;
  402f26:	4b06      	ldr	r3, [pc, #24]	; (402f40 <osc_get_rate+0x70>)
  402f28:	e000      	b.n	402f2c <osc_get_rate+0x5c>
	return 0;
  402f2a:	2300      	movs	r3, #0
}
  402f2c:	4618      	mov	r0, r3
  402f2e:	370c      	adds	r7, #12
  402f30:	46bd      	mov	sp, r7
  402f32:	bc80      	pop	{r7}
  402f34:	4770      	bx	lr
  402f36:	bf00      	nop
  402f38:	003d0900 	.word	0x003d0900
  402f3c:	007a1200 	.word	0x007a1200
  402f40:	00b71b00 	.word	0x00b71b00

00402f44 <sysclk_get_main_hz>:
{
  402f44:	b580      	push	{r7, lr}
  402f46:	af00      	add	r7, sp, #0
		return pll_get_default_rate(0);
  402f48:	2006      	movs	r0, #6
  402f4a:	4b04      	ldr	r3, [pc, #16]	; (402f5c <sysclk_get_main_hz+0x18>)
  402f4c:	4798      	blx	r3
  402f4e:	4602      	mov	r2, r0
  402f50:	4613      	mov	r3, r2
  402f52:	00db      	lsls	r3, r3, #3
  402f54:	4413      	add	r3, r2
}
  402f56:	4618      	mov	r0, r3
  402f58:	bd80      	pop	{r7, pc}
  402f5a:	bf00      	nop
  402f5c:	00402ed1 	.word	0x00402ed1

00402f60 <sysclk_get_cpu_hz>:
{
  402f60:	b580      	push	{r7, lr}
  402f62:	af00      	add	r7, sp, #0
	return sysclk_get_main_hz() /
  402f64:	4b02      	ldr	r3, [pc, #8]	; (402f70 <sysclk_get_cpu_hz+0x10>)
  402f66:	4798      	blx	r3
  402f68:	4603      	mov	r3, r0
}
  402f6a:	4618      	mov	r0, r3
  402f6c:	bd80      	pop	{r7, pc}
  402f6e:	bf00      	nop
  402f70:	00402f45 	.word	0x00402f45

00402f74 <ioport_set_pin_mode>:
 *
 * \param pin IOPORT pin to configure
 * \param mode Mode masks to configure for the specified pin (\ref ioport_modes)
 */
static inline void ioport_set_pin_mode(ioport_pin_t pin, ioport_mode_t mode)
{
  402f74:	b480      	push	{r7}
  402f76:	b08d      	sub	sp, #52	; 0x34
  402f78:	af00      	add	r7, sp, #0
  402f7a:	6078      	str	r0, [r7, #4]
  402f7c:	6039      	str	r1, [r7, #0]
  402f7e:	687b      	ldr	r3, [r7, #4]
  402f80:	62fb      	str	r3, [r7, #44]	; 0x2c
  402f82:	683b      	ldr	r3, [r7, #0]
  402f84:	62bb      	str	r3, [r7, #40]	; 0x28
  402f86:	6afb      	ldr	r3, [r7, #44]	; 0x2c
  402f88:	627b      	str	r3, [r7, #36]	; 0x24
typedef uint32_t ioport_port_t;
typedef uint32_t ioport_port_mask_t;

__always_inline static ioport_port_t arch_ioport_pin_to_port_id(ioport_pin_t pin)
{
	return pin >> 5;
  402f8a:	6a7b      	ldr	r3, [r7, #36]	; 0x24
  402f8c:	095a      	lsrs	r2, r3, #5
  402f8e:	6afb      	ldr	r3, [r7, #44]	; 0x2c
  402f90:	623b      	str	r3, [r7, #32]
	return arch_ioport_port_to_base(arch_ioport_pin_to_port_id(pin));
}

__always_inline static ioport_port_mask_t arch_ioport_pin_to_mask(ioport_pin_t pin)
{
	return 1U << (pin & 0x1F);
  402f92:	6a3b      	ldr	r3, [r7, #32]
  402f94:	f003 031f 	and.w	r3, r3, #31
  402f98:	2101      	movs	r1, #1
  402f9a:	fa01 f303 	lsl.w	r3, r1, r3
  402f9e:	61fa      	str	r2, [r7, #28]
  402fa0:	61bb      	str	r3, [r7, #24]
  402fa2:	6abb      	ldr	r3, [r7, #40]	; 0x28
  402fa4:	617b      	str	r3, [r7, #20]
  402fa6:	69fb      	ldr	r3, [r7, #28]
  402fa8:	613b      	str	r3, [r7, #16]
	return (Pio *)((uintptr_t)IOPORT_BASE_ADDRESS +
  402faa:	693b      	ldr	r3, [r7, #16]
  402fac:	f503 1300 	add.w	r3, r3, #2097152	; 0x200000
  402fb0:	f203 7307 	addw	r3, r3, #1799	; 0x707
  402fb4:	025b      	lsls	r3, r3, #9
}

__always_inline static void arch_ioport_set_port_mode(ioport_port_t port,
		ioport_port_mask_t mask, ioport_mode_t mode)
{
	Pio *base = arch_ioport_port_to_base(port);
  402fb6:	60fb      	str	r3, [r7, #12]

	if (mode & IOPORT_MODE_PULLUP) {
  402fb8:	697b      	ldr	r3, [r7, #20]
  402fba:	f003 0308 	and.w	r3, r3, #8
  402fbe:	2b00      	cmp	r3, #0
  402fc0:	d003      	beq.n	402fca <ioport_set_pin_mode+0x56>
		base->PIO_PUER = mask;
  402fc2:	68fb      	ldr	r3, [r7, #12]
  402fc4:	69ba      	ldr	r2, [r7, #24]
  402fc6:	665a      	str	r2, [r3, #100]	; 0x64
  402fc8:	e002      	b.n	402fd0 <ioport_set_pin_mode+0x5c>
	} else {
		base->PIO_PUDR = mask;
  402fca:	68fb      	ldr	r3, [r7, #12]
  402fcc:	69ba      	ldr	r2, [r7, #24]
  402fce:	661a      	str	r2, [r3, #96]	; 0x60
	}

#if defined(IOPORT_MODE_PULLDOWN)
	if (mode & IOPORT_MODE_PULLDOWN) {
  402fd0:	697b      	ldr	r3, [r7, #20]
  402fd2:	f003 0310 	and.w	r3, r3, #16
  402fd6:	2b00      	cmp	r3, #0
  402fd8:	d004      	beq.n	402fe4 <ioport_set_pin_mode+0x70>
		base->PIO_PPDER = mask;
  402fda:	68fb      	ldr	r3, [r7, #12]
  402fdc:	69ba      	ldr	r2, [r7, #24]
  402fde:	f8c3 2094 	str.w	r2, [r3, #148]	; 0x94
  402fe2:	e003      	b.n	402fec <ioport_set_pin_mode+0x78>
	} else {
		base->PIO_PPDDR = mask;
  402fe4:	68fb      	ldr	r3, [r7, #12]
  402fe6:	69ba      	ldr	r2, [r7, #24]
  402fe8:	f8c3 2090 	str.w	r2, [r3, #144]	; 0x90
	}
#endif

	if (mode & IOPORT_MODE_OPEN_DRAIN) {
  402fec:	697b      	ldr	r3, [r7, #20]
  402fee:	f003 0320 	and.w	r3, r3, #32
  402ff2:	2b00      	cmp	r3, #0
  402ff4:	d003      	beq.n	402ffe <ioport_set_pin_mode+0x8a>
		base->PIO_MDER = mask;
  402ff6:	68fb      	ldr	r3, [r7, #12]
  402ff8:	69ba      	ldr	r2, [r7, #24]
  402ffa:	651a      	str	r2, [r3, #80]	; 0x50
  402ffc:	e002      	b.n	403004 <ioport_set_pin_mode+0x90>
	} else {
		base->PIO_MDDR = mask;
  402ffe:	68fb      	ldr	r3, [r7, #12]
  403000:	69ba      	ldr	r2, [r7, #24]
  403002:	655a      	str	r2, [r3, #84]	; 0x54
	}

	if (mode & (IOPORT_MODE_GLITCH_FILTER | IOPORT_MODE_DEBOUNCE)) {
  403004:	697b      	ldr	r3, [r7, #20]
  403006:	f003 03c0 	and.w	r3, r3, #192	; 0xc0
  40300a:	2b00      	cmp	r3, #0
  40300c:	d003      	beq.n	403016 <ioport_set_pin_mode+0xa2>
		base->PIO_IFER = mask;
  40300e:	68fb      	ldr	r3, [r7, #12]
  403010:	69ba      	ldr	r2, [r7, #24]
  403012:	621a      	str	r2, [r3, #32]
  403014:	e002      	b.n	40301c <ioport_set_pin_mode+0xa8>
	} else {
		base->PIO_IFDR = mask;
  403016:	68fb      	ldr	r3, [r7, #12]
  403018:	69ba      	ldr	r2, [r7, #24]
  40301a:	625a      	str	r2, [r3, #36]	; 0x24
	}

	if (mode & IOPORT_MODE_DEBOUNCE) {
  40301c:	697b      	ldr	r3, [r7, #20]
  40301e:	f003 0380 	and.w	r3, r3, #128	; 0x80
  403022:	2b00      	cmp	r3, #0
  403024:	d004      	beq.n	403030 <ioport_set_pin_mode+0xbc>
#if SAM3U || SAM3XA
		base->PIO_DIFSR = mask;
#else
		base->PIO_IFSCER = mask;
  403026:	68fb      	ldr	r3, [r7, #12]
  403028:	69ba      	ldr	r2, [r7, #24]
  40302a:	f8c3 2084 	str.w	r2, [r3, #132]	; 0x84
  40302e:	e003      	b.n	403038 <ioport_set_pin_mode+0xc4>
#endif
	} else {
#if SAM3U || SAM3XA
		base->PIO_SCIFSR = mask;
#else
		base->PIO_IFSCDR = mask;
  403030:	68fb      	ldr	r3, [r7, #12]
  403032:	69ba      	ldr	r2, [r7, #24]
  403034:	f8c3 2080 	str.w	r2, [r3, #128]	; 0x80
		base->PIO_ABSR |= mask;
	} else {
		base->PIO_ABSR &= ~mask;
	}
#else
	if (mode & IOPORT_MODE_MUX_BIT0) {
  403038:	697b      	ldr	r3, [r7, #20]
  40303a:	f003 0301 	and.w	r3, r3, #1
  40303e:	2b00      	cmp	r3, #0
  403040:	d006      	beq.n	403050 <ioport_set_pin_mode+0xdc>
		base->PIO_ABCDSR[0] |= mask;
  403042:	68fb      	ldr	r3, [r7, #12]
  403044:	6f1a      	ldr	r2, [r3, #112]	; 0x70
  403046:	69bb      	ldr	r3, [r7, #24]
  403048:	431a      	orrs	r2, r3
  40304a:	68fb      	ldr	r3, [r7, #12]
  40304c:	671a      	str	r2, [r3, #112]	; 0x70
  40304e:	e006      	b.n	40305e <ioport_set_pin_mode+0xea>
	} else {
		base->PIO_ABCDSR[0] &= ~mask;
  403050:	68fb      	ldr	r3, [r7, #12]
  403052:	6f1a      	ldr	r2, [r3, #112]	; 0x70
  403054:	69bb      	ldr	r3, [r7, #24]
  403056:	43db      	mvns	r3, r3
  403058:	401a      	ands	r2, r3
  40305a:	68fb      	ldr	r3, [r7, #12]
  40305c:	671a      	str	r2, [r3, #112]	; 0x70
	}

	if (mode & IOPORT_MODE_MUX_BIT1) {
  40305e:	697b      	ldr	r3, [r7, #20]
  403060:	f003 0302 	and.w	r3, r3, #2
  403064:	2b00      	cmp	r3, #0
  403066:	d006      	beq.n	403076 <ioport_set_pin_mode+0x102>
		base->PIO_ABCDSR[1] |= mask;
  403068:	68fb      	ldr	r3, [r7, #12]
  40306a:	6f5a      	ldr	r2, [r3, #116]	; 0x74
  40306c:	69bb      	ldr	r3, [r7, #24]
  40306e:	431a      	orrs	r2, r3
  403070:	68fb      	ldr	r3, [r7, #12]
  403072:	675a      	str	r2, [r3, #116]	; 0x74
	arch_ioport_set_pin_mode(pin, mode);
}
  403074:	e006      	b.n	403084 <ioport_set_pin_mode+0x110>
	} else {
		base->PIO_ABCDSR[1] &= ~mask;
  403076:	68fb      	ldr	r3, [r7, #12]
  403078:	6f5a      	ldr	r2, [r3, #116]	; 0x74
  40307a:	69bb      	ldr	r3, [r7, #24]
  40307c:	43db      	mvns	r3, r3
  40307e:	401a      	ands	r2, r3
  403080:	68fb      	ldr	r3, [r7, #12]
  403082:	675a      	str	r2, [r3, #116]	; 0x74
  403084:	bf00      	nop
  403086:	3734      	adds	r7, #52	; 0x34
  403088:	46bd      	mov	sp, r7
  40308a:	bc80      	pop	{r7}
  40308c:	4770      	bx	lr

0040308e <ioport_set_pin_dir>:
 * \param pin IOPORT pin to configure
 * \param dir Direction to set for the specified pin (\ref ioport_direction)
 */
static inline void ioport_set_pin_dir(ioport_pin_t pin,
		enum ioport_direction dir)
{
  40308e:	b480      	push	{r7}
  403090:	b08d      	sub	sp, #52	; 0x34
  403092:	af00      	add	r7, sp, #0
  403094:	6078      	str	r0, [r7, #4]
  403096:	460b      	mov	r3, r1
  403098:	70fb      	strb	r3, [r7, #3]
  40309a:	687b      	ldr	r3, [r7, #4]
  40309c:	62fb      	str	r3, [r7, #44]	; 0x2c
  40309e:	78fb      	ldrb	r3, [r7, #3]
  4030a0:	f887 302b 	strb.w	r3, [r7, #43]	; 0x2b
  4030a4:	6afb      	ldr	r3, [r7, #44]	; 0x2c
  4030a6:	627b      	str	r3, [r7, #36]	; 0x24
  4030a8:	6a7b      	ldr	r3, [r7, #36]	; 0x24
  4030aa:	623b      	str	r3, [r7, #32]
	return pin >> 5;
  4030ac:	6a3b      	ldr	r3, [r7, #32]
  4030ae:	095b      	lsrs	r3, r3, #5
  4030b0:	61fb      	str	r3, [r7, #28]
	return (Pio *)((uintptr_t)IOPORT_BASE_ADDRESS +
  4030b2:	69fb      	ldr	r3, [r7, #28]
  4030b4:	f503 1300 	add.w	r3, r3, #2097152	; 0x200000
  4030b8:	f203 7307 	addw	r3, r3, #1799	; 0x707
  4030bc:	025b      	lsls	r3, r3, #9
}

__always_inline static void arch_ioport_set_pin_dir(ioport_pin_t pin,
		enum ioport_direction dir)
{
	Pio *base = arch_ioport_pin_to_base(pin);
  4030be:	61bb      	str	r3, [r7, #24]

	if (dir == IOPORT_DIR_OUTPUT) {
  4030c0:	f897 302b 	ldrb.w	r3, [r7, #43]	; 0x2b
  4030c4:	2b01      	cmp	r3, #1
  4030c6:	d109      	bne.n	4030dc <ioport_set_pin_dir+0x4e>
  4030c8:	6afb      	ldr	r3, [r7, #44]	; 0x2c
  4030ca:	617b      	str	r3, [r7, #20]
	return 1U << (pin & 0x1F);
  4030cc:	697b      	ldr	r3, [r7, #20]
  4030ce:	f003 031f 	and.w	r3, r3, #31
  4030d2:	2201      	movs	r2, #1
  4030d4:	409a      	lsls	r2, r3
		base->PIO_OER = arch_ioport_pin_to_mask(pin);
  4030d6:	69bb      	ldr	r3, [r7, #24]
  4030d8:	611a      	str	r2, [r3, #16]
  4030da:	e00c      	b.n	4030f6 <ioport_set_pin_dir+0x68>
	} else if (dir == IOPORT_DIR_INPUT) {
  4030dc:	f897 302b 	ldrb.w	r3, [r7, #43]	; 0x2b
  4030e0:	2b00      	cmp	r3, #0
  4030e2:	d108      	bne.n	4030f6 <ioport_set_pin_dir+0x68>
  4030e4:	6afb      	ldr	r3, [r7, #44]	; 0x2c
  4030e6:	613b      	str	r3, [r7, #16]
	return 1U << (pin & 0x1F);
  4030e8:	693b      	ldr	r3, [r7, #16]
  4030ea:	f003 031f 	and.w	r3, r3, #31
  4030ee:	2201      	movs	r2, #1
  4030f0:	409a      	lsls	r2, r3
		base->PIO_ODR = arch_ioport_pin_to_mask(pin);
  4030f2:	69bb      	ldr	r3, [r7, #24]
  4030f4:	615a      	str	r2, [r3, #20]
  4030f6:	6afb      	ldr	r3, [r7, #44]	; 0x2c
  4030f8:	60fb      	str	r3, [r7, #12]
	return 1U << (pin & 0x1F);
  4030fa:	68fb      	ldr	r3, [r7, #12]
  4030fc:	f003 031f 	and.w	r3, r3, #31
  403100:	2201      	movs	r2, #1
  403102:	409a      	lsls	r2, r3
	}

	base->PIO_OWER = arch_ioport_pin_to_mask(pin);
  403104:	69bb      	ldr	r3, [r7, #24]
  403106:	f8c3 20a0 	str.w	r2, [r3, #160]	; 0xa0
	arch_ioport_set_pin_dir(pin, dir);
}
  40310a:	bf00      	nop
  40310c:	3734      	adds	r7, #52	; 0x34
  40310e:	46bd      	mov	sp, r7
  403110:	bc80      	pop	{r7}
  403112:	4770      	bx	lr

00403114 <main>:
volatile uint32_t g_t_loop_total = 0;
volatile uint32_t g_t_frame_gap = 0;
static uint32_t t_last_frame_end = 0;
void configure_status_pins(void);

int main(void) {
  403114:	e92d 4ff0 	stmdb	sp!, {r4, r5, r6, r7, r8, r9, sl, fp, lr}
  403118:	b09d      	sub	sp, #116	; 0x74
  40311a:	af00      	add	r7, sp, #0
	sysclk_init();
  40311c:	4b91      	ldr	r3, [pc, #580]	; (403364 <main+0x250>)
  40311e:	4798      	blx	r3
	board_init();
  403120:	4b91      	ldr	r3, [pc, #580]	; (403368 <main+0x254>)
  403122:	4798      	blx	r3
	status = 2;
  403124:	4a91      	ldr	r2, [pc, #580]	; (40336c <main+0x258>)
  403126:	2302      	movs	r3, #2
  403128:	7013      	strb	r3, [r2, #0]
	configure_status_pins();
  40312a:	4b91      	ldr	r3, [pc, #580]	; (403370 <main+0x25c>)
  40312c:	4798      	blx	r3
	configure_tc();
  40312e:	4b91      	ldr	r3, [pc, #580]	; (403374 <main+0x260>)
  403130:	4798      	blx	r3
	NVIC_SetPriority(PIOA_IRQn, 0);
  403132:	2100      	movs	r1, #0
  403134:	200b      	movs	r0, #11
  403136:	4b90      	ldr	r3, [pc, #576]	; (403378 <main+0x264>)
  403138:	4798      	blx	r3
	NVIC_SetPriority(TC0_IRQn,  4);
  40313a:	2104      	movs	r1, #4
  40313c:	2017      	movs	r0, #23
  40313e:	4b8e      	ldr	r3, [pc, #568]	; (403378 <main+0x264>)
  403140:	4798      	blx	r3
	NVIC_EnableIRQ(PIOA_IRQn);
  403142:	200b      	movs	r0, #11
  403144:	4b8d      	ldr	r3, [pc, #564]	; (40337c <main+0x268>)
  403146:	4798      	blx	r3
	status = 3;
  403148:	4a88      	ldr	r2, [pc, #544]	; (40336c <main+0x258>)
  40314a:	2303      	movs	r3, #3
  40314c:	7013      	strb	r3, [r2, #0]
	configure_usart_wifi();
  40314e:	4b8c      	ldr	r3, [pc, #560]	; (403380 <main+0x26c>)
  403150:	4798      	blx	r3
	configure_spi();
  403152:	4b8c      	ldr	r3, [pc, #560]	; (403384 <main+0x270>)
  403154:	4798      	blx	r3
	status = 4;
  403156:	4a85      	ldr	r2, [pc, #532]	; (40336c <main+0x258>)
  403158:	2304      	movs	r3, #4
  40315a:	7013      	strb	r3, [r2, #0]
	configure_wifi_comm_pin();
  40315c:	4b8a      	ldr	r3, [pc, #552]	; (403388 <main+0x274>)
  40315e:	4798      	blx	r3
	configure_wifi_provision_pin();
  403160:	4b8a      	ldr	r3, [pc, #552]	; (40338c <main+0x278>)
  403162:	4798      	blx	r3
	status = 5;
  403164:	4a81      	ldr	r2, [pc, #516]	; (40336c <main+0x258>)
  403166:	2305      	movs	r3, #5
  403168:	7013      	strb	r3, [r2, #0]
	init_camera();
  40316a:	4b89      	ldr	r3, [pc, #548]	; (403390 <main+0x27c>)
  40316c:	4798      	blx	r3
	status = 1;
  40316e:	4a7f      	ldr	r2, [pc, #508]	; (40336c <main+0x258>)
  403170:	2301      	movs	r3, #1
  403172:	7013      	strb	r3, [r2, #0]
	delay_ms(500);
  403174:	4b87      	ldr	r3, [pc, #540]	; (403394 <main+0x280>)
  403176:	4798      	blx	r3
  403178:	4603      	mov	r3, r0
  40317a:	4619      	mov	r1, r3
  40317c:	f04f 0200 	mov.w	r2, #0
  403180:	460b      	mov	r3, r1
  403182:	4614      	mov	r4, r2
  403184:	0166      	lsls	r6, r4, #5
  403186:	ea46 66d3 	orr.w	r6, r6, r3, lsr #27
  40318a:	015d      	lsls	r5, r3, #5
  40318c:	462b      	mov	r3, r5
  40318e:	4634      	mov	r4, r6
  403190:	1a5b      	subs	r3, r3, r1
  403192:	eb64 0402 	sbc.w	r4, r4, r2
  403196:	ea4f 0984 	mov.w	r9, r4, lsl #2
  40319a:	ea49 7993 	orr.w	r9, r9, r3, lsr #30
  40319e:	ea4f 0883 	mov.w	r8, r3, lsl #2
  4031a2:	4643      	mov	r3, r8
  4031a4:	464c      	mov	r4, r9
  4031a6:	185b      	adds	r3, r3, r1
  4031a8:	eb44 0402 	adc.w	r4, r4, r2
  4031ac:	ea4f 0b84 	mov.w	fp, r4, lsl #2
  4031b0:	ea4b 7b93 	orr.w	fp, fp, r3, lsr #30
  4031b4:	ea4f 0a83 	mov.w	sl, r3, lsl #2
  4031b8:	4653      	mov	r3, sl
  4031ba:	465c      	mov	r4, fp
  4031bc:	4619      	mov	r1, r3
  4031be:	4622      	mov	r2, r4
  4031c0:	f243 63af 	movw	r3, #13999	; 0x36af
  4031c4:	f04f 0400 	mov.w	r4, #0
  4031c8:	18cd      	adds	r5, r1, r3
  4031ca:	eb42 0604 	adc.w	r6, r2, r4
  4031ce:	4628      	mov	r0, r5
  4031d0:	4631      	mov	r1, r6
  4031d2:	4c71      	ldr	r4, [pc, #452]	; (403398 <main+0x284>)
  4031d4:	f243 62b0 	movw	r2, #14000	; 0x36b0
  4031d8:	f04f 0300 	mov.w	r3, #0
  4031dc:	47a0      	blx	r4
  4031de:	4603      	mov	r3, r0
  4031e0:	460c      	mov	r4, r1
  4031e2:	4618      	mov	r0, r3
  4031e4:	4b6d      	ldr	r3, [pc, #436]	; (40339c <main+0x288>)
  4031e6:	4798      	blx	r3
	configure_camera();
  4031e8:	4b6d      	ldr	r3, [pc, #436]	; (4033a0 <main+0x28c>)
  4031ea:	4798      	blx	r3
	status = 6;
  4031ec:	4a5f      	ldr	r2, [pc, #380]	; (40336c <main+0x258>)
  4031ee:	2306      	movs	r3, #6
  4031f0:	7013      	strb	r3, [r2, #0]

	// Reset WiFi and wait for it to boot
	gpio_set_pin_low(PIN_WIFI_RST);
  4031f2:	2007      	movs	r0, #7
  4031f4:	4b6b      	ldr	r3, [pc, #428]	; (4033a4 <main+0x290>)
  4031f6:	4798      	blx	r3
	delay_ms(100);
  4031f8:	4b66      	ldr	r3, [pc, #408]	; (403394 <main+0x280>)
  4031fa:	4798      	blx	r3
  4031fc:	4603      	mov	r3, r0
  4031fe:	4619      	mov	r1, r3
  403200:	f04f 0200 	mov.w	r2, #0
  403204:	460b      	mov	r3, r1
  403206:	4614      	mov	r4, r2
  403208:	18db      	adds	r3, r3, r3
  40320a:	eb44 0404 	adc.w	r4, r4, r4
  40320e:	185b      	adds	r3, r3, r1
  403210:	eb44 0402 	adc.w	r4, r4, r2
  403214:	0160      	lsls	r0, r4, #5
  403216:	65f8      	str	r0, [r7, #92]	; 0x5c
  403218:	6df8      	ldr	r0, [r7, #92]	; 0x5c
  40321a:	ea40 60d3 	orr.w	r0, r0, r3, lsr #27
  40321e:	65f8      	str	r0, [r7, #92]	; 0x5c
  403220:	0158      	lsls	r0, r3, #5
  403222:	65b8      	str	r0, [r7, #88]	; 0x58
  403224:	e9d7 5616 	ldrd	r5, r6, [r7, #88]	; 0x58
  403228:	18ed      	adds	r5, r5, r3
  40322a:	eb46 0604 	adc.w	r6, r6, r4
  40322e:	462b      	mov	r3, r5
  403230:	4634      	mov	r4, r6
  403232:	185b      	adds	r3, r3, r1
  403234:	eb44 0402 	adc.w	r4, r4, r2
  403238:	f243 61af 	movw	r1, #13999	; 0x36af
  40323c:	f04f 0200 	mov.w	r2, #0
  403240:	185d      	adds	r5, r3, r1
  403242:	eb44 0602 	adc.w	r6, r4, r2
  403246:	4628      	mov	r0, r5
  403248:	4631      	mov	r1, r6
  40324a:	4c53      	ldr	r4, [pc, #332]	; (403398 <main+0x284>)
  40324c:	f243 62b0 	movw	r2, #14000	; 0x36b0
  403250:	f04f 0300 	mov.w	r3, #0
  403254:	47a0      	blx	r4
  403256:	4603      	mov	r3, r0
  403258:	460c      	mov	r4, r1
  40325a:	4618      	mov	r0, r3
  40325c:	4b4f      	ldr	r3, [pc, #316]	; (40339c <main+0x288>)
  40325e:	4798      	blx	r3
	gpio_set_pin_high(PIN_WIFI_RST);
  403260:	2007      	movs	r0, #7
  403262:	4b51      	ldr	r3, [pc, #324]	; (4033a8 <main+0x294>)
  403264:	4798      	blx	r3
	delay_ms(2000);
  403266:	4b4b      	ldr	r3, [pc, #300]	; (403394 <main+0x280>)
  403268:	4798      	blx	r3
  40326a:	4603      	mov	r3, r0
  40326c:	4619      	mov	r1, r3
  40326e:	f04f 0200 	mov.w	r2, #0
  403272:	460b      	mov	r3, r1
  403274:	4614      	mov	r4, r2
  403276:	0160      	lsls	r0, r4, #5
  403278:	6578      	str	r0, [r7, #84]	; 0x54
  40327a:	6d78      	ldr	r0, [r7, #84]	; 0x54
  40327c:	ea40 60d3 	orr.w	r0, r0, r3, lsr #27
  403280:	6578      	str	r0, [r7, #84]	; 0x54
  403282:	015b      	lsls	r3, r3, #5
  403284:	653b      	str	r3, [r7, #80]	; 0x50
  403286:	e9d7 3414 	ldrd	r3, r4, [r7, #80]	; 0x50
  40328a:	1a5b      	subs	r3, r3, r1
  40328c:	eb64 0402 	sbc.w	r4, r4, r2
  403290:	00a0      	lsls	r0, r4, #2
  403292:	64f8      	str	r0, [r7, #76]	; 0x4c
  403294:	6cf8      	ldr	r0, [r7, #76]	; 0x4c
  403296:	ea40 7093 	orr.w	r0, r0, r3, lsr #30
  40329a:	64f8      	str	r0, [r7, #76]	; 0x4c
  40329c:	009b      	lsls	r3, r3, #2
  40329e:	64bb      	str	r3, [r7, #72]	; 0x48
  4032a0:	e9d7 3412 	ldrd	r3, r4, [r7, #72]	; 0x48
  4032a4:	185b      	adds	r3, r3, r1
  4032a6:	eb44 0402 	adc.w	r4, r4, r2
  4032aa:	0122      	lsls	r2, r4, #4
  4032ac:	647a      	str	r2, [r7, #68]	; 0x44
  4032ae:	6c7a      	ldr	r2, [r7, #68]	; 0x44
  4032b0:	ea42 7213 	orr.w	r2, r2, r3, lsr #28
  4032b4:	647a      	str	r2, [r7, #68]	; 0x44
  4032b6:	011b      	lsls	r3, r3, #4
  4032b8:	643b      	str	r3, [r7, #64]	; 0x40
  4032ba:	e9d7 3410 	ldrd	r3, r4, [r7, #64]	; 0x40
  4032be:	4619      	mov	r1, r3
  4032c0:	4622      	mov	r2, r4
  4032c2:	f243 63af 	movw	r3, #13999	; 0x36af
  4032c6:	f04f 0400 	mov.w	r4, #0
  4032ca:	18cd      	adds	r5, r1, r3
  4032cc:	eb42 0604 	adc.w	r6, r2, r4
  4032d0:	4628      	mov	r0, r5
  4032d2:	4631      	mov	r1, r6
  4032d4:	4c30      	ldr	r4, [pc, #192]	; (403398 <main+0x284>)
  4032d6:	f243 62b0 	movw	r2, #14000	; 0x36b0
  4032da:	f04f 0300 	mov.w	r3, #0
  4032de:	47a0      	blx	r4
  4032e0:	4603      	mov	r3, r0
  4032e2:	460c      	mov	r4, r1
  4032e4:	4618      	mov	r0, r3
  4032e6:	4b2d      	ldr	r3, [pc, #180]	; (40339c <main+0x288>)
  4032e8:	4798      	blx	r3
	g_wifi_provision_flag = 0;
  4032ea:	4a30      	ldr	r2, [pc, #192]	; (4033ac <main+0x298>)
  4032ec:	2300      	movs	r3, #0
  4032ee:	7013      	strb	r3, [r2, #0]

	// Wait for WiFi to connect, handle provision requests while waiting
	bool wifi_connected = false;
  4032f0:	2300      	movs	r3, #0
  4032f2:	f887 306f 	strb.w	r3, [r7, #111]	; 0x6f
	while (!wifi_connected) {
  4032f6:	e137      	b.n	403568 <main+0x454>
		while (!g_network_ready) {
			if (g_wifi_provision_flag) {
  4032f8:	4b2c      	ldr	r3, [pc, #176]	; (4033ac <main+0x298>)
  4032fa:	781b      	ldrb	r3, [r3, #0]
  4032fc:	b2db      	uxtb	r3, r3
  4032fe:	2b00      	cmp	r3, #0
  403300:	d01b      	beq.n	40333a <main+0x226>
				write_wifi_command("provision", 5);
  403302:	2105      	movs	r1, #5
  403304:	482a      	ldr	r0, [pc, #168]	; (4033b0 <main+0x29c>)
  403306:	4b2b      	ldr	r3, [pc, #172]	; (4033b4 <main+0x2a0>)
  403308:	4798      	blx	r3
				g_wifi_provision_flag = 0;
  40330a:	4a28      	ldr	r2, [pc, #160]	; (4033ac <main+0x298>)
  40330c:	2300      	movs	r3, #0
  40330e:	7013      	strb	r3, [r2, #0]
				g_network_ready = 0;
  403310:	4a29      	ldr	r2, [pc, #164]	; (4033b8 <main+0x2a4>)
  403312:	2300      	movs	r3, #0
  403314:	7013      	strb	r3, [r2, #0]
				while(!g_network_ready) {
  403316:	e00b      	b.n	403330 <main+0x21c>
					if (g_wifi_provision_flag) {
  403318:	4b24      	ldr	r3, [pc, #144]	; (4033ac <main+0x298>)
  40331a:	781b      	ldrb	r3, [r3, #0]
  40331c:	b2db      	uxtb	r3, r3
  40331e:	2b00      	cmp	r3, #0
  403320:	d006      	beq.n	403330 <main+0x21c>
						write_wifi_command("provision", 5);
  403322:	2105      	movs	r1, #5
  403324:	4822      	ldr	r0, [pc, #136]	; (4033b0 <main+0x29c>)
  403326:	4b23      	ldr	r3, [pc, #140]	; (4033b4 <main+0x2a0>)
  403328:	4798      	blx	r3
						g_wifi_provision_flag = 0;
  40332a:	4a20      	ldr	r2, [pc, #128]	; (4033ac <main+0x298>)
  40332c:	2300      	movs	r3, #0
  40332e:	7013      	strb	r3, [r2, #0]
				while(!g_network_ready) {
  403330:	4b21      	ldr	r3, [pc, #132]	; (4033b8 <main+0x2a4>)
  403332:	781b      	ldrb	r3, [r3, #0]
  403334:	b2db      	uxtb	r3, r3
  403336:	2b00      	cmp	r3, #0
  403338:	d0ee      	beq.n	403318 <main+0x204>
		while (!g_network_ready) {
  40333a:	4b1f      	ldr	r3, [pc, #124]	; (4033b8 <main+0x2a4>)
  40333c:	781b      	ldrb	r3, [r3, #0]
  40333e:	b2db      	uxtb	r3, r3
  403340:	2b00      	cmp	r3, #0
  403342:	d0d9      	beq.n	4032f8 <main+0x1e4>
					}
				}
			}
		}

		write_wifi_command("test", 60);
  403344:	213c      	movs	r1, #60	; 0x3c
  403346:	481d      	ldr	r0, [pc, #116]	; (4033bc <main+0x2a8>)
  403348:	4b1a      	ldr	r3, [pc, #104]	; (4033b4 <main+0x2a0>)
  40334a:	4798      	blx	r3
		if (strstr((char*)g_wifi_buffer, "SUCCESS")) {
  40334c:	491c      	ldr	r1, [pc, #112]	; (4033c0 <main+0x2ac>)
  40334e:	481d      	ldr	r0, [pc, #116]	; (4033c4 <main+0x2b0>)
  403350:	4b1d      	ldr	r3, [pc, #116]	; (4033c8 <main+0x2b4>)
  403352:	4798      	blx	r3
  403354:	4603      	mov	r3, r0
  403356:	2b00      	cmp	r3, #0
  403358:	d038      	beq.n	4033cc <main+0x2b8>
			wifi_connected = true;
  40335a:	2301      	movs	r3, #1
  40335c:	f887 306f 	strb.w	r3, [r7, #111]	; 0x6f
  403360:	e102      	b.n	403568 <main+0x454>
  403362:	bf00      	nop
  403364:	004012e5 	.word	0x004012e5
  403368:	00400ff1 	.word	0x00400ff1
  40336c:	20000a8c 	.word	0x20000a8c
  403370:	004036a9 	.word	0x004036a9
  403374:	0040095d 	.word	0x0040095d
  403378:	00402e7d 	.word	0x00402e7d
  40337c:	00402e45 	.word	0x00402e45
  403380:	00400c5d 	.word	0x00400c5d
  403384:	00400d89 	.word	0x00400d89
  403388:	00400cf1 	.word	0x00400cf1
  40338c:	00400d3d 	.word	0x00400d3d
  403390:	004029f5 	.word	0x004029f5
  403394:	00402f61 	.word	0x00402f61
  403398:	00403729 	.word	0x00403729
  40339c:	20000001 	.word	0x20000001
  4033a0:	00402bcd 	.word	0x00402bcd
  4033a4:	004016f9 	.word	0x004016f9
  4033a8:	004016c9 	.word	0x004016c9
  4033ac:	200009e5 	.word	0x200009e5
  4033b0:	004092a8 	.word	0x004092a8
  4033b4:	00400df9 	.word	0x00400df9
  4033b8:	20000a79 	.word	0x20000a79
  4033bc:	004092b4 	.word	0x004092b4
  4033c0:	004092bc 	.word	0x004092bc
  4033c4:	20019178 	.word	0x20019178
  4033c8:	00403e21 	.word	0x00403e21
			} else {
			delay_ms(10000);
  4033cc:	4b9e      	ldr	r3, [pc, #632]	; (403648 <main+0x534>)
  4033ce:	4798      	blx	r3
  4033d0:	4603      	mov	r3, r0
  4033d2:	4619      	mov	r1, r3
  4033d4:	f04f 0200 	mov.w	r2, #0
  4033d8:	460b      	mov	r3, r1
  4033da:	4614      	mov	r4, r2
  4033dc:	00a0      	lsls	r0, r4, #2
  4033de:	63f8      	str	r0, [r7, #60]	; 0x3c
  4033e0:	6bf8      	ldr	r0, [r7, #60]	; 0x3c
  4033e2:	ea40 7093 	orr.w	r0, r0, r3, lsr #30
  4033e6:	63f8      	str	r0, [r7, #60]	; 0x3c
  4033e8:	009b      	lsls	r3, r3, #2
  4033ea:	63bb      	str	r3, [r7, #56]	; 0x38
  4033ec:	e9d7 340e 	ldrd	r3, r4, [r7, #56]	; 0x38
  4033f0:	185b      	adds	r3, r3, r1
  4033f2:	eb44 0402 	adc.w	r4, r4, r2
  4033f6:	00e0      	lsls	r0, r4, #3
  4033f8:	6378      	str	r0, [r7, #52]	; 0x34
  4033fa:	6b78      	ldr	r0, [r7, #52]	; 0x34
  4033fc:	ea40 7053 	orr.w	r0, r0, r3, lsr #29
  403400:	6378      	str	r0, [r7, #52]	; 0x34
  403402:	00db      	lsls	r3, r3, #3
  403404:	633b      	str	r3, [r7, #48]	; 0x30
  403406:	e9d7 340c 	ldrd	r3, r4, [r7, #48]	; 0x30
  40340a:	1a5b      	subs	r3, r3, r1
  40340c:	eb64 0402 	sbc.w	r4, r4, r2
  403410:	0120      	lsls	r0, r4, #4
  403412:	62f8      	str	r0, [r7, #44]	; 0x2c
  403414:	6af8      	ldr	r0, [r7, #44]	; 0x2c
  403416:	ea40 7013 	orr.w	r0, r0, r3, lsr #28
  40341a:	62f8      	str	r0, [r7, #44]	; 0x2c
  40341c:	011b      	lsls	r3, r3, #4
  40341e:	62bb      	str	r3, [r7, #40]	; 0x28
  403420:	e9d7 340a 	ldrd	r3, r4, [r7, #40]	; 0x28
  403424:	185b      	adds	r3, r3, r1
  403426:	eb44 0402 	adc.w	r4, r4, r2
  40342a:	0122      	lsls	r2, r4, #4
  40342c:	627a      	str	r2, [r7, #36]	; 0x24
  40342e:	6a7a      	ldr	r2, [r7, #36]	; 0x24
  403430:	ea42 7213 	orr.w	r2, r2, r3, lsr #28
  403434:	627a      	str	r2, [r7, #36]	; 0x24
  403436:	011b      	lsls	r3, r3, #4
  403438:	623b      	str	r3, [r7, #32]
  40343a:	e9d7 3408 	ldrd	r3, r4, [r7, #32]
  40343e:	4619      	mov	r1, r3
  403440:	4622      	mov	r2, r4
  403442:	f243 63af 	movw	r3, #13999	; 0x36af
  403446:	f04f 0400 	mov.w	r4, #0
  40344a:	18cd      	adds	r5, r1, r3
  40344c:	eb42 0604 	adc.w	r6, r2, r4
  403450:	4628      	mov	r0, r5
  403452:	4631      	mov	r1, r6
  403454:	4c7d      	ldr	r4, [pc, #500]	; (40364c <main+0x538>)
  403456:	f243 62b0 	movw	r2, #14000	; 0x36b0
  40345a:	f04f 0300 	mov.w	r3, #0
  40345e:	47a0      	blx	r4
  403460:	4603      	mov	r3, r0
  403462:	460c      	mov	r4, r1
  403464:	4618      	mov	r0, r3
  403466:	4b7a      	ldr	r3, [pc, #488]	; (403650 <main+0x53c>)
  403468:	4798      	blx	r3
			gpio_set_pin_low(PIN_WIFI_RST);
  40346a:	2007      	movs	r0, #7
  40346c:	4b79      	ldr	r3, [pc, #484]	; (403654 <main+0x540>)
  40346e:	4798      	blx	r3
			delay_ms(100);
  403470:	4b75      	ldr	r3, [pc, #468]	; (403648 <main+0x534>)
  403472:	4798      	blx	r3
  403474:	4603      	mov	r3, r0
  403476:	4619      	mov	r1, r3
  403478:	f04f 0200 	mov.w	r2, #0
  40347c:	460b      	mov	r3, r1
  40347e:	4614      	mov	r4, r2
  403480:	18db      	adds	r3, r3, r3
  403482:	eb44 0404 	adc.w	r4, r4, r4
  403486:	185b      	adds	r3, r3, r1
  403488:	eb44 0402 	adc.w	r4, r4, r2
  40348c:	0160      	lsls	r0, r4, #5
  40348e:	61f8      	str	r0, [r7, #28]
  403490:	69f8      	ldr	r0, [r7, #28]
  403492:	ea40 60d3 	orr.w	r0, r0, r3, lsr #27
  403496:	61f8      	str	r0, [r7, #28]
  403498:	0158      	lsls	r0, r3, #5
  40349a:	61b8      	str	r0, [r7, #24]
  40349c:	e9d7 5606 	ldrd	r5, r6, [r7, #24]
  4034a0:	18ed      	adds	r5, r5, r3
  4034a2:	eb46 0604 	adc.w	r6, r6, r4
  4034a6:	462b      	mov	r3, r5
  4034a8:	4634      	mov	r4, r6
  4034aa:	185b      	adds	r3, r3, r1
  4034ac:	eb44 0402 	adc.w	r4, r4, r2
  4034b0:	f243 61af 	movw	r1, #13999	; 0x36af
  4034b4:	f04f 0200 	mov.w	r2, #0
  4034b8:	185d      	adds	r5, r3, r1
  4034ba:	eb44 0602 	adc.w	r6, r4, r2
  4034be:	4628      	mov	r0, r5
  4034c0:	4631      	mov	r1, r6
  4034c2:	4c62      	ldr	r4, [pc, #392]	; (40364c <main+0x538>)
  4034c4:	f243 62b0 	movw	r2, #14000	; 0x36b0
  4034c8:	f04f 0300 	mov.w	r3, #0
  4034cc:	47a0      	blx	r4
  4034ce:	4603      	mov	r3, r0
  4034d0:	460c      	mov	r4, r1
  4034d2:	4618      	mov	r0, r3
  4034d4:	4b5e      	ldr	r3, [pc, #376]	; (403650 <main+0x53c>)
  4034d6:	4798      	blx	r3
			gpio_set_pin_high(PIN_WIFI_RST);
  4034d8:	2007      	movs	r0, #7
  4034da:	4b5f      	ldr	r3, [pc, #380]	; (403658 <main+0x544>)
  4034dc:	4798      	blx	r3
			delay_ms(2000);
  4034de:	4b5a      	ldr	r3, [pc, #360]	; (403648 <main+0x534>)
  4034e0:	4798      	blx	r3
  4034e2:	4603      	mov	r3, r0
  4034e4:	4619      	mov	r1, r3
  4034e6:	f04f 0200 	mov.w	r2, #0
  4034ea:	460b      	mov	r3, r1
  4034ec:	4614      	mov	r4, r2
  4034ee:	0160      	lsls	r0, r4, #5
  4034f0:	6178      	str	r0, [r7, #20]
  4034f2:	6978      	ldr	r0, [r7, #20]
  4034f4:	ea40 60d3 	orr.w	r0, r0, r3, lsr #27
  4034f8:	6178      	str	r0, [r7, #20]
  4034fa:	015b      	lsls	r3, r3, #5
  4034fc:	613b      	str	r3, [r7, #16]
  4034fe:	e9d7 3404 	ldrd	r3, r4, [r7, #16]
  403502:	1a5b      	subs	r3, r3, r1
  403504:	eb64 0402 	sbc.w	r4, r4, r2
  403508:	00a0      	lsls	r0, r4, #2
  40350a:	60f8      	str	r0, [r7, #12]
  40350c:	68f8      	ldr	r0, [r7, #12]
  40350e:	ea40 7093 	orr.w	r0, r0, r3, lsr #30
  403512:	60f8      	str	r0, [r7, #12]
  403514:	009b      	lsls	r3, r3, #2
  403516:	60bb      	str	r3, [r7, #8]
  403518:	e9d7 3402 	ldrd	r3, r4, [r7, #8]
  40351c:	185b      	adds	r3, r3, r1
  40351e:	eb44 0402 	adc.w	r4, r4, r2
  403522:	0122      	lsls	r2, r4, #4
  403524:	607a      	str	r2, [r7, #4]
  403526:	687a      	ldr	r2, [r7, #4]
  403528:	ea42 7213 	orr.w	r2, r2, r3, lsr #28
  40352c:	607a      	str	r2, [r7, #4]
  40352e:	011b      	lsls	r3, r3, #4
  403530:	603b      	str	r3, [r7, #0]
  403532:	e9d7 3400 	ldrd	r3, r4, [r7]
  403536:	4619      	mov	r1, r3
  403538:	4622      	mov	r2, r4
  40353a:	f243 63af 	movw	r3, #13999	; 0x36af
  40353e:	f04f 0400 	mov.w	r4, #0
  403542:	18cd      	adds	r5, r1, r3
  403544:	eb42 0604 	adc.w	r6, r2, r4
  403548:	4628      	mov	r0, r5
  40354a:	4631      	mov	r1, r6
  40354c:	4c3f      	ldr	r4, [pc, #252]	; (40364c <main+0x538>)
  40354e:	f243 62b0 	movw	r2, #14000	; 0x36b0
  403552:	f04f 0300 	mov.w	r3, #0
  403556:	47a0      	blx	r4
  403558:	4603      	mov	r3, r0
  40355a:	460c      	mov	r4, r1
  40355c:	4618      	mov	r0, r3
  40355e:	4b3c      	ldr	r3, [pc, #240]	; (403650 <main+0x53c>)
  403560:	4798      	blx	r3
			g_wifi_provision_flag = 0;
  403562:	4a3e      	ldr	r2, [pc, #248]	; (40365c <main+0x548>)
  403564:	2300      	movs	r3, #0
  403566:	7013      	strb	r3, [r2, #0]
	while (!wifi_connected) {
  403568:	f897 306f 	ldrb.w	r3, [r7, #111]	; 0x6f
  40356c:	f083 0301 	eor.w	r3, r3, #1
  403570:	b2db      	uxtb	r3, r3
  403572:	2b00      	cmp	r3, #0
  403574:	f47f aee1 	bne.w	40333a <main+0x226>
		}
	}

	// Configure LED indicators on ESP32
	write_wifi_command("set wlan_gpio 27", 0);
  403578:	2100      	movs	r1, #0
  40357a:	4839      	ldr	r0, [pc, #228]	; (403660 <main+0x54c>)
  40357c:	4b39      	ldr	r3, [pc, #228]	; (403664 <main+0x550>)
  40357e:	4798      	blx	r3
	write_wifi_command("set websocket_gpio 26", 0);
  403580:	2100      	movs	r1, #0
  403582:	4839      	ldr	r0, [pc, #228]	; (403668 <main+0x554>)
  403584:	4b37      	ldr	r3, [pc, #220]	; (403664 <main+0x550>)
  403586:	4798      	blx	r3
	write_wifi_command("set ap_gpio 25", 0);
  403588:	2100      	movs	r1, #0
  40358a:	4838      	ldr	r0, [pc, #224]	; (40366c <main+0x558>)
  40358c:	4b35      	ldr	r3, [pc, #212]	; (403664 <main+0x550>)
  40358e:	4798      	blx	r3

	// Configure control GPIOs on ESP32
	write_wifi_command("set comm_gpio 21", 0);
  403590:	2100      	movs	r1, #0
  403592:	4837      	ldr	r0, [pc, #220]	; (403670 <main+0x55c>)
  403594:	4b33      	ldr	r3, [pc, #204]	; (403664 <main+0x550>)
  403596:	4798      	blx	r3
	write_wifi_command("set net_gpio 22", 0);
  403598:	2100      	movs	r1, #0
  40359a:	4836      	ldr	r0, [pc, #216]	; (403674 <main+0x560>)
  40359c:	4b31      	ldr	r3, [pc, #196]	; (403664 <main+0x550>)
  40359e:	4798      	blx	r3
	write_wifi_command("set clients_gpio 32", 0);
  4035a0:	2100      	movs	r1, #0
  4035a2:	4835      	ldr	r0, [pc, #212]	; (403678 <main+0x564>)
  4035a4:	4b2f      	ldr	r3, [pc, #188]	; (403664 <main+0x550>)
  4035a6:	4798      	blx	r3

	// Set SPI baud rate
	write_wifi_command("set spi_baud 4000000", 0);
  4035a8:	2100      	movs	r1, #0
  4035aa:	4834      	ldr	r0, [pc, #208]	; (40367c <main+0x568>)
  4035ac:	4b2d      	ldr	r3, [pc, #180]	; (403664 <main+0x550>)
  4035ae:	4798      	blx	r3

	status = 8;
  4035b0:	4b33      	ldr	r3, [pc, #204]	; (403680 <main+0x56c>)
  4035b2:	2208      	movs	r2, #8
  4035b4:	701a      	strb	r2, [r3, #0]

	// Main loop
	while (1) {
		// Check provision flag
		if (g_wifi_provision_flag) {
  4035b6:	4b29      	ldr	r3, [pc, #164]	; (40365c <main+0x548>)
  4035b8:	781b      	ldrb	r3, [r3, #0]
  4035ba:	b2db      	uxtb	r3, r3
  4035bc:	2b00      	cmp	r3, #0
  4035be:	d01b      	beq.n	4035f8 <main+0x4e4>
			write_wifi_command("provision", 5);
  4035c0:	2105      	movs	r1, #5
  4035c2:	4830      	ldr	r0, [pc, #192]	; (403684 <main+0x570>)
  4035c4:	4b27      	ldr	r3, [pc, #156]	; (403664 <main+0x550>)
  4035c6:	4798      	blx	r3
			g_wifi_provision_flag = 0;
  4035c8:	4b24      	ldr	r3, [pc, #144]	; (40365c <main+0x548>)
  4035ca:	2200      	movs	r2, #0
  4035cc:	701a      	strb	r2, [r3, #0]
			g_network_ready = 0;
  4035ce:	4b2e      	ldr	r3, [pc, #184]	; (403688 <main+0x574>)
  4035d0:	2200      	movs	r2, #0
  4035d2:	701a      	strb	r2, [r3, #0]
			// Wait for reconnection
			while (!g_network_ready) {
  4035d4:	e00b      	b.n	4035ee <main+0x4da>
				if (g_wifi_provision_flag) {
  4035d6:	4b21      	ldr	r3, [pc, #132]	; (40365c <main+0x548>)
  4035d8:	781b      	ldrb	r3, [r3, #0]
  4035da:	b2db      	uxtb	r3, r3
  4035dc:	2b00      	cmp	r3, #0
  4035de:	d006      	beq.n	4035ee <main+0x4da>
					write_wifi_command("provision", 5);
  4035e0:	2105      	movs	r1, #5
  4035e2:	4828      	ldr	r0, [pc, #160]	; (403684 <main+0x570>)
  4035e4:	4b1f      	ldr	r3, [pc, #124]	; (403664 <main+0x550>)
  4035e6:	4798      	blx	r3
					g_wifi_provision_flag = 0;
  4035e8:	4b1c      	ldr	r3, [pc, #112]	; (40365c <main+0x548>)
  4035ea:	2200      	movs	r2, #0
  4035ec:	701a      	strb	r2, [r3, #0]
			while (!g_network_ready) {
  4035ee:	4b26      	ldr	r3, [pc, #152]	; (403688 <main+0x574>)
  4035f0:	781b      	ldrb	r3, [r3, #0]
  4035f2:	b2db      	uxtb	r3, r3
  4035f4:	2b00      	cmp	r3, #0
  4035f6:	d0ee      	beq.n	4035d6 <main+0x4c2>
				}
			}
		}
		if (g_network_ready && g_clients_connected) {
  4035f8:	4b23      	ldr	r3, [pc, #140]	; (403688 <main+0x574>)
  4035fa:	781b      	ldrb	r3, [r3, #0]
  4035fc:	b2db      	uxtb	r3, r3
  4035fe:	2b00      	cmp	r3, #0
  403600:	d0d9      	beq.n	4035b6 <main+0x4a2>
  403602:	4b22      	ldr	r3, [pc, #136]	; (40368c <main+0x578>)
  403604:	781b      	ldrb	r3, [r3, #0]
  403606:	b2db      	uxtb	r3, r3
  403608:	2b00      	cmp	r3, #0
  40360a:	d0d4      	beq.n	4035b6 <main+0x4a2>
			uint32_t t_frame_start = TC0->TC_CHANNEL[0].TC_CV;
  40360c:	4b20      	ldr	r3, [pc, #128]	; (403690 <main+0x57c>)
  40360e:	691b      	ldr	r3, [r3, #16]
  403610:	66bb      	str	r3, [r7, #104]	; 0x68
			uint32_t t_loop_start = TC0->TC_CHANNEL[0].TC_CV;
  403612:	4b1f      	ldr	r3, [pc, #124]	; (403690 <main+0x57c>)
  403614:	691b      	ldr	r3, [r3, #16]
  403616:	667b      	str	r3, [r7, #100]	; 0x64
			g_t_frame_gap = t_frame_start - t_last_frame_end;
  403618:	4b1e      	ldr	r3, [pc, #120]	; (403694 <main+0x580>)
  40361a:	681b      	ldr	r3, [r3, #0]
  40361c:	6eba      	ldr	r2, [r7, #104]	; 0x68
  40361e:	1ad3      	subs	r3, r2, r3
  403620:	4a1d      	ldr	r2, [pc, #116]	; (403698 <main+0x584>)
  403622:	6013      	str	r3, [r2, #0]
			write_image_to_web();
  403624:	4b1d      	ldr	r3, [pc, #116]	; (40369c <main+0x588>)
  403626:	4798      	blx	r3
			start_capture();
  403628:	4b1d      	ldr	r3, [pc, #116]	; (4036a0 <main+0x58c>)
  40362a:	4798      	blx	r3
			uint32_t t_loop_end = TC0->TC_CHANNEL[0].TC_CV;
  40362c:	4b18      	ldr	r3, [pc, #96]	; (403690 <main+0x57c>)
  40362e:	691b      	ldr	r3, [r3, #16]
  403630:	663b      	str	r3, [r7, #96]	; 0x60
			g_t_loop_total = t_loop_end - t_loop_start;
  403632:	6e3a      	ldr	r2, [r7, #96]	; 0x60
  403634:	6e7b      	ldr	r3, [r7, #100]	; 0x64
  403636:	1ad3      	subs	r3, r2, r3
  403638:	4a1a      	ldr	r2, [pc, #104]	; (4036a4 <main+0x590>)
  40363a:	6013      	str	r3, [r2, #0]
			t_last_frame_end = TC0->TC_CHANNEL[0].TC_CV;
  40363c:	4b14      	ldr	r3, [pc, #80]	; (403690 <main+0x57c>)
  40363e:	691b      	ldr	r3, [r3, #16]
  403640:	4a14      	ldr	r2, [pc, #80]	; (403694 <main+0x580>)
  403642:	6013      	str	r3, [r2, #0]
		if (g_wifi_provision_flag) {
  403644:	e7b7      	b.n	4035b6 <main+0x4a2>
  403646:	bf00      	nop
  403648:	00402f61 	.word	0x00402f61
  40364c:	00403729 	.word	0x00403729
  403650:	20000001 	.word	0x20000001
  403654:	004016f9 	.word	0x004016f9
  403658:	004016c9 	.word	0x004016c9
  40365c:	200009e5 	.word	0x200009e5
  403660:	004092c4 	.word	0x004092c4
  403664:	00400df9 	.word	0x00400df9
  403668:	004092d8 	.word	0x004092d8
  40366c:	004092f0 	.word	0x004092f0
  403670:	00409300 	.word	0x00409300
  403674:	00409314 	.word	0x00409314
  403678:	00409324 	.word	0x00409324
  40367c:	00409338 	.word	0x00409338
  403680:	20000a8c 	.word	0x20000a8c
  403684:	004092a8 	.word	0x004092a8
  403688:	20000a79 	.word	0x20000a79
  40368c:	20000a7a 	.word	0x20000a7a
  403690:	40010000 	.word	0x40010000
  403694:	20000a98 	.word	0x20000a98
  403698:	20000a94 	.word	0x20000a94
  40369c:	00400eb5 	.word	0x00400eb5
  4036a0:	00402c09 	.word	0x00402c09
  4036a4:	20000a90 	.word	0x20000a90

004036a8 <configure_status_pins>:
		}
	}
}

void configure_status_pins(void) {
  4036a8:	b580      	push	{r7, lr}
  4036aa:	af00      	add	r7, sp, #0
	pmc_enable_periph_clk(ID_PIOA);
  4036ac:	200b      	movs	r0, #11
  4036ae:	4b18      	ldr	r3, [pc, #96]	; (403710 <configure_status_pins+0x68>)
  4036b0:	4798      	blx	r3
	gpio_configure_pin(PIN_WIFI_RST, PIO_TYPE_PIO_OUTPUT_1 | PIO_DEFAULT);
  4036b2:	f04f 5160 	mov.w	r1, #939524096	; 0x38000000
  4036b6:	2007      	movs	r0, #7
  4036b8:	4b16      	ldr	r3, [pc, #88]	; (403714 <configure_status_pins+0x6c>)
  4036ba:	4798      	blx	r3
	pio_set_input(PIOA, PIN_WIFI_COMM_MASK, PIO_DEFAULT);
  4036bc:	2200      	movs	r2, #0
  4036be:	f44f 2100 	mov.w	r1, #524288	; 0x80000
  4036c2:	4815      	ldr	r0, [pc, #84]	; (403718 <configure_status_pins+0x70>)
  4036c4:	4b15      	ldr	r3, [pc, #84]	; (40371c <configure_status_pins+0x74>)
  4036c6:	4798      	blx	r3
	ioport_set_pin_dir(PIN_NETWORK_STATUS, IOPORT_DIR_INPUT);
  4036c8:	2100      	movs	r1, #0
  4036ca:	2001      	movs	r0, #1
  4036cc:	4b14      	ldr	r3, [pc, #80]	; (403720 <configure_status_pins+0x78>)
  4036ce:	4798      	blx	r3
	ioport_set_pin_dir(PIN_CLIENT_STATUS,  IOPORT_DIR_INPUT);
  4036d0:	2100      	movs	r1, #0
  4036d2:	2002      	movs	r0, #2
  4036d4:	4b12      	ldr	r3, [pc, #72]	; (403720 <configure_status_pins+0x78>)
  4036d6:	4798      	blx	r3
	ioport_set_pin_mode(PIN_NETWORK_STATUS, IOPORT_MODE_PULLDOWN);
  4036d8:	2110      	movs	r1, #16
  4036da:	2001      	movs	r0, #1
  4036dc:	4b11      	ldr	r3, [pc, #68]	; (403724 <configure_status_pins+0x7c>)
  4036de:	4798      	blx	r3
	ioport_set_pin_mode(PIN_CLIENT_STATUS,  IOPORT_MODE_PULLDOWN);
  4036e0:	2110      	movs	r1, #16
  4036e2:	2002      	movs	r0, #2
  4036e4:	4b0f      	ldr	r3, [pc, #60]	; (403724 <configure_status_pins+0x7c>)
  4036e6:	4798      	blx	r3
	PIOA->PIO_AIMER = PIN_NETWORK_STATUS_MASK | PIN_CLIENT_STATUS_MASK;
  4036e8:	4b0b      	ldr	r3, [pc, #44]	; (403718 <configure_status_pins+0x70>)
  4036ea:	2206      	movs	r2, #6
  4036ec:	f8c3 20b0 	str.w	r2, [r3, #176]	; 0xb0
	PIOA->PIO_ESR = PIN_NETWORK_STATUS_MASK | PIN_CLIENT_STATUS_MASK;
  4036f0:	4b09      	ldr	r3, [pc, #36]	; (403718 <configure_status_pins+0x70>)
  4036f2:	2206      	movs	r2, #6
  4036f4:	f8c3 20c0 	str.w	r2, [r3, #192]	; 0xc0
	PIOA->PIO_REHLSR = PIN_NETWORK_STATUS_MASK | PIN_CLIENT_STATUS_MASK;
  4036f8:	4b07      	ldr	r3, [pc, #28]	; (403718 <configure_status_pins+0x70>)
  4036fa:	2206      	movs	r2, #6
  4036fc:	f8c3 20d4 	str.w	r2, [r3, #212]	; 0xd4
	PIOA->PIO_IER = PIN_NETWORK_STATUS_MASK | PIN_CLIENT_STATUS_MASK;
  403700:	4b05      	ldr	r3, [pc, #20]	; (403718 <configure_status_pins+0x70>)
  403702:	2206      	movs	r2, #6
  403704:	641a      	str	r2, [r3, #64]	; 0x40
	PIOA->PIO_IDR = PIO_PA3 | PIO_PA4;
  403706:	4b04      	ldr	r3, [pc, #16]	; (403718 <configure_status_pins+0x70>)
  403708:	2218      	movs	r2, #24
  40370a:	645a      	str	r2, [r3, #68]	; 0x44
  40370c:	bf00      	nop
  40370e:	bd80      	pop	{r7, pc}
  403710:	00401c35 	.word	0x00401c35
  403714:	00401729 	.word	0x00401729
  403718:	400e0e00 	.word	0x400e0e00
  40371c:	004014d1 	.word	0x004014d1
  403720:	0040308f 	.word	0x0040308f
  403724:	00402f75 	.word	0x00402f75

00403728 <__aeabi_uldivmod>:
  403728:	b953      	cbnz	r3, 403740 <__aeabi_uldivmod+0x18>
  40372a:	b94a      	cbnz	r2, 403740 <__aeabi_uldivmod+0x18>
  40372c:	2900      	cmp	r1, #0
  40372e:	bf08      	it	eq
  403730:	2800      	cmpeq	r0, #0
  403732:	bf1c      	itt	ne
  403734:	f04f 31ff 	movne.w	r1, #4294967295
  403738:	f04f 30ff 	movne.w	r0, #4294967295
  40373c:	f000 b97a 	b.w	403a34 <__aeabi_idiv0>
  403740:	f1ad 0c08 	sub.w	ip, sp, #8
  403744:	e96d ce04 	strd	ip, lr, [sp, #-16]!
  403748:	f000 f806 	bl	403758 <__udivmoddi4>
  40374c:	f8dd e004 	ldr.w	lr, [sp, #4]
  403750:	e9dd 2302 	ldrd	r2, r3, [sp, #8]
  403754:	b004      	add	sp, #16
  403756:	4770      	bx	lr

00403758 <__udivmoddi4>:
  403758:	e92d 47f0 	stmdb	sp!, {r4, r5, r6, r7, r8, r9, sl, lr}
  40375c:	468c      	mov	ip, r1
  40375e:	460d      	mov	r5, r1
  403760:	4604      	mov	r4, r0
  403762:	9e08      	ldr	r6, [sp, #32]
  403764:	2b00      	cmp	r3, #0
  403766:	d151      	bne.n	40380c <__udivmoddi4+0xb4>
  403768:	428a      	cmp	r2, r1
  40376a:	4617      	mov	r7, r2
  40376c:	d96d      	bls.n	40384a <__udivmoddi4+0xf2>
  40376e:	fab2 fe82 	clz	lr, r2
  403772:	f1be 0f00 	cmp.w	lr, #0
  403776:	d00b      	beq.n	403790 <__udivmoddi4+0x38>
  403778:	f1ce 0c20 	rsb	ip, lr, #32
  40377c:	fa01 f50e 	lsl.w	r5, r1, lr
  403780:	fa20 fc0c 	lsr.w	ip, r0, ip
  403784:	fa02 f70e 	lsl.w	r7, r2, lr
  403788:	ea4c 0c05 	orr.w	ip, ip, r5
  40378c:	fa00 f40e 	lsl.w	r4, r0, lr
  403790:	ea4f 4a17 	mov.w	sl, r7, lsr #16
  403794:	0c25      	lsrs	r5, r4, #16
  403796:	fbbc f8fa 	udiv	r8, ip, sl
  40379a:	fa1f f987 	uxth.w	r9, r7
  40379e:	fb0a cc18 	mls	ip, sl, r8, ip
  4037a2:	ea45 450c 	orr.w	r5, r5, ip, lsl #16
  4037a6:	fb08 f309 	mul.w	r3, r8, r9
  4037aa:	42ab      	cmp	r3, r5
  4037ac:	d90a      	bls.n	4037c4 <__udivmoddi4+0x6c>
  4037ae:	19ed      	adds	r5, r5, r7
  4037b0:	f108 32ff 	add.w	r2, r8, #4294967295
  4037b4:	f080 8123 	bcs.w	4039fe <__udivmoddi4+0x2a6>
  4037b8:	42ab      	cmp	r3, r5
  4037ba:	f240 8120 	bls.w	4039fe <__udivmoddi4+0x2a6>
  4037be:	f1a8 0802 	sub.w	r8, r8, #2
  4037c2:	443d      	add	r5, r7
  4037c4:	1aed      	subs	r5, r5, r3
  4037c6:	b2a4      	uxth	r4, r4
  4037c8:	fbb5 f0fa 	udiv	r0, r5, sl
  4037cc:	fb0a 5510 	mls	r5, sl, r0, r5
  4037d0:	ea44 4405 	orr.w	r4, r4, r5, lsl #16
  4037d4:	fb00 f909 	mul.w	r9, r0, r9
  4037d8:	45a1      	cmp	r9, r4
  4037da:	d909      	bls.n	4037f0 <__udivmoddi4+0x98>
  4037dc:	19e4      	adds	r4, r4, r7
  4037de:	f100 33ff 	add.w	r3, r0, #4294967295
  4037e2:	f080 810a 	bcs.w	4039fa <__udivmoddi4+0x2a2>
  4037e6:	45a1      	cmp	r9, r4
  4037e8:	f240 8107 	bls.w	4039fa <__udivmoddi4+0x2a2>
  4037ec:	3802      	subs	r0, #2
  4037ee:	443c      	add	r4, r7
  4037f0:	eba4 0409 	sub.w	r4, r4, r9
  4037f4:	ea40 4008 	orr.w	r0, r0, r8, lsl #16
  4037f8:	2100      	movs	r1, #0
  4037fa:	2e00      	cmp	r6, #0
  4037fc:	d061      	beq.n	4038c2 <__udivmoddi4+0x16a>
  4037fe:	fa24 f40e 	lsr.w	r4, r4, lr
  403802:	2300      	movs	r3, #0
  403804:	6034      	str	r4, [r6, #0]
  403806:	6073      	str	r3, [r6, #4]
  403808:	e8bd 87f0 	ldmia.w	sp!, {r4, r5, r6, r7, r8, r9, sl, pc}
  40380c:	428b      	cmp	r3, r1
  40380e:	d907      	bls.n	403820 <__udivmoddi4+0xc8>
  403810:	2e00      	cmp	r6, #0
  403812:	d054      	beq.n	4038be <__udivmoddi4+0x166>
  403814:	2100      	movs	r1, #0
  403816:	e886 0021 	stmia.w	r6, {r0, r5}
  40381a:	4608      	mov	r0, r1
  40381c:	e8bd 87f0 	ldmia.w	sp!, {r4, r5, r6, r7, r8, r9, sl, pc}
  403820:	fab3 f183 	clz	r1, r3
  403824:	2900      	cmp	r1, #0
  403826:	f040 808e 	bne.w	403946 <__udivmoddi4+0x1ee>
  40382a:	42ab      	cmp	r3, r5
  40382c:	d302      	bcc.n	403834 <__udivmoddi4+0xdc>
  40382e:	4282      	cmp	r2, r0
  403830:	f200 80fa 	bhi.w	403a28 <__udivmoddi4+0x2d0>
  403834:	1a84      	subs	r4, r0, r2
  403836:	eb65 0503 	sbc.w	r5, r5, r3
  40383a:	2001      	movs	r0, #1
  40383c:	46ac      	mov	ip, r5
  40383e:	2e00      	cmp	r6, #0
  403840:	d03f      	beq.n	4038c2 <__udivmoddi4+0x16a>
  403842:	e886 1010 	stmia.w	r6, {r4, ip}
  403846:	e8bd 87f0 	ldmia.w	sp!, {r4, r5, r6, r7, r8, r9, sl, pc}
  40384a:	b912      	cbnz	r2, 403852 <__udivmoddi4+0xfa>
  40384c:	2701      	movs	r7, #1
  40384e:	fbb7 f7f2 	udiv	r7, r7, r2
  403852:	fab7 fe87 	clz	lr, r7
  403856:	f1be 0f00 	cmp.w	lr, #0
  40385a:	d134      	bne.n	4038c6 <__udivmoddi4+0x16e>
  40385c:	1beb      	subs	r3, r5, r7
  40385e:	0c3a      	lsrs	r2, r7, #16
  403860:	fa1f fc87 	uxth.w	ip, r7
  403864:	2101      	movs	r1, #1
  403866:	fbb3 f8f2 	udiv	r8, r3, r2
  40386a:	0c25      	lsrs	r5, r4, #16
  40386c:	fb02 3318 	mls	r3, r2, r8, r3
  403870:	ea45 4503 	orr.w	r5, r5, r3, lsl #16
  403874:	fb0c f308 	mul.w	r3, ip, r8
  403878:	42ab      	cmp	r3, r5
  40387a:	d907      	bls.n	40388c <__udivmoddi4+0x134>
  40387c:	19ed      	adds	r5, r5, r7
  40387e:	f108 30ff 	add.w	r0, r8, #4294967295
  403882:	d202      	bcs.n	40388a <__udivmoddi4+0x132>
  403884:	42ab      	cmp	r3, r5
  403886:	f200 80d1 	bhi.w	403a2c <__udivmoddi4+0x2d4>
  40388a:	4680      	mov	r8, r0
  40388c:	1aed      	subs	r5, r5, r3
  40388e:	b2a3      	uxth	r3, r4
  403890:	fbb5 f0f2 	udiv	r0, r5, r2
  403894:	fb02 5510 	mls	r5, r2, r0, r5
  403898:	ea43 4405 	orr.w	r4, r3, r5, lsl #16
  40389c:	fb0c fc00 	mul.w	ip, ip, r0
  4038a0:	45a4      	cmp	ip, r4
  4038a2:	d907      	bls.n	4038b4 <__udivmoddi4+0x15c>
  4038a4:	19e4      	adds	r4, r4, r7
  4038a6:	f100 33ff 	add.w	r3, r0, #4294967295
  4038aa:	d202      	bcs.n	4038b2 <__udivmoddi4+0x15a>
  4038ac:	45a4      	cmp	ip, r4
  4038ae:	f200 80b8 	bhi.w	403a22 <__udivmoddi4+0x2ca>
  4038b2:	4618      	mov	r0, r3
  4038b4:	eba4 040c 	sub.w	r4, r4, ip
  4038b8:	ea40 4008 	orr.w	r0, r0, r8, lsl #16
  4038bc:	e79d      	b.n	4037fa <__udivmoddi4+0xa2>
  4038be:	4631      	mov	r1, r6
  4038c0:	4630      	mov	r0, r6
  4038c2:	e8bd 87f0 	ldmia.w	sp!, {r4, r5, r6, r7, r8, r9, sl, pc}
  4038c6:	f1ce 0420 	rsb	r4, lr, #32
  4038ca:	fa05 f30e 	lsl.w	r3, r5, lr
  4038ce:	fa07 f70e 	lsl.w	r7, r7, lr
  4038d2:	fa20 f804 	lsr.w	r8, r0, r4
  4038d6:	0c3a      	lsrs	r2, r7, #16
  4038d8:	fa25 f404 	lsr.w	r4, r5, r4
  4038dc:	ea48 0803 	orr.w	r8, r8, r3
  4038e0:	fbb4 f1f2 	udiv	r1, r4, r2
  4038e4:	ea4f 4518 	mov.w	r5, r8, lsr #16
  4038e8:	fb02 4411 	mls	r4, r2, r1, r4
  4038ec:	fa1f fc87 	uxth.w	ip, r7
  4038f0:	ea45 4504 	orr.w	r5, r5, r4, lsl #16
  4038f4:	fb01 f30c 	mul.w	r3, r1, ip
  4038f8:	42ab      	cmp	r3, r5
  4038fa:	fa00 f40e 	lsl.w	r4, r0, lr
  4038fe:	d909      	bls.n	403914 <__udivmoddi4+0x1bc>
  403900:	19ed      	adds	r5, r5, r7
  403902:	f101 30ff 	add.w	r0, r1, #4294967295
  403906:	f080 808a 	bcs.w	403a1e <__udivmoddi4+0x2c6>
  40390a:	42ab      	cmp	r3, r5
  40390c:	f240 8087 	bls.w	403a1e <__udivmoddi4+0x2c6>
  403910:	3902      	subs	r1, #2
  403912:	443d      	add	r5, r7
  403914:	1aeb      	subs	r3, r5, r3
  403916:	fa1f f588 	uxth.w	r5, r8
  40391a:	fbb3 f0f2 	udiv	r0, r3, r2
  40391e:	fb02 3310 	mls	r3, r2, r0, r3
  403922:	ea45 4503 	orr.w	r5, r5, r3, lsl #16
  403926:	fb00 f30c 	mul.w	r3, r0, ip
  40392a:	42ab      	cmp	r3, r5
  40392c:	d907      	bls.n	40393e <__udivmoddi4+0x1e6>
  40392e:	19ed      	adds	r5, r5, r7
  403930:	f100 38ff 	add.w	r8, r0, #4294967295
  403934:	d26f      	bcs.n	403a16 <__udivmoddi4+0x2be>
  403936:	42ab      	cmp	r3, r5
  403938:	d96d      	bls.n	403a16 <__udivmoddi4+0x2be>
  40393a:	3802      	subs	r0, #2
  40393c:	443d      	add	r5, r7
  40393e:	1aeb      	subs	r3, r5, r3
  403940:	ea40 4101 	orr.w	r1, r0, r1, lsl #16
  403944:	e78f      	b.n	403866 <__udivmoddi4+0x10e>
  403946:	f1c1 0720 	rsb	r7, r1, #32
  40394a:	fa22 f807 	lsr.w	r8, r2, r7
  40394e:	408b      	lsls	r3, r1
  403950:	fa05 f401 	lsl.w	r4, r5, r1
  403954:	ea48 0303 	orr.w	r3, r8, r3
  403958:	fa20 fe07 	lsr.w	lr, r0, r7
  40395c:	ea4f 4c13 	mov.w	ip, r3, lsr #16
  403960:	40fd      	lsrs	r5, r7
  403962:	ea4e 0e04 	orr.w	lr, lr, r4
  403966:	fbb5 f9fc 	udiv	r9, r5, ip
  40396a:	ea4f 441e 	mov.w	r4, lr, lsr #16
  40396e:	fb0c 5519 	mls	r5, ip, r9, r5
  403972:	fa1f f883 	uxth.w	r8, r3
  403976:	ea44 4505 	orr.w	r5, r4, r5, lsl #16
  40397a:	fb09 f408 	mul.w	r4, r9, r8
  40397e:	42ac      	cmp	r4, r5
  403980:	fa02 f201 	lsl.w	r2, r2, r1
  403984:	fa00 fa01 	lsl.w	sl, r0, r1
  403988:	d908      	bls.n	40399c <__udivmoddi4+0x244>
  40398a:	18ed      	adds	r5, r5, r3
  40398c:	f109 30ff 	add.w	r0, r9, #4294967295
  403990:	d243      	bcs.n	403a1a <__udivmoddi4+0x2c2>
  403992:	42ac      	cmp	r4, r5
  403994:	d941      	bls.n	403a1a <__udivmoddi4+0x2c2>
  403996:	f1a9 0902 	sub.w	r9, r9, #2
  40399a:	441d      	add	r5, r3
  40399c:	1b2d      	subs	r5, r5, r4
  40399e:	fa1f fe8e 	uxth.w	lr, lr
  4039a2:	fbb5 f0fc 	udiv	r0, r5, ip
  4039a6:	fb0c 5510 	mls	r5, ip, r0, r5
  4039aa:	ea4e 4405 	orr.w	r4, lr, r5, lsl #16
  4039ae:	fb00 f808 	mul.w	r8, r0, r8
  4039b2:	45a0      	cmp	r8, r4
  4039b4:	d907      	bls.n	4039c6 <__udivmoddi4+0x26e>
  4039b6:	18e4      	adds	r4, r4, r3
  4039b8:	f100 35ff 	add.w	r5, r0, #4294967295
  4039bc:	d229      	bcs.n	403a12 <__udivmoddi4+0x2ba>
  4039be:	45a0      	cmp	r8, r4
  4039c0:	d927      	bls.n	403a12 <__udivmoddi4+0x2ba>
  4039c2:	3802      	subs	r0, #2
  4039c4:	441c      	add	r4, r3
  4039c6:	ea40 4009 	orr.w	r0, r0, r9, lsl #16
  4039ca:	eba4 0408 	sub.w	r4, r4, r8
  4039ce:	fba0 8902 	umull	r8, r9, r0, r2
  4039d2:	454c      	cmp	r4, r9
  4039d4:	46c6      	mov	lr, r8
  4039d6:	464d      	mov	r5, r9
  4039d8:	d315      	bcc.n	403a06 <__udivmoddi4+0x2ae>
  4039da:	d012      	beq.n	403a02 <__udivmoddi4+0x2aa>
  4039dc:	b156      	cbz	r6, 4039f4 <__udivmoddi4+0x29c>
  4039de:	ebba 030e 	subs.w	r3, sl, lr
  4039e2:	eb64 0405 	sbc.w	r4, r4, r5
  4039e6:	fa04 f707 	lsl.w	r7, r4, r7
  4039ea:	40cb      	lsrs	r3, r1
  4039ec:	431f      	orrs	r7, r3
  4039ee:	40cc      	lsrs	r4, r1
  4039f0:	6037      	str	r7, [r6, #0]
  4039f2:	6074      	str	r4, [r6, #4]
  4039f4:	2100      	movs	r1, #0
  4039f6:	e8bd 87f0 	ldmia.w	sp!, {r4, r5, r6, r7, r8, r9, sl, pc}
  4039fa:	4618      	mov	r0, r3
  4039fc:	e6f8      	b.n	4037f0 <__udivmoddi4+0x98>
  4039fe:	4690      	mov	r8, r2
  403a00:	e6e0      	b.n	4037c4 <__udivmoddi4+0x6c>
  403a02:	45c2      	cmp	sl, r8
  403a04:	d2ea      	bcs.n	4039dc <__udivmoddi4+0x284>
  403a06:	ebb8 0e02 	subs.w	lr, r8, r2
  403a0a:	eb69 0503 	sbc.w	r5, r9, r3
  403a0e:	3801      	subs	r0, #1
  403a10:	e7e4      	b.n	4039dc <__udivmoddi4+0x284>
  403a12:	4628      	mov	r0, r5
  403a14:	e7d7      	b.n	4039c6 <__udivmoddi4+0x26e>
  403a16:	4640      	mov	r0, r8
  403a18:	e791      	b.n	40393e <__udivmoddi4+0x1e6>
  403a1a:	4681      	mov	r9, r0
  403a1c:	e7be      	b.n	40399c <__udivmoddi4+0x244>
  403a1e:	4601      	mov	r1, r0
  403a20:	e778      	b.n	403914 <__udivmoddi4+0x1bc>
  403a22:	3802      	subs	r0, #2
  403a24:	443c      	add	r4, r7
  403a26:	e745      	b.n	4038b4 <__udivmoddi4+0x15c>
  403a28:	4608      	mov	r0, r1
  403a2a:	e708      	b.n	40383e <__udivmoddi4+0xe6>
  403a2c:	f1a8 0802 	sub.w	r8, r8, #2
  403a30:	443d      	add	r5, r7
  403a32:	e72b      	b.n	40388c <__udivmoddi4+0x134>

00403a34 <__aeabi_idiv0>:
  403a34:	4770      	bx	lr
  403a36:	bf00      	nop

00403a38 <__libc_init_array>:
  403a38:	b570      	push	{r4, r5, r6, lr}
  403a3a:	4e0f      	ldr	r6, [pc, #60]	; (403a78 <__libc_init_array+0x40>)
  403a3c:	4d0f      	ldr	r5, [pc, #60]	; (403a7c <__libc_init_array+0x44>)
  403a3e:	1b76      	subs	r6, r6, r5
  403a40:	10b6      	asrs	r6, r6, #2
  403a42:	bf18      	it	ne
  403a44:	2400      	movne	r4, #0
  403a46:	d005      	beq.n	403a54 <__libc_init_array+0x1c>
  403a48:	3401      	adds	r4, #1
  403a4a:	f855 3b04 	ldr.w	r3, [r5], #4
  403a4e:	4798      	blx	r3
  403a50:	42a6      	cmp	r6, r4
  403a52:	d1f9      	bne.n	403a48 <__libc_init_array+0x10>
  403a54:	4e0a      	ldr	r6, [pc, #40]	; (403a80 <__libc_init_array+0x48>)
  403a56:	4d0b      	ldr	r5, [pc, #44]	; (403a84 <__libc_init_array+0x4c>)
  403a58:	1b76      	subs	r6, r6, r5
  403a5a:	f005 fdbd 	bl	4095d8 <_init>
  403a5e:	10b6      	asrs	r6, r6, #2
  403a60:	bf18      	it	ne
  403a62:	2400      	movne	r4, #0
  403a64:	d006      	beq.n	403a74 <__libc_init_array+0x3c>
  403a66:	3401      	adds	r4, #1
  403a68:	f855 3b04 	ldr.w	r3, [r5], #4
  403a6c:	4798      	blx	r3
  403a6e:	42a6      	cmp	r6, r4
  403a70:	d1f9      	bne.n	403a66 <__libc_init_array+0x2e>
  403a72:	bd70      	pop	{r4, r5, r6, pc}
  403a74:	bd70      	pop	{r4, r5, r6, pc}
  403a76:	bf00      	nop
  403a78:	004095e4 	.word	0x004095e4
  403a7c:	004095e4 	.word	0x004095e4
  403a80:	004095ec 	.word	0x004095ec
  403a84:	004095e4 	.word	0x004095e4

00403a88 <memset>:
  403a88:	b470      	push	{r4, r5, r6}
  403a8a:	0786      	lsls	r6, r0, #30
  403a8c:	d046      	beq.n	403b1c <memset+0x94>
  403a8e:	1e54      	subs	r4, r2, #1
  403a90:	2a00      	cmp	r2, #0
  403a92:	d041      	beq.n	403b18 <memset+0x90>
  403a94:	b2ca      	uxtb	r2, r1
  403a96:	4603      	mov	r3, r0
  403a98:	e002      	b.n	403aa0 <memset+0x18>
  403a9a:	f114 34ff 	adds.w	r4, r4, #4294967295
  403a9e:	d33b      	bcc.n	403b18 <memset+0x90>
  403aa0:	f803 2b01 	strb.w	r2, [r3], #1
  403aa4:	079d      	lsls	r5, r3, #30
  403aa6:	d1f8      	bne.n	403a9a <memset+0x12>
  403aa8:	2c03      	cmp	r4, #3
  403aaa:	d92e      	bls.n	403b0a <memset+0x82>
  403aac:	b2cd      	uxtb	r5, r1
  403aae:	ea45 2505 	orr.w	r5, r5, r5, lsl #8
  403ab2:	2c0f      	cmp	r4, #15
  403ab4:	ea45 4505 	orr.w	r5, r5, r5, lsl #16
  403ab8:	d919      	bls.n	403aee <memset+0x66>
  403aba:	f103 0210 	add.w	r2, r3, #16
  403abe:	4626      	mov	r6, r4
  403ac0:	3e10      	subs	r6, #16
  403ac2:	2e0f      	cmp	r6, #15
  403ac4:	f842 5c10 	str.w	r5, [r2, #-16]
  403ac8:	f842 5c0c 	str.w	r5, [r2, #-12]
  403acc:	f842 5c08 	str.w	r5, [r2, #-8]
  403ad0:	f842 5c04 	str.w	r5, [r2, #-4]
  403ad4:	f102 0210 	add.w	r2, r2, #16
  403ad8:	d8f2      	bhi.n	403ac0 <memset+0x38>
  403ada:	f1a4 0210 	sub.w	r2, r4, #16
  403ade:	f022 020f 	bic.w	r2, r2, #15
  403ae2:	f004 040f 	and.w	r4, r4, #15
  403ae6:	3210      	adds	r2, #16
  403ae8:	2c03      	cmp	r4, #3
  403aea:	4413      	add	r3, r2
  403aec:	d90d      	bls.n	403b0a <memset+0x82>
  403aee:	461e      	mov	r6, r3
  403af0:	4622      	mov	r2, r4
  403af2:	3a04      	subs	r2, #4
  403af4:	2a03      	cmp	r2, #3
  403af6:	f846 5b04 	str.w	r5, [r6], #4
  403afa:	d8fa      	bhi.n	403af2 <memset+0x6a>
  403afc:	1f22      	subs	r2, r4, #4
  403afe:	f022 0203 	bic.w	r2, r2, #3
  403b02:	3204      	adds	r2, #4
  403b04:	4413      	add	r3, r2
  403b06:	f004 0403 	and.w	r4, r4, #3
  403b0a:	b12c      	cbz	r4, 403b18 <memset+0x90>
  403b0c:	b2c9      	uxtb	r1, r1
  403b0e:	441c      	add	r4, r3
  403b10:	f803 1b01 	strb.w	r1, [r3], #1
  403b14:	429c      	cmp	r4, r3
  403b16:	d1fb      	bne.n	403b10 <memset+0x88>
  403b18:	bc70      	pop	{r4, r5, r6}
  403b1a:	4770      	bx	lr
  403b1c:	4614      	mov	r4, r2
  403b1e:	4603      	mov	r3, r0
  403b20:	e7c2      	b.n	403aa8 <memset+0x20>
  403b22:	bf00      	nop

00403b24 <sprintf>:
  403b24:	b40e      	push	{r1, r2, r3}
  403b26:	b5f0      	push	{r4, r5, r6, r7, lr}
  403b28:	b09c      	sub	sp, #112	; 0x70
  403b2a:	ab21      	add	r3, sp, #132	; 0x84
  403b2c:	490f      	ldr	r1, [pc, #60]	; (403b6c <sprintf+0x48>)
  403b2e:	f853 2b04 	ldr.w	r2, [r3], #4
  403b32:	9301      	str	r3, [sp, #4]
  403b34:	4605      	mov	r5, r0
  403b36:	f06f 4400 	mvn.w	r4, #2147483648	; 0x80000000
  403b3a:	6808      	ldr	r0, [r1, #0]
  403b3c:	9502      	str	r5, [sp, #8]
  403b3e:	f44f 7702 	mov.w	r7, #520	; 0x208
  403b42:	f64f 76ff 	movw	r6, #65535	; 0xffff
  403b46:	a902      	add	r1, sp, #8
  403b48:	9506      	str	r5, [sp, #24]
  403b4a:	f8ad 7014 	strh.w	r7, [sp, #20]
  403b4e:	9404      	str	r4, [sp, #16]
  403b50:	9407      	str	r4, [sp, #28]
  403b52:	f8ad 6016 	strh.w	r6, [sp, #22]
  403b56:	f000 fa6f 	bl	404038 <_svfprintf_r>
  403b5a:	9b02      	ldr	r3, [sp, #8]
  403b5c:	2200      	movs	r2, #0
  403b5e:	701a      	strb	r2, [r3, #0]
  403b60:	b01c      	add	sp, #112	; 0x70
  403b62:	e8bd 40f0 	ldmia.w	sp!, {r4, r5, r6, r7, lr}
  403b66:	b003      	add	sp, #12
  403b68:	4770      	bx	lr
  403b6a:	bf00      	nop
  403b6c:	20000010 	.word	0x20000010

00403b70 <critical_factorization>:
  403b70:	e92d 41f0 	stmdb	sp!, {r4, r5, r6, r7, r8, lr}
  403b74:	f04f 0e01 	mov.w	lr, #1
  403b78:	4674      	mov	r4, lr
  403b7a:	2500      	movs	r5, #0
  403b7c:	f04f 36ff 	mov.w	r6, #4294967295
  403b80:	192b      	adds	r3, r5, r4
  403b82:	428b      	cmp	r3, r1
  403b84:	eb00 0706 	add.w	r7, r0, r6
  403b88:	d20d      	bcs.n	403ba6 <critical_factorization+0x36>
  403b8a:	5d3f      	ldrb	r7, [r7, r4]
  403b8c:	f810 c003 	ldrb.w	ip, [r0, r3]
  403b90:	45bc      	cmp	ip, r7
  403b92:	d22d      	bcs.n	403bf0 <critical_factorization+0x80>
  403b94:	461d      	mov	r5, r3
  403b96:	2401      	movs	r4, #1
  403b98:	eba3 0e06 	sub.w	lr, r3, r6
  403b9c:	192b      	adds	r3, r5, r4
  403b9e:	428b      	cmp	r3, r1
  403ba0:	eb00 0706 	add.w	r7, r0, r6
  403ba4:	d3f1      	bcc.n	403b8a <critical_factorization+0x1a>
  403ba6:	f04f 0801 	mov.w	r8, #1
  403baa:	f8c2 e000 	str.w	lr, [r2]
  403bae:	4644      	mov	r4, r8
  403bb0:	2500      	movs	r5, #0
  403bb2:	f04f 37ff 	mov.w	r7, #4294967295
  403bb6:	192b      	adds	r3, r5, r4
  403bb8:	4299      	cmp	r1, r3
  403bba:	eb00 0e07 	add.w	lr, r0, r7
  403bbe:	d90e      	bls.n	403bde <critical_factorization+0x6e>
  403bc0:	f81e e004 	ldrb.w	lr, [lr, r4]
  403bc4:	f810 c003 	ldrb.w	ip, [r0, r3]
  403bc8:	45f4      	cmp	ip, lr
  403bca:	d918      	bls.n	403bfe <critical_factorization+0x8e>
  403bcc:	461d      	mov	r5, r3
  403bce:	2401      	movs	r4, #1
  403bd0:	eba3 0807 	sub.w	r8, r3, r7
  403bd4:	192b      	adds	r3, r5, r4
  403bd6:	4299      	cmp	r1, r3
  403bd8:	eb00 0e07 	add.w	lr, r0, r7
  403bdc:	d8f0      	bhi.n	403bc0 <critical_factorization+0x50>
  403bde:	3701      	adds	r7, #1
  403be0:	1c70      	adds	r0, r6, #1
  403be2:	4287      	cmp	r7, r0
  403be4:	bf24      	itt	cs
  403be6:	f8c2 8000 	strcs.w	r8, [r2]
  403bea:	4638      	movcs	r0, r7
  403bec:	e8bd 81f0 	ldmia.w	sp!, {r4, r5, r6, r7, r8, pc}
  403bf0:	d00c      	beq.n	403c0c <critical_factorization+0x9c>
  403bf2:	f04f 0e01 	mov.w	lr, #1
  403bf6:	462e      	mov	r6, r5
  403bf8:	4674      	mov	r4, lr
  403bfa:	4475      	add	r5, lr
  403bfc:	e7c0      	b.n	403b80 <critical_factorization+0x10>
  403bfe:	d00b      	beq.n	403c18 <critical_factorization+0xa8>
  403c00:	f04f 0801 	mov.w	r8, #1
  403c04:	462f      	mov	r7, r5
  403c06:	4644      	mov	r4, r8
  403c08:	4445      	add	r5, r8
  403c0a:	e7d4      	b.n	403bb6 <critical_factorization+0x46>
  403c0c:	4574      	cmp	r4, lr
  403c0e:	bf12      	itee	ne
  403c10:	3401      	addne	r4, #1
  403c12:	461d      	moveq	r5, r3
  403c14:	2401      	moveq	r4, #1
  403c16:	e7b3      	b.n	403b80 <critical_factorization+0x10>
  403c18:	4544      	cmp	r4, r8
  403c1a:	bf12      	itee	ne
  403c1c:	3401      	addne	r4, #1
  403c1e:	461d      	moveq	r5, r3
  403c20:	2401      	moveq	r4, #1
  403c22:	e7c8      	b.n	403bb6 <critical_factorization+0x46>

00403c24 <two_way_long_needle>:
  403c24:	e92d 4ff0 	stmdb	sp!, {r4, r5, r6, r7, r8, r9, sl, fp, lr}
  403c28:	f2ad 4d14 	subw	sp, sp, #1044	; 0x414
  403c2c:	4616      	mov	r6, r2
  403c2e:	4605      	mov	r5, r0
  403c30:	468b      	mov	fp, r1
  403c32:	4610      	mov	r0, r2
  403c34:	4619      	mov	r1, r3
  403c36:	aa03      	add	r2, sp, #12
  403c38:	461c      	mov	r4, r3
  403c3a:	f7ff ff99 	bl	403b70 <critical_factorization>
  403c3e:	ab03      	add	r3, sp, #12
  403c40:	4681      	mov	r9, r0
  403c42:	f20d 420c 	addw	r2, sp, #1036	; 0x40c
  403c46:	f843 4f04 	str.w	r4, [r3, #4]!
  403c4a:	4293      	cmp	r3, r2
  403c4c:	d1fb      	bne.n	403c46 <two_way_long_needle+0x22>
  403c4e:	b14c      	cbz	r4, 403c64 <two_way_long_needle+0x40>
  403c50:	1e63      	subs	r3, r4, #1
  403c52:	1e72      	subs	r2, r6, #1
  403c54:	a804      	add	r0, sp, #16
  403c56:	f812 1f01 	ldrb.w	r1, [r2, #1]!
  403c5a:	f840 3021 	str.w	r3, [r0, r1, lsl #2]
  403c5e:	f113 33ff 	adds.w	r3, r3, #4294967295
  403c62:	d2f8      	bcs.n	403c56 <two_way_long_needle+0x32>
  403c64:	9903      	ldr	r1, [sp, #12]
  403c66:	464a      	mov	r2, r9
  403c68:	4431      	add	r1, r6
  403c6a:	4630      	mov	r0, r6
  403c6c:	f003 f860 	bl	406d30 <memcmp>
  403c70:	2800      	cmp	r0, #0
  403c72:	d16f      	bne.n	403d54 <two_way_long_needle+0x130>
  403c74:	f109 33ff 	add.w	r3, r9, #4294967295
  403c78:	9300      	str	r3, [sp, #0]
  403c7a:	18f3      	adds	r3, r6, r3
  403c7c:	4682      	mov	sl, r0
  403c7e:	9301      	str	r3, [sp, #4]
  403c80:	4623      	mov	r3, r4
  403c82:	4680      	mov	r8, r0
  403c84:	4654      	mov	r4, sl
  403c86:	4658      	mov	r0, fp
  403c88:	469a      	mov	sl, r3
  403c8a:	eb08 070a 	add.w	r7, r8, sl
  403c8e:	1a3a      	subs	r2, r7, r0
  403c90:	2100      	movs	r1, #0
  403c92:	4428      	add	r0, r5
  403c94:	f002 fffc 	bl	406c90 <memchr>
  403c98:	2800      	cmp	r0, #0
  403c9a:	d156      	bne.n	403d4a <two_way_long_needle+0x126>
  403c9c:	2f00      	cmp	r7, #0
  403c9e:	d054      	beq.n	403d4a <two_way_long_needle+0x126>
  403ca0:	19eb      	adds	r3, r5, r7
  403ca2:	aa04      	add	r2, sp, #16
  403ca4:	f813 3c01 	ldrb.w	r3, [r3, #-1]
  403ca8:	f852 3023 	ldr.w	r3, [r2, r3, lsl #2]
  403cac:	b14b      	cbz	r3, 403cc2 <two_way_long_needle+0x9e>
  403cae:	b124      	cbz	r4, 403cba <two_way_long_needle+0x96>
  403cb0:	9a03      	ldr	r2, [sp, #12]
  403cb2:	4293      	cmp	r3, r2
  403cb4:	d201      	bcs.n	403cba <two_way_long_needle+0x96>
  403cb6:	ebaa 0302 	sub.w	r3, sl, r2
  403cba:	4498      	add	r8, r3
  403cbc:	2400      	movs	r4, #0
  403cbe:	4638      	mov	r0, r7
  403cc0:	e7e3      	b.n	403c8a <two_way_long_needle+0x66>
  403cc2:	454c      	cmp	r4, r9
  403cc4:	4623      	mov	r3, r4
  403cc6:	f10a 3eff 	add.w	lr, sl, #4294967295
  403cca:	bf38      	it	cc
  403ccc:	464b      	movcc	r3, r9
  403cce:	4573      	cmp	r3, lr
  403cd0:	d213      	bcs.n	403cfa <two_way_long_needle+0xd6>
  403cd2:	eb08 0203 	add.w	r2, r8, r3
  403cd6:	f816 c003 	ldrb.w	ip, [r6, r3]
  403cda:	5ca8      	ldrb	r0, [r5, r2]
  403cdc:	4584      	cmp	ip, r0
  403cde:	442a      	add	r2, r5
  403ce0:	eb06 0103 	add.w	r1, r6, r3
  403ce4:	d006      	beq.n	403cf4 <two_way_long_needle+0xd0>
  403ce6:	e02c      	b.n	403d42 <two_way_long_needle+0x11e>
  403ce8:	f811 cf01 	ldrb.w	ip, [r1, #1]!
  403cec:	f812 0f01 	ldrb.w	r0, [r2, #1]!
  403cf0:	4584      	cmp	ip, r0
  403cf2:	d126      	bne.n	403d42 <two_way_long_needle+0x11e>
  403cf4:	3301      	adds	r3, #1
  403cf6:	4573      	cmp	r3, lr
  403cf8:	d3f6      	bcc.n	403ce8 <two_way_long_needle+0xc4>
  403cfa:	454c      	cmp	r4, r9
  403cfc:	9900      	ldr	r1, [sp, #0]
  403cfe:	f080 8089 	bcs.w	403e14 <two_way_long_needle+0x1f0>
  403d02:	9b00      	ldr	r3, [sp, #0]
  403d04:	eb08 0203 	add.w	r2, r8, r3
  403d08:	9b01      	ldr	r3, [sp, #4]
  403d0a:	5ca8      	ldrb	r0, [r5, r2]
  403d0c:	781b      	ldrb	r3, [r3, #0]
  403d0e:	4298      	cmp	r0, r3
  403d10:	442a      	add	r2, r5
  403d12:	d17f      	bne.n	403e14 <two_way_long_needle+0x1f0>
  403d14:	9801      	ldr	r0, [sp, #4]
  403d16:	f104 3bff 	add.w	fp, r4, #4294967295
  403d1a:	e006      	b.n	403d2a <two_way_long_needle+0x106>
  403d1c:	f810 cd01 	ldrb.w	ip, [r0, #-1]!
  403d20:	f812 ed01 	ldrb.w	lr, [r2, #-1]!
  403d24:	45f4      	cmp	ip, lr
  403d26:	d103      	bne.n	403d30 <two_way_long_needle+0x10c>
  403d28:	4619      	mov	r1, r3
  403d2a:	1e4b      	subs	r3, r1, #1
  403d2c:	459b      	cmp	fp, r3
  403d2e:	d1f5      	bne.n	403d1c <two_way_long_needle+0xf8>
  403d30:	3401      	adds	r4, #1
  403d32:	428c      	cmp	r4, r1
  403d34:	d870      	bhi.n	403e18 <two_way_long_needle+0x1f4>
  403d36:	9c03      	ldr	r4, [sp, #12]
  403d38:	4638      	mov	r0, r7
  403d3a:	44a0      	add	r8, r4
  403d3c:	ebaa 0404 	sub.w	r4, sl, r4
  403d40:	e7a3      	b.n	403c8a <two_way_long_needle+0x66>
  403d42:	f1c9 0201 	rsb	r2, r9, #1
  403d46:	4490      	add	r8, r2
  403d48:	e7b7      	b.n	403cba <two_way_long_needle+0x96>
  403d4a:	2000      	movs	r0, #0
  403d4c:	f20d 4d14 	addw	sp, sp, #1044	; 0x414
  403d50:	e8bd 8ff0 	ldmia.w	sp!, {r4, r5, r6, r7, r8, r9, sl, fp, pc}
  403d54:	eba4 0309 	sub.w	r3, r4, r9
  403d58:	454b      	cmp	r3, r9
  403d5a:	bf38      	it	cc
  403d5c:	464b      	movcc	r3, r9
  403d5e:	3301      	adds	r3, #1
  403d60:	f109 38ff 	add.w	r8, r9, #4294967295
  403d64:	9303      	str	r3, [sp, #12]
  403d66:	eb06 0308 	add.w	r3, r6, r8
  403d6a:	4658      	mov	r0, fp
  403d6c:	f04f 0a00 	mov.w	sl, #0
  403d70:	46cb      	mov	fp, r9
  403d72:	4699      	mov	r9, r3
  403d74:	eb0a 0704 	add.w	r7, sl, r4
  403d78:	1a3a      	subs	r2, r7, r0
  403d7a:	2100      	movs	r1, #0
  403d7c:	4428      	add	r0, r5
  403d7e:	f002 ff87 	bl	406c90 <memchr>
  403d82:	2800      	cmp	r0, #0
  403d84:	d1e1      	bne.n	403d4a <two_way_long_needle+0x126>
  403d86:	2f00      	cmp	r7, #0
  403d88:	d0df      	beq.n	403d4a <two_way_long_needle+0x126>
  403d8a:	19eb      	adds	r3, r5, r7
  403d8c:	aa04      	add	r2, sp, #16
  403d8e:	f813 3c01 	ldrb.w	r3, [r3, #-1]
  403d92:	f852 3023 	ldr.w	r3, [r2, r3, lsl #2]
  403d96:	bba3      	cbnz	r3, 403e02 <two_way_long_needle+0x1de>
  403d98:	1e61      	subs	r1, r4, #1
  403d9a:	458b      	cmp	fp, r1
  403d9c:	d215      	bcs.n	403dca <two_way_long_needle+0x1a6>
  403d9e:	eb0a 020b 	add.w	r2, sl, fp
  403da2:	f816 300b 	ldrb.w	r3, [r6, fp]
  403da6:	f815 e002 	ldrb.w	lr, [r5, r2]
  403daa:	459e      	cmp	lr, r3
  403dac:	442a      	add	r2, r5
  403dae:	eb06 000b 	add.w	r0, r6, fp
  403db2:	465b      	mov	r3, fp
  403db4:	d006      	beq.n	403dc4 <two_way_long_needle+0x1a0>
  403db6:	e027      	b.n	403e08 <two_way_long_needle+0x1e4>
  403db8:	f810 cf01 	ldrb.w	ip, [r0, #1]!
  403dbc:	f812 ef01 	ldrb.w	lr, [r2, #1]!
  403dc0:	45f4      	cmp	ip, lr
  403dc2:	d121      	bne.n	403e08 <two_way_long_needle+0x1e4>
  403dc4:	3301      	adds	r3, #1
  403dc6:	428b      	cmp	r3, r1
  403dc8:	d3f6      	bcc.n	403db8 <two_way_long_needle+0x194>
  403dca:	f1b8 3fff 	cmp.w	r8, #4294967295
  403dce:	d011      	beq.n	403df4 <two_way_long_needle+0x1d0>
  403dd0:	eb0a 0208 	add.w	r2, sl, r8
  403dd4:	f899 1000 	ldrb.w	r1, [r9]
  403dd8:	5cab      	ldrb	r3, [r5, r2]
  403dda:	4299      	cmp	r1, r3
  403ddc:	442a      	add	r2, r5
  403dde:	d10f      	bne.n	403e00 <two_way_long_needle+0x1dc>
  403de0:	464b      	mov	r3, r9
  403de2:	e005      	b.n	403df0 <two_way_long_needle+0x1cc>
  403de4:	f813 0d01 	ldrb.w	r0, [r3, #-1]!
  403de8:	f812 1d01 	ldrb.w	r1, [r2, #-1]!
  403dec:	4288      	cmp	r0, r1
  403dee:	d107      	bne.n	403e00 <two_way_long_needle+0x1dc>
  403df0:	42b3      	cmp	r3, r6
  403df2:	d1f7      	bne.n	403de4 <two_way_long_needle+0x1c0>
  403df4:	eb05 000a 	add.w	r0, r5, sl
  403df8:	f20d 4d14 	addw	sp, sp, #1044	; 0x414
  403dfc:	e8bd 8ff0 	ldmia.w	sp!, {r4, r5, r6, r7, r8, r9, sl, fp, pc}
  403e00:	9b03      	ldr	r3, [sp, #12]
  403e02:	449a      	add	sl, r3
  403e04:	4638      	mov	r0, r7
  403e06:	e7b5      	b.n	403d74 <two_way_long_needle+0x150>
  403e08:	f1cb 0201 	rsb	r2, fp, #1
  403e0c:	4492      	add	sl, r2
  403e0e:	449a      	add	sl, r3
  403e10:	4638      	mov	r0, r7
  403e12:	e7af      	b.n	403d74 <two_way_long_needle+0x150>
  403e14:	4649      	mov	r1, r9
  403e16:	e78b      	b.n	403d30 <two_way_long_needle+0x10c>
  403e18:	eb05 0008 	add.w	r0, r5, r8
  403e1c:	e796      	b.n	403d4c <two_way_long_needle+0x128>
  403e1e:	bf00      	nop

00403e20 <strstr>:
  403e20:	7802      	ldrb	r2, [r0, #0]
  403e22:	2a00      	cmp	r2, #0
  403e24:	f000 8101 	beq.w	40402a <strstr+0x20a>
  403e28:	e92d 4ff0 	stmdb	sp!, {r4, r5, r6, r7, r8, r9, sl, fp, lr}
  403e2c:	f891 8000 	ldrb.w	r8, [r1]
  403e30:	b085      	sub	sp, #20
  403e32:	4644      	mov	r4, r8
  403e34:	f1b8 0f00 	cmp.w	r8, #0
  403e38:	d016      	beq.n	403e68 <strstr+0x48>
  403e3a:	4686      	mov	lr, r0
  403e3c:	f101 0c01 	add.w	ip, r1, #1
  403e40:	2701      	movs	r7, #1
  403e42:	e003      	b.n	403e4c <strstr+0x2c>
  403e44:	f813 4b01 	ldrb.w	r4, [r3], #1
  403e48:	b16c      	cbz	r4, 403e66 <strstr+0x46>
  403e4a:	469c      	mov	ip, r3
  403e4c:	42a2      	cmp	r2, r4
  403e4e:	bf14      	ite	ne
  403e50:	2700      	movne	r7, #0
  403e52:	f007 0701 	andeq.w	r7, r7, #1
  403e56:	f81e 2f01 	ldrb.w	r2, [lr, #1]!
  403e5a:	4663      	mov	r3, ip
  403e5c:	2a00      	cmp	r2, #0
  403e5e:	d1f1      	bne.n	403e44 <strstr+0x24>
  403e60:	f89c 3000 	ldrb.w	r3, [ip]
  403e64:	b9fb      	cbnz	r3, 403ea6 <strstr+0x86>
  403e66:	b117      	cbz	r7, 403e6e <strstr+0x4e>
  403e68:	b005      	add	sp, #20
  403e6a:	e8bd 8ff0 	ldmia.w	sp!, {r4, r5, r6, r7, r8, r9, sl, fp, pc}
  403e6e:	460e      	mov	r6, r1
  403e70:	4605      	mov	r5, r0
  403e72:	4641      	mov	r1, r8
  403e74:	3001      	adds	r0, #1
  403e76:	ebac 0406 	sub.w	r4, ip, r6
  403e7a:	f003 fd45 	bl	407908 <strchr>
  403e7e:	4607      	mov	r7, r0
  403e80:	b188      	cbz	r0, 403ea6 <strstr+0x86>
  403e82:	2c01      	cmp	r4, #1
  403e84:	d0f0      	beq.n	403e68 <strstr+0x48>
  403e86:	1928      	adds	r0, r5, r4
  403e88:	4287      	cmp	r7, r0
  403e8a:	bf94      	ite	ls
  403e8c:	1bc1      	subls	r1, r0, r7
  403e8e:	2101      	movhi	r1, #1
  403e90:	2c1f      	cmp	r4, #31
  403e92:	468b      	mov	fp, r1
  403e94:	d90b      	bls.n	403eae <strstr+0x8e>
  403e96:	4623      	mov	r3, r4
  403e98:	4632      	mov	r2, r6
  403e9a:	4638      	mov	r0, r7
  403e9c:	f7ff fec2 	bl	403c24 <two_way_long_needle>
  403ea0:	b005      	add	sp, #20
  403ea2:	e8bd 8ff0 	ldmia.w	sp!, {r4, r5, r6, r7, r8, r9, sl, fp, pc}
  403ea6:	2000      	movs	r0, #0
  403ea8:	b005      	add	sp, #20
  403eaa:	e8bd 8ff0 	ldmia.w	sp!, {r4, r5, r6, r7, r8, r9, sl, fp, pc}
  403eae:	aa03      	add	r2, sp, #12
  403eb0:	4621      	mov	r1, r4
  403eb2:	4630      	mov	r0, r6
  403eb4:	f7ff fe5c 	bl	403b70 <critical_factorization>
  403eb8:	9903      	ldr	r1, [sp, #12]
  403eba:	4680      	mov	r8, r0
  403ebc:	4602      	mov	r2, r0
  403ebe:	4431      	add	r1, r6
  403ec0:	4630      	mov	r0, r6
  403ec2:	f002 ff35 	bl	406d30 <memcmp>
  403ec6:	2800      	cmp	r0, #0
  403ec8:	d157      	bne.n	403f7a <strstr+0x15a>
  403eca:	f108 33ff 	add.w	r3, r8, #4294967295
  403ece:	9300      	str	r3, [sp, #0]
  403ed0:	18f3      	adds	r3, r6, r3
  403ed2:	4681      	mov	r9, r0
  403ed4:	4605      	mov	r5, r0
  403ed6:	9301      	str	r3, [sp, #4]
  403ed8:	4658      	mov	r0, fp
  403eda:	46b2      	mov	sl, r6
  403edc:	1966      	adds	r6, r4, r5
  403ede:	1a32      	subs	r2, r6, r0
  403ee0:	2100      	movs	r1, #0
  403ee2:	4438      	add	r0, r7
  403ee4:	f002 fed4 	bl	406c90 <memchr>
  403ee8:	2800      	cmp	r0, #0
  403eea:	d1dc      	bne.n	403ea6 <strstr+0x86>
  403eec:	2e00      	cmp	r6, #0
  403eee:	d0da      	beq.n	403ea6 <strstr+0x86>
  403ef0:	45c8      	cmp	r8, r9
  403ef2:	4643      	mov	r3, r8
  403ef4:	bf38      	it	cc
  403ef6:	464b      	movcc	r3, r9
  403ef8:	429c      	cmp	r4, r3
  403efa:	d912      	bls.n	403f22 <strstr+0x102>
  403efc:	195a      	adds	r2, r3, r5
  403efe:	f81a 1003 	ldrb.w	r1, [sl, r3]
  403f02:	5cb8      	ldrb	r0, [r7, r2]
  403f04:	4281      	cmp	r1, r0
  403f06:	443a      	add	r2, r7
  403f08:	eb0a 0e03 	add.w	lr, sl, r3
  403f0c:	d006      	beq.n	403f1c <strstr+0xfc>
  403f0e:	e02c      	b.n	403f6a <strstr+0x14a>
  403f10:	f81e 0f01 	ldrb.w	r0, [lr, #1]!
  403f14:	f812 1f01 	ldrb.w	r1, [r2, #1]!
  403f18:	4288      	cmp	r0, r1
  403f1a:	d126      	bne.n	403f6a <strstr+0x14a>
  403f1c:	3301      	adds	r3, #1
  403f1e:	429c      	cmp	r4, r3
  403f20:	d1f6      	bne.n	403f10 <strstr+0xf0>
  403f22:	45c8      	cmp	r8, r9
  403f24:	9900      	ldr	r1, [sp, #0]
  403f26:	f240 8083 	bls.w	404030 <strstr+0x210>
  403f2a:	9b00      	ldr	r3, [sp, #0]
  403f2c:	18ea      	adds	r2, r5, r3
  403f2e:	9b01      	ldr	r3, [sp, #4]
  403f30:	5cb8      	ldrb	r0, [r7, r2]
  403f32:	781b      	ldrb	r3, [r3, #0]
  403f34:	4298      	cmp	r0, r3
  403f36:	443a      	add	r2, r7
  403f38:	d17a      	bne.n	404030 <strstr+0x210>
  403f3a:	9801      	ldr	r0, [sp, #4]
  403f3c:	f109 3bff 	add.w	fp, r9, #4294967295
  403f40:	e006      	b.n	403f50 <strstr+0x130>
  403f42:	f810 cd01 	ldrb.w	ip, [r0, #-1]!
  403f46:	f812 ed01 	ldrb.w	lr, [r2, #-1]!
  403f4a:	45f4      	cmp	ip, lr
  403f4c:	d103      	bne.n	403f56 <strstr+0x136>
  403f4e:	4619      	mov	r1, r3
  403f50:	1e4b      	subs	r3, r1, #1
  403f52:	455b      	cmp	r3, fp
  403f54:	d1f5      	bne.n	403f42 <strstr+0x122>
  403f56:	f109 0901 	add.w	r9, r9, #1
  403f5a:	4589      	cmp	r9, r1
  403f5c:	d857      	bhi.n	40400e <strstr+0x1ee>
  403f5e:	9b03      	ldr	r3, [sp, #12]
  403f60:	4630      	mov	r0, r6
  403f62:	441d      	add	r5, r3
  403f64:	eba4 0903 	sub.w	r9, r4, r3
  403f68:	e7b8      	b.n	403edc <strstr+0xbc>
  403f6a:	f1c8 0201 	rsb	r2, r8, #1
  403f6e:	4415      	add	r5, r2
  403f70:	441d      	add	r5, r3
  403f72:	f04f 0900 	mov.w	r9, #0
  403f76:	4630      	mov	r0, r6
  403f78:	e7b0      	b.n	403edc <strstr+0xbc>
  403f7a:	eba4 0308 	sub.w	r3, r4, r8
  403f7e:	4543      	cmp	r3, r8
  403f80:	bf38      	it	cc
  403f82:	4643      	movcc	r3, r8
  403f84:	3301      	adds	r3, #1
  403f86:	f108 39ff 	add.w	r9, r8, #4294967295
  403f8a:	9303      	str	r3, [sp, #12]
  403f8c:	eb06 0309 	add.w	r3, r6, r9
  403f90:	4658      	mov	r0, fp
  403f92:	2500      	movs	r5, #0
  403f94:	46bb      	mov	fp, r7
  403f96:	469a      	mov	sl, r3
  403f98:	1967      	adds	r7, r4, r5
  403f9a:	1a3a      	subs	r2, r7, r0
  403f9c:	2100      	movs	r1, #0
  403f9e:	4458      	add	r0, fp
  403fa0:	f002 fe76 	bl	406c90 <memchr>
  403fa4:	2800      	cmp	r0, #0
  403fa6:	f47f af7e 	bne.w	403ea6 <strstr+0x86>
  403faa:	2f00      	cmp	r7, #0
  403fac:	f43f af7b 	beq.w	403ea6 <strstr+0x86>
  403fb0:	4544      	cmp	r4, r8
  403fb2:	d915      	bls.n	403fe0 <strstr+0x1c0>
  403fb4:	eb08 0205 	add.w	r2, r8, r5
  403fb8:	f816 3008 	ldrb.w	r3, [r6, r8]
  403fbc:	f81b 0002 	ldrb.w	r0, [fp, r2]
  403fc0:	4298      	cmp	r0, r3
  403fc2:	445a      	add	r2, fp
  403fc4:	eb06 0108 	add.w	r1, r6, r8
  403fc8:	4643      	mov	r3, r8
  403fca:	d006      	beq.n	403fda <strstr+0x1ba>
  403fcc:	e023      	b.n	404016 <strstr+0x1f6>
  403fce:	f811 ef01 	ldrb.w	lr, [r1, #1]!
  403fd2:	f812 0f01 	ldrb.w	r0, [r2, #1]!
  403fd6:	4586      	cmp	lr, r0
  403fd8:	d11d      	bne.n	404016 <strstr+0x1f6>
  403fda:	3301      	adds	r3, #1
  403fdc:	429c      	cmp	r4, r3
  403fde:	d1f6      	bne.n	403fce <strstr+0x1ae>
  403fe0:	f1b9 3fff 	cmp.w	r9, #4294967295
  403fe4:	d012      	beq.n	40400c <strstr+0x1ec>
  403fe6:	eb05 0209 	add.w	r2, r5, r9
  403fea:	f89a 3000 	ldrb.w	r3, [sl]
  403fee:	f81b 1002 	ldrb.w	r1, [fp, r2]
  403ff2:	4299      	cmp	r1, r3
  403ff4:	445a      	add	r2, fp
  403ff6:	d114      	bne.n	404022 <strstr+0x202>
  403ff8:	4653      	mov	r3, sl
  403ffa:	e005      	b.n	404008 <strstr+0x1e8>
  403ffc:	f813 0d01 	ldrb.w	r0, [r3, #-1]!
  404000:	f812 1d01 	ldrb.w	r1, [r2, #-1]!
  404004:	4288      	cmp	r0, r1
  404006:	d10c      	bne.n	404022 <strstr+0x202>
  404008:	42b3      	cmp	r3, r6
  40400a:	d1f7      	bne.n	403ffc <strstr+0x1dc>
  40400c:	465f      	mov	r7, fp
  40400e:	1978      	adds	r0, r7, r5
  404010:	b005      	add	sp, #20
  404012:	e8bd 8ff0 	ldmia.w	sp!, {r4, r5, r6, r7, r8, r9, sl, fp, pc}
  404016:	f1c8 0201 	rsb	r2, r8, #1
  40401a:	4415      	add	r5, r2
  40401c:	441d      	add	r5, r3
  40401e:	4638      	mov	r0, r7
  404020:	e7ba      	b.n	403f98 <strstr+0x178>
  404022:	9b03      	ldr	r3, [sp, #12]
  404024:	4638      	mov	r0, r7
  404026:	441d      	add	r5, r3
  404028:	e7b6      	b.n	403f98 <strstr+0x178>
  40402a:	780b      	ldrb	r3, [r1, #0]
  40402c:	b913      	cbnz	r3, 404034 <strstr+0x214>
  40402e:	4770      	bx	lr
  404030:	4641      	mov	r1, r8
  404032:	e790      	b.n	403f56 <strstr+0x136>
  404034:	2000      	movs	r0, #0
  404036:	4770      	bx	lr

00404038 <_svfprintf_r>:
  404038:	e92d 4ff0 	stmdb	sp!, {r4, r5, r6, r7, r8, r9, sl, fp, lr}
  40403c:	b0c3      	sub	sp, #268	; 0x10c
  40403e:	460c      	mov	r4, r1
  404040:	910b      	str	r1, [sp, #44]	; 0x2c
  404042:	4692      	mov	sl, r2
  404044:	930f      	str	r3, [sp, #60]	; 0x3c
  404046:	900c      	str	r0, [sp, #48]	; 0x30
  404048:	f002 fb44 	bl	4066d4 <_localeconv_r>
  40404c:	6803      	ldr	r3, [r0, #0]
  40404e:	931a      	str	r3, [sp, #104]	; 0x68
  404050:	4618      	mov	r0, r3
  404052:	f003 fcd5 	bl	407a00 <strlen>
  404056:	89a3      	ldrh	r3, [r4, #12]
  404058:	9019      	str	r0, [sp, #100]	; 0x64
  40405a:	0619      	lsls	r1, r3, #24
  40405c:	d503      	bpl.n	404066 <_svfprintf_r+0x2e>
  40405e:	6923      	ldr	r3, [r4, #16]
  404060:	2b00      	cmp	r3, #0
  404062:	f001 8003 	beq.w	40506c <_svfprintf_r+0x1034>
  404066:	2300      	movs	r3, #0
  404068:	f10d 09c8 	add.w	r9, sp, #200	; 0xc8
  40406c:	9313      	str	r3, [sp, #76]	; 0x4c
  40406e:	9315      	str	r3, [sp, #84]	; 0x54
  404070:	9314      	str	r3, [sp, #80]	; 0x50
  404072:	9327      	str	r3, [sp, #156]	; 0x9c
  404074:	9326      	str	r3, [sp, #152]	; 0x98
  404076:	9318      	str	r3, [sp, #96]	; 0x60
  404078:	931b      	str	r3, [sp, #108]	; 0x6c
  40407a:	9309      	str	r3, [sp, #36]	; 0x24
  40407c:	f8cd 9094 	str.w	r9, [sp, #148]	; 0x94
  404080:	46c8      	mov	r8, r9
  404082:	9316      	str	r3, [sp, #88]	; 0x58
  404084:	9317      	str	r3, [sp, #92]	; 0x5c
  404086:	f89a 3000 	ldrb.w	r3, [sl]
  40408a:	4654      	mov	r4, sl
  40408c:	b1e3      	cbz	r3, 4040c8 <_svfprintf_r+0x90>
  40408e:	2b25      	cmp	r3, #37	; 0x25
  404090:	d102      	bne.n	404098 <_svfprintf_r+0x60>
  404092:	e019      	b.n	4040c8 <_svfprintf_r+0x90>
  404094:	2b25      	cmp	r3, #37	; 0x25
  404096:	d003      	beq.n	4040a0 <_svfprintf_r+0x68>
  404098:	f814 3f01 	ldrb.w	r3, [r4, #1]!
  40409c:	2b00      	cmp	r3, #0
  40409e:	d1f9      	bne.n	404094 <_svfprintf_r+0x5c>
  4040a0:	eba4 050a 	sub.w	r5, r4, sl
  4040a4:	b185      	cbz	r5, 4040c8 <_svfprintf_r+0x90>
  4040a6:	9b26      	ldr	r3, [sp, #152]	; 0x98
  4040a8:	9a27      	ldr	r2, [sp, #156]	; 0x9c
  4040aa:	f8c8 a000 	str.w	sl, [r8]
  4040ae:	3301      	adds	r3, #1
  4040b0:	442a      	add	r2, r5
  4040b2:	2b07      	cmp	r3, #7
  4040b4:	f8c8 5004 	str.w	r5, [r8, #4]
  4040b8:	9227      	str	r2, [sp, #156]	; 0x9c
  4040ba:	9326      	str	r3, [sp, #152]	; 0x98
  4040bc:	dc7f      	bgt.n	4041be <_svfprintf_r+0x186>
  4040be:	f108 0808 	add.w	r8, r8, #8
  4040c2:	9b09      	ldr	r3, [sp, #36]	; 0x24
  4040c4:	442b      	add	r3, r5
  4040c6:	9309      	str	r3, [sp, #36]	; 0x24
  4040c8:	7823      	ldrb	r3, [r4, #0]
  4040ca:	2b00      	cmp	r3, #0
  4040cc:	d07f      	beq.n	4041ce <_svfprintf_r+0x196>
  4040ce:	2300      	movs	r3, #0
  4040d0:	461a      	mov	r2, r3
  4040d2:	f88d 3077 	strb.w	r3, [sp, #119]	; 0x77
  4040d6:	4619      	mov	r1, r3
  4040d8:	930d      	str	r3, [sp, #52]	; 0x34
  4040da:	469b      	mov	fp, r3
  4040dc:	f04f 30ff 	mov.w	r0, #4294967295
  4040e0:	7863      	ldrb	r3, [r4, #1]
  4040e2:	900a      	str	r0, [sp, #40]	; 0x28
  4040e4:	f104 0a01 	add.w	sl, r4, #1
  4040e8:	f10a 0a01 	add.w	sl, sl, #1
  4040ec:	f1a3 0020 	sub.w	r0, r3, #32
  4040f0:	2858      	cmp	r0, #88	; 0x58
  4040f2:	f200 83c1 	bhi.w	404878 <_svfprintf_r+0x840>
  4040f6:	e8df f010 	tbh	[pc, r0, lsl #1]
  4040fa:	0238      	.short	0x0238
  4040fc:	03bf03bf 	.word	0x03bf03bf
  404100:	03bf0240 	.word	0x03bf0240
  404104:	03bf03bf 	.word	0x03bf03bf
  404108:	03bf03bf 	.word	0x03bf03bf
  40410c:	024503bf 	.word	0x024503bf
  404110:	03bf0203 	.word	0x03bf0203
  404114:	026b005d 	.word	0x026b005d
  404118:	028603bf 	.word	0x028603bf
  40411c:	039d039d 	.word	0x039d039d
  404120:	039d039d 	.word	0x039d039d
  404124:	039d039d 	.word	0x039d039d
  404128:	039d039d 	.word	0x039d039d
  40412c:	03bf039d 	.word	0x03bf039d
  404130:	03bf03bf 	.word	0x03bf03bf
  404134:	03bf03bf 	.word	0x03bf03bf
  404138:	03bf03bf 	.word	0x03bf03bf
  40413c:	03bf03bf 	.word	0x03bf03bf
  404140:	033703bf 	.word	0x033703bf
  404144:	03bf0357 	.word	0x03bf0357
  404148:	03bf0357 	.word	0x03bf0357
  40414c:	03bf03bf 	.word	0x03bf03bf
  404150:	039803bf 	.word	0x039803bf
  404154:	03bf03bf 	.word	0x03bf03bf
  404158:	03bf03ad 	.word	0x03bf03ad
  40415c:	03bf03bf 	.word	0x03bf03bf
  404160:	03bf03bf 	.word	0x03bf03bf
  404164:	03bf0259 	.word	0x03bf0259
  404168:	031e03bf 	.word	0x031e03bf
  40416c:	03bf03bf 	.word	0x03bf03bf
  404170:	03bf03bf 	.word	0x03bf03bf
  404174:	03bf03bf 	.word	0x03bf03bf
  404178:	03bf03bf 	.word	0x03bf03bf
  40417c:	03bf03bf 	.word	0x03bf03bf
  404180:	02db02c6 	.word	0x02db02c6
  404184:	03570357 	.word	0x03570357
  404188:	028b0357 	.word	0x028b0357
  40418c:	03bf02db 	.word	0x03bf02db
  404190:	029003bf 	.word	0x029003bf
  404194:	029d03bf 	.word	0x029d03bf
  404198:	02b401cc 	.word	0x02b401cc
  40419c:	03bf0208 	.word	0x03bf0208
  4041a0:	03bf01e1 	.word	0x03bf01e1
  4041a4:	03bf007e 	.word	0x03bf007e
  4041a8:	020d03bf 	.word	0x020d03bf
  4041ac:	980d      	ldr	r0, [sp, #52]	; 0x34
  4041ae:	930f      	str	r3, [sp, #60]	; 0x3c
  4041b0:	4240      	negs	r0, r0
  4041b2:	900d      	str	r0, [sp, #52]	; 0x34
  4041b4:	f04b 0b04 	orr.w	fp, fp, #4
  4041b8:	f89a 3000 	ldrb.w	r3, [sl]
  4041bc:	e794      	b.n	4040e8 <_svfprintf_r+0xb0>
  4041be:	aa25      	add	r2, sp, #148	; 0x94
  4041c0:	990b      	ldr	r1, [sp, #44]	; 0x2c
  4041c2:	980c      	ldr	r0, [sp, #48]	; 0x30
  4041c4:	f003 fc8a 	bl	407adc <__ssprint_r>
  4041c8:	b940      	cbnz	r0, 4041dc <_svfprintf_r+0x1a4>
  4041ca:	46c8      	mov	r8, r9
  4041cc:	e779      	b.n	4040c2 <_svfprintf_r+0x8a>
  4041ce:	9b27      	ldr	r3, [sp, #156]	; 0x9c
  4041d0:	b123      	cbz	r3, 4041dc <_svfprintf_r+0x1a4>
  4041d2:	980c      	ldr	r0, [sp, #48]	; 0x30
  4041d4:	990b      	ldr	r1, [sp, #44]	; 0x2c
  4041d6:	aa25      	add	r2, sp, #148	; 0x94
  4041d8:	f003 fc80 	bl	407adc <__ssprint_r>
  4041dc:	9b0b      	ldr	r3, [sp, #44]	; 0x2c
  4041de:	899b      	ldrh	r3, [r3, #12]
  4041e0:	f013 0f40 	tst.w	r3, #64	; 0x40
  4041e4:	9b09      	ldr	r3, [sp, #36]	; 0x24
  4041e6:	bf18      	it	ne
  4041e8:	f04f 33ff 	movne.w	r3, #4294967295
  4041ec:	9309      	str	r3, [sp, #36]	; 0x24
  4041ee:	9809      	ldr	r0, [sp, #36]	; 0x24
  4041f0:	b043      	add	sp, #268	; 0x10c
  4041f2:	e8bd 8ff0 	ldmia.w	sp!, {r4, r5, r6, r7, r8, r9, sl, fp, pc}
  4041f6:	f01b 0f20 	tst.w	fp, #32
  4041fa:	9311      	str	r3, [sp, #68]	; 0x44
  4041fc:	f040 81dd 	bne.w	4045ba <_svfprintf_r+0x582>
  404200:	9a0f      	ldr	r2, [sp, #60]	; 0x3c
  404202:	f01b 0f10 	tst.w	fp, #16
  404206:	4613      	mov	r3, r2
  404208:	f040 856e 	bne.w	404ce8 <_svfprintf_r+0xcb0>
  40420c:	f01b 0f40 	tst.w	fp, #64	; 0x40
  404210:	f000 856a 	beq.w	404ce8 <_svfprintf_r+0xcb0>
  404214:	8814      	ldrh	r4, [r2, #0]
  404216:	3204      	adds	r2, #4
  404218:	2500      	movs	r5, #0
  40421a:	2301      	movs	r3, #1
  40421c:	920f      	str	r2, [sp, #60]	; 0x3c
  40421e:	2700      	movs	r7, #0
  404220:	f88d 7077 	strb.w	r7, [sp, #119]	; 0x77
  404224:	990a      	ldr	r1, [sp, #40]	; 0x28
  404226:	1c4a      	adds	r2, r1, #1
  404228:	f000 8265 	beq.w	4046f6 <_svfprintf_r+0x6be>
  40422c:	f02b 0280 	bic.w	r2, fp, #128	; 0x80
  404230:	9207      	str	r2, [sp, #28]
  404232:	ea54 0205 	orrs.w	r2, r4, r5
  404236:	f040 8264 	bne.w	404702 <_svfprintf_r+0x6ca>
  40423a:	2900      	cmp	r1, #0
  40423c:	f040 843c 	bne.w	404ab8 <_svfprintf_r+0xa80>
  404240:	2b00      	cmp	r3, #0
  404242:	f040 84d7 	bne.w	404bf4 <_svfprintf_r+0xbbc>
  404246:	f01b 0301 	ands.w	r3, fp, #1
  40424a:	930e      	str	r3, [sp, #56]	; 0x38
  40424c:	f000 8604 	beq.w	404e58 <_svfprintf_r+0xe20>
  404250:	ae42      	add	r6, sp, #264	; 0x108
  404252:	2330      	movs	r3, #48	; 0x30
  404254:	f806 3d41 	strb.w	r3, [r6, #-65]!
  404258:	9b0a      	ldr	r3, [sp, #40]	; 0x28
  40425a:	9a0e      	ldr	r2, [sp, #56]	; 0x38
  40425c:	4293      	cmp	r3, r2
  40425e:	bfb8      	it	lt
  404260:	4613      	movlt	r3, r2
  404262:	9308      	str	r3, [sp, #32]
  404264:	2300      	movs	r3, #0
  404266:	9312      	str	r3, [sp, #72]	; 0x48
  404268:	b117      	cbz	r7, 404270 <_svfprintf_r+0x238>
  40426a:	9b08      	ldr	r3, [sp, #32]
  40426c:	3301      	adds	r3, #1
  40426e:	9308      	str	r3, [sp, #32]
  404270:	9b07      	ldr	r3, [sp, #28]
  404272:	f013 0302 	ands.w	r3, r3, #2
  404276:	9310      	str	r3, [sp, #64]	; 0x40
  404278:	d002      	beq.n	404280 <_svfprintf_r+0x248>
  40427a:	9b08      	ldr	r3, [sp, #32]
  40427c:	3302      	adds	r3, #2
  40427e:	9308      	str	r3, [sp, #32]
  404280:	9b07      	ldr	r3, [sp, #28]
  404282:	f013 0584 	ands.w	r5, r3, #132	; 0x84
  404286:	f040 830e 	bne.w	4048a6 <_svfprintf_r+0x86e>
  40428a:	9b0d      	ldr	r3, [sp, #52]	; 0x34
  40428c:	9a08      	ldr	r2, [sp, #32]
  40428e:	eba3 0b02 	sub.w	fp, r3, r2
  404292:	f1bb 0f00 	cmp.w	fp, #0
  404296:	f340 8306 	ble.w	4048a6 <_svfprintf_r+0x86e>
  40429a:	f1bb 0f10 	cmp.w	fp, #16
  40429e:	9c27      	ldr	r4, [sp, #156]	; 0x9c
  4042a0:	9a26      	ldr	r2, [sp, #152]	; 0x98
  4042a2:	dd29      	ble.n	4042f8 <_svfprintf_r+0x2c0>
  4042a4:	4643      	mov	r3, r8
  4042a6:	4621      	mov	r1, r4
  4042a8:	46a8      	mov	r8, r5
  4042aa:	2710      	movs	r7, #16
  4042ac:	9c0c      	ldr	r4, [sp, #48]	; 0x30
  4042ae:	9d0b      	ldr	r5, [sp, #44]	; 0x2c
  4042b0:	e006      	b.n	4042c0 <_svfprintf_r+0x288>
  4042b2:	f1ab 0b10 	sub.w	fp, fp, #16
  4042b6:	f1bb 0f10 	cmp.w	fp, #16
  4042ba:	f103 0308 	add.w	r3, r3, #8
  4042be:	dd18      	ble.n	4042f2 <_svfprintf_r+0x2ba>
  4042c0:	3201      	adds	r2, #1
  4042c2:	48b7      	ldr	r0, [pc, #732]	; (4045a0 <_svfprintf_r+0x568>)
  4042c4:	9226      	str	r2, [sp, #152]	; 0x98
  4042c6:	3110      	adds	r1, #16
  4042c8:	2a07      	cmp	r2, #7
  4042ca:	9127      	str	r1, [sp, #156]	; 0x9c
  4042cc:	e883 0081 	stmia.w	r3, {r0, r7}
  4042d0:	ddef      	ble.n	4042b2 <_svfprintf_r+0x27a>
  4042d2:	aa25      	add	r2, sp, #148	; 0x94
  4042d4:	4629      	mov	r1, r5
  4042d6:	4620      	mov	r0, r4
  4042d8:	f003 fc00 	bl	407adc <__ssprint_r>
  4042dc:	2800      	cmp	r0, #0
  4042de:	f47f af7d 	bne.w	4041dc <_svfprintf_r+0x1a4>
  4042e2:	f1ab 0b10 	sub.w	fp, fp, #16
  4042e6:	f1bb 0f10 	cmp.w	fp, #16
  4042ea:	9927      	ldr	r1, [sp, #156]	; 0x9c
  4042ec:	9a26      	ldr	r2, [sp, #152]	; 0x98
  4042ee:	464b      	mov	r3, r9
  4042f0:	dce6      	bgt.n	4042c0 <_svfprintf_r+0x288>
  4042f2:	4645      	mov	r5, r8
  4042f4:	460c      	mov	r4, r1
  4042f6:	4698      	mov	r8, r3
  4042f8:	3201      	adds	r2, #1
  4042fa:	4ba9      	ldr	r3, [pc, #676]	; (4045a0 <_svfprintf_r+0x568>)
  4042fc:	9226      	str	r2, [sp, #152]	; 0x98
  4042fe:	445c      	add	r4, fp
  404300:	2a07      	cmp	r2, #7
  404302:	9427      	str	r4, [sp, #156]	; 0x9c
  404304:	e888 0808 	stmia.w	r8, {r3, fp}
  404308:	f300 8498 	bgt.w	404c3c <_svfprintf_r+0xc04>
  40430c:	f89d 7077 	ldrb.w	r7, [sp, #119]	; 0x77
  404310:	f108 0808 	add.w	r8, r8, #8
  404314:	b177      	cbz	r7, 404334 <_svfprintf_r+0x2fc>
  404316:	9b26      	ldr	r3, [sp, #152]	; 0x98
  404318:	3301      	adds	r3, #1
  40431a:	3401      	adds	r4, #1
  40431c:	f10d 0177 	add.w	r1, sp, #119	; 0x77
  404320:	2201      	movs	r2, #1
  404322:	2b07      	cmp	r3, #7
  404324:	9427      	str	r4, [sp, #156]	; 0x9c
  404326:	9326      	str	r3, [sp, #152]	; 0x98
  404328:	e888 0006 	stmia.w	r8, {r1, r2}
  40432c:	f300 83db 	bgt.w	404ae6 <_svfprintf_r+0xaae>
  404330:	f108 0808 	add.w	r8, r8, #8
  404334:	9b10      	ldr	r3, [sp, #64]	; 0x40
  404336:	b16b      	cbz	r3, 404354 <_svfprintf_r+0x31c>
  404338:	9b26      	ldr	r3, [sp, #152]	; 0x98
  40433a:	3301      	adds	r3, #1
  40433c:	3402      	adds	r4, #2
  40433e:	a91e      	add	r1, sp, #120	; 0x78
  404340:	2202      	movs	r2, #2
  404342:	2b07      	cmp	r3, #7
  404344:	9427      	str	r4, [sp, #156]	; 0x9c
  404346:	9326      	str	r3, [sp, #152]	; 0x98
  404348:	e888 0006 	stmia.w	r8, {r1, r2}
  40434c:	f300 83d6 	bgt.w	404afc <_svfprintf_r+0xac4>
  404350:	f108 0808 	add.w	r8, r8, #8
  404354:	2d80      	cmp	r5, #128	; 0x80
  404356:	f000 8315 	beq.w	404984 <_svfprintf_r+0x94c>
  40435a:	9b0a      	ldr	r3, [sp, #40]	; 0x28
  40435c:	9a0e      	ldr	r2, [sp, #56]	; 0x38
  40435e:	1a9f      	subs	r7, r3, r2
  404360:	2f00      	cmp	r7, #0
  404362:	dd36      	ble.n	4043d2 <_svfprintf_r+0x39a>
  404364:	2f10      	cmp	r7, #16
  404366:	9b26      	ldr	r3, [sp, #152]	; 0x98
  404368:	4d8e      	ldr	r5, [pc, #568]	; (4045a4 <_svfprintf_r+0x56c>)
  40436a:	dd27      	ble.n	4043bc <_svfprintf_r+0x384>
  40436c:	4642      	mov	r2, r8
  40436e:	4621      	mov	r1, r4
  404370:	46b0      	mov	r8, r6
  404372:	f04f 0b10 	mov.w	fp, #16
  404376:	462e      	mov	r6, r5
  404378:	9c0c      	ldr	r4, [sp, #48]	; 0x30
  40437a:	9d0b      	ldr	r5, [sp, #44]	; 0x2c
  40437c:	e004      	b.n	404388 <_svfprintf_r+0x350>
  40437e:	3f10      	subs	r7, #16
  404380:	2f10      	cmp	r7, #16
  404382:	f102 0208 	add.w	r2, r2, #8
  404386:	dd15      	ble.n	4043b4 <_svfprintf_r+0x37c>
  404388:	3301      	adds	r3, #1
  40438a:	3110      	adds	r1, #16
  40438c:	2b07      	cmp	r3, #7
  40438e:	9127      	str	r1, [sp, #156]	; 0x9c
  404390:	9326      	str	r3, [sp, #152]	; 0x98
  404392:	e882 0840 	stmia.w	r2, {r6, fp}
  404396:	ddf2      	ble.n	40437e <_svfprintf_r+0x346>
  404398:	aa25      	add	r2, sp, #148	; 0x94
  40439a:	4629      	mov	r1, r5
  40439c:	4620      	mov	r0, r4
  40439e:	f003 fb9d 	bl	407adc <__ssprint_r>
  4043a2:	2800      	cmp	r0, #0
  4043a4:	f47f af1a 	bne.w	4041dc <_svfprintf_r+0x1a4>
  4043a8:	3f10      	subs	r7, #16
  4043aa:	2f10      	cmp	r7, #16
  4043ac:	9927      	ldr	r1, [sp, #156]	; 0x9c
  4043ae:	9b26      	ldr	r3, [sp, #152]	; 0x98
  4043b0:	464a      	mov	r2, r9
  4043b2:	dce9      	bgt.n	404388 <_svfprintf_r+0x350>
  4043b4:	4635      	mov	r5, r6
  4043b6:	460c      	mov	r4, r1
  4043b8:	4646      	mov	r6, r8
  4043ba:	4690      	mov	r8, r2
  4043bc:	3301      	adds	r3, #1
  4043be:	443c      	add	r4, r7
  4043c0:	2b07      	cmp	r3, #7
  4043c2:	9427      	str	r4, [sp, #156]	; 0x9c
  4043c4:	9326      	str	r3, [sp, #152]	; 0x98
  4043c6:	e888 00a0 	stmia.w	r8, {r5, r7}
  4043ca:	f300 8381 	bgt.w	404ad0 <_svfprintf_r+0xa98>
  4043ce:	f108 0808 	add.w	r8, r8, #8
  4043d2:	9b07      	ldr	r3, [sp, #28]
  4043d4:	05df      	lsls	r7, r3, #23
  4043d6:	f100 8268 	bmi.w	4048aa <_svfprintf_r+0x872>
  4043da:	9b26      	ldr	r3, [sp, #152]	; 0x98
  4043dc:	990e      	ldr	r1, [sp, #56]	; 0x38
  4043de:	f8c8 6000 	str.w	r6, [r8]
  4043e2:	3301      	adds	r3, #1
  4043e4:	440c      	add	r4, r1
  4043e6:	2b07      	cmp	r3, #7
  4043e8:	9427      	str	r4, [sp, #156]	; 0x9c
  4043ea:	f8c8 1004 	str.w	r1, [r8, #4]
  4043ee:	9326      	str	r3, [sp, #152]	; 0x98
  4043f0:	f300 834d 	bgt.w	404a8e <_svfprintf_r+0xa56>
  4043f4:	f108 0808 	add.w	r8, r8, #8
  4043f8:	9b07      	ldr	r3, [sp, #28]
  4043fa:	075b      	lsls	r3, r3, #29
  4043fc:	d53a      	bpl.n	404474 <_svfprintf_r+0x43c>
  4043fe:	9b0d      	ldr	r3, [sp, #52]	; 0x34
  404400:	9a08      	ldr	r2, [sp, #32]
  404402:	1a9d      	subs	r5, r3, r2
  404404:	2d00      	cmp	r5, #0
  404406:	dd35      	ble.n	404474 <_svfprintf_r+0x43c>
  404408:	2d10      	cmp	r5, #16
  40440a:	9b26      	ldr	r3, [sp, #152]	; 0x98
  40440c:	dd20      	ble.n	404450 <_svfprintf_r+0x418>
  40440e:	2610      	movs	r6, #16
  404410:	9f0c      	ldr	r7, [sp, #48]	; 0x30
  404412:	f8dd b02c 	ldr.w	fp, [sp, #44]	; 0x2c
  404416:	e004      	b.n	404422 <_svfprintf_r+0x3ea>
  404418:	3d10      	subs	r5, #16
  40441a:	2d10      	cmp	r5, #16
  40441c:	f108 0808 	add.w	r8, r8, #8
  404420:	dd16      	ble.n	404450 <_svfprintf_r+0x418>
  404422:	3301      	adds	r3, #1
  404424:	4a5e      	ldr	r2, [pc, #376]	; (4045a0 <_svfprintf_r+0x568>)
  404426:	9326      	str	r3, [sp, #152]	; 0x98
  404428:	3410      	adds	r4, #16
  40442a:	2b07      	cmp	r3, #7
  40442c:	9427      	str	r4, [sp, #156]	; 0x9c
  40442e:	e888 0044 	stmia.w	r8, {r2, r6}
  404432:	ddf1      	ble.n	404418 <_svfprintf_r+0x3e0>
  404434:	aa25      	add	r2, sp, #148	; 0x94
  404436:	4659      	mov	r1, fp
  404438:	4638      	mov	r0, r7
  40443a:	f003 fb4f 	bl	407adc <__ssprint_r>
  40443e:	2800      	cmp	r0, #0
  404440:	f47f aecc 	bne.w	4041dc <_svfprintf_r+0x1a4>
  404444:	3d10      	subs	r5, #16
  404446:	2d10      	cmp	r5, #16
  404448:	9c27      	ldr	r4, [sp, #156]	; 0x9c
  40444a:	9b26      	ldr	r3, [sp, #152]	; 0x98
  40444c:	46c8      	mov	r8, r9
  40444e:	dce8      	bgt.n	404422 <_svfprintf_r+0x3ea>
  404450:	3301      	adds	r3, #1
  404452:	4a53      	ldr	r2, [pc, #332]	; (4045a0 <_svfprintf_r+0x568>)
  404454:	9326      	str	r3, [sp, #152]	; 0x98
  404456:	442c      	add	r4, r5
  404458:	2b07      	cmp	r3, #7
  40445a:	9427      	str	r4, [sp, #156]	; 0x9c
  40445c:	e888 0024 	stmia.w	r8, {r2, r5}
  404460:	dd08      	ble.n	404474 <_svfprintf_r+0x43c>
  404462:	aa25      	add	r2, sp, #148	; 0x94
  404464:	990b      	ldr	r1, [sp, #44]	; 0x2c
  404466:	980c      	ldr	r0, [sp, #48]	; 0x30
  404468:	f003 fb38 	bl	407adc <__ssprint_r>
  40446c:	2800      	cmp	r0, #0
  40446e:	f47f aeb5 	bne.w	4041dc <_svfprintf_r+0x1a4>
  404472:	9c27      	ldr	r4, [sp, #156]	; 0x9c
  404474:	9b09      	ldr	r3, [sp, #36]	; 0x24
  404476:	9a0d      	ldr	r2, [sp, #52]	; 0x34
  404478:	9908      	ldr	r1, [sp, #32]
  40447a:	428a      	cmp	r2, r1
  40447c:	bfac      	ite	ge
  40447e:	189b      	addge	r3, r3, r2
  404480:	185b      	addlt	r3, r3, r1
  404482:	9309      	str	r3, [sp, #36]	; 0x24
  404484:	2c00      	cmp	r4, #0
  404486:	f040 830d 	bne.w	404aa4 <_svfprintf_r+0xa6c>
  40448a:	2300      	movs	r3, #0
  40448c:	9326      	str	r3, [sp, #152]	; 0x98
  40448e:	46c8      	mov	r8, r9
  404490:	e5f9      	b.n	404086 <_svfprintf_r+0x4e>
  404492:	9311      	str	r3, [sp, #68]	; 0x44
  404494:	f01b 0320 	ands.w	r3, fp, #32
  404498:	f040 81e3 	bne.w	404862 <_svfprintf_r+0x82a>
  40449c:	f01b 0210 	ands.w	r2, fp, #16
  4044a0:	f040 842e 	bne.w	404d00 <_svfprintf_r+0xcc8>
  4044a4:	f01b 0340 	ands.w	r3, fp, #64	; 0x40
  4044a8:	f000 842a 	beq.w	404d00 <_svfprintf_r+0xcc8>
  4044ac:	990f      	ldr	r1, [sp, #60]	; 0x3c
  4044ae:	4613      	mov	r3, r2
  4044b0:	460a      	mov	r2, r1
  4044b2:	3204      	adds	r2, #4
  4044b4:	880c      	ldrh	r4, [r1, #0]
  4044b6:	920f      	str	r2, [sp, #60]	; 0x3c
  4044b8:	2500      	movs	r5, #0
  4044ba:	e6b0      	b.n	40421e <_svfprintf_r+0x1e6>
  4044bc:	9a0f      	ldr	r2, [sp, #60]	; 0x3c
  4044be:	9311      	str	r3, [sp, #68]	; 0x44
  4044c0:	6816      	ldr	r6, [r2, #0]
  4044c2:	2400      	movs	r4, #0
  4044c4:	f88d 4077 	strb.w	r4, [sp, #119]	; 0x77
  4044c8:	1d15      	adds	r5, r2, #4
  4044ca:	2e00      	cmp	r6, #0
  4044cc:	f000 86a7 	beq.w	40521e <_svfprintf_r+0x11e6>
  4044d0:	9a0a      	ldr	r2, [sp, #40]	; 0x28
  4044d2:	1c53      	adds	r3, r2, #1
  4044d4:	f000 8609 	beq.w	4050ea <_svfprintf_r+0x10b2>
  4044d8:	4621      	mov	r1, r4
  4044da:	4630      	mov	r0, r6
  4044dc:	f002 fbd8 	bl	406c90 <memchr>
  4044e0:	2800      	cmp	r0, #0
  4044e2:	f000 86e1 	beq.w	4052a8 <_svfprintf_r+0x1270>
  4044e6:	1b83      	subs	r3, r0, r6
  4044e8:	930e      	str	r3, [sp, #56]	; 0x38
  4044ea:	940a      	str	r4, [sp, #40]	; 0x28
  4044ec:	950f      	str	r5, [sp, #60]	; 0x3c
  4044ee:	f8cd b01c 	str.w	fp, [sp, #28]
  4044f2:	ea23 73e3 	bic.w	r3, r3, r3, asr #31
  4044f6:	9308      	str	r3, [sp, #32]
  4044f8:	9412      	str	r4, [sp, #72]	; 0x48
  4044fa:	f89d 7077 	ldrb.w	r7, [sp, #119]	; 0x77
  4044fe:	e6b3      	b.n	404268 <_svfprintf_r+0x230>
  404500:	f89a 3000 	ldrb.w	r3, [sl]
  404504:	2201      	movs	r2, #1
  404506:	212b      	movs	r1, #43	; 0x2b
  404508:	e5ee      	b.n	4040e8 <_svfprintf_r+0xb0>
  40450a:	f04b 0b20 	orr.w	fp, fp, #32
  40450e:	f89a 3000 	ldrb.w	r3, [sl]
  404512:	e5e9      	b.n	4040e8 <_svfprintf_r+0xb0>
  404514:	9311      	str	r3, [sp, #68]	; 0x44
  404516:	2a00      	cmp	r2, #0
  404518:	f040 8795 	bne.w	405446 <_svfprintf_r+0x140e>
  40451c:	4b22      	ldr	r3, [pc, #136]	; (4045a8 <_svfprintf_r+0x570>)
  40451e:	9318      	str	r3, [sp, #96]	; 0x60
  404520:	f01b 0f20 	tst.w	fp, #32
  404524:	f040 8111 	bne.w	40474a <_svfprintf_r+0x712>
  404528:	9a0f      	ldr	r2, [sp, #60]	; 0x3c
  40452a:	f01b 0f10 	tst.w	fp, #16
  40452e:	4613      	mov	r3, r2
  404530:	f040 83e1 	bne.w	404cf6 <_svfprintf_r+0xcbe>
  404534:	f01b 0f40 	tst.w	fp, #64	; 0x40
  404538:	f000 83dd 	beq.w	404cf6 <_svfprintf_r+0xcbe>
  40453c:	3304      	adds	r3, #4
  40453e:	8814      	ldrh	r4, [r2, #0]
  404540:	930f      	str	r3, [sp, #60]	; 0x3c
  404542:	2500      	movs	r5, #0
  404544:	f01b 0f01 	tst.w	fp, #1
  404548:	f000 810c 	beq.w	404764 <_svfprintf_r+0x72c>
  40454c:	ea54 0305 	orrs.w	r3, r4, r5
  404550:	f000 8108 	beq.w	404764 <_svfprintf_r+0x72c>
  404554:	2330      	movs	r3, #48	; 0x30
  404556:	f89d 2044 	ldrb.w	r2, [sp, #68]	; 0x44
  40455a:	f88d 3078 	strb.w	r3, [sp, #120]	; 0x78
  40455e:	f88d 2079 	strb.w	r2, [sp, #121]	; 0x79
  404562:	f04b 0b02 	orr.w	fp, fp, #2
  404566:	2302      	movs	r3, #2
  404568:	e659      	b.n	40421e <_svfprintf_r+0x1e6>
  40456a:	f89a 3000 	ldrb.w	r3, [sl]
  40456e:	2900      	cmp	r1, #0
  404570:	f47f adba 	bne.w	4040e8 <_svfprintf_r+0xb0>
  404574:	2201      	movs	r2, #1
  404576:	2120      	movs	r1, #32
  404578:	e5b6      	b.n	4040e8 <_svfprintf_r+0xb0>
  40457a:	f04b 0b01 	orr.w	fp, fp, #1
  40457e:	f89a 3000 	ldrb.w	r3, [sl]
  404582:	e5b1      	b.n	4040e8 <_svfprintf_r+0xb0>
  404584:	9c0f      	ldr	r4, [sp, #60]	; 0x3c
  404586:	6823      	ldr	r3, [r4, #0]
  404588:	930d      	str	r3, [sp, #52]	; 0x34
  40458a:	4618      	mov	r0, r3
  40458c:	2800      	cmp	r0, #0
  40458e:	4623      	mov	r3, r4
  404590:	f103 0304 	add.w	r3, r3, #4
  404594:	f6ff ae0a 	blt.w	4041ac <_svfprintf_r+0x174>
  404598:	930f      	str	r3, [sp, #60]	; 0x3c
  40459a:	f89a 3000 	ldrb.w	r3, [sl]
  40459e:	e5a3      	b.n	4040e8 <_svfprintf_r+0xb0>
  4045a0:	00409398 	.word	0x00409398
  4045a4:	004093a8 	.word	0x004093a8
  4045a8:	00409378 	.word	0x00409378
  4045ac:	f04b 0b10 	orr.w	fp, fp, #16
  4045b0:	f01b 0f20 	tst.w	fp, #32
  4045b4:	9311      	str	r3, [sp, #68]	; 0x44
  4045b6:	f43f ae23 	beq.w	404200 <_svfprintf_r+0x1c8>
  4045ba:	9d0f      	ldr	r5, [sp, #60]	; 0x3c
  4045bc:	3507      	adds	r5, #7
  4045be:	f025 0307 	bic.w	r3, r5, #7
  4045c2:	f103 0208 	add.w	r2, r3, #8
  4045c6:	e9d3 4500 	ldrd	r4, r5, [r3]
  4045ca:	920f      	str	r2, [sp, #60]	; 0x3c
  4045cc:	2301      	movs	r3, #1
  4045ce:	e626      	b.n	40421e <_svfprintf_r+0x1e6>
  4045d0:	f89a 3000 	ldrb.w	r3, [sl]
  4045d4:	2b2a      	cmp	r3, #42	; 0x2a
  4045d6:	f10a 0401 	add.w	r4, sl, #1
  4045da:	f000 8727 	beq.w	40542c <_svfprintf_r+0x13f4>
  4045de:	f1a3 0030 	sub.w	r0, r3, #48	; 0x30
  4045e2:	2809      	cmp	r0, #9
  4045e4:	46a2      	mov	sl, r4
  4045e6:	f200 86ad 	bhi.w	405344 <_svfprintf_r+0x130c>
  4045ea:	2300      	movs	r3, #0
  4045ec:	461c      	mov	r4, r3
  4045ee:	f81a 3b01 	ldrb.w	r3, [sl], #1
  4045f2:	eb04 0484 	add.w	r4, r4, r4, lsl #2
  4045f6:	eb00 0444 	add.w	r4, r0, r4, lsl #1
  4045fa:	f1a3 0030 	sub.w	r0, r3, #48	; 0x30
  4045fe:	2809      	cmp	r0, #9
  404600:	d9f5      	bls.n	4045ee <_svfprintf_r+0x5b6>
  404602:	940a      	str	r4, [sp, #40]	; 0x28
  404604:	e572      	b.n	4040ec <_svfprintf_r+0xb4>
  404606:	f04b 0b80 	orr.w	fp, fp, #128	; 0x80
  40460a:	f89a 3000 	ldrb.w	r3, [sl]
  40460e:	e56b      	b.n	4040e8 <_svfprintf_r+0xb0>
  404610:	f04b 0b40 	orr.w	fp, fp, #64	; 0x40
  404614:	f89a 3000 	ldrb.w	r3, [sl]
  404618:	e566      	b.n	4040e8 <_svfprintf_r+0xb0>
  40461a:	f89a 3000 	ldrb.w	r3, [sl]
  40461e:	2b6c      	cmp	r3, #108	; 0x6c
  404620:	bf03      	ittte	eq
  404622:	f89a 3001 	ldrbeq.w	r3, [sl, #1]
  404626:	f04b 0b20 	orreq.w	fp, fp, #32
  40462a:	f10a 0a01 	addeq.w	sl, sl, #1
  40462e:	f04b 0b10 	orrne.w	fp, fp, #16
  404632:	e559      	b.n	4040e8 <_svfprintf_r+0xb0>
  404634:	2a00      	cmp	r2, #0
  404636:	f040 8711 	bne.w	40545c <_svfprintf_r+0x1424>
  40463a:	f01b 0f20 	tst.w	fp, #32
  40463e:	f040 84f9 	bne.w	405034 <_svfprintf_r+0xffc>
  404642:	f01b 0f10 	tst.w	fp, #16
  404646:	f040 84ac 	bne.w	404fa2 <_svfprintf_r+0xf6a>
  40464a:	f01b 0f40 	tst.w	fp, #64	; 0x40
  40464e:	f000 84a8 	beq.w	404fa2 <_svfprintf_r+0xf6a>
  404652:	9a0f      	ldr	r2, [sp, #60]	; 0x3c
  404654:	6813      	ldr	r3, [r2, #0]
  404656:	3204      	adds	r2, #4
  404658:	920f      	str	r2, [sp, #60]	; 0x3c
  40465a:	f8bd 2024 	ldrh.w	r2, [sp, #36]	; 0x24
  40465e:	801a      	strh	r2, [r3, #0]
  404660:	e511      	b.n	404086 <_svfprintf_r+0x4e>
  404662:	990f      	ldr	r1, [sp, #60]	; 0x3c
  404664:	4bb3      	ldr	r3, [pc, #716]	; (404934 <_svfprintf_r+0x8fc>)
  404666:	680c      	ldr	r4, [r1, #0]
  404668:	9318      	str	r3, [sp, #96]	; 0x60
  40466a:	2230      	movs	r2, #48	; 0x30
  40466c:	2378      	movs	r3, #120	; 0x78
  40466e:	3104      	adds	r1, #4
  404670:	f88d 3079 	strb.w	r3, [sp, #121]	; 0x79
  404674:	9311      	str	r3, [sp, #68]	; 0x44
  404676:	f04b 0b02 	orr.w	fp, fp, #2
  40467a:	910f      	str	r1, [sp, #60]	; 0x3c
  40467c:	2500      	movs	r5, #0
  40467e:	f88d 2078 	strb.w	r2, [sp, #120]	; 0x78
  404682:	2302      	movs	r3, #2
  404684:	e5cb      	b.n	40421e <_svfprintf_r+0x1e6>
  404686:	990f      	ldr	r1, [sp, #60]	; 0x3c
  404688:	9311      	str	r3, [sp, #68]	; 0x44
  40468a:	680a      	ldr	r2, [r1, #0]
  40468c:	f88d 20a0 	strb.w	r2, [sp, #160]	; 0xa0
  404690:	2300      	movs	r3, #0
  404692:	460a      	mov	r2, r1
  404694:	461f      	mov	r7, r3
  404696:	f88d 3077 	strb.w	r3, [sp, #119]	; 0x77
  40469a:	3204      	adds	r2, #4
  40469c:	2301      	movs	r3, #1
  40469e:	9308      	str	r3, [sp, #32]
  4046a0:	f8cd b01c 	str.w	fp, [sp, #28]
  4046a4:	970a      	str	r7, [sp, #40]	; 0x28
  4046a6:	9712      	str	r7, [sp, #72]	; 0x48
  4046a8:	920f      	str	r2, [sp, #60]	; 0x3c
  4046aa:	930e      	str	r3, [sp, #56]	; 0x38
  4046ac:	ae28      	add	r6, sp, #160	; 0xa0
  4046ae:	e5df      	b.n	404270 <_svfprintf_r+0x238>
  4046b0:	9311      	str	r3, [sp, #68]	; 0x44
  4046b2:	2a00      	cmp	r2, #0
  4046b4:	f040 86ea 	bne.w	40548c <_svfprintf_r+0x1454>
  4046b8:	f01b 0f20 	tst.w	fp, #32
  4046bc:	d15d      	bne.n	40477a <_svfprintf_r+0x742>
  4046be:	f01b 0f10 	tst.w	fp, #16
  4046c2:	f040 8308 	bne.w	404cd6 <_svfprintf_r+0xc9e>
  4046c6:	f01b 0f40 	tst.w	fp, #64	; 0x40
  4046ca:	f000 8304 	beq.w	404cd6 <_svfprintf_r+0xc9e>
  4046ce:	990f      	ldr	r1, [sp, #60]	; 0x3c
  4046d0:	f9b1 4000 	ldrsh.w	r4, [r1]
  4046d4:	3104      	adds	r1, #4
  4046d6:	17e5      	asrs	r5, r4, #31
  4046d8:	4622      	mov	r2, r4
  4046da:	462b      	mov	r3, r5
  4046dc:	910f      	str	r1, [sp, #60]	; 0x3c
  4046de:	2a00      	cmp	r2, #0
  4046e0:	f173 0300 	sbcs.w	r3, r3, #0
  4046e4:	db58      	blt.n	404798 <_svfprintf_r+0x760>
  4046e6:	990a      	ldr	r1, [sp, #40]	; 0x28
  4046e8:	f89d 7077 	ldrb.w	r7, [sp, #119]	; 0x77
  4046ec:	1c4a      	adds	r2, r1, #1
  4046ee:	f04f 0301 	mov.w	r3, #1
  4046f2:	f47f ad9b 	bne.w	40422c <_svfprintf_r+0x1f4>
  4046f6:	ea54 0205 	orrs.w	r2, r4, r5
  4046fa:	f000 81df 	beq.w	404abc <_svfprintf_r+0xa84>
  4046fe:	f8cd b01c 	str.w	fp, [sp, #28]
  404702:	2b01      	cmp	r3, #1
  404704:	f000 827b 	beq.w	404bfe <_svfprintf_r+0xbc6>
  404708:	2b02      	cmp	r3, #2
  40470a:	f040 8206 	bne.w	404b1a <_svfprintf_r+0xae2>
  40470e:	9818      	ldr	r0, [sp, #96]	; 0x60
  404710:	464e      	mov	r6, r9
  404712:	0923      	lsrs	r3, r4, #4
  404714:	f004 010f 	and.w	r1, r4, #15
  404718:	ea43 7305 	orr.w	r3, r3, r5, lsl #28
  40471c:	092a      	lsrs	r2, r5, #4
  40471e:	461c      	mov	r4, r3
  404720:	4615      	mov	r5, r2
  404722:	5c43      	ldrb	r3, [r0, r1]
  404724:	f806 3d01 	strb.w	r3, [r6, #-1]!
  404728:	ea54 0305 	orrs.w	r3, r4, r5
  40472c:	d1f1      	bne.n	404712 <_svfprintf_r+0x6da>
  40472e:	eba9 0306 	sub.w	r3, r9, r6
  404732:	930e      	str	r3, [sp, #56]	; 0x38
  404734:	e590      	b.n	404258 <_svfprintf_r+0x220>
  404736:	9311      	str	r3, [sp, #68]	; 0x44
  404738:	2a00      	cmp	r2, #0
  40473a:	f040 86a3 	bne.w	405484 <_svfprintf_r+0x144c>
  40473e:	4b7e      	ldr	r3, [pc, #504]	; (404938 <_svfprintf_r+0x900>)
  404740:	9318      	str	r3, [sp, #96]	; 0x60
  404742:	f01b 0f20 	tst.w	fp, #32
  404746:	f43f aeef 	beq.w	404528 <_svfprintf_r+0x4f0>
  40474a:	9d0f      	ldr	r5, [sp, #60]	; 0x3c
  40474c:	3507      	adds	r5, #7
  40474e:	f025 0307 	bic.w	r3, r5, #7
  404752:	f103 0208 	add.w	r2, r3, #8
  404756:	f01b 0f01 	tst.w	fp, #1
  40475a:	920f      	str	r2, [sp, #60]	; 0x3c
  40475c:	e9d3 4500 	ldrd	r4, r5, [r3]
  404760:	f47f aef4 	bne.w	40454c <_svfprintf_r+0x514>
  404764:	2302      	movs	r3, #2
  404766:	e55a      	b.n	40421e <_svfprintf_r+0x1e6>
  404768:	9311      	str	r3, [sp, #68]	; 0x44
  40476a:	2a00      	cmp	r2, #0
  40476c:	f040 8686 	bne.w	40547c <_svfprintf_r+0x1444>
  404770:	f04b 0b10 	orr.w	fp, fp, #16
  404774:	f01b 0f20 	tst.w	fp, #32
  404778:	d0a1      	beq.n	4046be <_svfprintf_r+0x686>
  40477a:	9d0f      	ldr	r5, [sp, #60]	; 0x3c
  40477c:	3507      	adds	r5, #7
  40477e:	f025 0507 	bic.w	r5, r5, #7
  404782:	e9d5 2300 	ldrd	r2, r3, [r5]
  404786:	2a00      	cmp	r2, #0
  404788:	f105 0108 	add.w	r1, r5, #8
  40478c:	461d      	mov	r5, r3
  40478e:	f173 0300 	sbcs.w	r3, r3, #0
  404792:	910f      	str	r1, [sp, #60]	; 0x3c
  404794:	4614      	mov	r4, r2
  404796:	daa6      	bge.n	4046e6 <_svfprintf_r+0x6ae>
  404798:	272d      	movs	r7, #45	; 0x2d
  40479a:	4264      	negs	r4, r4
  40479c:	eb65 0545 	sbc.w	r5, r5, r5, lsl #1
  4047a0:	f88d 7077 	strb.w	r7, [sp, #119]	; 0x77
  4047a4:	2301      	movs	r3, #1
  4047a6:	e53d      	b.n	404224 <_svfprintf_r+0x1ec>
  4047a8:	9311      	str	r3, [sp, #68]	; 0x44
  4047aa:	2a00      	cmp	r2, #0
  4047ac:	f040 8662 	bne.w	405474 <_svfprintf_r+0x143c>
  4047b0:	9d0f      	ldr	r5, [sp, #60]	; 0x3c
  4047b2:	3507      	adds	r5, #7
  4047b4:	f025 0307 	bic.w	r3, r5, #7
  4047b8:	f103 0208 	add.w	r2, r3, #8
  4047bc:	920f      	str	r2, [sp, #60]	; 0x3c
  4047be:	681a      	ldr	r2, [r3, #0]
  4047c0:	9215      	str	r2, [sp, #84]	; 0x54
  4047c2:	685b      	ldr	r3, [r3, #4]
  4047c4:	9314      	str	r3, [sp, #80]	; 0x50
  4047c6:	9b14      	ldr	r3, [sp, #80]	; 0x50
  4047c8:	9d15      	ldr	r5, [sp, #84]	; 0x54
  4047ca:	f023 4400 	bic.w	r4, r3, #2147483648	; 0x80000000
  4047ce:	4628      	mov	r0, r5
  4047d0:	4621      	mov	r1, r4
  4047d2:	f04f 32ff 	mov.w	r2, #4294967295
  4047d6:	4b59      	ldr	r3, [pc, #356]	; (40493c <_svfprintf_r+0x904>)
  4047d8:	f003 fef0 	bl	4085bc <__aeabi_dcmpun>
  4047dc:	2800      	cmp	r0, #0
  4047de:	f040 834a 	bne.w	404e76 <_svfprintf_r+0xe3e>
  4047e2:	4628      	mov	r0, r5
  4047e4:	4621      	mov	r1, r4
  4047e6:	f04f 32ff 	mov.w	r2, #4294967295
  4047ea:	4b54      	ldr	r3, [pc, #336]	; (40493c <_svfprintf_r+0x904>)
  4047ec:	f003 fec8 	bl	408580 <__aeabi_dcmple>
  4047f0:	2800      	cmp	r0, #0
  4047f2:	f040 8340 	bne.w	404e76 <_svfprintf_r+0xe3e>
  4047f6:	a815      	add	r0, sp, #84	; 0x54
  4047f8:	c80d      	ldmia	r0, {r0, r2, r3}
  4047fa:	9914      	ldr	r1, [sp, #80]	; 0x50
  4047fc:	f003 feb6 	bl	40856c <__aeabi_dcmplt>
  404800:	2800      	cmp	r0, #0
  404802:	f040 8530 	bne.w	405266 <_svfprintf_r+0x122e>
  404806:	f89d 7077 	ldrb.w	r7, [sp, #119]	; 0x77
  40480a:	4e4d      	ldr	r6, [pc, #308]	; (404940 <_svfprintf_r+0x908>)
  40480c:	4b4d      	ldr	r3, [pc, #308]	; (404944 <_svfprintf_r+0x90c>)
  40480e:	f02b 0080 	bic.w	r0, fp, #128	; 0x80
  404812:	9007      	str	r0, [sp, #28]
  404814:	9811      	ldr	r0, [sp, #68]	; 0x44
  404816:	2203      	movs	r2, #3
  404818:	2100      	movs	r1, #0
  40481a:	9208      	str	r2, [sp, #32]
  40481c:	910a      	str	r1, [sp, #40]	; 0x28
  40481e:	2847      	cmp	r0, #71	; 0x47
  404820:	bfd8      	it	le
  404822:	461e      	movle	r6, r3
  404824:	920e      	str	r2, [sp, #56]	; 0x38
  404826:	9112      	str	r1, [sp, #72]	; 0x48
  404828:	e51e      	b.n	404268 <_svfprintf_r+0x230>
  40482a:	f04b 0b08 	orr.w	fp, fp, #8
  40482e:	f89a 3000 	ldrb.w	r3, [sl]
  404832:	e459      	b.n	4040e8 <_svfprintf_r+0xb0>
  404834:	f1a3 0030 	sub.w	r0, r3, #48	; 0x30
  404838:	2300      	movs	r3, #0
  40483a:	461c      	mov	r4, r3
  40483c:	f81a 3b01 	ldrb.w	r3, [sl], #1
  404840:	eb04 0484 	add.w	r4, r4, r4, lsl #2
  404844:	eb00 0444 	add.w	r4, r0, r4, lsl #1
  404848:	f1a3 0030 	sub.w	r0, r3, #48	; 0x30
  40484c:	2809      	cmp	r0, #9
  40484e:	d9f5      	bls.n	40483c <_svfprintf_r+0x804>
  404850:	940d      	str	r4, [sp, #52]	; 0x34
  404852:	e44b      	b.n	4040ec <_svfprintf_r+0xb4>
  404854:	f04b 0b10 	orr.w	fp, fp, #16
  404858:	9311      	str	r3, [sp, #68]	; 0x44
  40485a:	f01b 0320 	ands.w	r3, fp, #32
  40485e:	f43f ae1d 	beq.w	40449c <_svfprintf_r+0x464>
  404862:	9d0f      	ldr	r5, [sp, #60]	; 0x3c
  404864:	3507      	adds	r5, #7
  404866:	f025 0307 	bic.w	r3, r5, #7
  40486a:	f103 0208 	add.w	r2, r3, #8
  40486e:	e9d3 4500 	ldrd	r4, r5, [r3]
  404872:	920f      	str	r2, [sp, #60]	; 0x3c
  404874:	2300      	movs	r3, #0
  404876:	e4d2      	b.n	40421e <_svfprintf_r+0x1e6>
  404878:	9311      	str	r3, [sp, #68]	; 0x44
  40487a:	2a00      	cmp	r2, #0
  40487c:	f040 85e7 	bne.w	40544e <_svfprintf_r+0x1416>
  404880:	9a11      	ldr	r2, [sp, #68]	; 0x44
  404882:	2a00      	cmp	r2, #0
  404884:	f43f aca3 	beq.w	4041ce <_svfprintf_r+0x196>
  404888:	2300      	movs	r3, #0
  40488a:	2101      	movs	r1, #1
  40488c:	461f      	mov	r7, r3
  40488e:	9108      	str	r1, [sp, #32]
  404890:	f88d 20a0 	strb.w	r2, [sp, #160]	; 0xa0
  404894:	f8cd b01c 	str.w	fp, [sp, #28]
  404898:	f88d 3077 	strb.w	r3, [sp, #119]	; 0x77
  40489c:	930a      	str	r3, [sp, #40]	; 0x28
  40489e:	9312      	str	r3, [sp, #72]	; 0x48
  4048a0:	910e      	str	r1, [sp, #56]	; 0x38
  4048a2:	ae28      	add	r6, sp, #160	; 0xa0
  4048a4:	e4e4      	b.n	404270 <_svfprintf_r+0x238>
  4048a6:	9c27      	ldr	r4, [sp, #156]	; 0x9c
  4048a8:	e534      	b.n	404314 <_svfprintf_r+0x2dc>
  4048aa:	9b11      	ldr	r3, [sp, #68]	; 0x44
  4048ac:	2b65      	cmp	r3, #101	; 0x65
  4048ae:	f340 80a7 	ble.w	404a00 <_svfprintf_r+0x9c8>
  4048b2:	a815      	add	r0, sp, #84	; 0x54
  4048b4:	c80d      	ldmia	r0, {r0, r2, r3}
  4048b6:	9914      	ldr	r1, [sp, #80]	; 0x50
  4048b8:	f003 fe4e 	bl	408558 <__aeabi_dcmpeq>
  4048bc:	2800      	cmp	r0, #0
  4048be:	f000 8150 	beq.w	404b62 <_svfprintf_r+0xb2a>
  4048c2:	9b26      	ldr	r3, [sp, #152]	; 0x98
  4048c4:	4a20      	ldr	r2, [pc, #128]	; (404948 <_svfprintf_r+0x910>)
  4048c6:	f8c8 2000 	str.w	r2, [r8]
  4048ca:	3301      	adds	r3, #1
  4048cc:	3401      	adds	r4, #1
  4048ce:	2201      	movs	r2, #1
  4048d0:	2b07      	cmp	r3, #7
  4048d2:	9427      	str	r4, [sp, #156]	; 0x9c
  4048d4:	9326      	str	r3, [sp, #152]	; 0x98
  4048d6:	f8c8 2004 	str.w	r2, [r8, #4]
  4048da:	f300 836a 	bgt.w	404fb2 <_svfprintf_r+0xf7a>
  4048de:	f108 0808 	add.w	r8, r8, #8
  4048e2:	9b1f      	ldr	r3, [sp, #124]	; 0x7c
  4048e4:	9a13      	ldr	r2, [sp, #76]	; 0x4c
  4048e6:	9c27      	ldr	r4, [sp, #156]	; 0x9c
  4048e8:	4293      	cmp	r3, r2
  4048ea:	db03      	blt.n	4048f4 <_svfprintf_r+0x8bc>
  4048ec:	9b07      	ldr	r3, [sp, #28]
  4048ee:	07dd      	lsls	r5, r3, #31
  4048f0:	f57f ad82 	bpl.w	4043f8 <_svfprintf_r+0x3c0>
  4048f4:	9b26      	ldr	r3, [sp, #152]	; 0x98
  4048f6:	9919      	ldr	r1, [sp, #100]	; 0x64
  4048f8:	9a1a      	ldr	r2, [sp, #104]	; 0x68
  4048fa:	f8c8 2000 	str.w	r2, [r8]
  4048fe:	3301      	adds	r3, #1
  404900:	440c      	add	r4, r1
  404902:	2b07      	cmp	r3, #7
  404904:	f8c8 1004 	str.w	r1, [r8, #4]
  404908:	9427      	str	r4, [sp, #156]	; 0x9c
  40490a:	9326      	str	r3, [sp, #152]	; 0x98
  40490c:	f300 839e 	bgt.w	40504c <_svfprintf_r+0x1014>
  404910:	f108 0808 	add.w	r8, r8, #8
  404914:	9b13      	ldr	r3, [sp, #76]	; 0x4c
  404916:	1e5e      	subs	r6, r3, #1
  404918:	2e00      	cmp	r6, #0
  40491a:	f77f ad6d 	ble.w	4043f8 <_svfprintf_r+0x3c0>
  40491e:	2e10      	cmp	r6, #16
  404920:	9b26      	ldr	r3, [sp, #152]	; 0x98
  404922:	4d0a      	ldr	r5, [pc, #40]	; (40494c <_svfprintf_r+0x914>)
  404924:	f340 81f5 	ble.w	404d12 <_svfprintf_r+0xcda>
  404928:	4622      	mov	r2, r4
  40492a:	2710      	movs	r7, #16
  40492c:	f8dd b030 	ldr.w	fp, [sp, #48]	; 0x30
  404930:	9c0b      	ldr	r4, [sp, #44]	; 0x2c
  404932:	e013      	b.n	40495c <_svfprintf_r+0x924>
  404934:	00409378 	.word	0x00409378
  404938:	00409364 	.word	0x00409364
  40493c:	7fefffff 	.word	0x7fefffff
  404940:	00409358 	.word	0x00409358
  404944:	00409354 	.word	0x00409354
  404948:	00409394 	.word	0x00409394
  40494c:	004093a8 	.word	0x004093a8
  404950:	f108 0808 	add.w	r8, r8, #8
  404954:	3e10      	subs	r6, #16
  404956:	2e10      	cmp	r6, #16
  404958:	f340 81da 	ble.w	404d10 <_svfprintf_r+0xcd8>
  40495c:	3301      	adds	r3, #1
  40495e:	3210      	adds	r2, #16
  404960:	2b07      	cmp	r3, #7
  404962:	9227      	str	r2, [sp, #156]	; 0x9c
  404964:	9326      	str	r3, [sp, #152]	; 0x98
  404966:	e888 00a0 	stmia.w	r8, {r5, r7}
  40496a:	ddf1      	ble.n	404950 <_svfprintf_r+0x918>
  40496c:	aa25      	add	r2, sp, #148	; 0x94
  40496e:	4621      	mov	r1, r4
  404970:	4658      	mov	r0, fp
  404972:	f003 f8b3 	bl	407adc <__ssprint_r>
  404976:	2800      	cmp	r0, #0
  404978:	f47f ac30 	bne.w	4041dc <_svfprintf_r+0x1a4>
  40497c:	9a27      	ldr	r2, [sp, #156]	; 0x9c
  40497e:	9b26      	ldr	r3, [sp, #152]	; 0x98
  404980:	46c8      	mov	r8, r9
  404982:	e7e7      	b.n	404954 <_svfprintf_r+0x91c>
  404984:	9b0d      	ldr	r3, [sp, #52]	; 0x34
  404986:	9a08      	ldr	r2, [sp, #32]
  404988:	1a9f      	subs	r7, r3, r2
  40498a:	2f00      	cmp	r7, #0
  40498c:	f77f ace5 	ble.w	40435a <_svfprintf_r+0x322>
  404990:	2f10      	cmp	r7, #16
  404992:	9b26      	ldr	r3, [sp, #152]	; 0x98
  404994:	4db6      	ldr	r5, [pc, #728]	; (404c70 <_svfprintf_r+0xc38>)
  404996:	dd27      	ble.n	4049e8 <_svfprintf_r+0x9b0>
  404998:	4642      	mov	r2, r8
  40499a:	4621      	mov	r1, r4
  40499c:	46b0      	mov	r8, r6
  40499e:	f04f 0b10 	mov.w	fp, #16
  4049a2:	462e      	mov	r6, r5
  4049a4:	9c0c      	ldr	r4, [sp, #48]	; 0x30
  4049a6:	9d0b      	ldr	r5, [sp, #44]	; 0x2c
  4049a8:	e004      	b.n	4049b4 <_svfprintf_r+0x97c>
  4049aa:	3f10      	subs	r7, #16
  4049ac:	2f10      	cmp	r7, #16
  4049ae:	f102 0208 	add.w	r2, r2, #8
  4049b2:	dd15      	ble.n	4049e0 <_svfprintf_r+0x9a8>
  4049b4:	3301      	adds	r3, #1
  4049b6:	3110      	adds	r1, #16
  4049b8:	2b07      	cmp	r3, #7
  4049ba:	9127      	str	r1, [sp, #156]	; 0x9c
  4049bc:	9326      	str	r3, [sp, #152]	; 0x98
  4049be:	e882 0840 	stmia.w	r2, {r6, fp}
  4049c2:	ddf2      	ble.n	4049aa <_svfprintf_r+0x972>
  4049c4:	aa25      	add	r2, sp, #148	; 0x94
  4049c6:	4629      	mov	r1, r5
  4049c8:	4620      	mov	r0, r4
  4049ca:	f003 f887 	bl	407adc <__ssprint_r>
  4049ce:	2800      	cmp	r0, #0
  4049d0:	f47f ac04 	bne.w	4041dc <_svfprintf_r+0x1a4>
  4049d4:	3f10      	subs	r7, #16
  4049d6:	2f10      	cmp	r7, #16
  4049d8:	9927      	ldr	r1, [sp, #156]	; 0x9c
  4049da:	9b26      	ldr	r3, [sp, #152]	; 0x98
  4049dc:	464a      	mov	r2, r9
  4049de:	dce9      	bgt.n	4049b4 <_svfprintf_r+0x97c>
  4049e0:	4635      	mov	r5, r6
  4049e2:	460c      	mov	r4, r1
  4049e4:	4646      	mov	r6, r8
  4049e6:	4690      	mov	r8, r2
  4049e8:	3301      	adds	r3, #1
  4049ea:	443c      	add	r4, r7
  4049ec:	2b07      	cmp	r3, #7
  4049ee:	9427      	str	r4, [sp, #156]	; 0x9c
  4049f0:	9326      	str	r3, [sp, #152]	; 0x98
  4049f2:	e888 00a0 	stmia.w	r8, {r5, r7}
  4049f6:	f300 8232 	bgt.w	404e5e <_svfprintf_r+0xe26>
  4049fa:	f108 0808 	add.w	r8, r8, #8
  4049fe:	e4ac      	b.n	40435a <_svfprintf_r+0x322>
  404a00:	9b13      	ldr	r3, [sp, #76]	; 0x4c
  404a02:	9f26      	ldr	r7, [sp, #152]	; 0x98
  404a04:	2b01      	cmp	r3, #1
  404a06:	f340 81fe 	ble.w	404e06 <_svfprintf_r+0xdce>
  404a0a:	3701      	adds	r7, #1
  404a0c:	3401      	adds	r4, #1
  404a0e:	2301      	movs	r3, #1
  404a10:	2f07      	cmp	r7, #7
  404a12:	9427      	str	r4, [sp, #156]	; 0x9c
  404a14:	9726      	str	r7, [sp, #152]	; 0x98
  404a16:	f8c8 6000 	str.w	r6, [r8]
  404a1a:	f8c8 3004 	str.w	r3, [r8, #4]
  404a1e:	f300 8203 	bgt.w	404e28 <_svfprintf_r+0xdf0>
  404a22:	f108 0808 	add.w	r8, r8, #8
  404a26:	9a19      	ldr	r2, [sp, #100]	; 0x64
  404a28:	9b1a      	ldr	r3, [sp, #104]	; 0x68
  404a2a:	f8c8 3000 	str.w	r3, [r8]
  404a2e:	3701      	adds	r7, #1
  404a30:	4414      	add	r4, r2
  404a32:	2f07      	cmp	r7, #7
  404a34:	9427      	str	r4, [sp, #156]	; 0x9c
  404a36:	9726      	str	r7, [sp, #152]	; 0x98
  404a38:	f8c8 2004 	str.w	r2, [r8, #4]
  404a3c:	f300 8200 	bgt.w	404e40 <_svfprintf_r+0xe08>
  404a40:	f108 0808 	add.w	r8, r8, #8
  404a44:	a815      	add	r0, sp, #84	; 0x54
  404a46:	c80d      	ldmia	r0, {r0, r2, r3}
  404a48:	9914      	ldr	r1, [sp, #80]	; 0x50
  404a4a:	f003 fd85 	bl	408558 <__aeabi_dcmpeq>
  404a4e:	9b13      	ldr	r3, [sp, #76]	; 0x4c
  404a50:	2800      	cmp	r0, #0
  404a52:	f040 8101 	bne.w	404c58 <_svfprintf_r+0xc20>
  404a56:	3b01      	subs	r3, #1
  404a58:	3701      	adds	r7, #1
  404a5a:	3601      	adds	r6, #1
  404a5c:	441c      	add	r4, r3
  404a5e:	2f07      	cmp	r7, #7
  404a60:	9726      	str	r7, [sp, #152]	; 0x98
  404a62:	9427      	str	r4, [sp, #156]	; 0x9c
  404a64:	f8c8 6000 	str.w	r6, [r8]
  404a68:	f8c8 3004 	str.w	r3, [r8, #4]
  404a6c:	f300 8127 	bgt.w	404cbe <_svfprintf_r+0xc86>
  404a70:	f108 0808 	add.w	r8, r8, #8
  404a74:	9a1b      	ldr	r2, [sp, #108]	; 0x6c
  404a76:	f8c8 2004 	str.w	r2, [r8, #4]
  404a7a:	3701      	adds	r7, #1
  404a7c:	4414      	add	r4, r2
  404a7e:	ab21      	add	r3, sp, #132	; 0x84
  404a80:	2f07      	cmp	r7, #7
  404a82:	9427      	str	r4, [sp, #156]	; 0x9c
  404a84:	9726      	str	r7, [sp, #152]	; 0x98
  404a86:	f8c8 3000 	str.w	r3, [r8]
  404a8a:	f77f acb3 	ble.w	4043f4 <_svfprintf_r+0x3bc>
  404a8e:	aa25      	add	r2, sp, #148	; 0x94
  404a90:	990b      	ldr	r1, [sp, #44]	; 0x2c
  404a92:	980c      	ldr	r0, [sp, #48]	; 0x30
  404a94:	f003 f822 	bl	407adc <__ssprint_r>
  404a98:	2800      	cmp	r0, #0
  404a9a:	f47f ab9f 	bne.w	4041dc <_svfprintf_r+0x1a4>
  404a9e:	9c27      	ldr	r4, [sp, #156]	; 0x9c
  404aa0:	46c8      	mov	r8, r9
  404aa2:	e4a9      	b.n	4043f8 <_svfprintf_r+0x3c0>
  404aa4:	aa25      	add	r2, sp, #148	; 0x94
  404aa6:	990b      	ldr	r1, [sp, #44]	; 0x2c
  404aa8:	980c      	ldr	r0, [sp, #48]	; 0x30
  404aaa:	f003 f817 	bl	407adc <__ssprint_r>
  404aae:	2800      	cmp	r0, #0
  404ab0:	f43f aceb 	beq.w	40448a <_svfprintf_r+0x452>
  404ab4:	f7ff bb92 	b.w	4041dc <_svfprintf_r+0x1a4>
  404ab8:	f8dd b01c 	ldr.w	fp, [sp, #28]
  404abc:	2b01      	cmp	r3, #1
  404abe:	f000 8134 	beq.w	404d2a <_svfprintf_r+0xcf2>
  404ac2:	2b02      	cmp	r3, #2
  404ac4:	d125      	bne.n	404b12 <_svfprintf_r+0xada>
  404ac6:	f8cd b01c 	str.w	fp, [sp, #28]
  404aca:	2400      	movs	r4, #0
  404acc:	2500      	movs	r5, #0
  404ace:	e61e      	b.n	40470e <_svfprintf_r+0x6d6>
  404ad0:	aa25      	add	r2, sp, #148	; 0x94
  404ad2:	990b      	ldr	r1, [sp, #44]	; 0x2c
  404ad4:	980c      	ldr	r0, [sp, #48]	; 0x30
  404ad6:	f003 f801 	bl	407adc <__ssprint_r>
  404ada:	2800      	cmp	r0, #0
  404adc:	f47f ab7e 	bne.w	4041dc <_svfprintf_r+0x1a4>
  404ae0:	9c27      	ldr	r4, [sp, #156]	; 0x9c
  404ae2:	46c8      	mov	r8, r9
  404ae4:	e475      	b.n	4043d2 <_svfprintf_r+0x39a>
  404ae6:	aa25      	add	r2, sp, #148	; 0x94
  404ae8:	990b      	ldr	r1, [sp, #44]	; 0x2c
  404aea:	980c      	ldr	r0, [sp, #48]	; 0x30
  404aec:	f002 fff6 	bl	407adc <__ssprint_r>
  404af0:	2800      	cmp	r0, #0
  404af2:	f47f ab73 	bne.w	4041dc <_svfprintf_r+0x1a4>
  404af6:	9c27      	ldr	r4, [sp, #156]	; 0x9c
  404af8:	46c8      	mov	r8, r9
  404afa:	e41b      	b.n	404334 <_svfprintf_r+0x2fc>
  404afc:	aa25      	add	r2, sp, #148	; 0x94
  404afe:	990b      	ldr	r1, [sp, #44]	; 0x2c
  404b00:	980c      	ldr	r0, [sp, #48]	; 0x30
  404b02:	f002 ffeb 	bl	407adc <__ssprint_r>
  404b06:	2800      	cmp	r0, #0
  404b08:	f47f ab68 	bne.w	4041dc <_svfprintf_r+0x1a4>
  404b0c:	9c27      	ldr	r4, [sp, #156]	; 0x9c
  404b0e:	46c8      	mov	r8, r9
  404b10:	e420      	b.n	404354 <_svfprintf_r+0x31c>
  404b12:	f8cd b01c 	str.w	fp, [sp, #28]
  404b16:	2400      	movs	r4, #0
  404b18:	2500      	movs	r5, #0
  404b1a:	4649      	mov	r1, r9
  404b1c:	e000      	b.n	404b20 <_svfprintf_r+0xae8>
  404b1e:	4631      	mov	r1, r6
  404b20:	08e2      	lsrs	r2, r4, #3
  404b22:	ea42 7245 	orr.w	r2, r2, r5, lsl #29
  404b26:	08e8      	lsrs	r0, r5, #3
  404b28:	f004 0307 	and.w	r3, r4, #7
  404b2c:	4605      	mov	r5, r0
  404b2e:	4614      	mov	r4, r2
  404b30:	3330      	adds	r3, #48	; 0x30
  404b32:	ea54 0205 	orrs.w	r2, r4, r5
  404b36:	f801 3c01 	strb.w	r3, [r1, #-1]
  404b3a:	f101 36ff 	add.w	r6, r1, #4294967295
  404b3e:	d1ee      	bne.n	404b1e <_svfprintf_r+0xae6>
  404b40:	9a07      	ldr	r2, [sp, #28]
  404b42:	07d2      	lsls	r2, r2, #31
  404b44:	f57f adf3 	bpl.w	40472e <_svfprintf_r+0x6f6>
  404b48:	2b30      	cmp	r3, #48	; 0x30
  404b4a:	f43f adf0 	beq.w	40472e <_svfprintf_r+0x6f6>
  404b4e:	3902      	subs	r1, #2
  404b50:	2330      	movs	r3, #48	; 0x30
  404b52:	f806 3c01 	strb.w	r3, [r6, #-1]
  404b56:	eba9 0301 	sub.w	r3, r9, r1
  404b5a:	930e      	str	r3, [sp, #56]	; 0x38
  404b5c:	460e      	mov	r6, r1
  404b5e:	f7ff bb7b 	b.w	404258 <_svfprintf_r+0x220>
  404b62:	991f      	ldr	r1, [sp, #124]	; 0x7c
  404b64:	2900      	cmp	r1, #0
  404b66:	f340 822e 	ble.w	404fc6 <_svfprintf_r+0xf8e>
  404b6a:	9b12      	ldr	r3, [sp, #72]	; 0x48
  404b6c:	9a13      	ldr	r2, [sp, #76]	; 0x4c
  404b6e:	4293      	cmp	r3, r2
  404b70:	bfa8      	it	ge
  404b72:	4613      	movge	r3, r2
  404b74:	2b00      	cmp	r3, #0
  404b76:	461f      	mov	r7, r3
  404b78:	dd0d      	ble.n	404b96 <_svfprintf_r+0xb5e>
  404b7a:	9b26      	ldr	r3, [sp, #152]	; 0x98
  404b7c:	f8c8 6000 	str.w	r6, [r8]
  404b80:	3301      	adds	r3, #1
  404b82:	443c      	add	r4, r7
  404b84:	2b07      	cmp	r3, #7
  404b86:	9427      	str	r4, [sp, #156]	; 0x9c
  404b88:	f8c8 7004 	str.w	r7, [r8, #4]
  404b8c:	9326      	str	r3, [sp, #152]	; 0x98
  404b8e:	f300 831f 	bgt.w	4051d0 <_svfprintf_r+0x1198>
  404b92:	f108 0808 	add.w	r8, r8, #8
  404b96:	9b12      	ldr	r3, [sp, #72]	; 0x48
  404b98:	2f00      	cmp	r7, #0
  404b9a:	bfa8      	it	ge
  404b9c:	1bdb      	subge	r3, r3, r7
  404b9e:	2b00      	cmp	r3, #0
  404ba0:	461f      	mov	r7, r3
  404ba2:	f340 80d6 	ble.w	404d52 <_svfprintf_r+0xd1a>
  404ba6:	2f10      	cmp	r7, #16
  404ba8:	9b26      	ldr	r3, [sp, #152]	; 0x98
  404baa:	4d31      	ldr	r5, [pc, #196]	; (404c70 <_svfprintf_r+0xc38>)
  404bac:	f340 81ed 	ble.w	404f8a <_svfprintf_r+0xf52>
  404bb0:	4642      	mov	r2, r8
  404bb2:	4621      	mov	r1, r4
  404bb4:	46b0      	mov	r8, r6
  404bb6:	f04f 0b10 	mov.w	fp, #16
  404bba:	462e      	mov	r6, r5
  404bbc:	9c0c      	ldr	r4, [sp, #48]	; 0x30
  404bbe:	9d0b      	ldr	r5, [sp, #44]	; 0x2c
  404bc0:	e004      	b.n	404bcc <_svfprintf_r+0xb94>
  404bc2:	3208      	adds	r2, #8
  404bc4:	3f10      	subs	r7, #16
  404bc6:	2f10      	cmp	r7, #16
  404bc8:	f340 81db 	ble.w	404f82 <_svfprintf_r+0xf4a>
  404bcc:	3301      	adds	r3, #1
  404bce:	3110      	adds	r1, #16
  404bd0:	2b07      	cmp	r3, #7
  404bd2:	9127      	str	r1, [sp, #156]	; 0x9c
  404bd4:	9326      	str	r3, [sp, #152]	; 0x98
  404bd6:	e882 0840 	stmia.w	r2, {r6, fp}
  404bda:	ddf2      	ble.n	404bc2 <_svfprintf_r+0xb8a>
  404bdc:	aa25      	add	r2, sp, #148	; 0x94
  404bde:	4629      	mov	r1, r5
  404be0:	4620      	mov	r0, r4
  404be2:	f002 ff7b 	bl	407adc <__ssprint_r>
  404be6:	2800      	cmp	r0, #0
  404be8:	f47f aaf8 	bne.w	4041dc <_svfprintf_r+0x1a4>
  404bec:	9927      	ldr	r1, [sp, #156]	; 0x9c
  404bee:	9b26      	ldr	r3, [sp, #152]	; 0x98
  404bf0:	464a      	mov	r2, r9
  404bf2:	e7e7      	b.n	404bc4 <_svfprintf_r+0xb8c>
  404bf4:	9b0a      	ldr	r3, [sp, #40]	; 0x28
  404bf6:	930e      	str	r3, [sp, #56]	; 0x38
  404bf8:	464e      	mov	r6, r9
  404bfa:	f7ff bb2d 	b.w	404258 <_svfprintf_r+0x220>
  404bfe:	2d00      	cmp	r5, #0
  404c00:	bf08      	it	eq
  404c02:	2c0a      	cmpeq	r4, #10
  404c04:	f0c0 808f 	bcc.w	404d26 <_svfprintf_r+0xcee>
  404c08:	464e      	mov	r6, r9
  404c0a:	4620      	mov	r0, r4
  404c0c:	4629      	mov	r1, r5
  404c0e:	220a      	movs	r2, #10
  404c10:	2300      	movs	r3, #0
  404c12:	f7fe fd89 	bl	403728 <__aeabi_uldivmod>
  404c16:	3230      	adds	r2, #48	; 0x30
  404c18:	f806 2d01 	strb.w	r2, [r6, #-1]!
  404c1c:	4620      	mov	r0, r4
  404c1e:	4629      	mov	r1, r5
  404c20:	2300      	movs	r3, #0
  404c22:	220a      	movs	r2, #10
  404c24:	f7fe fd80 	bl	403728 <__aeabi_uldivmod>
  404c28:	4604      	mov	r4, r0
  404c2a:	460d      	mov	r5, r1
  404c2c:	ea54 0305 	orrs.w	r3, r4, r5
  404c30:	d1eb      	bne.n	404c0a <_svfprintf_r+0xbd2>
  404c32:	eba9 0306 	sub.w	r3, r9, r6
  404c36:	930e      	str	r3, [sp, #56]	; 0x38
  404c38:	f7ff bb0e 	b.w	404258 <_svfprintf_r+0x220>
  404c3c:	aa25      	add	r2, sp, #148	; 0x94
  404c3e:	990b      	ldr	r1, [sp, #44]	; 0x2c
  404c40:	980c      	ldr	r0, [sp, #48]	; 0x30
  404c42:	f002 ff4b 	bl	407adc <__ssprint_r>
  404c46:	2800      	cmp	r0, #0
  404c48:	f47f aac8 	bne.w	4041dc <_svfprintf_r+0x1a4>
  404c4c:	f89d 7077 	ldrb.w	r7, [sp, #119]	; 0x77
  404c50:	9c27      	ldr	r4, [sp, #156]	; 0x9c
  404c52:	46c8      	mov	r8, r9
  404c54:	f7ff bb5e 	b.w	404314 <_svfprintf_r+0x2dc>
  404c58:	1e5e      	subs	r6, r3, #1
  404c5a:	2e00      	cmp	r6, #0
  404c5c:	f77f af0a 	ble.w	404a74 <_svfprintf_r+0xa3c>
  404c60:	2e10      	cmp	r6, #16
  404c62:	4d03      	ldr	r5, [pc, #12]	; (404c70 <_svfprintf_r+0xc38>)
  404c64:	dd22      	ble.n	404cac <_svfprintf_r+0xc74>
  404c66:	4622      	mov	r2, r4
  404c68:	f04f 0b10 	mov.w	fp, #16
  404c6c:	9c0c      	ldr	r4, [sp, #48]	; 0x30
  404c6e:	e006      	b.n	404c7e <_svfprintf_r+0xc46>
  404c70:	004093a8 	.word	0x004093a8
  404c74:	3e10      	subs	r6, #16
  404c76:	2e10      	cmp	r6, #16
  404c78:	f108 0808 	add.w	r8, r8, #8
  404c7c:	dd15      	ble.n	404caa <_svfprintf_r+0xc72>
  404c7e:	3701      	adds	r7, #1
  404c80:	3210      	adds	r2, #16
  404c82:	2f07      	cmp	r7, #7
  404c84:	9227      	str	r2, [sp, #156]	; 0x9c
  404c86:	9726      	str	r7, [sp, #152]	; 0x98
  404c88:	e888 0820 	stmia.w	r8, {r5, fp}
  404c8c:	ddf2      	ble.n	404c74 <_svfprintf_r+0xc3c>
  404c8e:	aa25      	add	r2, sp, #148	; 0x94
  404c90:	990b      	ldr	r1, [sp, #44]	; 0x2c
  404c92:	4620      	mov	r0, r4
  404c94:	f002 ff22 	bl	407adc <__ssprint_r>
  404c98:	2800      	cmp	r0, #0
  404c9a:	f47f aa9f 	bne.w	4041dc <_svfprintf_r+0x1a4>
  404c9e:	3e10      	subs	r6, #16
  404ca0:	2e10      	cmp	r6, #16
  404ca2:	9a27      	ldr	r2, [sp, #156]	; 0x9c
  404ca4:	9f26      	ldr	r7, [sp, #152]	; 0x98
  404ca6:	46c8      	mov	r8, r9
  404ca8:	dce9      	bgt.n	404c7e <_svfprintf_r+0xc46>
  404caa:	4614      	mov	r4, r2
  404cac:	3701      	adds	r7, #1
  404cae:	4434      	add	r4, r6
  404cb0:	2f07      	cmp	r7, #7
  404cb2:	9427      	str	r4, [sp, #156]	; 0x9c
  404cb4:	9726      	str	r7, [sp, #152]	; 0x98
  404cb6:	e888 0060 	stmia.w	r8, {r5, r6}
  404cba:	f77f aed9 	ble.w	404a70 <_svfprintf_r+0xa38>
  404cbe:	aa25      	add	r2, sp, #148	; 0x94
  404cc0:	990b      	ldr	r1, [sp, #44]	; 0x2c
  404cc2:	980c      	ldr	r0, [sp, #48]	; 0x30
  404cc4:	f002 ff0a 	bl	407adc <__ssprint_r>
  404cc8:	2800      	cmp	r0, #0
  404cca:	f47f aa87 	bne.w	4041dc <_svfprintf_r+0x1a4>
  404cce:	9c27      	ldr	r4, [sp, #156]	; 0x9c
  404cd0:	9f26      	ldr	r7, [sp, #152]	; 0x98
  404cd2:	46c8      	mov	r8, r9
  404cd4:	e6ce      	b.n	404a74 <_svfprintf_r+0xa3c>
  404cd6:	9a0f      	ldr	r2, [sp, #60]	; 0x3c
  404cd8:	6814      	ldr	r4, [r2, #0]
  404cda:	4613      	mov	r3, r2
  404cdc:	3304      	adds	r3, #4
  404cde:	17e5      	asrs	r5, r4, #31
  404ce0:	930f      	str	r3, [sp, #60]	; 0x3c
  404ce2:	4622      	mov	r2, r4
  404ce4:	462b      	mov	r3, r5
  404ce6:	e4fa      	b.n	4046de <_svfprintf_r+0x6a6>
  404ce8:	3204      	adds	r2, #4
  404cea:	681c      	ldr	r4, [r3, #0]
  404cec:	920f      	str	r2, [sp, #60]	; 0x3c
  404cee:	2301      	movs	r3, #1
  404cf0:	2500      	movs	r5, #0
  404cf2:	f7ff ba94 	b.w	40421e <_svfprintf_r+0x1e6>
  404cf6:	681c      	ldr	r4, [r3, #0]
  404cf8:	3304      	adds	r3, #4
  404cfa:	930f      	str	r3, [sp, #60]	; 0x3c
  404cfc:	2500      	movs	r5, #0
  404cfe:	e421      	b.n	404544 <_svfprintf_r+0x50c>
  404d00:	990f      	ldr	r1, [sp, #60]	; 0x3c
  404d02:	460a      	mov	r2, r1
  404d04:	3204      	adds	r2, #4
  404d06:	680c      	ldr	r4, [r1, #0]
  404d08:	920f      	str	r2, [sp, #60]	; 0x3c
  404d0a:	2500      	movs	r5, #0
  404d0c:	f7ff ba87 	b.w	40421e <_svfprintf_r+0x1e6>
  404d10:	4614      	mov	r4, r2
  404d12:	3301      	adds	r3, #1
  404d14:	4434      	add	r4, r6
  404d16:	2b07      	cmp	r3, #7
  404d18:	9427      	str	r4, [sp, #156]	; 0x9c
  404d1a:	9326      	str	r3, [sp, #152]	; 0x98
  404d1c:	e888 0060 	stmia.w	r8, {r5, r6}
  404d20:	f77f ab68 	ble.w	4043f4 <_svfprintf_r+0x3bc>
  404d24:	e6b3      	b.n	404a8e <_svfprintf_r+0xa56>
  404d26:	f8dd b01c 	ldr.w	fp, [sp, #28]
  404d2a:	f8cd b01c 	str.w	fp, [sp, #28]
  404d2e:	ae42      	add	r6, sp, #264	; 0x108
  404d30:	3430      	adds	r4, #48	; 0x30
  404d32:	2301      	movs	r3, #1
  404d34:	f806 4d41 	strb.w	r4, [r6, #-65]!
  404d38:	930e      	str	r3, [sp, #56]	; 0x38
  404d3a:	f7ff ba8d 	b.w	404258 <_svfprintf_r+0x220>
  404d3e:	aa25      	add	r2, sp, #148	; 0x94
  404d40:	990b      	ldr	r1, [sp, #44]	; 0x2c
  404d42:	980c      	ldr	r0, [sp, #48]	; 0x30
  404d44:	f002 feca 	bl	407adc <__ssprint_r>
  404d48:	2800      	cmp	r0, #0
  404d4a:	f47f aa47 	bne.w	4041dc <_svfprintf_r+0x1a4>
  404d4e:	9c27      	ldr	r4, [sp, #156]	; 0x9c
  404d50:	46c8      	mov	r8, r9
  404d52:	9a1f      	ldr	r2, [sp, #124]	; 0x7c
  404d54:	9b13      	ldr	r3, [sp, #76]	; 0x4c
  404d56:	429a      	cmp	r2, r3
  404d58:	db44      	blt.n	404de4 <_svfprintf_r+0xdac>
  404d5a:	9b07      	ldr	r3, [sp, #28]
  404d5c:	07d9      	lsls	r1, r3, #31
  404d5e:	d441      	bmi.n	404de4 <_svfprintf_r+0xdac>
  404d60:	9b13      	ldr	r3, [sp, #76]	; 0x4c
  404d62:	9812      	ldr	r0, [sp, #72]	; 0x48
  404d64:	1a9a      	subs	r2, r3, r2
  404d66:	1a1d      	subs	r5, r3, r0
  404d68:	4295      	cmp	r5, r2
  404d6a:	bfa8      	it	ge
  404d6c:	4615      	movge	r5, r2
  404d6e:	2d00      	cmp	r5, #0
  404d70:	dd0e      	ble.n	404d90 <_svfprintf_r+0xd58>
  404d72:	9926      	ldr	r1, [sp, #152]	; 0x98
  404d74:	f8c8 5004 	str.w	r5, [r8, #4]
  404d78:	3101      	adds	r1, #1
  404d7a:	4406      	add	r6, r0
  404d7c:	442c      	add	r4, r5
  404d7e:	2907      	cmp	r1, #7
  404d80:	f8c8 6000 	str.w	r6, [r8]
  404d84:	9427      	str	r4, [sp, #156]	; 0x9c
  404d86:	9126      	str	r1, [sp, #152]	; 0x98
  404d88:	f300 823b 	bgt.w	405202 <_svfprintf_r+0x11ca>
  404d8c:	f108 0808 	add.w	r8, r8, #8
  404d90:	2d00      	cmp	r5, #0
  404d92:	bfac      	ite	ge
  404d94:	1b56      	subge	r6, r2, r5
  404d96:	4616      	movlt	r6, r2
  404d98:	2e00      	cmp	r6, #0
  404d9a:	f77f ab2d 	ble.w	4043f8 <_svfprintf_r+0x3c0>
  404d9e:	2e10      	cmp	r6, #16
  404da0:	9b26      	ldr	r3, [sp, #152]	; 0x98
  404da2:	4db0      	ldr	r5, [pc, #704]	; (405064 <_svfprintf_r+0x102c>)
  404da4:	ddb5      	ble.n	404d12 <_svfprintf_r+0xcda>
  404da6:	4622      	mov	r2, r4
  404da8:	2710      	movs	r7, #16
  404daa:	f8dd b030 	ldr.w	fp, [sp, #48]	; 0x30
  404dae:	9c0b      	ldr	r4, [sp, #44]	; 0x2c
  404db0:	e004      	b.n	404dbc <_svfprintf_r+0xd84>
  404db2:	f108 0808 	add.w	r8, r8, #8
  404db6:	3e10      	subs	r6, #16
  404db8:	2e10      	cmp	r6, #16
  404dba:	dda9      	ble.n	404d10 <_svfprintf_r+0xcd8>
  404dbc:	3301      	adds	r3, #1
  404dbe:	3210      	adds	r2, #16
  404dc0:	2b07      	cmp	r3, #7
  404dc2:	9227      	str	r2, [sp, #156]	; 0x9c
  404dc4:	9326      	str	r3, [sp, #152]	; 0x98
  404dc6:	e888 00a0 	stmia.w	r8, {r5, r7}
  404dca:	ddf2      	ble.n	404db2 <_svfprintf_r+0xd7a>
  404dcc:	aa25      	add	r2, sp, #148	; 0x94
  404dce:	4621      	mov	r1, r4
  404dd0:	4658      	mov	r0, fp
  404dd2:	f002 fe83 	bl	407adc <__ssprint_r>
  404dd6:	2800      	cmp	r0, #0
  404dd8:	f47f aa00 	bne.w	4041dc <_svfprintf_r+0x1a4>
  404ddc:	9a27      	ldr	r2, [sp, #156]	; 0x9c
  404dde:	9b26      	ldr	r3, [sp, #152]	; 0x98
  404de0:	46c8      	mov	r8, r9
  404de2:	e7e8      	b.n	404db6 <_svfprintf_r+0xd7e>
  404de4:	9b26      	ldr	r3, [sp, #152]	; 0x98
  404de6:	9819      	ldr	r0, [sp, #100]	; 0x64
  404de8:	991a      	ldr	r1, [sp, #104]	; 0x68
  404dea:	f8c8 1000 	str.w	r1, [r8]
  404dee:	3301      	adds	r3, #1
  404df0:	4404      	add	r4, r0
  404df2:	2b07      	cmp	r3, #7
  404df4:	9427      	str	r4, [sp, #156]	; 0x9c
  404df6:	f8c8 0004 	str.w	r0, [r8, #4]
  404dfa:	9326      	str	r3, [sp, #152]	; 0x98
  404dfc:	f300 81f5 	bgt.w	4051ea <_svfprintf_r+0x11b2>
  404e00:	f108 0808 	add.w	r8, r8, #8
  404e04:	e7ac      	b.n	404d60 <_svfprintf_r+0xd28>
  404e06:	9b07      	ldr	r3, [sp, #28]
  404e08:	07da      	lsls	r2, r3, #31
  404e0a:	f53f adfe 	bmi.w	404a0a <_svfprintf_r+0x9d2>
  404e0e:	3701      	adds	r7, #1
  404e10:	3401      	adds	r4, #1
  404e12:	2301      	movs	r3, #1
  404e14:	2f07      	cmp	r7, #7
  404e16:	9427      	str	r4, [sp, #156]	; 0x9c
  404e18:	9726      	str	r7, [sp, #152]	; 0x98
  404e1a:	f8c8 6000 	str.w	r6, [r8]
  404e1e:	f8c8 3004 	str.w	r3, [r8, #4]
  404e22:	f77f ae25 	ble.w	404a70 <_svfprintf_r+0xa38>
  404e26:	e74a      	b.n	404cbe <_svfprintf_r+0xc86>
  404e28:	aa25      	add	r2, sp, #148	; 0x94
  404e2a:	990b      	ldr	r1, [sp, #44]	; 0x2c
  404e2c:	980c      	ldr	r0, [sp, #48]	; 0x30
  404e2e:	f002 fe55 	bl	407adc <__ssprint_r>
  404e32:	2800      	cmp	r0, #0
  404e34:	f47f a9d2 	bne.w	4041dc <_svfprintf_r+0x1a4>
  404e38:	9c27      	ldr	r4, [sp, #156]	; 0x9c
  404e3a:	9f26      	ldr	r7, [sp, #152]	; 0x98
  404e3c:	46c8      	mov	r8, r9
  404e3e:	e5f2      	b.n	404a26 <_svfprintf_r+0x9ee>
  404e40:	aa25      	add	r2, sp, #148	; 0x94
  404e42:	990b      	ldr	r1, [sp, #44]	; 0x2c
  404e44:	980c      	ldr	r0, [sp, #48]	; 0x30
  404e46:	f002 fe49 	bl	407adc <__ssprint_r>
  404e4a:	2800      	cmp	r0, #0
  404e4c:	f47f a9c6 	bne.w	4041dc <_svfprintf_r+0x1a4>
  404e50:	9c27      	ldr	r4, [sp, #156]	; 0x9c
  404e52:	9f26      	ldr	r7, [sp, #152]	; 0x98
  404e54:	46c8      	mov	r8, r9
  404e56:	e5f5      	b.n	404a44 <_svfprintf_r+0xa0c>
  404e58:	464e      	mov	r6, r9
  404e5a:	f7ff b9fd 	b.w	404258 <_svfprintf_r+0x220>
  404e5e:	aa25      	add	r2, sp, #148	; 0x94
  404e60:	990b      	ldr	r1, [sp, #44]	; 0x2c
  404e62:	980c      	ldr	r0, [sp, #48]	; 0x30
  404e64:	f002 fe3a 	bl	407adc <__ssprint_r>
  404e68:	2800      	cmp	r0, #0
  404e6a:	f47f a9b7 	bne.w	4041dc <_svfprintf_r+0x1a4>
  404e6e:	9c27      	ldr	r4, [sp, #156]	; 0x9c
  404e70:	46c8      	mov	r8, r9
  404e72:	f7ff ba72 	b.w	40435a <_svfprintf_r+0x322>
  404e76:	9c15      	ldr	r4, [sp, #84]	; 0x54
  404e78:	4622      	mov	r2, r4
  404e7a:	4620      	mov	r0, r4
  404e7c:	9c14      	ldr	r4, [sp, #80]	; 0x50
  404e7e:	4623      	mov	r3, r4
  404e80:	4621      	mov	r1, r4
  404e82:	f003 fb9b 	bl	4085bc <__aeabi_dcmpun>
  404e86:	2800      	cmp	r0, #0
  404e88:	f040 8286 	bne.w	405398 <_svfprintf_r+0x1360>
  404e8c:	9b0a      	ldr	r3, [sp, #40]	; 0x28
  404e8e:	3301      	adds	r3, #1
  404e90:	9b11      	ldr	r3, [sp, #68]	; 0x44
  404e92:	f023 0320 	bic.w	r3, r3, #32
  404e96:	930e      	str	r3, [sp, #56]	; 0x38
  404e98:	f000 81e2 	beq.w	405260 <_svfprintf_r+0x1228>
  404e9c:	2b47      	cmp	r3, #71	; 0x47
  404e9e:	f000 811e 	beq.w	4050de <_svfprintf_r+0x10a6>
  404ea2:	f44b 7380 	orr.w	r3, fp, #256	; 0x100
  404ea6:	9307      	str	r3, [sp, #28]
  404ea8:	9b14      	ldr	r3, [sp, #80]	; 0x50
  404eaa:	1e1f      	subs	r7, r3, #0
  404eac:	9b15      	ldr	r3, [sp, #84]	; 0x54
  404eae:	9308      	str	r3, [sp, #32]
  404eb0:	bfbb      	ittet	lt
  404eb2:	463b      	movlt	r3, r7
  404eb4:	f103 4700 	addlt.w	r7, r3, #2147483648	; 0x80000000
  404eb8:	2300      	movge	r3, #0
  404eba:	232d      	movlt	r3, #45	; 0x2d
  404ebc:	9310      	str	r3, [sp, #64]	; 0x40
  404ebe:	9b11      	ldr	r3, [sp, #68]	; 0x44
  404ec0:	2b66      	cmp	r3, #102	; 0x66
  404ec2:	f000 81bb 	beq.w	40523c <_svfprintf_r+0x1204>
  404ec6:	2b46      	cmp	r3, #70	; 0x46
  404ec8:	f000 80df 	beq.w	40508a <_svfprintf_r+0x1052>
  404ecc:	9b0e      	ldr	r3, [sp, #56]	; 0x38
  404ece:	9a08      	ldr	r2, [sp, #32]
  404ed0:	2b45      	cmp	r3, #69	; 0x45
  404ed2:	bf0c      	ite	eq
  404ed4:	9b0a      	ldreq	r3, [sp, #40]	; 0x28
  404ed6:	9d0a      	ldrne	r5, [sp, #40]	; 0x28
  404ed8:	a823      	add	r0, sp, #140	; 0x8c
  404eda:	a920      	add	r1, sp, #128	; 0x80
  404edc:	bf08      	it	eq
  404ede:	1c5d      	addeq	r5, r3, #1
  404ee0:	9004      	str	r0, [sp, #16]
  404ee2:	9103      	str	r1, [sp, #12]
  404ee4:	a81f      	add	r0, sp, #124	; 0x7c
  404ee6:	2102      	movs	r1, #2
  404ee8:	463b      	mov	r3, r7
  404eea:	9002      	str	r0, [sp, #8]
  404eec:	9501      	str	r5, [sp, #4]
  404eee:	9100      	str	r1, [sp, #0]
  404ef0:	980c      	ldr	r0, [sp, #48]	; 0x30
  404ef2:	f000 fb75 	bl	4055e0 <_dtoa_r>
  404ef6:	9b11      	ldr	r3, [sp, #68]	; 0x44
  404ef8:	2b67      	cmp	r3, #103	; 0x67
  404efa:	4606      	mov	r6, r0
  404efc:	f040 81e0 	bne.w	4052c0 <_svfprintf_r+0x1288>
  404f00:	f01b 0f01 	tst.w	fp, #1
  404f04:	f000 8246 	beq.w	405394 <_svfprintf_r+0x135c>
  404f08:	1974      	adds	r4, r6, r5
  404f0a:	9a16      	ldr	r2, [sp, #88]	; 0x58
  404f0c:	9808      	ldr	r0, [sp, #32]
  404f0e:	9b17      	ldr	r3, [sp, #92]	; 0x5c
  404f10:	4639      	mov	r1, r7
  404f12:	f003 fb21 	bl	408558 <__aeabi_dcmpeq>
  404f16:	2800      	cmp	r0, #0
  404f18:	f040 8165 	bne.w	4051e6 <_svfprintf_r+0x11ae>
  404f1c:	9b23      	ldr	r3, [sp, #140]	; 0x8c
  404f1e:	42a3      	cmp	r3, r4
  404f20:	d206      	bcs.n	404f30 <_svfprintf_r+0xef8>
  404f22:	2130      	movs	r1, #48	; 0x30
  404f24:	1c5a      	adds	r2, r3, #1
  404f26:	9223      	str	r2, [sp, #140]	; 0x8c
  404f28:	7019      	strb	r1, [r3, #0]
  404f2a:	9b23      	ldr	r3, [sp, #140]	; 0x8c
  404f2c:	429c      	cmp	r4, r3
  404f2e:	d8f9      	bhi.n	404f24 <_svfprintf_r+0xeec>
  404f30:	1b9b      	subs	r3, r3, r6
  404f32:	9313      	str	r3, [sp, #76]	; 0x4c
  404f34:	9b0e      	ldr	r3, [sp, #56]	; 0x38
  404f36:	2b47      	cmp	r3, #71	; 0x47
  404f38:	f000 80e9 	beq.w	40510e <_svfprintf_r+0x10d6>
  404f3c:	9b11      	ldr	r3, [sp, #68]	; 0x44
  404f3e:	2b65      	cmp	r3, #101	; 0x65
  404f40:	f340 81cd 	ble.w	4052de <_svfprintf_r+0x12a6>
  404f44:	9b11      	ldr	r3, [sp, #68]	; 0x44
  404f46:	2b66      	cmp	r3, #102	; 0x66
  404f48:	9b1f      	ldr	r3, [sp, #124]	; 0x7c
  404f4a:	9312      	str	r3, [sp, #72]	; 0x48
  404f4c:	f000 819e 	beq.w	40528c <_svfprintf_r+0x1254>
  404f50:	9b13      	ldr	r3, [sp, #76]	; 0x4c
  404f52:	9a12      	ldr	r2, [sp, #72]	; 0x48
  404f54:	4619      	mov	r1, r3
  404f56:	4291      	cmp	r1, r2
  404f58:	f300 818a 	bgt.w	405270 <_svfprintf_r+0x1238>
  404f5c:	f01b 0f01 	tst.w	fp, #1
  404f60:	f040 8213 	bne.w	40538a <_svfprintf_r+0x1352>
  404f64:	ea22 73e2 	bic.w	r3, r2, r2, asr #31
  404f68:	9308      	str	r3, [sp, #32]
  404f6a:	2367      	movs	r3, #103	; 0x67
  404f6c:	920e      	str	r2, [sp, #56]	; 0x38
  404f6e:	9311      	str	r3, [sp, #68]	; 0x44
  404f70:	9b10      	ldr	r3, [sp, #64]	; 0x40
  404f72:	2b00      	cmp	r3, #0
  404f74:	f040 80c4 	bne.w	405100 <_svfprintf_r+0x10c8>
  404f78:	930a      	str	r3, [sp, #40]	; 0x28
  404f7a:	f89d 7077 	ldrb.w	r7, [sp, #119]	; 0x77
  404f7e:	f7ff b973 	b.w	404268 <_svfprintf_r+0x230>
  404f82:	4635      	mov	r5, r6
  404f84:	460c      	mov	r4, r1
  404f86:	4646      	mov	r6, r8
  404f88:	4690      	mov	r8, r2
  404f8a:	3301      	adds	r3, #1
  404f8c:	443c      	add	r4, r7
  404f8e:	2b07      	cmp	r3, #7
  404f90:	9427      	str	r4, [sp, #156]	; 0x9c
  404f92:	9326      	str	r3, [sp, #152]	; 0x98
  404f94:	e888 00a0 	stmia.w	r8, {r5, r7}
  404f98:	f73f aed1 	bgt.w	404d3e <_svfprintf_r+0xd06>
  404f9c:	f108 0808 	add.w	r8, r8, #8
  404fa0:	e6d7      	b.n	404d52 <_svfprintf_r+0xd1a>
  404fa2:	9a0f      	ldr	r2, [sp, #60]	; 0x3c
  404fa4:	6813      	ldr	r3, [r2, #0]
  404fa6:	3204      	adds	r2, #4
  404fa8:	920f      	str	r2, [sp, #60]	; 0x3c
  404faa:	9a09      	ldr	r2, [sp, #36]	; 0x24
  404fac:	601a      	str	r2, [r3, #0]
  404fae:	f7ff b86a 	b.w	404086 <_svfprintf_r+0x4e>
  404fb2:	aa25      	add	r2, sp, #148	; 0x94
  404fb4:	990b      	ldr	r1, [sp, #44]	; 0x2c
  404fb6:	980c      	ldr	r0, [sp, #48]	; 0x30
  404fb8:	f002 fd90 	bl	407adc <__ssprint_r>
  404fbc:	2800      	cmp	r0, #0
  404fbe:	f47f a90d 	bne.w	4041dc <_svfprintf_r+0x1a4>
  404fc2:	46c8      	mov	r8, r9
  404fc4:	e48d      	b.n	4048e2 <_svfprintf_r+0x8aa>
  404fc6:	9b26      	ldr	r3, [sp, #152]	; 0x98
  404fc8:	4a27      	ldr	r2, [pc, #156]	; (405068 <_svfprintf_r+0x1030>)
  404fca:	f8c8 2000 	str.w	r2, [r8]
  404fce:	3301      	adds	r3, #1
  404fd0:	3401      	adds	r4, #1
  404fd2:	2201      	movs	r2, #1
  404fd4:	2b07      	cmp	r3, #7
  404fd6:	9427      	str	r4, [sp, #156]	; 0x9c
  404fd8:	9326      	str	r3, [sp, #152]	; 0x98
  404fda:	f8c8 2004 	str.w	r2, [r8, #4]
  404fde:	dc72      	bgt.n	4050c6 <_svfprintf_r+0x108e>
  404fe0:	f108 0808 	add.w	r8, r8, #8
  404fe4:	b929      	cbnz	r1, 404ff2 <_svfprintf_r+0xfba>
  404fe6:	9b13      	ldr	r3, [sp, #76]	; 0x4c
  404fe8:	b91b      	cbnz	r3, 404ff2 <_svfprintf_r+0xfba>
  404fea:	9b07      	ldr	r3, [sp, #28]
  404fec:	07d8      	lsls	r0, r3, #31
  404fee:	f57f aa03 	bpl.w	4043f8 <_svfprintf_r+0x3c0>
  404ff2:	9b26      	ldr	r3, [sp, #152]	; 0x98
  404ff4:	9819      	ldr	r0, [sp, #100]	; 0x64
  404ff6:	9a1a      	ldr	r2, [sp, #104]	; 0x68
  404ff8:	f8c8 2000 	str.w	r2, [r8]
  404ffc:	3301      	adds	r3, #1
  404ffe:	4602      	mov	r2, r0
  405000:	4422      	add	r2, r4
  405002:	2b07      	cmp	r3, #7
  405004:	9227      	str	r2, [sp, #156]	; 0x9c
  405006:	f8c8 0004 	str.w	r0, [r8, #4]
  40500a:	9326      	str	r3, [sp, #152]	; 0x98
  40500c:	f300 818d 	bgt.w	40532a <_svfprintf_r+0x12f2>
  405010:	f108 0808 	add.w	r8, r8, #8
  405014:	2900      	cmp	r1, #0
  405016:	f2c0 8165 	blt.w	4052e4 <_svfprintf_r+0x12ac>
  40501a:	9913      	ldr	r1, [sp, #76]	; 0x4c
  40501c:	f8c8 6000 	str.w	r6, [r8]
  405020:	3301      	adds	r3, #1
  405022:	188c      	adds	r4, r1, r2
  405024:	2b07      	cmp	r3, #7
  405026:	9427      	str	r4, [sp, #156]	; 0x9c
  405028:	9326      	str	r3, [sp, #152]	; 0x98
  40502a:	f8c8 1004 	str.w	r1, [r8, #4]
  40502e:	f77f a9e1 	ble.w	4043f4 <_svfprintf_r+0x3bc>
  405032:	e52c      	b.n	404a8e <_svfprintf_r+0xa56>
  405034:	9a0f      	ldr	r2, [sp, #60]	; 0x3c
  405036:	9909      	ldr	r1, [sp, #36]	; 0x24
  405038:	6813      	ldr	r3, [r2, #0]
  40503a:	17cd      	asrs	r5, r1, #31
  40503c:	4608      	mov	r0, r1
  40503e:	3204      	adds	r2, #4
  405040:	4629      	mov	r1, r5
  405042:	920f      	str	r2, [sp, #60]	; 0x3c
  405044:	e9c3 0100 	strd	r0, r1, [r3]
  405048:	f7ff b81d 	b.w	404086 <_svfprintf_r+0x4e>
  40504c:	aa25      	add	r2, sp, #148	; 0x94
  40504e:	990b      	ldr	r1, [sp, #44]	; 0x2c
  405050:	980c      	ldr	r0, [sp, #48]	; 0x30
  405052:	f002 fd43 	bl	407adc <__ssprint_r>
  405056:	2800      	cmp	r0, #0
  405058:	f47f a8c0 	bne.w	4041dc <_svfprintf_r+0x1a4>
  40505c:	9c27      	ldr	r4, [sp, #156]	; 0x9c
  40505e:	46c8      	mov	r8, r9
  405060:	e458      	b.n	404914 <_svfprintf_r+0x8dc>
  405062:	bf00      	nop
  405064:	004093a8 	.word	0x004093a8
  405068:	00409394 	.word	0x00409394
  40506c:	2140      	movs	r1, #64	; 0x40
  40506e:	980c      	ldr	r0, [sp, #48]	; 0x30
  405070:	f001 fb42 	bl	4066f8 <_malloc_r>
  405074:	9a0b      	ldr	r2, [sp, #44]	; 0x2c
  405076:	6010      	str	r0, [r2, #0]
  405078:	6110      	str	r0, [r2, #16]
  40507a:	2800      	cmp	r0, #0
  40507c:	f000 81f2 	beq.w	405464 <_svfprintf_r+0x142c>
  405080:	9a0b      	ldr	r2, [sp, #44]	; 0x2c
  405082:	2340      	movs	r3, #64	; 0x40
  405084:	6153      	str	r3, [r2, #20]
  405086:	f7fe bfee 	b.w	404066 <_svfprintf_r+0x2e>
  40508a:	a823      	add	r0, sp, #140	; 0x8c
  40508c:	a920      	add	r1, sp, #128	; 0x80
  40508e:	9c0a      	ldr	r4, [sp, #40]	; 0x28
  405090:	9004      	str	r0, [sp, #16]
  405092:	9103      	str	r1, [sp, #12]
  405094:	a81f      	add	r0, sp, #124	; 0x7c
  405096:	2103      	movs	r1, #3
  405098:	9002      	str	r0, [sp, #8]
  40509a:	9a08      	ldr	r2, [sp, #32]
  40509c:	9401      	str	r4, [sp, #4]
  40509e:	463b      	mov	r3, r7
  4050a0:	9100      	str	r1, [sp, #0]
  4050a2:	980c      	ldr	r0, [sp, #48]	; 0x30
  4050a4:	f000 fa9c 	bl	4055e0 <_dtoa_r>
  4050a8:	4625      	mov	r5, r4
  4050aa:	4606      	mov	r6, r0
  4050ac:	9b11      	ldr	r3, [sp, #68]	; 0x44
  4050ae:	2b46      	cmp	r3, #70	; 0x46
  4050b0:	eb06 0405 	add.w	r4, r6, r5
  4050b4:	f47f af29 	bne.w	404f0a <_svfprintf_r+0xed2>
  4050b8:	7833      	ldrb	r3, [r6, #0]
  4050ba:	2b30      	cmp	r3, #48	; 0x30
  4050bc:	f000 8178 	beq.w	4053b0 <_svfprintf_r+0x1378>
  4050c0:	9d1f      	ldr	r5, [sp, #124]	; 0x7c
  4050c2:	442c      	add	r4, r5
  4050c4:	e721      	b.n	404f0a <_svfprintf_r+0xed2>
  4050c6:	aa25      	add	r2, sp, #148	; 0x94
  4050c8:	990b      	ldr	r1, [sp, #44]	; 0x2c
  4050ca:	980c      	ldr	r0, [sp, #48]	; 0x30
  4050cc:	f002 fd06 	bl	407adc <__ssprint_r>
  4050d0:	2800      	cmp	r0, #0
  4050d2:	f47f a883 	bne.w	4041dc <_svfprintf_r+0x1a4>
  4050d6:	991f      	ldr	r1, [sp, #124]	; 0x7c
  4050d8:	9c27      	ldr	r4, [sp, #156]	; 0x9c
  4050da:	46c8      	mov	r8, r9
  4050dc:	e782      	b.n	404fe4 <_svfprintf_r+0xfac>
  4050de:	9b0a      	ldr	r3, [sp, #40]	; 0x28
  4050e0:	2b00      	cmp	r3, #0
  4050e2:	bf08      	it	eq
  4050e4:	2301      	moveq	r3, #1
  4050e6:	930a      	str	r3, [sp, #40]	; 0x28
  4050e8:	e6db      	b.n	404ea2 <_svfprintf_r+0xe6a>
  4050ea:	4630      	mov	r0, r6
  4050ec:	940a      	str	r4, [sp, #40]	; 0x28
  4050ee:	f002 fc87 	bl	407a00 <strlen>
  4050f2:	950f      	str	r5, [sp, #60]	; 0x3c
  4050f4:	900e      	str	r0, [sp, #56]	; 0x38
  4050f6:	f8cd b01c 	str.w	fp, [sp, #28]
  4050fa:	4603      	mov	r3, r0
  4050fc:	f7ff b9f9 	b.w	4044f2 <_svfprintf_r+0x4ba>
  405100:	272d      	movs	r7, #45	; 0x2d
  405102:	2300      	movs	r3, #0
  405104:	f88d 7077 	strb.w	r7, [sp, #119]	; 0x77
  405108:	930a      	str	r3, [sp, #40]	; 0x28
  40510a:	f7ff b8ae 	b.w	40426a <_svfprintf_r+0x232>
  40510e:	9b1f      	ldr	r3, [sp, #124]	; 0x7c
  405110:	9312      	str	r3, [sp, #72]	; 0x48
  405112:	461a      	mov	r2, r3
  405114:	3303      	adds	r3, #3
  405116:	db04      	blt.n	405122 <_svfprintf_r+0x10ea>
  405118:	9b0a      	ldr	r3, [sp, #40]	; 0x28
  40511a:	4619      	mov	r1, r3
  40511c:	4291      	cmp	r1, r2
  40511e:	f6bf af17 	bge.w	404f50 <_svfprintf_r+0xf18>
  405122:	9b11      	ldr	r3, [sp, #68]	; 0x44
  405124:	3b02      	subs	r3, #2
  405126:	9311      	str	r3, [sp, #68]	; 0x44
  405128:	f89d 3044 	ldrb.w	r3, [sp, #68]	; 0x44
  40512c:	f88d 3084 	strb.w	r3, [sp, #132]	; 0x84
  405130:	9b12      	ldr	r3, [sp, #72]	; 0x48
  405132:	3b01      	subs	r3, #1
  405134:	2b00      	cmp	r3, #0
  405136:	931f      	str	r3, [sp, #124]	; 0x7c
  405138:	bfbd      	ittte	lt
  40513a:	9b12      	ldrlt	r3, [sp, #72]	; 0x48
  40513c:	f1c3 0301 	rsblt	r3, r3, #1
  405140:	222d      	movlt	r2, #45	; 0x2d
  405142:	222b      	movge	r2, #43	; 0x2b
  405144:	2b09      	cmp	r3, #9
  405146:	f88d 2085 	strb.w	r2, [sp, #133]	; 0x85
  40514a:	f340 8116 	ble.w	40537a <_svfprintf_r+0x1342>
  40514e:	f10d 0493 	add.w	r4, sp, #147	; 0x93
  405152:	4620      	mov	r0, r4
  405154:	4dab      	ldr	r5, [pc, #684]	; (405404 <_svfprintf_r+0x13cc>)
  405156:	e000      	b.n	40515a <_svfprintf_r+0x1122>
  405158:	4610      	mov	r0, r2
  40515a:	fb85 1203 	smull	r1, r2, r5, r3
  40515e:	17d9      	asrs	r1, r3, #31
  405160:	ebc1 01a2 	rsb	r1, r1, r2, asr #2
  405164:	eb01 0281 	add.w	r2, r1, r1, lsl #2
  405168:	eba3 0242 	sub.w	r2, r3, r2, lsl #1
  40516c:	3230      	adds	r2, #48	; 0x30
  40516e:	2909      	cmp	r1, #9
  405170:	f800 2c01 	strb.w	r2, [r0, #-1]
  405174:	460b      	mov	r3, r1
  405176:	f100 32ff 	add.w	r2, r0, #4294967295
  40517a:	dced      	bgt.n	405158 <_svfprintf_r+0x1120>
  40517c:	3330      	adds	r3, #48	; 0x30
  40517e:	3802      	subs	r0, #2
  405180:	b2d9      	uxtb	r1, r3
  405182:	4284      	cmp	r4, r0
  405184:	f802 1c01 	strb.w	r1, [r2, #-1]
  405188:	f240 8165 	bls.w	405456 <_svfprintf_r+0x141e>
  40518c:	f10d 0086 	add.w	r0, sp, #134	; 0x86
  405190:	4613      	mov	r3, r2
  405192:	e001      	b.n	405198 <_svfprintf_r+0x1160>
  405194:	f813 1b01 	ldrb.w	r1, [r3], #1
  405198:	f800 1b01 	strb.w	r1, [r0], #1
  40519c:	42a3      	cmp	r3, r4
  40519e:	d1f9      	bne.n	405194 <_svfprintf_r+0x115c>
  4051a0:	3301      	adds	r3, #1
  4051a2:	1a9b      	subs	r3, r3, r2
  4051a4:	f10d 0286 	add.w	r2, sp, #134	; 0x86
  4051a8:	4413      	add	r3, r2
  4051aa:	aa21      	add	r2, sp, #132	; 0x84
  4051ac:	1a9b      	subs	r3, r3, r2
  4051ae:	9a13      	ldr	r2, [sp, #76]	; 0x4c
  4051b0:	931b      	str	r3, [sp, #108]	; 0x6c
  4051b2:	2a01      	cmp	r2, #1
  4051b4:	4413      	add	r3, r2
  4051b6:	930e      	str	r3, [sp, #56]	; 0x38
  4051b8:	f340 8119 	ble.w	4053ee <_svfprintf_r+0x13b6>
  4051bc:	9b0e      	ldr	r3, [sp, #56]	; 0x38
  4051be:	9a19      	ldr	r2, [sp, #100]	; 0x64
  4051c0:	4413      	add	r3, r2
  4051c2:	930e      	str	r3, [sp, #56]	; 0x38
  4051c4:	ea23 73e3 	bic.w	r3, r3, r3, asr #31
  4051c8:	9308      	str	r3, [sp, #32]
  4051ca:	2300      	movs	r3, #0
  4051cc:	9312      	str	r3, [sp, #72]	; 0x48
  4051ce:	e6cf      	b.n	404f70 <_svfprintf_r+0xf38>
  4051d0:	aa25      	add	r2, sp, #148	; 0x94
  4051d2:	990b      	ldr	r1, [sp, #44]	; 0x2c
  4051d4:	980c      	ldr	r0, [sp, #48]	; 0x30
  4051d6:	f002 fc81 	bl	407adc <__ssprint_r>
  4051da:	2800      	cmp	r0, #0
  4051dc:	f47e affe 	bne.w	4041dc <_svfprintf_r+0x1a4>
  4051e0:	9c27      	ldr	r4, [sp, #156]	; 0x9c
  4051e2:	46c8      	mov	r8, r9
  4051e4:	e4d7      	b.n	404b96 <_svfprintf_r+0xb5e>
  4051e6:	4623      	mov	r3, r4
  4051e8:	e6a2      	b.n	404f30 <_svfprintf_r+0xef8>
  4051ea:	aa25      	add	r2, sp, #148	; 0x94
  4051ec:	990b      	ldr	r1, [sp, #44]	; 0x2c
  4051ee:	980c      	ldr	r0, [sp, #48]	; 0x30
  4051f0:	f002 fc74 	bl	407adc <__ssprint_r>
  4051f4:	2800      	cmp	r0, #0
  4051f6:	f47e aff1 	bne.w	4041dc <_svfprintf_r+0x1a4>
  4051fa:	9a1f      	ldr	r2, [sp, #124]	; 0x7c
  4051fc:	9c27      	ldr	r4, [sp, #156]	; 0x9c
  4051fe:	46c8      	mov	r8, r9
  405200:	e5ae      	b.n	404d60 <_svfprintf_r+0xd28>
  405202:	aa25      	add	r2, sp, #148	; 0x94
  405204:	990b      	ldr	r1, [sp, #44]	; 0x2c
  405206:	980c      	ldr	r0, [sp, #48]	; 0x30
  405208:	f002 fc68 	bl	407adc <__ssprint_r>
  40520c:	2800      	cmp	r0, #0
  40520e:	f47e afe5 	bne.w	4041dc <_svfprintf_r+0x1a4>
  405212:	9a1f      	ldr	r2, [sp, #124]	; 0x7c
  405214:	9b13      	ldr	r3, [sp, #76]	; 0x4c
  405216:	9c27      	ldr	r4, [sp, #156]	; 0x9c
  405218:	1a9a      	subs	r2, r3, r2
  40521a:	46c8      	mov	r8, r9
  40521c:	e5b8      	b.n	404d90 <_svfprintf_r+0xd58>
  40521e:	9b0a      	ldr	r3, [sp, #40]	; 0x28
  405220:	9612      	str	r6, [sp, #72]	; 0x48
  405222:	2b06      	cmp	r3, #6
  405224:	bf28      	it	cs
  405226:	2306      	movcs	r3, #6
  405228:	960a      	str	r6, [sp, #40]	; 0x28
  40522a:	4637      	mov	r7, r6
  40522c:	9308      	str	r3, [sp, #32]
  40522e:	950f      	str	r5, [sp, #60]	; 0x3c
  405230:	f8cd b01c 	str.w	fp, [sp, #28]
  405234:	930e      	str	r3, [sp, #56]	; 0x38
  405236:	4e74      	ldr	r6, [pc, #464]	; (405408 <_svfprintf_r+0x13d0>)
  405238:	f7ff b816 	b.w	404268 <_svfprintf_r+0x230>
  40523c:	a823      	add	r0, sp, #140	; 0x8c
  40523e:	a920      	add	r1, sp, #128	; 0x80
  405240:	9d0a      	ldr	r5, [sp, #40]	; 0x28
  405242:	9004      	str	r0, [sp, #16]
  405244:	9103      	str	r1, [sp, #12]
  405246:	a81f      	add	r0, sp, #124	; 0x7c
  405248:	2103      	movs	r1, #3
  40524a:	9002      	str	r0, [sp, #8]
  40524c:	9a08      	ldr	r2, [sp, #32]
  40524e:	9501      	str	r5, [sp, #4]
  405250:	463b      	mov	r3, r7
  405252:	9100      	str	r1, [sp, #0]
  405254:	980c      	ldr	r0, [sp, #48]	; 0x30
  405256:	f000 f9c3 	bl	4055e0 <_dtoa_r>
  40525a:	4606      	mov	r6, r0
  40525c:	1944      	adds	r4, r0, r5
  40525e:	e72b      	b.n	4050b8 <_svfprintf_r+0x1080>
  405260:	2306      	movs	r3, #6
  405262:	930a      	str	r3, [sp, #40]	; 0x28
  405264:	e61d      	b.n	404ea2 <_svfprintf_r+0xe6a>
  405266:	272d      	movs	r7, #45	; 0x2d
  405268:	f88d 7077 	strb.w	r7, [sp, #119]	; 0x77
  40526c:	f7ff bacd 	b.w	40480a <_svfprintf_r+0x7d2>
  405270:	9a19      	ldr	r2, [sp, #100]	; 0x64
  405272:	9b13      	ldr	r3, [sp, #76]	; 0x4c
  405274:	4413      	add	r3, r2
  405276:	9a12      	ldr	r2, [sp, #72]	; 0x48
  405278:	930e      	str	r3, [sp, #56]	; 0x38
  40527a:	2a00      	cmp	r2, #0
  40527c:	f340 80b0 	ble.w	4053e0 <_svfprintf_r+0x13a8>
  405280:	ea23 73e3 	bic.w	r3, r3, r3, asr #31
  405284:	9308      	str	r3, [sp, #32]
  405286:	2367      	movs	r3, #103	; 0x67
  405288:	9311      	str	r3, [sp, #68]	; 0x44
  40528a:	e671      	b.n	404f70 <_svfprintf_r+0xf38>
  40528c:	2b00      	cmp	r3, #0
  40528e:	f340 80c3 	ble.w	405418 <_svfprintf_r+0x13e0>
  405292:	9a0a      	ldr	r2, [sp, #40]	; 0x28
  405294:	2a00      	cmp	r2, #0
  405296:	f040 8099 	bne.w	4053cc <_svfprintf_r+0x1394>
  40529a:	f01b 0f01 	tst.w	fp, #1
  40529e:	f040 8095 	bne.w	4053cc <_svfprintf_r+0x1394>
  4052a2:	9308      	str	r3, [sp, #32]
  4052a4:	930e      	str	r3, [sp, #56]	; 0x38
  4052a6:	e663      	b.n	404f70 <_svfprintf_r+0xf38>
  4052a8:	9b0a      	ldr	r3, [sp, #40]	; 0x28
  4052aa:	9308      	str	r3, [sp, #32]
  4052ac:	930e      	str	r3, [sp, #56]	; 0x38
  4052ae:	900a      	str	r0, [sp, #40]	; 0x28
  4052b0:	950f      	str	r5, [sp, #60]	; 0x3c
  4052b2:	f8cd b01c 	str.w	fp, [sp, #28]
  4052b6:	9012      	str	r0, [sp, #72]	; 0x48
  4052b8:	f89d 7077 	ldrb.w	r7, [sp, #119]	; 0x77
  4052bc:	f7fe bfd4 	b.w	404268 <_svfprintf_r+0x230>
  4052c0:	9b11      	ldr	r3, [sp, #68]	; 0x44
  4052c2:	2b47      	cmp	r3, #71	; 0x47
  4052c4:	f47f ae20 	bne.w	404f08 <_svfprintf_r+0xed0>
  4052c8:	f01b 0f01 	tst.w	fp, #1
  4052cc:	f47f aeee 	bne.w	4050ac <_svfprintf_r+0x1074>
  4052d0:	9b23      	ldr	r3, [sp, #140]	; 0x8c
  4052d2:	1b9b      	subs	r3, r3, r6
  4052d4:	9313      	str	r3, [sp, #76]	; 0x4c
  4052d6:	9b0e      	ldr	r3, [sp, #56]	; 0x38
  4052d8:	2b47      	cmp	r3, #71	; 0x47
  4052da:	f43f af18 	beq.w	40510e <_svfprintf_r+0x10d6>
  4052de:	9b1f      	ldr	r3, [sp, #124]	; 0x7c
  4052e0:	9312      	str	r3, [sp, #72]	; 0x48
  4052e2:	e721      	b.n	405128 <_svfprintf_r+0x10f0>
  4052e4:	424f      	negs	r7, r1
  4052e6:	3110      	adds	r1, #16
  4052e8:	4d48      	ldr	r5, [pc, #288]	; (40540c <_svfprintf_r+0x13d4>)
  4052ea:	da2f      	bge.n	40534c <_svfprintf_r+0x1314>
  4052ec:	2410      	movs	r4, #16
  4052ee:	f8dd b030 	ldr.w	fp, [sp, #48]	; 0x30
  4052f2:	e004      	b.n	4052fe <_svfprintf_r+0x12c6>
  4052f4:	f108 0808 	add.w	r8, r8, #8
  4052f8:	3f10      	subs	r7, #16
  4052fa:	2f10      	cmp	r7, #16
  4052fc:	dd26      	ble.n	40534c <_svfprintf_r+0x1314>
  4052fe:	3301      	adds	r3, #1
  405300:	3210      	adds	r2, #16
  405302:	2b07      	cmp	r3, #7
  405304:	9227      	str	r2, [sp, #156]	; 0x9c
  405306:	9326      	str	r3, [sp, #152]	; 0x98
  405308:	f8c8 5000 	str.w	r5, [r8]
  40530c:	f8c8 4004 	str.w	r4, [r8, #4]
  405310:	ddf0      	ble.n	4052f4 <_svfprintf_r+0x12bc>
  405312:	aa25      	add	r2, sp, #148	; 0x94
  405314:	990b      	ldr	r1, [sp, #44]	; 0x2c
  405316:	4658      	mov	r0, fp
  405318:	f002 fbe0 	bl	407adc <__ssprint_r>
  40531c:	2800      	cmp	r0, #0
  40531e:	f47e af5d 	bne.w	4041dc <_svfprintf_r+0x1a4>
  405322:	9a27      	ldr	r2, [sp, #156]	; 0x9c
  405324:	9b26      	ldr	r3, [sp, #152]	; 0x98
  405326:	46c8      	mov	r8, r9
  405328:	e7e6      	b.n	4052f8 <_svfprintf_r+0x12c0>
  40532a:	aa25      	add	r2, sp, #148	; 0x94
  40532c:	990b      	ldr	r1, [sp, #44]	; 0x2c
  40532e:	980c      	ldr	r0, [sp, #48]	; 0x30
  405330:	f002 fbd4 	bl	407adc <__ssprint_r>
  405334:	2800      	cmp	r0, #0
  405336:	f47e af51 	bne.w	4041dc <_svfprintf_r+0x1a4>
  40533a:	991f      	ldr	r1, [sp, #124]	; 0x7c
  40533c:	9a27      	ldr	r2, [sp, #156]	; 0x9c
  40533e:	9b26      	ldr	r3, [sp, #152]	; 0x98
  405340:	46c8      	mov	r8, r9
  405342:	e667      	b.n	405014 <_svfprintf_r+0xfdc>
  405344:	2000      	movs	r0, #0
  405346:	900a      	str	r0, [sp, #40]	; 0x28
  405348:	f7fe bed0 	b.w	4040ec <_svfprintf_r+0xb4>
  40534c:	3301      	adds	r3, #1
  40534e:	443a      	add	r2, r7
  405350:	2b07      	cmp	r3, #7
  405352:	e888 00a0 	stmia.w	r8, {r5, r7}
  405356:	9227      	str	r2, [sp, #156]	; 0x9c
  405358:	9326      	str	r3, [sp, #152]	; 0x98
  40535a:	f108 0808 	add.w	r8, r8, #8
  40535e:	f77f ae5c 	ble.w	40501a <_svfprintf_r+0xfe2>
  405362:	aa25      	add	r2, sp, #148	; 0x94
  405364:	990b      	ldr	r1, [sp, #44]	; 0x2c
  405366:	980c      	ldr	r0, [sp, #48]	; 0x30
  405368:	f002 fbb8 	bl	407adc <__ssprint_r>
  40536c:	2800      	cmp	r0, #0
  40536e:	f47e af35 	bne.w	4041dc <_svfprintf_r+0x1a4>
  405372:	9a27      	ldr	r2, [sp, #156]	; 0x9c
  405374:	9b26      	ldr	r3, [sp, #152]	; 0x98
  405376:	46c8      	mov	r8, r9
  405378:	e64f      	b.n	40501a <_svfprintf_r+0xfe2>
  40537a:	3330      	adds	r3, #48	; 0x30
  40537c:	2230      	movs	r2, #48	; 0x30
  40537e:	f88d 3087 	strb.w	r3, [sp, #135]	; 0x87
  405382:	f88d 2086 	strb.w	r2, [sp, #134]	; 0x86
  405386:	ab22      	add	r3, sp, #136	; 0x88
  405388:	e70f      	b.n	4051aa <_svfprintf_r+0x1172>
  40538a:	9b12      	ldr	r3, [sp, #72]	; 0x48
  40538c:	9a19      	ldr	r2, [sp, #100]	; 0x64
  40538e:	4413      	add	r3, r2
  405390:	930e      	str	r3, [sp, #56]	; 0x38
  405392:	e775      	b.n	405280 <_svfprintf_r+0x1248>
  405394:	9b23      	ldr	r3, [sp, #140]	; 0x8c
  405396:	e5cb      	b.n	404f30 <_svfprintf_r+0xef8>
  405398:	9b14      	ldr	r3, [sp, #80]	; 0x50
  40539a:	4e1d      	ldr	r6, [pc, #116]	; (405410 <_svfprintf_r+0x13d8>)
  40539c:	2b00      	cmp	r3, #0
  40539e:	bfb6      	itet	lt
  4053a0:	272d      	movlt	r7, #45	; 0x2d
  4053a2:	f89d 7077 	ldrbge.w	r7, [sp, #119]	; 0x77
  4053a6:	f88d 7077 	strblt.w	r7, [sp, #119]	; 0x77
  4053aa:	4b1a      	ldr	r3, [pc, #104]	; (405414 <_svfprintf_r+0x13dc>)
  4053ac:	f7ff ba2f 	b.w	40480e <_svfprintf_r+0x7d6>
  4053b0:	9a16      	ldr	r2, [sp, #88]	; 0x58
  4053b2:	9808      	ldr	r0, [sp, #32]
  4053b4:	9b17      	ldr	r3, [sp, #92]	; 0x5c
  4053b6:	4639      	mov	r1, r7
  4053b8:	f003 f8ce 	bl	408558 <__aeabi_dcmpeq>
  4053bc:	2800      	cmp	r0, #0
  4053be:	f47f ae7f 	bne.w	4050c0 <_svfprintf_r+0x1088>
  4053c2:	f1c5 0501 	rsb	r5, r5, #1
  4053c6:	951f      	str	r5, [sp, #124]	; 0x7c
  4053c8:	442c      	add	r4, r5
  4053ca:	e59e      	b.n	404f0a <_svfprintf_r+0xed2>
  4053cc:	9b12      	ldr	r3, [sp, #72]	; 0x48
  4053ce:	9a19      	ldr	r2, [sp, #100]	; 0x64
  4053d0:	4413      	add	r3, r2
  4053d2:	9a0a      	ldr	r2, [sp, #40]	; 0x28
  4053d4:	441a      	add	r2, r3
  4053d6:	ea22 73e2 	bic.w	r3, r2, r2, asr #31
  4053da:	920e      	str	r2, [sp, #56]	; 0x38
  4053dc:	9308      	str	r3, [sp, #32]
  4053de:	e5c7      	b.n	404f70 <_svfprintf_r+0xf38>
  4053e0:	9b12      	ldr	r3, [sp, #72]	; 0x48
  4053e2:	9a0e      	ldr	r2, [sp, #56]	; 0x38
  4053e4:	f1c3 0301 	rsb	r3, r3, #1
  4053e8:	441a      	add	r2, r3
  4053ea:	4613      	mov	r3, r2
  4053ec:	e7d0      	b.n	405390 <_svfprintf_r+0x1358>
  4053ee:	f01b 0301 	ands.w	r3, fp, #1
  4053f2:	9312      	str	r3, [sp, #72]	; 0x48
  4053f4:	f47f aee2 	bne.w	4051bc <_svfprintf_r+0x1184>
  4053f8:	9b0e      	ldr	r3, [sp, #56]	; 0x38
  4053fa:	ea23 73e3 	bic.w	r3, r3, r3, asr #31
  4053fe:	9308      	str	r3, [sp, #32]
  405400:	e5b6      	b.n	404f70 <_svfprintf_r+0xf38>
  405402:	bf00      	nop
  405404:	66666667 	.word	0x66666667
  405408:	0040938c 	.word	0x0040938c
  40540c:	004093a8 	.word	0x004093a8
  405410:	00409360 	.word	0x00409360
  405414:	0040935c 	.word	0x0040935c
  405418:	9b0a      	ldr	r3, [sp, #40]	; 0x28
  40541a:	b913      	cbnz	r3, 405422 <_svfprintf_r+0x13ea>
  40541c:	f01b 0f01 	tst.w	fp, #1
  405420:	d002      	beq.n	405428 <_svfprintf_r+0x13f0>
  405422:	9b19      	ldr	r3, [sp, #100]	; 0x64
  405424:	3301      	adds	r3, #1
  405426:	e7d4      	b.n	4053d2 <_svfprintf_r+0x139a>
  405428:	2301      	movs	r3, #1
  40542a:	e73a      	b.n	4052a2 <_svfprintf_r+0x126a>
  40542c:	9d0f      	ldr	r5, [sp, #60]	; 0x3c
  40542e:	f89a 3001 	ldrb.w	r3, [sl, #1]
  405432:	6828      	ldr	r0, [r5, #0]
  405434:	ea40 70e0 	orr.w	r0, r0, r0, asr #31
  405438:	900a      	str	r0, [sp, #40]	; 0x28
  40543a:	4628      	mov	r0, r5
  40543c:	3004      	adds	r0, #4
  40543e:	46a2      	mov	sl, r4
  405440:	900f      	str	r0, [sp, #60]	; 0x3c
  405442:	f7fe be51 	b.w	4040e8 <_svfprintf_r+0xb0>
  405446:	f88d 1077 	strb.w	r1, [sp, #119]	; 0x77
  40544a:	f7ff b867 	b.w	40451c <_svfprintf_r+0x4e4>
  40544e:	f88d 1077 	strb.w	r1, [sp, #119]	; 0x77
  405452:	f7ff ba15 	b.w	404880 <_svfprintf_r+0x848>
  405456:	f10d 0386 	add.w	r3, sp, #134	; 0x86
  40545a:	e6a6      	b.n	4051aa <_svfprintf_r+0x1172>
  40545c:	f88d 1077 	strb.w	r1, [sp, #119]	; 0x77
  405460:	f7ff b8eb 	b.w	40463a <_svfprintf_r+0x602>
  405464:	9a0c      	ldr	r2, [sp, #48]	; 0x30
  405466:	230c      	movs	r3, #12
  405468:	6013      	str	r3, [r2, #0]
  40546a:	f04f 33ff 	mov.w	r3, #4294967295
  40546e:	9309      	str	r3, [sp, #36]	; 0x24
  405470:	f7fe bebd 	b.w	4041ee <_svfprintf_r+0x1b6>
  405474:	f88d 1077 	strb.w	r1, [sp, #119]	; 0x77
  405478:	f7ff b99a 	b.w	4047b0 <_svfprintf_r+0x778>
  40547c:	f88d 1077 	strb.w	r1, [sp, #119]	; 0x77
  405480:	f7ff b976 	b.w	404770 <_svfprintf_r+0x738>
  405484:	f88d 1077 	strb.w	r1, [sp, #119]	; 0x77
  405488:	f7ff b959 	b.w	40473e <_svfprintf_r+0x706>
  40548c:	f88d 1077 	strb.w	r1, [sp, #119]	; 0x77
  405490:	f7ff b912 	b.w	4046b8 <_svfprintf_r+0x680>

00405494 <register_fini>:
  405494:	4b02      	ldr	r3, [pc, #8]	; (4054a0 <register_fini+0xc>)
  405496:	b113      	cbz	r3, 40549e <register_fini+0xa>
  405498:	4802      	ldr	r0, [pc, #8]	; (4054a4 <register_fini+0x10>)
  40549a:	f000 b805 	b.w	4054a8 <atexit>
  40549e:	4770      	bx	lr
  4054a0:	00000000 	.word	0x00000000
  4054a4:	00406435 	.word	0x00406435

004054a8 <atexit>:
  4054a8:	2300      	movs	r3, #0
  4054aa:	4601      	mov	r1, r0
  4054ac:	461a      	mov	r2, r3
  4054ae:	4618      	mov	r0, r3
  4054b0:	f002 bba0 	b.w	407bf4 <__register_exitproc>

004054b4 <quorem>:
  4054b4:	6902      	ldr	r2, [r0, #16]
  4054b6:	690b      	ldr	r3, [r1, #16]
  4054b8:	4293      	cmp	r3, r2
  4054ba:	f300 808d 	bgt.w	4055d8 <quorem+0x124>
  4054be:	e92d 4ff0 	stmdb	sp!, {r4, r5, r6, r7, r8, r9, sl, fp, lr}
  4054c2:	f103 38ff 	add.w	r8, r3, #4294967295
  4054c6:	f101 0714 	add.w	r7, r1, #20
  4054ca:	f100 0b14 	add.w	fp, r0, #20
  4054ce:	f857 2028 	ldr.w	r2, [r7, r8, lsl #2]
  4054d2:	f85b 3028 	ldr.w	r3, [fp, r8, lsl #2]
  4054d6:	ea4f 0488 	mov.w	r4, r8, lsl #2
  4054da:	b083      	sub	sp, #12
  4054dc:	3201      	adds	r2, #1
  4054de:	fbb3 f9f2 	udiv	r9, r3, r2
  4054e2:	eb0b 0304 	add.w	r3, fp, r4
  4054e6:	9400      	str	r4, [sp, #0]
  4054e8:	eb07 0a04 	add.w	sl, r7, r4
  4054ec:	9301      	str	r3, [sp, #4]
  4054ee:	f1b9 0f00 	cmp.w	r9, #0
  4054f2:	d039      	beq.n	405568 <quorem+0xb4>
  4054f4:	2500      	movs	r5, #0
  4054f6:	462e      	mov	r6, r5
  4054f8:	46bc      	mov	ip, r7
  4054fa:	46de      	mov	lr, fp
  4054fc:	f85c 4b04 	ldr.w	r4, [ip], #4
  405500:	f8de 3000 	ldr.w	r3, [lr]
  405504:	b2a2      	uxth	r2, r4
  405506:	fb09 5502 	mla	r5, r9, r2, r5
  40550a:	0c22      	lsrs	r2, r4, #16
  40550c:	0c2c      	lsrs	r4, r5, #16
  40550e:	fb09 4202 	mla	r2, r9, r2, r4
  405512:	b2ad      	uxth	r5, r5
  405514:	1b75      	subs	r5, r6, r5
  405516:	b296      	uxth	r6, r2
  405518:	ebc6 4613 	rsb	r6, r6, r3, lsr #16
  40551c:	fa15 f383 	uxtah	r3, r5, r3
  405520:	eb06 4623 	add.w	r6, r6, r3, asr #16
  405524:	b29b      	uxth	r3, r3
  405526:	ea43 4306 	orr.w	r3, r3, r6, lsl #16
  40552a:	45e2      	cmp	sl, ip
  40552c:	ea4f 4512 	mov.w	r5, r2, lsr #16
  405530:	f84e 3b04 	str.w	r3, [lr], #4
  405534:	ea4f 4626 	mov.w	r6, r6, asr #16
  405538:	d2e0      	bcs.n	4054fc <quorem+0x48>
  40553a:	9b00      	ldr	r3, [sp, #0]
  40553c:	f85b 3003 	ldr.w	r3, [fp, r3]
  405540:	b993      	cbnz	r3, 405568 <quorem+0xb4>
  405542:	9c01      	ldr	r4, [sp, #4]
  405544:	1f23      	subs	r3, r4, #4
  405546:	459b      	cmp	fp, r3
  405548:	d20c      	bcs.n	405564 <quorem+0xb0>
  40554a:	f854 3c04 	ldr.w	r3, [r4, #-4]
  40554e:	b94b      	cbnz	r3, 405564 <quorem+0xb0>
  405550:	f1a4 0308 	sub.w	r3, r4, #8
  405554:	e002      	b.n	40555c <quorem+0xa8>
  405556:	681a      	ldr	r2, [r3, #0]
  405558:	3b04      	subs	r3, #4
  40555a:	b91a      	cbnz	r2, 405564 <quorem+0xb0>
  40555c:	459b      	cmp	fp, r3
  40555e:	f108 38ff 	add.w	r8, r8, #4294967295
  405562:	d3f8      	bcc.n	405556 <quorem+0xa2>
  405564:	f8c0 8010 	str.w	r8, [r0, #16]
  405568:	4604      	mov	r4, r0
  40556a:	f001 ff19 	bl	4073a0 <__mcmp>
  40556e:	2800      	cmp	r0, #0
  405570:	db2e      	blt.n	4055d0 <quorem+0x11c>
  405572:	f109 0901 	add.w	r9, r9, #1
  405576:	465d      	mov	r5, fp
  405578:	2300      	movs	r3, #0
  40557a:	f857 1b04 	ldr.w	r1, [r7], #4
  40557e:	6828      	ldr	r0, [r5, #0]
  405580:	b28a      	uxth	r2, r1
  405582:	1a9a      	subs	r2, r3, r2
  405584:	0c0b      	lsrs	r3, r1, #16
  405586:	fa12 f280 	uxtah	r2, r2, r0
  40558a:	ebc3 4310 	rsb	r3, r3, r0, lsr #16
  40558e:	eb03 4322 	add.w	r3, r3, r2, asr #16
  405592:	b292      	uxth	r2, r2
  405594:	ea42 4203 	orr.w	r2, r2, r3, lsl #16
  405598:	45ba      	cmp	sl, r7
  40559a:	f845 2b04 	str.w	r2, [r5], #4
  40559e:	ea4f 4323 	mov.w	r3, r3, asr #16
  4055a2:	d2ea      	bcs.n	40557a <quorem+0xc6>
  4055a4:	f85b 2028 	ldr.w	r2, [fp, r8, lsl #2]
  4055a8:	eb0b 0388 	add.w	r3, fp, r8, lsl #2
  4055ac:	b982      	cbnz	r2, 4055d0 <quorem+0x11c>
  4055ae:	1f1a      	subs	r2, r3, #4
  4055b0:	4593      	cmp	fp, r2
  4055b2:	d20b      	bcs.n	4055cc <quorem+0x118>
  4055b4:	f853 2c04 	ldr.w	r2, [r3, #-4]
  4055b8:	b942      	cbnz	r2, 4055cc <quorem+0x118>
  4055ba:	3b08      	subs	r3, #8
  4055bc:	e002      	b.n	4055c4 <quorem+0x110>
  4055be:	681a      	ldr	r2, [r3, #0]
  4055c0:	3b04      	subs	r3, #4
  4055c2:	b91a      	cbnz	r2, 4055cc <quorem+0x118>
  4055c4:	459b      	cmp	fp, r3
  4055c6:	f108 38ff 	add.w	r8, r8, #4294967295
  4055ca:	d3f8      	bcc.n	4055be <quorem+0x10a>
  4055cc:	f8c4 8010 	str.w	r8, [r4, #16]
  4055d0:	4648      	mov	r0, r9
  4055d2:	b003      	add	sp, #12
  4055d4:	e8bd 8ff0 	ldmia.w	sp!, {r4, r5, r6, r7, r8, r9, sl, fp, pc}
  4055d8:	2000      	movs	r0, #0
  4055da:	4770      	bx	lr
  4055dc:	0000      	movs	r0, r0
	...

004055e0 <_dtoa_r>:
  4055e0:	e92d 4ff0 	stmdb	sp!, {r4, r5, r6, r7, r8, r9, sl, fp, lr}
  4055e4:	6c01      	ldr	r1, [r0, #64]	; 0x40
  4055e6:	b09b      	sub	sp, #108	; 0x6c
  4055e8:	4604      	mov	r4, r0
  4055ea:	9e27      	ldr	r6, [sp, #156]	; 0x9c
  4055ec:	4692      	mov	sl, r2
  4055ee:	469b      	mov	fp, r3
  4055f0:	b141      	cbz	r1, 405604 <_dtoa_r+0x24>
  4055f2:	6c42      	ldr	r2, [r0, #68]	; 0x44
  4055f4:	604a      	str	r2, [r1, #4]
  4055f6:	2301      	movs	r3, #1
  4055f8:	4093      	lsls	r3, r2
  4055fa:	608b      	str	r3, [r1, #8]
  4055fc:	f001 fcf8 	bl	406ff0 <_Bfree>
  405600:	2300      	movs	r3, #0
  405602:	6423      	str	r3, [r4, #64]	; 0x40
  405604:	f1bb 0f00 	cmp.w	fp, #0
  405608:	465d      	mov	r5, fp
  40560a:	db35      	blt.n	405678 <_dtoa_r+0x98>
  40560c:	2300      	movs	r3, #0
  40560e:	6033      	str	r3, [r6, #0]
  405610:	4b9d      	ldr	r3, [pc, #628]	; (405888 <_dtoa_r+0x2a8>)
  405612:	43ab      	bics	r3, r5
  405614:	d015      	beq.n	405642 <_dtoa_r+0x62>
  405616:	4650      	mov	r0, sl
  405618:	4659      	mov	r1, fp
  40561a:	2200      	movs	r2, #0
  40561c:	2300      	movs	r3, #0
  40561e:	f002 ff9b 	bl	408558 <__aeabi_dcmpeq>
  405622:	4680      	mov	r8, r0
  405624:	2800      	cmp	r0, #0
  405626:	d02d      	beq.n	405684 <_dtoa_r+0xa4>
  405628:	9a26      	ldr	r2, [sp, #152]	; 0x98
  40562a:	2301      	movs	r3, #1
  40562c:	6013      	str	r3, [r2, #0]
  40562e:	9b28      	ldr	r3, [sp, #160]	; 0xa0
  405630:	2b00      	cmp	r3, #0
  405632:	f000 80bd 	beq.w	4057b0 <_dtoa_r+0x1d0>
  405636:	4895      	ldr	r0, [pc, #596]	; (40588c <_dtoa_r+0x2ac>)
  405638:	6018      	str	r0, [r3, #0]
  40563a:	3801      	subs	r0, #1
  40563c:	b01b      	add	sp, #108	; 0x6c
  40563e:	e8bd 8ff0 	ldmia.w	sp!, {r4, r5, r6, r7, r8, r9, sl, fp, pc}
  405642:	9a26      	ldr	r2, [sp, #152]	; 0x98
  405644:	f242 730f 	movw	r3, #9999	; 0x270f
  405648:	6013      	str	r3, [r2, #0]
  40564a:	f1ba 0f00 	cmp.w	sl, #0
  40564e:	d10d      	bne.n	40566c <_dtoa_r+0x8c>
  405650:	f3c5 0513 	ubfx	r5, r5, #0, #20
  405654:	b955      	cbnz	r5, 40566c <_dtoa_r+0x8c>
  405656:	9b28      	ldr	r3, [sp, #160]	; 0xa0
  405658:	488d      	ldr	r0, [pc, #564]	; (405890 <_dtoa_r+0x2b0>)
  40565a:	2b00      	cmp	r3, #0
  40565c:	d0ee      	beq.n	40563c <_dtoa_r+0x5c>
  40565e:	f100 0308 	add.w	r3, r0, #8
  405662:	9a28      	ldr	r2, [sp, #160]	; 0xa0
  405664:	6013      	str	r3, [r2, #0]
  405666:	b01b      	add	sp, #108	; 0x6c
  405668:	e8bd 8ff0 	ldmia.w	sp!, {r4, r5, r6, r7, r8, r9, sl, fp, pc}
  40566c:	9b28      	ldr	r3, [sp, #160]	; 0xa0
  40566e:	4889      	ldr	r0, [pc, #548]	; (405894 <_dtoa_r+0x2b4>)
  405670:	2b00      	cmp	r3, #0
  405672:	d0e3      	beq.n	40563c <_dtoa_r+0x5c>
  405674:	1cc3      	adds	r3, r0, #3
  405676:	e7f4      	b.n	405662 <_dtoa_r+0x82>
  405678:	2301      	movs	r3, #1
  40567a:	f02b 4500 	bic.w	r5, fp, #2147483648	; 0x80000000
  40567e:	6033      	str	r3, [r6, #0]
  405680:	46ab      	mov	fp, r5
  405682:	e7c5      	b.n	405610 <_dtoa_r+0x30>
  405684:	aa18      	add	r2, sp, #96	; 0x60
  405686:	ab19      	add	r3, sp, #100	; 0x64
  405688:	9201      	str	r2, [sp, #4]
  40568a:	9300      	str	r3, [sp, #0]
  40568c:	4652      	mov	r2, sl
  40568e:	465b      	mov	r3, fp
  405690:	4620      	mov	r0, r4
  405692:	f001 ff25 	bl	4074e0 <__d2b>
  405696:	0d2b      	lsrs	r3, r5, #20
  405698:	4681      	mov	r9, r0
  40569a:	d071      	beq.n	405780 <_dtoa_r+0x1a0>
  40569c:	f3cb 0213 	ubfx	r2, fp, #0, #20
  4056a0:	f042 517f 	orr.w	r1, r2, #1069547520	; 0x3fc00000
  4056a4:	9f18      	ldr	r7, [sp, #96]	; 0x60
  4056a6:	f8cd 8050 	str.w	r8, [sp, #80]	; 0x50
  4056aa:	4650      	mov	r0, sl
  4056ac:	f2a3 36ff 	subw	r6, r3, #1023	; 0x3ff
  4056b0:	f441 1140 	orr.w	r1, r1, #3145728	; 0x300000
  4056b4:	2200      	movs	r2, #0
  4056b6:	4b78      	ldr	r3, [pc, #480]	; (405898 <_dtoa_r+0x2b8>)
  4056b8:	f002 fb32 	bl	407d20 <__aeabi_dsub>
  4056bc:	a36c      	add	r3, pc, #432	; (adr r3, 405870 <_dtoa_r+0x290>)
  4056be:	e9d3 2300 	ldrd	r2, r3, [r3]
  4056c2:	f002 fce1 	bl	408088 <__aeabi_dmul>
  4056c6:	a36c      	add	r3, pc, #432	; (adr r3, 405878 <_dtoa_r+0x298>)
  4056c8:	e9d3 2300 	ldrd	r2, r3, [r3]
  4056cc:	f002 fb2a 	bl	407d24 <__adddf3>
  4056d0:	e9cd 0102 	strd	r0, r1, [sp, #8]
  4056d4:	4630      	mov	r0, r6
  4056d6:	f002 fc71 	bl	407fbc <__aeabi_i2d>
  4056da:	a369      	add	r3, pc, #420	; (adr r3, 405880 <_dtoa_r+0x2a0>)
  4056dc:	e9d3 2300 	ldrd	r2, r3, [r3]
  4056e0:	f002 fcd2 	bl	408088 <__aeabi_dmul>
  4056e4:	4602      	mov	r2, r0
  4056e6:	460b      	mov	r3, r1
  4056e8:	e9dd 0102 	ldrd	r0, r1, [sp, #8]
  4056ec:	f002 fb1a 	bl	407d24 <__adddf3>
  4056f0:	e9cd 0104 	strd	r0, r1, [sp, #16]
  4056f4:	f002 ff78 	bl	4085e8 <__aeabi_d2iz>
  4056f8:	2200      	movs	r2, #0
  4056fa:	9002      	str	r0, [sp, #8]
  4056fc:	2300      	movs	r3, #0
  4056fe:	e9dd 0104 	ldrd	r0, r1, [sp, #16]
  405702:	f002 ff33 	bl	40856c <__aeabi_dcmplt>
  405706:	2800      	cmp	r0, #0
  405708:	f040 8173 	bne.w	4059f2 <_dtoa_r+0x412>
  40570c:	9d02      	ldr	r5, [sp, #8]
  40570e:	2d16      	cmp	r5, #22
  405710:	f200 815d 	bhi.w	4059ce <_dtoa_r+0x3ee>
  405714:	4b61      	ldr	r3, [pc, #388]	; (40589c <_dtoa_r+0x2bc>)
  405716:	eb03 03c5 	add.w	r3, r3, r5, lsl #3
  40571a:	e9d3 0100 	ldrd	r0, r1, [r3]
  40571e:	4652      	mov	r2, sl
  405720:	465b      	mov	r3, fp
  405722:	f002 ff41 	bl	4085a8 <__aeabi_dcmpgt>
  405726:	2800      	cmp	r0, #0
  405728:	f000 81c5 	beq.w	405ab6 <_dtoa_r+0x4d6>
  40572c:	1e6b      	subs	r3, r5, #1
  40572e:	9302      	str	r3, [sp, #8]
  405730:	2300      	movs	r3, #0
  405732:	930e      	str	r3, [sp, #56]	; 0x38
  405734:	1bbf      	subs	r7, r7, r6
  405736:	1e7b      	subs	r3, r7, #1
  405738:	9306      	str	r3, [sp, #24]
  40573a:	f100 8154 	bmi.w	4059e6 <_dtoa_r+0x406>
  40573e:	2300      	movs	r3, #0
  405740:	9308      	str	r3, [sp, #32]
  405742:	9b02      	ldr	r3, [sp, #8]
  405744:	2b00      	cmp	r3, #0
  405746:	f2c0 8145 	blt.w	4059d4 <_dtoa_r+0x3f4>
  40574a:	9a06      	ldr	r2, [sp, #24]
  40574c:	930d      	str	r3, [sp, #52]	; 0x34
  40574e:	4611      	mov	r1, r2
  405750:	4419      	add	r1, r3
  405752:	2300      	movs	r3, #0
  405754:	9106      	str	r1, [sp, #24]
  405756:	930c      	str	r3, [sp, #48]	; 0x30
  405758:	9b24      	ldr	r3, [sp, #144]	; 0x90
  40575a:	2b09      	cmp	r3, #9
  40575c:	d82a      	bhi.n	4057b4 <_dtoa_r+0x1d4>
  40575e:	2b05      	cmp	r3, #5
  405760:	f340 865b 	ble.w	40641a <_dtoa_r+0xe3a>
  405764:	3b04      	subs	r3, #4
  405766:	9324      	str	r3, [sp, #144]	; 0x90
  405768:	2500      	movs	r5, #0
  40576a:	9b24      	ldr	r3, [sp, #144]	; 0x90
  40576c:	3b02      	subs	r3, #2
  40576e:	2b03      	cmp	r3, #3
  405770:	f200 8642 	bhi.w	4063f8 <_dtoa_r+0xe18>
  405774:	e8df f013 	tbh	[pc, r3, lsl #1]
  405778:	02c903d4 	.word	0x02c903d4
  40577c:	046103df 	.word	0x046103df
  405780:	9f18      	ldr	r7, [sp, #96]	; 0x60
  405782:	9e19      	ldr	r6, [sp, #100]	; 0x64
  405784:	443e      	add	r6, r7
  405786:	f206 4332 	addw	r3, r6, #1074	; 0x432
  40578a:	2b20      	cmp	r3, #32
  40578c:	f340 818e 	ble.w	405aac <_dtoa_r+0x4cc>
  405790:	f1c3 0340 	rsb	r3, r3, #64	; 0x40
  405794:	f206 4012 	addw	r0, r6, #1042	; 0x412
  405798:	409d      	lsls	r5, r3
  40579a:	fa2a f000 	lsr.w	r0, sl, r0
  40579e:	4328      	orrs	r0, r5
  4057a0:	f002 fbfc 	bl	407f9c <__aeabi_ui2d>
  4057a4:	2301      	movs	r3, #1
  4057a6:	3e01      	subs	r6, #1
  4057a8:	f1a1 71f8 	sub.w	r1, r1, #32505856	; 0x1f00000
  4057ac:	9314      	str	r3, [sp, #80]	; 0x50
  4057ae:	e781      	b.n	4056b4 <_dtoa_r+0xd4>
  4057b0:	483b      	ldr	r0, [pc, #236]	; (4058a0 <_dtoa_r+0x2c0>)
  4057b2:	e743      	b.n	40563c <_dtoa_r+0x5c>
  4057b4:	2100      	movs	r1, #0
  4057b6:	6461      	str	r1, [r4, #68]	; 0x44
  4057b8:	4620      	mov	r0, r4
  4057ba:	9125      	str	r1, [sp, #148]	; 0x94
  4057bc:	f001 fbf2 	bl	406fa4 <_Balloc>
  4057c0:	f04f 33ff 	mov.w	r3, #4294967295
  4057c4:	930a      	str	r3, [sp, #40]	; 0x28
  4057c6:	9a25      	ldr	r2, [sp, #148]	; 0x94
  4057c8:	930f      	str	r3, [sp, #60]	; 0x3c
  4057ca:	2301      	movs	r3, #1
  4057cc:	9004      	str	r0, [sp, #16]
  4057ce:	6420      	str	r0, [r4, #64]	; 0x40
  4057d0:	9224      	str	r2, [sp, #144]	; 0x90
  4057d2:	930b      	str	r3, [sp, #44]	; 0x2c
  4057d4:	9b19      	ldr	r3, [sp, #100]	; 0x64
  4057d6:	2b00      	cmp	r3, #0
  4057d8:	f2c0 80d9 	blt.w	40598e <_dtoa_r+0x3ae>
  4057dc:	9a02      	ldr	r2, [sp, #8]
  4057de:	2a0e      	cmp	r2, #14
  4057e0:	f300 80d5 	bgt.w	40598e <_dtoa_r+0x3ae>
  4057e4:	4b2d      	ldr	r3, [pc, #180]	; (40589c <_dtoa_r+0x2bc>)
  4057e6:	eb03 03c2 	add.w	r3, r3, r2, lsl #3
  4057ea:	e9d3 2300 	ldrd	r2, r3, [r3]
  4057ee:	e9cd 2308 	strd	r2, r3, [sp, #32]
  4057f2:	9b25      	ldr	r3, [sp, #148]	; 0x94
  4057f4:	2b00      	cmp	r3, #0
  4057f6:	f2c0 83ba 	blt.w	405f6e <_dtoa_r+0x98e>
  4057fa:	e9dd 5608 	ldrd	r5, r6, [sp, #32]
  4057fe:	4650      	mov	r0, sl
  405800:	462a      	mov	r2, r5
  405802:	4633      	mov	r3, r6
  405804:	4659      	mov	r1, fp
  405806:	f002 fd69 	bl	4082dc <__aeabi_ddiv>
  40580a:	f002 feed 	bl	4085e8 <__aeabi_d2iz>
  40580e:	4680      	mov	r8, r0
  405810:	f002 fbd4 	bl	407fbc <__aeabi_i2d>
  405814:	462a      	mov	r2, r5
  405816:	4633      	mov	r3, r6
  405818:	f002 fc36 	bl	408088 <__aeabi_dmul>
  40581c:	460b      	mov	r3, r1
  40581e:	4602      	mov	r2, r0
  405820:	4659      	mov	r1, fp
  405822:	4650      	mov	r0, sl
  405824:	f002 fa7c 	bl	407d20 <__aeabi_dsub>
  405828:	9d04      	ldr	r5, [sp, #16]
  40582a:	f108 0330 	add.w	r3, r8, #48	; 0x30
  40582e:	702b      	strb	r3, [r5, #0]
  405830:	9b0a      	ldr	r3, [sp, #40]	; 0x28
  405832:	2b01      	cmp	r3, #1
  405834:	4606      	mov	r6, r0
  405836:	460f      	mov	r7, r1
  405838:	f105 0501 	add.w	r5, r5, #1
  40583c:	d068      	beq.n	405910 <_dtoa_r+0x330>
  40583e:	2200      	movs	r2, #0
  405840:	4b18      	ldr	r3, [pc, #96]	; (4058a4 <_dtoa_r+0x2c4>)
  405842:	f002 fc21 	bl	408088 <__aeabi_dmul>
  405846:	2200      	movs	r2, #0
  405848:	2300      	movs	r3, #0
  40584a:	4606      	mov	r6, r0
  40584c:	460f      	mov	r7, r1
  40584e:	f002 fe83 	bl	408558 <__aeabi_dcmpeq>
  405852:	2800      	cmp	r0, #0
  405854:	f040 8088 	bne.w	405968 <_dtoa_r+0x388>
  405858:	f8cd 902c 	str.w	r9, [sp, #44]	; 0x2c
  40585c:	f04f 0a00 	mov.w	sl, #0
  405860:	f8df b040 	ldr.w	fp, [pc, #64]	; 4058a4 <_dtoa_r+0x2c4>
  405864:	940c      	str	r4, [sp, #48]	; 0x30
  405866:	e9dd 8908 	ldrd	r8, r9, [sp, #32]
  40586a:	e028      	b.n	4058be <_dtoa_r+0x2de>
  40586c:	f3af 8000 	nop.w
  405870:	636f4361 	.word	0x636f4361
  405874:	3fd287a7 	.word	0x3fd287a7
  405878:	8b60c8b3 	.word	0x8b60c8b3
  40587c:	3fc68a28 	.word	0x3fc68a28
  405880:	509f79fb 	.word	0x509f79fb
  405884:	3fd34413 	.word	0x3fd34413
  405888:	7ff00000 	.word	0x7ff00000
  40588c:	00409395 	.word	0x00409395
  405890:	004093b8 	.word	0x004093b8
  405894:	004093c4 	.word	0x004093c4
  405898:	3ff80000 	.word	0x3ff80000
  40589c:	00409400 	.word	0x00409400
  4058a0:	00409394 	.word	0x00409394
  4058a4:	40240000 	.word	0x40240000
  4058a8:	f002 fbee 	bl	408088 <__aeabi_dmul>
  4058ac:	2200      	movs	r2, #0
  4058ae:	2300      	movs	r3, #0
  4058b0:	4606      	mov	r6, r0
  4058b2:	460f      	mov	r7, r1
  4058b4:	f002 fe50 	bl	408558 <__aeabi_dcmpeq>
  4058b8:	2800      	cmp	r0, #0
  4058ba:	f040 83c1 	bne.w	406040 <_dtoa_r+0xa60>
  4058be:	4642      	mov	r2, r8
  4058c0:	464b      	mov	r3, r9
  4058c2:	4630      	mov	r0, r6
  4058c4:	4639      	mov	r1, r7
  4058c6:	f002 fd09 	bl	4082dc <__aeabi_ddiv>
  4058ca:	f002 fe8d 	bl	4085e8 <__aeabi_d2iz>
  4058ce:	4604      	mov	r4, r0
  4058d0:	f002 fb74 	bl	407fbc <__aeabi_i2d>
  4058d4:	4642      	mov	r2, r8
  4058d6:	464b      	mov	r3, r9
  4058d8:	f002 fbd6 	bl	408088 <__aeabi_dmul>
  4058dc:	4602      	mov	r2, r0
  4058de:	460b      	mov	r3, r1
  4058e0:	4630      	mov	r0, r6
  4058e2:	4639      	mov	r1, r7
  4058e4:	f002 fa1c 	bl	407d20 <__aeabi_dsub>
  4058e8:	f104 0e30 	add.w	lr, r4, #48	; 0x30
  4058ec:	9e04      	ldr	r6, [sp, #16]
  4058ee:	f805 eb01 	strb.w	lr, [r5], #1
  4058f2:	eba5 0e06 	sub.w	lr, r5, r6
  4058f6:	9e0a      	ldr	r6, [sp, #40]	; 0x28
  4058f8:	45b6      	cmp	lr, r6
  4058fa:	e9cd 0106 	strd	r0, r1, [sp, #24]
  4058fe:	4652      	mov	r2, sl
  405900:	465b      	mov	r3, fp
  405902:	d1d1      	bne.n	4058a8 <_dtoa_r+0x2c8>
  405904:	46a0      	mov	r8, r4
  405906:	f8dd 902c 	ldr.w	r9, [sp, #44]	; 0x2c
  40590a:	9c0c      	ldr	r4, [sp, #48]	; 0x30
  40590c:	4606      	mov	r6, r0
  40590e:	460f      	mov	r7, r1
  405910:	4632      	mov	r2, r6
  405912:	463b      	mov	r3, r7
  405914:	4630      	mov	r0, r6
  405916:	4639      	mov	r1, r7
  405918:	f002 fa04 	bl	407d24 <__adddf3>
  40591c:	4606      	mov	r6, r0
  40591e:	460f      	mov	r7, r1
  405920:	4602      	mov	r2, r0
  405922:	460b      	mov	r3, r1
  405924:	e9dd 0108 	ldrd	r0, r1, [sp, #32]
  405928:	f002 fe20 	bl	40856c <__aeabi_dcmplt>
  40592c:	b948      	cbnz	r0, 405942 <_dtoa_r+0x362>
  40592e:	4632      	mov	r2, r6
  405930:	463b      	mov	r3, r7
  405932:	e9dd 0108 	ldrd	r0, r1, [sp, #32]
  405936:	f002 fe0f 	bl	408558 <__aeabi_dcmpeq>
  40593a:	b1a8      	cbz	r0, 405968 <_dtoa_r+0x388>
  40593c:	f018 0f01 	tst.w	r8, #1
  405940:	d012      	beq.n	405968 <_dtoa_r+0x388>
  405942:	f815 8c01 	ldrb.w	r8, [r5, #-1]
  405946:	9a04      	ldr	r2, [sp, #16]
  405948:	1e6b      	subs	r3, r5, #1
  40594a:	e004      	b.n	405956 <_dtoa_r+0x376>
  40594c:	429a      	cmp	r2, r3
  40594e:	f000 8401 	beq.w	406154 <_dtoa_r+0xb74>
  405952:	f813 8d01 	ldrb.w	r8, [r3, #-1]!
  405956:	f1b8 0f39 	cmp.w	r8, #57	; 0x39
  40595a:	f103 0501 	add.w	r5, r3, #1
  40595e:	d0f5      	beq.n	40594c <_dtoa_r+0x36c>
  405960:	f108 0801 	add.w	r8, r8, #1
  405964:	f883 8000 	strb.w	r8, [r3]
  405968:	4649      	mov	r1, r9
  40596a:	4620      	mov	r0, r4
  40596c:	f001 fb40 	bl	406ff0 <_Bfree>
  405970:	2200      	movs	r2, #0
  405972:	9b02      	ldr	r3, [sp, #8]
  405974:	702a      	strb	r2, [r5, #0]
  405976:	9a26      	ldr	r2, [sp, #152]	; 0x98
  405978:	3301      	adds	r3, #1
  40597a:	6013      	str	r3, [r2, #0]
  40597c:	9b28      	ldr	r3, [sp, #160]	; 0xa0
  40597e:	2b00      	cmp	r3, #0
  405980:	f000 839e 	beq.w	4060c0 <_dtoa_r+0xae0>
  405984:	9804      	ldr	r0, [sp, #16]
  405986:	601d      	str	r5, [r3, #0]
  405988:	b01b      	add	sp, #108	; 0x6c
  40598a:	e8bd 8ff0 	ldmia.w	sp!, {r4, r5, r6, r7, r8, r9, sl, fp, pc}
  40598e:	9a0b      	ldr	r2, [sp, #44]	; 0x2c
  405990:	2a00      	cmp	r2, #0
  405992:	d03e      	beq.n	405a12 <_dtoa_r+0x432>
  405994:	9a24      	ldr	r2, [sp, #144]	; 0x90
  405996:	2a01      	cmp	r2, #1
  405998:	f340 8311 	ble.w	405fbe <_dtoa_r+0x9de>
  40599c:	9b0a      	ldr	r3, [sp, #40]	; 0x28
  40599e:	9a0c      	ldr	r2, [sp, #48]	; 0x30
  4059a0:	1e5f      	subs	r7, r3, #1
  4059a2:	42ba      	cmp	r2, r7
  4059a4:	f2c0 838f 	blt.w	4060c6 <_dtoa_r+0xae6>
  4059a8:	1bd7      	subs	r7, r2, r7
  4059aa:	9b0a      	ldr	r3, [sp, #40]	; 0x28
  4059ac:	2b00      	cmp	r3, #0
  4059ae:	f2c0 848b 	blt.w	4062c8 <_dtoa_r+0xce8>
  4059b2:	9d08      	ldr	r5, [sp, #32]
  4059b4:	9b0a      	ldr	r3, [sp, #40]	; 0x28
  4059b6:	9a08      	ldr	r2, [sp, #32]
  4059b8:	441a      	add	r2, r3
  4059ba:	9208      	str	r2, [sp, #32]
  4059bc:	9a06      	ldr	r2, [sp, #24]
  4059be:	2101      	movs	r1, #1
  4059c0:	441a      	add	r2, r3
  4059c2:	4620      	mov	r0, r4
  4059c4:	9206      	str	r2, [sp, #24]
  4059c6:	f001 fbad 	bl	407124 <__i2b>
  4059ca:	4606      	mov	r6, r0
  4059cc:	e024      	b.n	405a18 <_dtoa_r+0x438>
  4059ce:	2301      	movs	r3, #1
  4059d0:	930e      	str	r3, [sp, #56]	; 0x38
  4059d2:	e6af      	b.n	405734 <_dtoa_r+0x154>
  4059d4:	9a08      	ldr	r2, [sp, #32]
  4059d6:	9b02      	ldr	r3, [sp, #8]
  4059d8:	1ad2      	subs	r2, r2, r3
  4059da:	425b      	negs	r3, r3
  4059dc:	930c      	str	r3, [sp, #48]	; 0x30
  4059de:	2300      	movs	r3, #0
  4059e0:	9208      	str	r2, [sp, #32]
  4059e2:	930d      	str	r3, [sp, #52]	; 0x34
  4059e4:	e6b8      	b.n	405758 <_dtoa_r+0x178>
  4059e6:	f1c7 0301 	rsb	r3, r7, #1
  4059ea:	9308      	str	r3, [sp, #32]
  4059ec:	2300      	movs	r3, #0
  4059ee:	9306      	str	r3, [sp, #24]
  4059f0:	e6a7      	b.n	405742 <_dtoa_r+0x162>
  4059f2:	9d02      	ldr	r5, [sp, #8]
  4059f4:	4628      	mov	r0, r5
  4059f6:	f002 fae1 	bl	407fbc <__aeabi_i2d>
  4059fa:	4602      	mov	r2, r0
  4059fc:	460b      	mov	r3, r1
  4059fe:	e9dd 0104 	ldrd	r0, r1, [sp, #16]
  405a02:	f002 fda9 	bl	408558 <__aeabi_dcmpeq>
  405a06:	2800      	cmp	r0, #0
  405a08:	f47f ae80 	bne.w	40570c <_dtoa_r+0x12c>
  405a0c:	1e6b      	subs	r3, r5, #1
  405a0e:	9302      	str	r3, [sp, #8]
  405a10:	e67c      	b.n	40570c <_dtoa_r+0x12c>
  405a12:	9f0c      	ldr	r7, [sp, #48]	; 0x30
  405a14:	9d08      	ldr	r5, [sp, #32]
  405a16:	9e0b      	ldr	r6, [sp, #44]	; 0x2c
  405a18:	2d00      	cmp	r5, #0
  405a1a:	dd0c      	ble.n	405a36 <_dtoa_r+0x456>
  405a1c:	9906      	ldr	r1, [sp, #24]
  405a1e:	2900      	cmp	r1, #0
  405a20:	460b      	mov	r3, r1
  405a22:	dd08      	ble.n	405a36 <_dtoa_r+0x456>
  405a24:	42a9      	cmp	r1, r5
  405a26:	9a08      	ldr	r2, [sp, #32]
  405a28:	bfa8      	it	ge
  405a2a:	462b      	movge	r3, r5
  405a2c:	1ad2      	subs	r2, r2, r3
  405a2e:	1aed      	subs	r5, r5, r3
  405a30:	1acb      	subs	r3, r1, r3
  405a32:	9208      	str	r2, [sp, #32]
  405a34:	9306      	str	r3, [sp, #24]
  405a36:	9b0c      	ldr	r3, [sp, #48]	; 0x30
  405a38:	b1d3      	cbz	r3, 405a70 <_dtoa_r+0x490>
  405a3a:	9b0b      	ldr	r3, [sp, #44]	; 0x2c
  405a3c:	2b00      	cmp	r3, #0
  405a3e:	f000 82b7 	beq.w	405fb0 <_dtoa_r+0x9d0>
  405a42:	2f00      	cmp	r7, #0
  405a44:	dd10      	ble.n	405a68 <_dtoa_r+0x488>
  405a46:	4631      	mov	r1, r6
  405a48:	463a      	mov	r2, r7
  405a4a:	4620      	mov	r0, r4
  405a4c:	f001 fc06 	bl	40725c <__pow5mult>
  405a50:	464a      	mov	r2, r9
  405a52:	4601      	mov	r1, r0
  405a54:	4606      	mov	r6, r0
  405a56:	4620      	mov	r0, r4
  405a58:	f001 fb6e 	bl	407138 <__multiply>
  405a5c:	4649      	mov	r1, r9
  405a5e:	4680      	mov	r8, r0
  405a60:	4620      	mov	r0, r4
  405a62:	f001 fac5 	bl	406ff0 <_Bfree>
  405a66:	46c1      	mov	r9, r8
  405a68:	9b0c      	ldr	r3, [sp, #48]	; 0x30
  405a6a:	1bda      	subs	r2, r3, r7
  405a6c:	f040 82a1 	bne.w	405fb2 <_dtoa_r+0x9d2>
  405a70:	2101      	movs	r1, #1
  405a72:	4620      	mov	r0, r4
  405a74:	f001 fb56 	bl	407124 <__i2b>
  405a78:	9b0d      	ldr	r3, [sp, #52]	; 0x34
  405a7a:	2b00      	cmp	r3, #0
  405a7c:	4680      	mov	r8, r0
  405a7e:	dd1c      	ble.n	405aba <_dtoa_r+0x4da>
  405a80:	4601      	mov	r1, r0
  405a82:	461a      	mov	r2, r3
  405a84:	4620      	mov	r0, r4
  405a86:	f001 fbe9 	bl	40725c <__pow5mult>
  405a8a:	9b24      	ldr	r3, [sp, #144]	; 0x90
  405a8c:	2b01      	cmp	r3, #1
  405a8e:	4680      	mov	r8, r0
  405a90:	f340 8254 	ble.w	405f3c <_dtoa_r+0x95c>
  405a94:	2300      	movs	r3, #0
  405a96:	930c      	str	r3, [sp, #48]	; 0x30
  405a98:	f8d8 3010 	ldr.w	r3, [r8, #16]
  405a9c:	eb08 0383 	add.w	r3, r8, r3, lsl #2
  405aa0:	6918      	ldr	r0, [r3, #16]
  405aa2:	f001 faef 	bl	407084 <__hi0bits>
  405aa6:	f1c0 0020 	rsb	r0, r0, #32
  405aaa:	e010      	b.n	405ace <_dtoa_r+0x4ee>
  405aac:	f1c3 0520 	rsb	r5, r3, #32
  405ab0:	fa0a f005 	lsl.w	r0, sl, r5
  405ab4:	e674      	b.n	4057a0 <_dtoa_r+0x1c0>
  405ab6:	900e      	str	r0, [sp, #56]	; 0x38
  405ab8:	e63c      	b.n	405734 <_dtoa_r+0x154>
  405aba:	9b24      	ldr	r3, [sp, #144]	; 0x90
  405abc:	2b01      	cmp	r3, #1
  405abe:	f340 8287 	ble.w	405fd0 <_dtoa_r+0x9f0>
  405ac2:	2300      	movs	r3, #0
  405ac4:	930c      	str	r3, [sp, #48]	; 0x30
  405ac6:	9b0d      	ldr	r3, [sp, #52]	; 0x34
  405ac8:	2001      	movs	r0, #1
  405aca:	2b00      	cmp	r3, #0
  405acc:	d1e4      	bne.n	405a98 <_dtoa_r+0x4b8>
  405ace:	9a06      	ldr	r2, [sp, #24]
  405ad0:	4410      	add	r0, r2
  405ad2:	f010 001f 	ands.w	r0, r0, #31
  405ad6:	f000 80a1 	beq.w	405c1c <_dtoa_r+0x63c>
  405ada:	f1c0 0320 	rsb	r3, r0, #32
  405ade:	2b04      	cmp	r3, #4
  405ae0:	f340 849e 	ble.w	406420 <_dtoa_r+0xe40>
  405ae4:	9b08      	ldr	r3, [sp, #32]
  405ae6:	f1c0 001c 	rsb	r0, r0, #28
  405aea:	4403      	add	r3, r0
  405aec:	9308      	str	r3, [sp, #32]
  405aee:	4613      	mov	r3, r2
  405af0:	4403      	add	r3, r0
  405af2:	4405      	add	r5, r0
  405af4:	9306      	str	r3, [sp, #24]
  405af6:	9b08      	ldr	r3, [sp, #32]
  405af8:	2b00      	cmp	r3, #0
  405afa:	dd05      	ble.n	405b08 <_dtoa_r+0x528>
  405afc:	4649      	mov	r1, r9
  405afe:	461a      	mov	r2, r3
  405b00:	4620      	mov	r0, r4
  405b02:	f001 fbfb 	bl	4072fc <__lshift>
  405b06:	4681      	mov	r9, r0
  405b08:	9b06      	ldr	r3, [sp, #24]
  405b0a:	2b00      	cmp	r3, #0
  405b0c:	dd05      	ble.n	405b1a <_dtoa_r+0x53a>
  405b0e:	4641      	mov	r1, r8
  405b10:	461a      	mov	r2, r3
  405b12:	4620      	mov	r0, r4
  405b14:	f001 fbf2 	bl	4072fc <__lshift>
  405b18:	4680      	mov	r8, r0
  405b1a:	9b0e      	ldr	r3, [sp, #56]	; 0x38
  405b1c:	2b00      	cmp	r3, #0
  405b1e:	f040 8086 	bne.w	405c2e <_dtoa_r+0x64e>
  405b22:	9b0a      	ldr	r3, [sp, #40]	; 0x28
  405b24:	2b00      	cmp	r3, #0
  405b26:	f340 8266 	ble.w	405ff6 <_dtoa_r+0xa16>
  405b2a:	9b0b      	ldr	r3, [sp, #44]	; 0x2c
  405b2c:	2b00      	cmp	r3, #0
  405b2e:	f000 8098 	beq.w	405c62 <_dtoa_r+0x682>
  405b32:	2d00      	cmp	r5, #0
  405b34:	dd05      	ble.n	405b42 <_dtoa_r+0x562>
  405b36:	4631      	mov	r1, r6
  405b38:	462a      	mov	r2, r5
  405b3a:	4620      	mov	r0, r4
  405b3c:	f001 fbde 	bl	4072fc <__lshift>
  405b40:	4606      	mov	r6, r0
  405b42:	9b0c      	ldr	r3, [sp, #48]	; 0x30
  405b44:	2b00      	cmp	r3, #0
  405b46:	f040 8337 	bne.w	4061b8 <_dtoa_r+0xbd8>
  405b4a:	9606      	str	r6, [sp, #24]
  405b4c:	9b0a      	ldr	r3, [sp, #40]	; 0x28
  405b4e:	9a04      	ldr	r2, [sp, #16]
  405b50:	f8dd b018 	ldr.w	fp, [sp, #24]
  405b54:	3b01      	subs	r3, #1
  405b56:	18d3      	adds	r3, r2, r3
  405b58:	930b      	str	r3, [sp, #44]	; 0x2c
  405b5a:	f00a 0301 	and.w	r3, sl, #1
  405b5e:	930c      	str	r3, [sp, #48]	; 0x30
  405b60:	4617      	mov	r7, r2
  405b62:	46c2      	mov	sl, r8
  405b64:	4651      	mov	r1, sl
  405b66:	4648      	mov	r0, r9
  405b68:	f7ff fca4 	bl	4054b4 <quorem>
  405b6c:	4631      	mov	r1, r6
  405b6e:	4605      	mov	r5, r0
  405b70:	4648      	mov	r0, r9
  405b72:	f001 fc15 	bl	4073a0 <__mcmp>
  405b76:	465a      	mov	r2, fp
  405b78:	900a      	str	r0, [sp, #40]	; 0x28
  405b7a:	4651      	mov	r1, sl
  405b7c:	4620      	mov	r0, r4
  405b7e:	f001 fc2b 	bl	4073d8 <__mdiff>
  405b82:	68c2      	ldr	r2, [r0, #12]
  405b84:	4680      	mov	r8, r0
  405b86:	f105 0330 	add.w	r3, r5, #48	; 0x30
  405b8a:	2a00      	cmp	r2, #0
  405b8c:	f040 822b 	bne.w	405fe6 <_dtoa_r+0xa06>
  405b90:	4601      	mov	r1, r0
  405b92:	4648      	mov	r0, r9
  405b94:	9308      	str	r3, [sp, #32]
  405b96:	f001 fc03 	bl	4073a0 <__mcmp>
  405b9a:	4641      	mov	r1, r8
  405b9c:	9006      	str	r0, [sp, #24]
  405b9e:	4620      	mov	r0, r4
  405ba0:	f001 fa26 	bl	406ff0 <_Bfree>
  405ba4:	9a06      	ldr	r2, [sp, #24]
  405ba6:	9b08      	ldr	r3, [sp, #32]
  405ba8:	b932      	cbnz	r2, 405bb8 <_dtoa_r+0x5d8>
  405baa:	9924      	ldr	r1, [sp, #144]	; 0x90
  405bac:	b921      	cbnz	r1, 405bb8 <_dtoa_r+0x5d8>
  405bae:	9a0c      	ldr	r2, [sp, #48]	; 0x30
  405bb0:	2a00      	cmp	r2, #0
  405bb2:	f000 83ef 	beq.w	406394 <_dtoa_r+0xdb4>
  405bb6:	9a24      	ldr	r2, [sp, #144]	; 0x90
  405bb8:	990a      	ldr	r1, [sp, #40]	; 0x28
  405bba:	2900      	cmp	r1, #0
  405bbc:	f2c0 829f 	blt.w	4060fe <_dtoa_r+0xb1e>
  405bc0:	d105      	bne.n	405bce <_dtoa_r+0x5ee>
  405bc2:	9924      	ldr	r1, [sp, #144]	; 0x90
  405bc4:	b919      	cbnz	r1, 405bce <_dtoa_r+0x5ee>
  405bc6:	990c      	ldr	r1, [sp, #48]	; 0x30
  405bc8:	2900      	cmp	r1, #0
  405bca:	f000 8298 	beq.w	4060fe <_dtoa_r+0xb1e>
  405bce:	2a00      	cmp	r2, #0
  405bd0:	f300 8306 	bgt.w	4061e0 <_dtoa_r+0xc00>
  405bd4:	9a0b      	ldr	r2, [sp, #44]	; 0x2c
  405bd6:	703b      	strb	r3, [r7, #0]
  405bd8:	f107 0801 	add.w	r8, r7, #1
  405bdc:	4297      	cmp	r7, r2
  405bde:	4645      	mov	r5, r8
  405be0:	f000 830c 	beq.w	4061fc <_dtoa_r+0xc1c>
  405be4:	4649      	mov	r1, r9
  405be6:	2300      	movs	r3, #0
  405be8:	220a      	movs	r2, #10
  405bea:	4620      	mov	r0, r4
  405bec:	f001 fa0a 	bl	407004 <__multadd>
  405bf0:	455e      	cmp	r6, fp
  405bf2:	4681      	mov	r9, r0
  405bf4:	4631      	mov	r1, r6
  405bf6:	f04f 0300 	mov.w	r3, #0
  405bfa:	f04f 020a 	mov.w	r2, #10
  405bfe:	4620      	mov	r0, r4
  405c00:	f000 81eb 	beq.w	405fda <_dtoa_r+0x9fa>
  405c04:	f001 f9fe 	bl	407004 <__multadd>
  405c08:	4659      	mov	r1, fp
  405c0a:	4606      	mov	r6, r0
  405c0c:	2300      	movs	r3, #0
  405c0e:	220a      	movs	r2, #10
  405c10:	4620      	mov	r0, r4
  405c12:	f001 f9f7 	bl	407004 <__multadd>
  405c16:	4647      	mov	r7, r8
  405c18:	4683      	mov	fp, r0
  405c1a:	e7a3      	b.n	405b64 <_dtoa_r+0x584>
  405c1c:	201c      	movs	r0, #28
  405c1e:	9b08      	ldr	r3, [sp, #32]
  405c20:	4403      	add	r3, r0
  405c22:	9308      	str	r3, [sp, #32]
  405c24:	9b06      	ldr	r3, [sp, #24]
  405c26:	4403      	add	r3, r0
  405c28:	4405      	add	r5, r0
  405c2a:	9306      	str	r3, [sp, #24]
  405c2c:	e763      	b.n	405af6 <_dtoa_r+0x516>
  405c2e:	4641      	mov	r1, r8
  405c30:	4648      	mov	r0, r9
  405c32:	f001 fbb5 	bl	4073a0 <__mcmp>
  405c36:	2800      	cmp	r0, #0
  405c38:	f6bf af73 	bge.w	405b22 <_dtoa_r+0x542>
  405c3c:	9f02      	ldr	r7, [sp, #8]
  405c3e:	4649      	mov	r1, r9
  405c40:	2300      	movs	r3, #0
  405c42:	220a      	movs	r2, #10
  405c44:	4620      	mov	r0, r4
  405c46:	3f01      	subs	r7, #1
  405c48:	9702      	str	r7, [sp, #8]
  405c4a:	f001 f9db 	bl	407004 <__multadd>
  405c4e:	9b0b      	ldr	r3, [sp, #44]	; 0x2c
  405c50:	4681      	mov	r9, r0
  405c52:	2b00      	cmp	r3, #0
  405c54:	f040 83b6 	bne.w	4063c4 <_dtoa_r+0xde4>
  405c58:	9b0f      	ldr	r3, [sp, #60]	; 0x3c
  405c5a:	2b00      	cmp	r3, #0
  405c5c:	f340 83bf 	ble.w	4063de <_dtoa_r+0xdfe>
  405c60:	930a      	str	r3, [sp, #40]	; 0x28
  405c62:	f8dd b010 	ldr.w	fp, [sp, #16]
  405c66:	9f0a      	ldr	r7, [sp, #40]	; 0x28
  405c68:	465d      	mov	r5, fp
  405c6a:	e002      	b.n	405c72 <_dtoa_r+0x692>
  405c6c:	f001 f9ca 	bl	407004 <__multadd>
  405c70:	4681      	mov	r9, r0
  405c72:	4641      	mov	r1, r8
  405c74:	4648      	mov	r0, r9
  405c76:	f7ff fc1d 	bl	4054b4 <quorem>
  405c7a:	f100 0a30 	add.w	sl, r0, #48	; 0x30
  405c7e:	f805 ab01 	strb.w	sl, [r5], #1
  405c82:	eba5 030b 	sub.w	r3, r5, fp
  405c86:	42bb      	cmp	r3, r7
  405c88:	f04f 020a 	mov.w	r2, #10
  405c8c:	f04f 0300 	mov.w	r3, #0
  405c90:	4649      	mov	r1, r9
  405c92:	4620      	mov	r0, r4
  405c94:	dbea      	blt.n	405c6c <_dtoa_r+0x68c>
  405c96:	9b04      	ldr	r3, [sp, #16]
  405c98:	9a0a      	ldr	r2, [sp, #40]	; 0x28
  405c9a:	2a01      	cmp	r2, #1
  405c9c:	bfac      	ite	ge
  405c9e:	189b      	addge	r3, r3, r2
  405ca0:	3301      	addlt	r3, #1
  405ca2:	461d      	mov	r5, r3
  405ca4:	f04f 0b00 	mov.w	fp, #0
  405ca8:	4649      	mov	r1, r9
  405caa:	2201      	movs	r2, #1
  405cac:	4620      	mov	r0, r4
  405cae:	f001 fb25 	bl	4072fc <__lshift>
  405cb2:	4641      	mov	r1, r8
  405cb4:	4681      	mov	r9, r0
  405cb6:	f001 fb73 	bl	4073a0 <__mcmp>
  405cba:	2800      	cmp	r0, #0
  405cbc:	f340 823d 	ble.w	40613a <_dtoa_r+0xb5a>
  405cc0:	f815 2c01 	ldrb.w	r2, [r5, #-1]
  405cc4:	9904      	ldr	r1, [sp, #16]
  405cc6:	1e6b      	subs	r3, r5, #1
  405cc8:	e004      	b.n	405cd4 <_dtoa_r+0x6f4>
  405cca:	428b      	cmp	r3, r1
  405ccc:	f000 81ae 	beq.w	40602c <_dtoa_r+0xa4c>
  405cd0:	f813 2d01 	ldrb.w	r2, [r3, #-1]!
  405cd4:	2a39      	cmp	r2, #57	; 0x39
  405cd6:	f103 0501 	add.w	r5, r3, #1
  405cda:	d0f6      	beq.n	405cca <_dtoa_r+0x6ea>
  405cdc:	3201      	adds	r2, #1
  405cde:	701a      	strb	r2, [r3, #0]
  405ce0:	4641      	mov	r1, r8
  405ce2:	4620      	mov	r0, r4
  405ce4:	f001 f984 	bl	406ff0 <_Bfree>
  405ce8:	2e00      	cmp	r6, #0
  405cea:	f43f ae3d 	beq.w	405968 <_dtoa_r+0x388>
  405cee:	f1bb 0f00 	cmp.w	fp, #0
  405cf2:	d005      	beq.n	405d00 <_dtoa_r+0x720>
  405cf4:	45b3      	cmp	fp, r6
  405cf6:	d003      	beq.n	405d00 <_dtoa_r+0x720>
  405cf8:	4659      	mov	r1, fp
  405cfa:	4620      	mov	r0, r4
  405cfc:	f001 f978 	bl	406ff0 <_Bfree>
  405d00:	4631      	mov	r1, r6
  405d02:	4620      	mov	r0, r4
  405d04:	f001 f974 	bl	406ff0 <_Bfree>
  405d08:	e62e      	b.n	405968 <_dtoa_r+0x388>
  405d0a:	2300      	movs	r3, #0
  405d0c:	930b      	str	r3, [sp, #44]	; 0x2c
  405d0e:	9b02      	ldr	r3, [sp, #8]
  405d10:	9a25      	ldr	r2, [sp, #148]	; 0x94
  405d12:	4413      	add	r3, r2
  405d14:	930f      	str	r3, [sp, #60]	; 0x3c
  405d16:	3301      	adds	r3, #1
  405d18:	2b01      	cmp	r3, #1
  405d1a:	461f      	mov	r7, r3
  405d1c:	461e      	mov	r6, r3
  405d1e:	930a      	str	r3, [sp, #40]	; 0x28
  405d20:	bfb8      	it	lt
  405d22:	2701      	movlt	r7, #1
  405d24:	2100      	movs	r1, #0
  405d26:	2f17      	cmp	r7, #23
  405d28:	6461      	str	r1, [r4, #68]	; 0x44
  405d2a:	d90a      	bls.n	405d42 <_dtoa_r+0x762>
  405d2c:	2201      	movs	r2, #1
  405d2e:	2304      	movs	r3, #4
  405d30:	005b      	lsls	r3, r3, #1
  405d32:	f103 0014 	add.w	r0, r3, #20
  405d36:	4287      	cmp	r7, r0
  405d38:	4611      	mov	r1, r2
  405d3a:	f102 0201 	add.w	r2, r2, #1
  405d3e:	d2f7      	bcs.n	405d30 <_dtoa_r+0x750>
  405d40:	6461      	str	r1, [r4, #68]	; 0x44
  405d42:	4620      	mov	r0, r4
  405d44:	f001 f92e 	bl	406fa4 <_Balloc>
  405d48:	2e0e      	cmp	r6, #14
  405d4a:	9004      	str	r0, [sp, #16]
  405d4c:	6420      	str	r0, [r4, #64]	; 0x40
  405d4e:	f63f ad41 	bhi.w	4057d4 <_dtoa_r+0x1f4>
  405d52:	2d00      	cmp	r5, #0
  405d54:	f43f ad3e 	beq.w	4057d4 <_dtoa_r+0x1f4>
  405d58:	9902      	ldr	r1, [sp, #8]
  405d5a:	2900      	cmp	r1, #0
  405d5c:	e9cd ab10 	strd	sl, fp, [sp, #64]	; 0x40
  405d60:	f340 8202 	ble.w	406168 <_dtoa_r+0xb88>
  405d64:	4bb8      	ldr	r3, [pc, #736]	; (406048 <_dtoa_r+0xa68>)
  405d66:	f001 020f 	and.w	r2, r1, #15
  405d6a:	110d      	asrs	r5, r1, #4
  405d6c:	eb03 03c2 	add.w	r3, r3, r2, lsl #3
  405d70:	06e9      	lsls	r1, r5, #27
  405d72:	e9d3 6700 	ldrd	r6, r7, [r3]
  405d76:	f140 81ae 	bpl.w	4060d6 <_dtoa_r+0xaf6>
  405d7a:	4bb4      	ldr	r3, [pc, #720]	; (40604c <_dtoa_r+0xa6c>)
  405d7c:	4650      	mov	r0, sl
  405d7e:	4659      	mov	r1, fp
  405d80:	e9d3 2308 	ldrd	r2, r3, [r3, #32]
  405d84:	f002 faaa 	bl	4082dc <__aeabi_ddiv>
  405d88:	e9cd 0112 	strd	r0, r1, [sp, #72]	; 0x48
  405d8c:	f005 050f 	and.w	r5, r5, #15
  405d90:	f04f 0a03 	mov.w	sl, #3
  405d94:	b18d      	cbz	r5, 405dba <_dtoa_r+0x7da>
  405d96:	f8df 82b4 	ldr.w	r8, [pc, #692]	; 40604c <_dtoa_r+0xa6c>
  405d9a:	07ea      	lsls	r2, r5, #31
  405d9c:	d509      	bpl.n	405db2 <_dtoa_r+0x7d2>
  405d9e:	4630      	mov	r0, r6
  405da0:	4639      	mov	r1, r7
  405da2:	e9d8 2300 	ldrd	r2, r3, [r8]
  405da6:	f002 f96f 	bl	408088 <__aeabi_dmul>
  405daa:	f10a 0a01 	add.w	sl, sl, #1
  405dae:	4606      	mov	r6, r0
  405db0:	460f      	mov	r7, r1
  405db2:	106d      	asrs	r5, r5, #1
  405db4:	f108 0808 	add.w	r8, r8, #8
  405db8:	d1ef      	bne.n	405d9a <_dtoa_r+0x7ba>
  405dba:	463b      	mov	r3, r7
  405dbc:	4632      	mov	r2, r6
  405dbe:	e9dd 0112 	ldrd	r0, r1, [sp, #72]	; 0x48
  405dc2:	f002 fa8b 	bl	4082dc <__aeabi_ddiv>
  405dc6:	4607      	mov	r7, r0
  405dc8:	4688      	mov	r8, r1
  405dca:	9b0e      	ldr	r3, [sp, #56]	; 0x38
  405dcc:	b143      	cbz	r3, 405de0 <_dtoa_r+0x800>
  405dce:	2200      	movs	r2, #0
  405dd0:	4b9f      	ldr	r3, [pc, #636]	; (406050 <_dtoa_r+0xa70>)
  405dd2:	4638      	mov	r0, r7
  405dd4:	4641      	mov	r1, r8
  405dd6:	f002 fbc9 	bl	40856c <__aeabi_dcmplt>
  405dda:	2800      	cmp	r0, #0
  405ddc:	f040 8286 	bne.w	4062ec <_dtoa_r+0xd0c>
  405de0:	4650      	mov	r0, sl
  405de2:	f002 f8eb 	bl	407fbc <__aeabi_i2d>
  405de6:	463a      	mov	r2, r7
  405de8:	4643      	mov	r3, r8
  405dea:	f002 f94d 	bl	408088 <__aeabi_dmul>
  405dee:	4b99      	ldr	r3, [pc, #612]	; (406054 <_dtoa_r+0xa74>)
  405df0:	2200      	movs	r2, #0
  405df2:	f001 ff97 	bl	407d24 <__adddf3>
  405df6:	9b0a      	ldr	r3, [sp, #40]	; 0x28
  405df8:	4605      	mov	r5, r0
  405dfa:	f1a1 7650 	sub.w	r6, r1, #54525952	; 0x3400000
  405dfe:	2b00      	cmp	r3, #0
  405e00:	f000 813e 	beq.w	406080 <_dtoa_r+0xaa0>
  405e04:	9b02      	ldr	r3, [sp, #8]
  405e06:	9315      	str	r3, [sp, #84]	; 0x54
  405e08:	9b0a      	ldr	r3, [sp, #40]	; 0x28
  405e0a:	9312      	str	r3, [sp, #72]	; 0x48
  405e0c:	9b0b      	ldr	r3, [sp, #44]	; 0x2c
  405e0e:	2b00      	cmp	r3, #0
  405e10:	f000 81fa 	beq.w	406208 <_dtoa_r+0xc28>
  405e14:	9a12      	ldr	r2, [sp, #72]	; 0x48
  405e16:	4b8c      	ldr	r3, [pc, #560]	; (406048 <_dtoa_r+0xa68>)
  405e18:	498f      	ldr	r1, [pc, #572]	; (406058 <_dtoa_r+0xa78>)
  405e1a:	eb03 03c2 	add.w	r3, r3, r2, lsl #3
  405e1e:	e953 2302 	ldrd	r2, r3, [r3, #-8]
  405e22:	2000      	movs	r0, #0
  405e24:	f002 fa5a 	bl	4082dc <__aeabi_ddiv>
  405e28:	462a      	mov	r2, r5
  405e2a:	4633      	mov	r3, r6
  405e2c:	f001 ff78 	bl	407d20 <__aeabi_dsub>
  405e30:	4682      	mov	sl, r0
  405e32:	468b      	mov	fp, r1
  405e34:	4638      	mov	r0, r7
  405e36:	4641      	mov	r1, r8
  405e38:	f002 fbd6 	bl	4085e8 <__aeabi_d2iz>
  405e3c:	4605      	mov	r5, r0
  405e3e:	f002 f8bd 	bl	407fbc <__aeabi_i2d>
  405e42:	4602      	mov	r2, r0
  405e44:	460b      	mov	r3, r1
  405e46:	4638      	mov	r0, r7
  405e48:	4641      	mov	r1, r8
  405e4a:	f001 ff69 	bl	407d20 <__aeabi_dsub>
  405e4e:	3530      	adds	r5, #48	; 0x30
  405e50:	fa5f f885 	uxtb.w	r8, r5
  405e54:	9d04      	ldr	r5, [sp, #16]
  405e56:	4606      	mov	r6, r0
  405e58:	460f      	mov	r7, r1
  405e5a:	f885 8000 	strb.w	r8, [r5]
  405e5e:	4602      	mov	r2, r0
  405e60:	460b      	mov	r3, r1
  405e62:	4650      	mov	r0, sl
  405e64:	4659      	mov	r1, fp
  405e66:	3501      	adds	r5, #1
  405e68:	f002 fb9e 	bl	4085a8 <__aeabi_dcmpgt>
  405e6c:	2800      	cmp	r0, #0
  405e6e:	d154      	bne.n	405f1a <_dtoa_r+0x93a>
  405e70:	4632      	mov	r2, r6
  405e72:	463b      	mov	r3, r7
  405e74:	2000      	movs	r0, #0
  405e76:	4976      	ldr	r1, [pc, #472]	; (406050 <_dtoa_r+0xa70>)
  405e78:	f001 ff52 	bl	407d20 <__aeabi_dsub>
  405e7c:	4602      	mov	r2, r0
  405e7e:	460b      	mov	r3, r1
  405e80:	4650      	mov	r0, sl
  405e82:	4659      	mov	r1, fp
  405e84:	f002 fb90 	bl	4085a8 <__aeabi_dcmpgt>
  405e88:	2800      	cmp	r0, #0
  405e8a:	f040 8270 	bne.w	40636e <_dtoa_r+0xd8e>
  405e8e:	9a12      	ldr	r2, [sp, #72]	; 0x48
  405e90:	2a01      	cmp	r2, #1
  405e92:	f000 8111 	beq.w	4060b8 <_dtoa_r+0xad8>
  405e96:	9b12      	ldr	r3, [sp, #72]	; 0x48
  405e98:	9a04      	ldr	r2, [sp, #16]
  405e9a:	f8cd 9048 	str.w	r9, [sp, #72]	; 0x48
  405e9e:	4413      	add	r3, r2
  405ea0:	4699      	mov	r9, r3
  405ea2:	e00d      	b.n	405ec0 <_dtoa_r+0x8e0>
  405ea4:	2000      	movs	r0, #0
  405ea6:	496a      	ldr	r1, [pc, #424]	; (406050 <_dtoa_r+0xa70>)
  405ea8:	f001 ff3a 	bl	407d20 <__aeabi_dsub>
  405eac:	4652      	mov	r2, sl
  405eae:	465b      	mov	r3, fp
  405eb0:	f002 fb5c 	bl	40856c <__aeabi_dcmplt>
  405eb4:	2800      	cmp	r0, #0
  405eb6:	f040 8258 	bne.w	40636a <_dtoa_r+0xd8a>
  405eba:	454d      	cmp	r5, r9
  405ebc:	f000 80fa 	beq.w	4060b4 <_dtoa_r+0xad4>
  405ec0:	4650      	mov	r0, sl
  405ec2:	4659      	mov	r1, fp
  405ec4:	2200      	movs	r2, #0
  405ec6:	4b65      	ldr	r3, [pc, #404]	; (40605c <_dtoa_r+0xa7c>)
  405ec8:	f002 f8de 	bl	408088 <__aeabi_dmul>
  405ecc:	2200      	movs	r2, #0
  405ece:	4b63      	ldr	r3, [pc, #396]	; (40605c <_dtoa_r+0xa7c>)
  405ed0:	4682      	mov	sl, r0
  405ed2:	468b      	mov	fp, r1
  405ed4:	4630      	mov	r0, r6
  405ed6:	4639      	mov	r1, r7
  405ed8:	f002 f8d6 	bl	408088 <__aeabi_dmul>
  405edc:	460f      	mov	r7, r1
  405ede:	4606      	mov	r6, r0
  405ee0:	f002 fb82 	bl	4085e8 <__aeabi_d2iz>
  405ee4:	4680      	mov	r8, r0
  405ee6:	f002 f869 	bl	407fbc <__aeabi_i2d>
  405eea:	4602      	mov	r2, r0
  405eec:	460b      	mov	r3, r1
  405eee:	4630      	mov	r0, r6
  405ef0:	4639      	mov	r1, r7
  405ef2:	f001 ff15 	bl	407d20 <__aeabi_dsub>
  405ef6:	f108 0830 	add.w	r8, r8, #48	; 0x30
  405efa:	fa5f f888 	uxtb.w	r8, r8
  405efe:	4652      	mov	r2, sl
  405f00:	465b      	mov	r3, fp
  405f02:	f805 8b01 	strb.w	r8, [r5], #1
  405f06:	4606      	mov	r6, r0
  405f08:	460f      	mov	r7, r1
  405f0a:	f002 fb2f 	bl	40856c <__aeabi_dcmplt>
  405f0e:	4632      	mov	r2, r6
  405f10:	463b      	mov	r3, r7
  405f12:	2800      	cmp	r0, #0
  405f14:	d0c6      	beq.n	405ea4 <_dtoa_r+0x8c4>
  405f16:	f8dd 9048 	ldr.w	r9, [sp, #72]	; 0x48
  405f1a:	9b15      	ldr	r3, [sp, #84]	; 0x54
  405f1c:	9302      	str	r3, [sp, #8]
  405f1e:	e523      	b.n	405968 <_dtoa_r+0x388>
  405f20:	2300      	movs	r3, #0
  405f22:	930b      	str	r3, [sp, #44]	; 0x2c
  405f24:	9b25      	ldr	r3, [sp, #148]	; 0x94
  405f26:	2b00      	cmp	r3, #0
  405f28:	f340 80dc 	ble.w	4060e4 <_dtoa_r+0xb04>
  405f2c:	461f      	mov	r7, r3
  405f2e:	461e      	mov	r6, r3
  405f30:	930f      	str	r3, [sp, #60]	; 0x3c
  405f32:	930a      	str	r3, [sp, #40]	; 0x28
  405f34:	e6f6      	b.n	405d24 <_dtoa_r+0x744>
  405f36:	2301      	movs	r3, #1
  405f38:	930b      	str	r3, [sp, #44]	; 0x2c
  405f3a:	e7f3      	b.n	405f24 <_dtoa_r+0x944>
  405f3c:	f1ba 0f00 	cmp.w	sl, #0
  405f40:	f47f ada8 	bne.w	405a94 <_dtoa_r+0x4b4>
  405f44:	f3cb 0313 	ubfx	r3, fp, #0, #20
  405f48:	2b00      	cmp	r3, #0
  405f4a:	f47f adba 	bne.w	405ac2 <_dtoa_r+0x4e2>
  405f4e:	f02b 4700 	bic.w	r7, fp, #2147483648	; 0x80000000
  405f52:	0d3f      	lsrs	r7, r7, #20
  405f54:	053f      	lsls	r7, r7, #20
  405f56:	2f00      	cmp	r7, #0
  405f58:	f000 820d 	beq.w	406376 <_dtoa_r+0xd96>
  405f5c:	9b08      	ldr	r3, [sp, #32]
  405f5e:	3301      	adds	r3, #1
  405f60:	9308      	str	r3, [sp, #32]
  405f62:	9b06      	ldr	r3, [sp, #24]
  405f64:	3301      	adds	r3, #1
  405f66:	9306      	str	r3, [sp, #24]
  405f68:	2301      	movs	r3, #1
  405f6a:	930c      	str	r3, [sp, #48]	; 0x30
  405f6c:	e5ab      	b.n	405ac6 <_dtoa_r+0x4e6>
  405f6e:	9b0a      	ldr	r3, [sp, #40]	; 0x28
  405f70:	2b00      	cmp	r3, #0
  405f72:	f73f ac42 	bgt.w	4057fa <_dtoa_r+0x21a>
  405f76:	f040 8221 	bne.w	4063bc <_dtoa_r+0xddc>
  405f7a:	2200      	movs	r2, #0
  405f7c:	4b38      	ldr	r3, [pc, #224]	; (406060 <_dtoa_r+0xa80>)
  405f7e:	e9dd 0108 	ldrd	r0, r1, [sp, #32]
  405f82:	f002 f881 	bl	408088 <__aeabi_dmul>
  405f86:	4652      	mov	r2, sl
  405f88:	465b      	mov	r3, fp
  405f8a:	f002 fb03 	bl	408594 <__aeabi_dcmpge>
  405f8e:	f8dd 8028 	ldr.w	r8, [sp, #40]	; 0x28
  405f92:	4646      	mov	r6, r8
  405f94:	2800      	cmp	r0, #0
  405f96:	d041      	beq.n	40601c <_dtoa_r+0xa3c>
  405f98:	9b25      	ldr	r3, [sp, #148]	; 0x94
  405f9a:	9d04      	ldr	r5, [sp, #16]
  405f9c:	43db      	mvns	r3, r3
  405f9e:	9302      	str	r3, [sp, #8]
  405fa0:	4641      	mov	r1, r8
  405fa2:	4620      	mov	r0, r4
  405fa4:	f001 f824 	bl	406ff0 <_Bfree>
  405fa8:	2e00      	cmp	r6, #0
  405faa:	f43f acdd 	beq.w	405968 <_dtoa_r+0x388>
  405fae:	e6a7      	b.n	405d00 <_dtoa_r+0x720>
  405fb0:	9a0c      	ldr	r2, [sp, #48]	; 0x30
  405fb2:	4649      	mov	r1, r9
  405fb4:	4620      	mov	r0, r4
  405fb6:	f001 f951 	bl	40725c <__pow5mult>
  405fba:	4681      	mov	r9, r0
  405fbc:	e558      	b.n	405a70 <_dtoa_r+0x490>
  405fbe:	9a14      	ldr	r2, [sp, #80]	; 0x50
  405fc0:	2a00      	cmp	r2, #0
  405fc2:	f000 8187 	beq.w	4062d4 <_dtoa_r+0xcf4>
  405fc6:	f203 4333 	addw	r3, r3, #1075	; 0x433
  405fca:	9f0c      	ldr	r7, [sp, #48]	; 0x30
  405fcc:	9d08      	ldr	r5, [sp, #32]
  405fce:	e4f2      	b.n	4059b6 <_dtoa_r+0x3d6>
  405fd0:	f1ba 0f00 	cmp.w	sl, #0
  405fd4:	f47f ad75 	bne.w	405ac2 <_dtoa_r+0x4e2>
  405fd8:	e7b4      	b.n	405f44 <_dtoa_r+0x964>
  405fda:	f001 f813 	bl	407004 <__multadd>
  405fde:	4647      	mov	r7, r8
  405fe0:	4606      	mov	r6, r0
  405fe2:	4683      	mov	fp, r0
  405fe4:	e5be      	b.n	405b64 <_dtoa_r+0x584>
  405fe6:	4601      	mov	r1, r0
  405fe8:	4620      	mov	r0, r4
  405fea:	9306      	str	r3, [sp, #24]
  405fec:	f001 f800 	bl	406ff0 <_Bfree>
  405ff0:	2201      	movs	r2, #1
  405ff2:	9b06      	ldr	r3, [sp, #24]
  405ff4:	e5e0      	b.n	405bb8 <_dtoa_r+0x5d8>
  405ff6:	9b24      	ldr	r3, [sp, #144]	; 0x90
  405ff8:	2b02      	cmp	r3, #2
  405ffa:	f77f ad96 	ble.w	405b2a <_dtoa_r+0x54a>
  405ffe:	9b0a      	ldr	r3, [sp, #40]	; 0x28
  406000:	2b00      	cmp	r3, #0
  406002:	d1c9      	bne.n	405f98 <_dtoa_r+0x9b8>
  406004:	4641      	mov	r1, r8
  406006:	2205      	movs	r2, #5
  406008:	4620      	mov	r0, r4
  40600a:	f000 fffb 	bl	407004 <__multadd>
  40600e:	4601      	mov	r1, r0
  406010:	4680      	mov	r8, r0
  406012:	4648      	mov	r0, r9
  406014:	f001 f9c4 	bl	4073a0 <__mcmp>
  406018:	2800      	cmp	r0, #0
  40601a:	ddbd      	ble.n	405f98 <_dtoa_r+0x9b8>
  40601c:	9a02      	ldr	r2, [sp, #8]
  40601e:	9904      	ldr	r1, [sp, #16]
  406020:	2331      	movs	r3, #49	; 0x31
  406022:	3201      	adds	r2, #1
  406024:	9202      	str	r2, [sp, #8]
  406026:	700b      	strb	r3, [r1, #0]
  406028:	1c4d      	adds	r5, r1, #1
  40602a:	e7b9      	b.n	405fa0 <_dtoa_r+0x9c0>
  40602c:	9a02      	ldr	r2, [sp, #8]
  40602e:	3201      	adds	r2, #1
  406030:	9202      	str	r2, [sp, #8]
  406032:	9a04      	ldr	r2, [sp, #16]
  406034:	2331      	movs	r3, #49	; 0x31
  406036:	7013      	strb	r3, [r2, #0]
  406038:	e652      	b.n	405ce0 <_dtoa_r+0x700>
  40603a:	2301      	movs	r3, #1
  40603c:	930b      	str	r3, [sp, #44]	; 0x2c
  40603e:	e666      	b.n	405d0e <_dtoa_r+0x72e>
  406040:	f8dd 902c 	ldr.w	r9, [sp, #44]	; 0x2c
  406044:	9c0c      	ldr	r4, [sp, #48]	; 0x30
  406046:	e48f      	b.n	405968 <_dtoa_r+0x388>
  406048:	00409400 	.word	0x00409400
  40604c:	004093d8 	.word	0x004093d8
  406050:	3ff00000 	.word	0x3ff00000
  406054:	401c0000 	.word	0x401c0000
  406058:	3fe00000 	.word	0x3fe00000
  40605c:	40240000 	.word	0x40240000
  406060:	40140000 	.word	0x40140000
  406064:	4650      	mov	r0, sl
  406066:	f001 ffa9 	bl	407fbc <__aeabi_i2d>
  40606a:	463a      	mov	r2, r7
  40606c:	4643      	mov	r3, r8
  40606e:	f002 f80b 	bl	408088 <__aeabi_dmul>
  406072:	2200      	movs	r2, #0
  406074:	4bc1      	ldr	r3, [pc, #772]	; (40637c <_dtoa_r+0xd9c>)
  406076:	f001 fe55 	bl	407d24 <__adddf3>
  40607a:	4605      	mov	r5, r0
  40607c:	f1a1 7650 	sub.w	r6, r1, #54525952	; 0x3400000
  406080:	4641      	mov	r1, r8
  406082:	2200      	movs	r2, #0
  406084:	4bbe      	ldr	r3, [pc, #760]	; (406380 <_dtoa_r+0xda0>)
  406086:	4638      	mov	r0, r7
  406088:	f001 fe4a 	bl	407d20 <__aeabi_dsub>
  40608c:	462a      	mov	r2, r5
  40608e:	4633      	mov	r3, r6
  406090:	4682      	mov	sl, r0
  406092:	468b      	mov	fp, r1
  406094:	f002 fa88 	bl	4085a8 <__aeabi_dcmpgt>
  406098:	4680      	mov	r8, r0
  40609a:	2800      	cmp	r0, #0
  40609c:	f040 8110 	bne.w	4062c0 <_dtoa_r+0xce0>
  4060a0:	462a      	mov	r2, r5
  4060a2:	f106 4300 	add.w	r3, r6, #2147483648	; 0x80000000
  4060a6:	4650      	mov	r0, sl
  4060a8:	4659      	mov	r1, fp
  4060aa:	f002 fa5f 	bl	40856c <__aeabi_dcmplt>
  4060ae:	b118      	cbz	r0, 4060b8 <_dtoa_r+0xad8>
  4060b0:	4646      	mov	r6, r8
  4060b2:	e771      	b.n	405f98 <_dtoa_r+0x9b8>
  4060b4:	f8dd 9048 	ldr.w	r9, [sp, #72]	; 0x48
  4060b8:	e9dd ab10 	ldrd	sl, fp, [sp, #64]	; 0x40
  4060bc:	f7ff bb8a 	b.w	4057d4 <_dtoa_r+0x1f4>
  4060c0:	9804      	ldr	r0, [sp, #16]
  4060c2:	f7ff babb 	b.w	40563c <_dtoa_r+0x5c>
  4060c6:	9b0c      	ldr	r3, [sp, #48]	; 0x30
  4060c8:	9a0d      	ldr	r2, [sp, #52]	; 0x34
  4060ca:	970c      	str	r7, [sp, #48]	; 0x30
  4060cc:	1afb      	subs	r3, r7, r3
  4060ce:	441a      	add	r2, r3
  4060d0:	920d      	str	r2, [sp, #52]	; 0x34
  4060d2:	2700      	movs	r7, #0
  4060d4:	e469      	b.n	4059aa <_dtoa_r+0x3ca>
  4060d6:	e9dd 2310 	ldrd	r2, r3, [sp, #64]	; 0x40
  4060da:	f04f 0a02 	mov.w	sl, #2
  4060de:	e9cd 2312 	strd	r2, r3, [sp, #72]	; 0x48
  4060e2:	e657      	b.n	405d94 <_dtoa_r+0x7b4>
  4060e4:	2100      	movs	r1, #0
  4060e6:	2301      	movs	r3, #1
  4060e8:	6461      	str	r1, [r4, #68]	; 0x44
  4060ea:	4620      	mov	r0, r4
  4060ec:	9325      	str	r3, [sp, #148]	; 0x94
  4060ee:	f000 ff59 	bl	406fa4 <_Balloc>
  4060f2:	9b25      	ldr	r3, [sp, #148]	; 0x94
  4060f4:	9004      	str	r0, [sp, #16]
  4060f6:	6420      	str	r0, [r4, #64]	; 0x40
  4060f8:	930a      	str	r3, [sp, #40]	; 0x28
  4060fa:	930f      	str	r3, [sp, #60]	; 0x3c
  4060fc:	e629      	b.n	405d52 <_dtoa_r+0x772>
  4060fe:	2a00      	cmp	r2, #0
  406100:	46d0      	mov	r8, sl
  406102:	f8cd b018 	str.w	fp, [sp, #24]
  406106:	469a      	mov	sl, r3
  406108:	dd11      	ble.n	40612e <_dtoa_r+0xb4e>
  40610a:	4649      	mov	r1, r9
  40610c:	2201      	movs	r2, #1
  40610e:	4620      	mov	r0, r4
  406110:	f001 f8f4 	bl	4072fc <__lshift>
  406114:	4641      	mov	r1, r8
  406116:	4681      	mov	r9, r0
  406118:	f001 f942 	bl	4073a0 <__mcmp>
  40611c:	2800      	cmp	r0, #0
  40611e:	f340 8146 	ble.w	4063ae <_dtoa_r+0xdce>
  406122:	f1ba 0f39 	cmp.w	sl, #57	; 0x39
  406126:	f000 8106 	beq.w	406336 <_dtoa_r+0xd56>
  40612a:	f105 0a31 	add.w	sl, r5, #49	; 0x31
  40612e:	46b3      	mov	fp, r6
  406130:	f887 a000 	strb.w	sl, [r7]
  406134:	1c7d      	adds	r5, r7, #1
  406136:	9e06      	ldr	r6, [sp, #24]
  406138:	e5d2      	b.n	405ce0 <_dtoa_r+0x700>
  40613a:	d104      	bne.n	406146 <_dtoa_r+0xb66>
  40613c:	f01a 0f01 	tst.w	sl, #1
  406140:	d001      	beq.n	406146 <_dtoa_r+0xb66>
  406142:	e5bd      	b.n	405cc0 <_dtoa_r+0x6e0>
  406144:	4615      	mov	r5, r2
  406146:	f815 3c01 	ldrb.w	r3, [r5, #-1]
  40614a:	2b30      	cmp	r3, #48	; 0x30
  40614c:	f105 32ff 	add.w	r2, r5, #4294967295
  406150:	d0f8      	beq.n	406144 <_dtoa_r+0xb64>
  406152:	e5c5      	b.n	405ce0 <_dtoa_r+0x700>
  406154:	9904      	ldr	r1, [sp, #16]
  406156:	2230      	movs	r2, #48	; 0x30
  406158:	700a      	strb	r2, [r1, #0]
  40615a:	9a02      	ldr	r2, [sp, #8]
  40615c:	f815 8c01 	ldrb.w	r8, [r5, #-1]
  406160:	3201      	adds	r2, #1
  406162:	9202      	str	r2, [sp, #8]
  406164:	f7ff bbfc 	b.w	405960 <_dtoa_r+0x380>
  406168:	f000 80bb 	beq.w	4062e2 <_dtoa_r+0xd02>
  40616c:	9b02      	ldr	r3, [sp, #8]
  40616e:	425d      	negs	r5, r3
  406170:	4b84      	ldr	r3, [pc, #528]	; (406384 <_dtoa_r+0xda4>)
  406172:	f005 020f 	and.w	r2, r5, #15
  406176:	eb03 03c2 	add.w	r3, r3, r2, lsl #3
  40617a:	e9d3 2300 	ldrd	r2, r3, [r3]
  40617e:	e9dd 0110 	ldrd	r0, r1, [sp, #64]	; 0x40
  406182:	f001 ff81 	bl	408088 <__aeabi_dmul>
  406186:	112d      	asrs	r5, r5, #4
  406188:	4607      	mov	r7, r0
  40618a:	4688      	mov	r8, r1
  40618c:	f000 812c 	beq.w	4063e8 <_dtoa_r+0xe08>
  406190:	4e7d      	ldr	r6, [pc, #500]	; (406388 <_dtoa_r+0xda8>)
  406192:	f04f 0a02 	mov.w	sl, #2
  406196:	07eb      	lsls	r3, r5, #31
  406198:	d509      	bpl.n	4061ae <_dtoa_r+0xbce>
  40619a:	4638      	mov	r0, r7
  40619c:	4641      	mov	r1, r8
  40619e:	e9d6 2300 	ldrd	r2, r3, [r6]
  4061a2:	f001 ff71 	bl	408088 <__aeabi_dmul>
  4061a6:	f10a 0a01 	add.w	sl, sl, #1
  4061aa:	4607      	mov	r7, r0
  4061ac:	4688      	mov	r8, r1
  4061ae:	106d      	asrs	r5, r5, #1
  4061b0:	f106 0608 	add.w	r6, r6, #8
  4061b4:	d1ef      	bne.n	406196 <_dtoa_r+0xbb6>
  4061b6:	e608      	b.n	405dca <_dtoa_r+0x7ea>
  4061b8:	6871      	ldr	r1, [r6, #4]
  4061ba:	4620      	mov	r0, r4
  4061bc:	f000 fef2 	bl	406fa4 <_Balloc>
  4061c0:	6933      	ldr	r3, [r6, #16]
  4061c2:	3302      	adds	r3, #2
  4061c4:	009a      	lsls	r2, r3, #2
  4061c6:	4605      	mov	r5, r0
  4061c8:	f106 010c 	add.w	r1, r6, #12
  4061cc:	300c      	adds	r0, #12
  4061ce:	f000 fddf 	bl	406d90 <memcpy>
  4061d2:	4629      	mov	r1, r5
  4061d4:	2201      	movs	r2, #1
  4061d6:	4620      	mov	r0, r4
  4061d8:	f001 f890 	bl	4072fc <__lshift>
  4061dc:	9006      	str	r0, [sp, #24]
  4061de:	e4b5      	b.n	405b4c <_dtoa_r+0x56c>
  4061e0:	2b39      	cmp	r3, #57	; 0x39
  4061e2:	f8cd b018 	str.w	fp, [sp, #24]
  4061e6:	46d0      	mov	r8, sl
  4061e8:	f000 80a5 	beq.w	406336 <_dtoa_r+0xd56>
  4061ec:	f103 0a01 	add.w	sl, r3, #1
  4061f0:	46b3      	mov	fp, r6
  4061f2:	f887 a000 	strb.w	sl, [r7]
  4061f6:	1c7d      	adds	r5, r7, #1
  4061f8:	9e06      	ldr	r6, [sp, #24]
  4061fa:	e571      	b.n	405ce0 <_dtoa_r+0x700>
  4061fc:	465a      	mov	r2, fp
  4061fe:	46d0      	mov	r8, sl
  406200:	46b3      	mov	fp, r6
  406202:	469a      	mov	sl, r3
  406204:	4616      	mov	r6, r2
  406206:	e54f      	b.n	405ca8 <_dtoa_r+0x6c8>
  406208:	9b12      	ldr	r3, [sp, #72]	; 0x48
  40620a:	495e      	ldr	r1, [pc, #376]	; (406384 <_dtoa_r+0xda4>)
  40620c:	eb01 01c3 	add.w	r1, r1, r3, lsl #3
  406210:	462a      	mov	r2, r5
  406212:	4633      	mov	r3, r6
  406214:	e951 0102 	ldrd	r0, r1, [r1, #-8]
  406218:	f001 ff36 	bl	408088 <__aeabi_dmul>
  40621c:	e9cd 0116 	strd	r0, r1, [sp, #88]	; 0x58
  406220:	4638      	mov	r0, r7
  406222:	4641      	mov	r1, r8
  406224:	f002 f9e0 	bl	4085e8 <__aeabi_d2iz>
  406228:	4605      	mov	r5, r0
  40622a:	f001 fec7 	bl	407fbc <__aeabi_i2d>
  40622e:	460b      	mov	r3, r1
  406230:	4602      	mov	r2, r0
  406232:	4641      	mov	r1, r8
  406234:	4638      	mov	r0, r7
  406236:	f001 fd73 	bl	407d20 <__aeabi_dsub>
  40623a:	9b12      	ldr	r3, [sp, #72]	; 0x48
  40623c:	460f      	mov	r7, r1
  40623e:	9904      	ldr	r1, [sp, #16]
  406240:	3530      	adds	r5, #48	; 0x30
  406242:	2b01      	cmp	r3, #1
  406244:	700d      	strb	r5, [r1, #0]
  406246:	4606      	mov	r6, r0
  406248:	f101 0501 	add.w	r5, r1, #1
  40624c:	d026      	beq.n	40629c <_dtoa_r+0xcbc>
  40624e:	9b12      	ldr	r3, [sp, #72]	; 0x48
  406250:	9a04      	ldr	r2, [sp, #16]
  406252:	f8df b13c 	ldr.w	fp, [pc, #316]	; 406390 <_dtoa_r+0xdb0>
  406256:	f8cd 9048 	str.w	r9, [sp, #72]	; 0x48
  40625a:	4413      	add	r3, r2
  40625c:	f04f 0a00 	mov.w	sl, #0
  406260:	4699      	mov	r9, r3
  406262:	4652      	mov	r2, sl
  406264:	465b      	mov	r3, fp
  406266:	4630      	mov	r0, r6
  406268:	4639      	mov	r1, r7
  40626a:	f001 ff0d 	bl	408088 <__aeabi_dmul>
  40626e:	460f      	mov	r7, r1
  406270:	4606      	mov	r6, r0
  406272:	f002 f9b9 	bl	4085e8 <__aeabi_d2iz>
  406276:	4680      	mov	r8, r0
  406278:	f001 fea0 	bl	407fbc <__aeabi_i2d>
  40627c:	f108 0830 	add.w	r8, r8, #48	; 0x30
  406280:	4602      	mov	r2, r0
  406282:	460b      	mov	r3, r1
  406284:	4630      	mov	r0, r6
  406286:	4639      	mov	r1, r7
  406288:	f001 fd4a 	bl	407d20 <__aeabi_dsub>
  40628c:	f805 8b01 	strb.w	r8, [r5], #1
  406290:	454d      	cmp	r5, r9
  406292:	4606      	mov	r6, r0
  406294:	460f      	mov	r7, r1
  406296:	d1e4      	bne.n	406262 <_dtoa_r+0xc82>
  406298:	f8dd 9048 	ldr.w	r9, [sp, #72]	; 0x48
  40629c:	4b3b      	ldr	r3, [pc, #236]	; (40638c <_dtoa_r+0xdac>)
  40629e:	2200      	movs	r2, #0
  4062a0:	e9dd 0116 	ldrd	r0, r1, [sp, #88]	; 0x58
  4062a4:	f001 fd3e 	bl	407d24 <__adddf3>
  4062a8:	4632      	mov	r2, r6
  4062aa:	463b      	mov	r3, r7
  4062ac:	f002 f95e 	bl	40856c <__aeabi_dcmplt>
  4062b0:	2800      	cmp	r0, #0
  4062b2:	d046      	beq.n	406342 <_dtoa_r+0xd62>
  4062b4:	9b15      	ldr	r3, [sp, #84]	; 0x54
  4062b6:	9302      	str	r3, [sp, #8]
  4062b8:	f815 8c01 	ldrb.w	r8, [r5, #-1]
  4062bc:	f7ff bb43 	b.w	405946 <_dtoa_r+0x366>
  4062c0:	f04f 0800 	mov.w	r8, #0
  4062c4:	4646      	mov	r6, r8
  4062c6:	e6a9      	b.n	40601c <_dtoa_r+0xa3c>
  4062c8:	9b08      	ldr	r3, [sp, #32]
  4062ca:	9a0a      	ldr	r2, [sp, #40]	; 0x28
  4062cc:	1a9d      	subs	r5, r3, r2
  4062ce:	2300      	movs	r3, #0
  4062d0:	f7ff bb71 	b.w	4059b6 <_dtoa_r+0x3d6>
  4062d4:	9b18      	ldr	r3, [sp, #96]	; 0x60
  4062d6:	9f0c      	ldr	r7, [sp, #48]	; 0x30
  4062d8:	9d08      	ldr	r5, [sp, #32]
  4062da:	f1c3 0336 	rsb	r3, r3, #54	; 0x36
  4062de:	f7ff bb6a 	b.w	4059b6 <_dtoa_r+0x3d6>
  4062e2:	e9dd 7810 	ldrd	r7, r8, [sp, #64]	; 0x40
  4062e6:	f04f 0a02 	mov.w	sl, #2
  4062ea:	e56e      	b.n	405dca <_dtoa_r+0x7ea>
  4062ec:	9b0a      	ldr	r3, [sp, #40]	; 0x28
  4062ee:	2b00      	cmp	r3, #0
  4062f0:	f43f aeb8 	beq.w	406064 <_dtoa_r+0xa84>
  4062f4:	9b0f      	ldr	r3, [sp, #60]	; 0x3c
  4062f6:	2b00      	cmp	r3, #0
  4062f8:	f77f aede 	ble.w	4060b8 <_dtoa_r+0xad8>
  4062fc:	2200      	movs	r2, #0
  4062fe:	4b24      	ldr	r3, [pc, #144]	; (406390 <_dtoa_r+0xdb0>)
  406300:	4638      	mov	r0, r7
  406302:	4641      	mov	r1, r8
  406304:	f001 fec0 	bl	408088 <__aeabi_dmul>
  406308:	4607      	mov	r7, r0
  40630a:	4688      	mov	r8, r1
  40630c:	f10a 0001 	add.w	r0, sl, #1
  406310:	f001 fe54 	bl	407fbc <__aeabi_i2d>
  406314:	463a      	mov	r2, r7
  406316:	4643      	mov	r3, r8
  406318:	f001 feb6 	bl	408088 <__aeabi_dmul>
  40631c:	2200      	movs	r2, #0
  40631e:	4b17      	ldr	r3, [pc, #92]	; (40637c <_dtoa_r+0xd9c>)
  406320:	f001 fd00 	bl	407d24 <__adddf3>
  406324:	9a02      	ldr	r2, [sp, #8]
  406326:	9b0f      	ldr	r3, [sp, #60]	; 0x3c
  406328:	9312      	str	r3, [sp, #72]	; 0x48
  40632a:	3a01      	subs	r2, #1
  40632c:	4605      	mov	r5, r0
  40632e:	f1a1 7650 	sub.w	r6, r1, #54525952	; 0x3400000
  406332:	9215      	str	r2, [sp, #84]	; 0x54
  406334:	e56a      	b.n	405e0c <_dtoa_r+0x82c>
  406336:	2239      	movs	r2, #57	; 0x39
  406338:	46b3      	mov	fp, r6
  40633a:	703a      	strb	r2, [r7, #0]
  40633c:	9e06      	ldr	r6, [sp, #24]
  40633e:	1c7d      	adds	r5, r7, #1
  406340:	e4c0      	b.n	405cc4 <_dtoa_r+0x6e4>
  406342:	e9dd 2316 	ldrd	r2, r3, [sp, #88]	; 0x58
  406346:	2000      	movs	r0, #0
  406348:	4910      	ldr	r1, [pc, #64]	; (40638c <_dtoa_r+0xdac>)
  40634a:	f001 fce9 	bl	407d20 <__aeabi_dsub>
  40634e:	4632      	mov	r2, r6
  406350:	463b      	mov	r3, r7
  406352:	f002 f929 	bl	4085a8 <__aeabi_dcmpgt>
  406356:	b908      	cbnz	r0, 40635c <_dtoa_r+0xd7c>
  406358:	e6ae      	b.n	4060b8 <_dtoa_r+0xad8>
  40635a:	4615      	mov	r5, r2
  40635c:	f815 3c01 	ldrb.w	r3, [r5, #-1]
  406360:	2b30      	cmp	r3, #48	; 0x30
  406362:	f105 32ff 	add.w	r2, r5, #4294967295
  406366:	d0f8      	beq.n	40635a <_dtoa_r+0xd7a>
  406368:	e5d7      	b.n	405f1a <_dtoa_r+0x93a>
  40636a:	f8dd 9048 	ldr.w	r9, [sp, #72]	; 0x48
  40636e:	9b15      	ldr	r3, [sp, #84]	; 0x54
  406370:	9302      	str	r3, [sp, #8]
  406372:	f7ff bae8 	b.w	405946 <_dtoa_r+0x366>
  406376:	970c      	str	r7, [sp, #48]	; 0x30
  406378:	f7ff bba5 	b.w	405ac6 <_dtoa_r+0x4e6>
  40637c:	401c0000 	.word	0x401c0000
  406380:	40140000 	.word	0x40140000
  406384:	00409400 	.word	0x00409400
  406388:	004093d8 	.word	0x004093d8
  40638c:	3fe00000 	.word	0x3fe00000
  406390:	40240000 	.word	0x40240000
  406394:	2b39      	cmp	r3, #57	; 0x39
  406396:	f8cd b018 	str.w	fp, [sp, #24]
  40639a:	46d0      	mov	r8, sl
  40639c:	f8dd b028 	ldr.w	fp, [sp, #40]	; 0x28
  4063a0:	469a      	mov	sl, r3
  4063a2:	d0c8      	beq.n	406336 <_dtoa_r+0xd56>
  4063a4:	f1bb 0f00 	cmp.w	fp, #0
  4063a8:	f73f aebf 	bgt.w	40612a <_dtoa_r+0xb4a>
  4063ac:	e6bf      	b.n	40612e <_dtoa_r+0xb4e>
  4063ae:	f47f aebe 	bne.w	40612e <_dtoa_r+0xb4e>
  4063b2:	f01a 0f01 	tst.w	sl, #1
  4063b6:	f43f aeba 	beq.w	40612e <_dtoa_r+0xb4e>
  4063ba:	e6b2      	b.n	406122 <_dtoa_r+0xb42>
  4063bc:	f04f 0800 	mov.w	r8, #0
  4063c0:	4646      	mov	r6, r8
  4063c2:	e5e9      	b.n	405f98 <_dtoa_r+0x9b8>
  4063c4:	4631      	mov	r1, r6
  4063c6:	2300      	movs	r3, #0
  4063c8:	220a      	movs	r2, #10
  4063ca:	4620      	mov	r0, r4
  4063cc:	f000 fe1a 	bl	407004 <__multadd>
  4063d0:	9b0f      	ldr	r3, [sp, #60]	; 0x3c
  4063d2:	2b00      	cmp	r3, #0
  4063d4:	4606      	mov	r6, r0
  4063d6:	dd0a      	ble.n	4063ee <_dtoa_r+0xe0e>
  4063d8:	930a      	str	r3, [sp, #40]	; 0x28
  4063da:	f7ff bbaa 	b.w	405b32 <_dtoa_r+0x552>
  4063de:	9b24      	ldr	r3, [sp, #144]	; 0x90
  4063e0:	2b02      	cmp	r3, #2
  4063e2:	dc23      	bgt.n	40642c <_dtoa_r+0xe4c>
  4063e4:	9b0f      	ldr	r3, [sp, #60]	; 0x3c
  4063e6:	e43b      	b.n	405c60 <_dtoa_r+0x680>
  4063e8:	f04f 0a02 	mov.w	sl, #2
  4063ec:	e4ed      	b.n	405dca <_dtoa_r+0x7ea>
  4063ee:	9b24      	ldr	r3, [sp, #144]	; 0x90
  4063f0:	2b02      	cmp	r3, #2
  4063f2:	dc1b      	bgt.n	40642c <_dtoa_r+0xe4c>
  4063f4:	9b0f      	ldr	r3, [sp, #60]	; 0x3c
  4063f6:	e7ef      	b.n	4063d8 <_dtoa_r+0xdf8>
  4063f8:	2500      	movs	r5, #0
  4063fa:	6465      	str	r5, [r4, #68]	; 0x44
  4063fc:	4629      	mov	r1, r5
  4063fe:	4620      	mov	r0, r4
  406400:	f000 fdd0 	bl	406fa4 <_Balloc>
  406404:	f04f 33ff 	mov.w	r3, #4294967295
  406408:	930a      	str	r3, [sp, #40]	; 0x28
  40640a:	930f      	str	r3, [sp, #60]	; 0x3c
  40640c:	2301      	movs	r3, #1
  40640e:	9004      	str	r0, [sp, #16]
  406410:	9525      	str	r5, [sp, #148]	; 0x94
  406412:	6420      	str	r0, [r4, #64]	; 0x40
  406414:	930b      	str	r3, [sp, #44]	; 0x2c
  406416:	f7ff b9dd 	b.w	4057d4 <_dtoa_r+0x1f4>
  40641a:	2501      	movs	r5, #1
  40641c:	f7ff b9a5 	b.w	40576a <_dtoa_r+0x18a>
  406420:	f43f ab69 	beq.w	405af6 <_dtoa_r+0x516>
  406424:	f1c0 003c 	rsb	r0, r0, #60	; 0x3c
  406428:	f7ff bbf9 	b.w	405c1e <_dtoa_r+0x63e>
  40642c:	9b0f      	ldr	r3, [sp, #60]	; 0x3c
  40642e:	930a      	str	r3, [sp, #40]	; 0x28
  406430:	e5e5      	b.n	405ffe <_dtoa_r+0xa1e>
  406432:	bf00      	nop

00406434 <__libc_fini_array>:
  406434:	b538      	push	{r3, r4, r5, lr}
  406436:	4c0a      	ldr	r4, [pc, #40]	; (406460 <__libc_fini_array+0x2c>)
  406438:	4d0a      	ldr	r5, [pc, #40]	; (406464 <__libc_fini_array+0x30>)
  40643a:	1b64      	subs	r4, r4, r5
  40643c:	10a4      	asrs	r4, r4, #2
  40643e:	d00a      	beq.n	406456 <__libc_fini_array+0x22>
  406440:	f104 4380 	add.w	r3, r4, #1073741824	; 0x40000000
  406444:	3b01      	subs	r3, #1
  406446:	eb05 0583 	add.w	r5, r5, r3, lsl #2
  40644a:	3c01      	subs	r4, #1
  40644c:	f855 3904 	ldr.w	r3, [r5], #-4
  406450:	4798      	blx	r3
  406452:	2c00      	cmp	r4, #0
  406454:	d1f9      	bne.n	40644a <__libc_fini_array+0x16>
  406456:	e8bd 4038 	ldmia.w	sp!, {r3, r4, r5, lr}
  40645a:	f003 b8c7 	b.w	4095ec <_fini>
  40645e:	bf00      	nop
  406460:	004095fc 	.word	0x004095fc
  406464:	004095f8 	.word	0x004095f8

00406468 <_malloc_trim_r>:
  406468:	b5f8      	push	{r3, r4, r5, r6, r7, lr}
  40646a:	4f24      	ldr	r7, [pc, #144]	; (4064fc <_malloc_trim_r+0x94>)
  40646c:	460c      	mov	r4, r1
  40646e:	4606      	mov	r6, r0
  406470:	f000 fd8c 	bl	406f8c <__malloc_lock>
  406474:	68bb      	ldr	r3, [r7, #8]
  406476:	685d      	ldr	r5, [r3, #4]
  406478:	f5c4 617e 	rsb	r1, r4, #4064	; 0xfe0
  40647c:	310f      	adds	r1, #15
  40647e:	f025 0503 	bic.w	r5, r5, #3
  406482:	4429      	add	r1, r5
  406484:	f421 617f 	bic.w	r1, r1, #4080	; 0xff0
  406488:	f021 010f 	bic.w	r1, r1, #15
  40648c:	f5a1 5480 	sub.w	r4, r1, #4096	; 0x1000
  406490:	f5b4 5f80 	cmp.w	r4, #4096	; 0x1000
  406494:	db07      	blt.n	4064a6 <_malloc_trim_r+0x3e>
  406496:	2100      	movs	r1, #0
  406498:	4630      	mov	r0, r6
  40649a:	f001 fa23 	bl	4078e4 <_sbrk_r>
  40649e:	68bb      	ldr	r3, [r7, #8]
  4064a0:	442b      	add	r3, r5
  4064a2:	4298      	cmp	r0, r3
  4064a4:	d004      	beq.n	4064b0 <_malloc_trim_r+0x48>
  4064a6:	4630      	mov	r0, r6
  4064a8:	f000 fd76 	bl	406f98 <__malloc_unlock>
  4064ac:	2000      	movs	r0, #0
  4064ae:	bdf8      	pop	{r3, r4, r5, r6, r7, pc}
  4064b0:	4261      	negs	r1, r4
  4064b2:	4630      	mov	r0, r6
  4064b4:	f001 fa16 	bl	4078e4 <_sbrk_r>
  4064b8:	3001      	adds	r0, #1
  4064ba:	d00d      	beq.n	4064d8 <_malloc_trim_r+0x70>
  4064bc:	4b10      	ldr	r3, [pc, #64]	; (406500 <_malloc_trim_r+0x98>)
  4064be:	68ba      	ldr	r2, [r7, #8]
  4064c0:	6819      	ldr	r1, [r3, #0]
  4064c2:	1b2d      	subs	r5, r5, r4
  4064c4:	f045 0501 	orr.w	r5, r5, #1
  4064c8:	4630      	mov	r0, r6
  4064ca:	1b09      	subs	r1, r1, r4
  4064cc:	6055      	str	r5, [r2, #4]
  4064ce:	6019      	str	r1, [r3, #0]
  4064d0:	f000 fd62 	bl	406f98 <__malloc_unlock>
  4064d4:	2001      	movs	r0, #1
  4064d6:	bdf8      	pop	{r3, r4, r5, r6, r7, pc}
  4064d8:	2100      	movs	r1, #0
  4064da:	4630      	mov	r0, r6
  4064dc:	f001 fa02 	bl	4078e4 <_sbrk_r>
  4064e0:	68ba      	ldr	r2, [r7, #8]
  4064e2:	1a83      	subs	r3, r0, r2
  4064e4:	2b0f      	cmp	r3, #15
  4064e6:	ddde      	ble.n	4064a6 <_malloc_trim_r+0x3e>
  4064e8:	4c06      	ldr	r4, [pc, #24]	; (406504 <_malloc_trim_r+0x9c>)
  4064ea:	4905      	ldr	r1, [pc, #20]	; (406500 <_malloc_trim_r+0x98>)
  4064ec:	6824      	ldr	r4, [r4, #0]
  4064ee:	f043 0301 	orr.w	r3, r3, #1
  4064f2:	1b00      	subs	r0, r0, r4
  4064f4:	6053      	str	r3, [r2, #4]
  4064f6:	6008      	str	r0, [r1, #0]
  4064f8:	e7d5      	b.n	4064a6 <_malloc_trim_r+0x3e>
  4064fa:	bf00      	nop
  4064fc:	200005b0 	.word	0x200005b0
  406500:	20000a9c 	.word	0x20000a9c
  406504:	200009b8 	.word	0x200009b8

00406508 <_free_r>:
  406508:	2900      	cmp	r1, #0
  40650a:	d044      	beq.n	406596 <_free_r+0x8e>
  40650c:	e92d 41f0 	stmdb	sp!, {r4, r5, r6, r7, r8, lr}
  406510:	460d      	mov	r5, r1
  406512:	4680      	mov	r8, r0
  406514:	f000 fd3a 	bl	406f8c <__malloc_lock>
  406518:	f855 7c04 	ldr.w	r7, [r5, #-4]
  40651c:	4969      	ldr	r1, [pc, #420]	; (4066c4 <_free_r+0x1bc>)
  40651e:	f027 0301 	bic.w	r3, r7, #1
  406522:	f1a5 0408 	sub.w	r4, r5, #8
  406526:	18e2      	adds	r2, r4, r3
  406528:	688e      	ldr	r6, [r1, #8]
  40652a:	6850      	ldr	r0, [r2, #4]
  40652c:	42b2      	cmp	r2, r6
  40652e:	f020 0003 	bic.w	r0, r0, #3
  406532:	d05e      	beq.n	4065f2 <_free_r+0xea>
  406534:	07fe      	lsls	r6, r7, #31
  406536:	6050      	str	r0, [r2, #4]
  406538:	d40b      	bmi.n	406552 <_free_r+0x4a>
  40653a:	f855 7c08 	ldr.w	r7, [r5, #-8]
  40653e:	1be4      	subs	r4, r4, r7
  406540:	f101 0e08 	add.w	lr, r1, #8
  406544:	68a5      	ldr	r5, [r4, #8]
  406546:	4575      	cmp	r5, lr
  406548:	443b      	add	r3, r7
  40654a:	d06d      	beq.n	406628 <_free_r+0x120>
  40654c:	68e7      	ldr	r7, [r4, #12]
  40654e:	60ef      	str	r7, [r5, #12]
  406550:	60bd      	str	r5, [r7, #8]
  406552:	1815      	adds	r5, r2, r0
  406554:	686d      	ldr	r5, [r5, #4]
  406556:	07ed      	lsls	r5, r5, #31
  406558:	d53e      	bpl.n	4065d8 <_free_r+0xd0>
  40655a:	f043 0201 	orr.w	r2, r3, #1
  40655e:	6062      	str	r2, [r4, #4]
  406560:	50e3      	str	r3, [r4, r3]
  406562:	f5b3 7f00 	cmp.w	r3, #512	; 0x200
  406566:	d217      	bcs.n	406598 <_free_r+0x90>
  406568:	08db      	lsrs	r3, r3, #3
  40656a:	1c58      	adds	r0, r3, #1
  40656c:	109a      	asrs	r2, r3, #2
  40656e:	684d      	ldr	r5, [r1, #4]
  406570:	f851 7030 	ldr.w	r7, [r1, r0, lsl #3]
  406574:	60a7      	str	r7, [r4, #8]
  406576:	2301      	movs	r3, #1
  406578:	4093      	lsls	r3, r2
  40657a:	eb01 02c0 	add.w	r2, r1, r0, lsl #3
  40657e:	432b      	orrs	r3, r5
  406580:	3a08      	subs	r2, #8
  406582:	60e2      	str	r2, [r4, #12]
  406584:	604b      	str	r3, [r1, #4]
  406586:	f841 4030 	str.w	r4, [r1, r0, lsl #3]
  40658a:	60fc      	str	r4, [r7, #12]
  40658c:	4640      	mov	r0, r8
  40658e:	e8bd 41f0 	ldmia.w	sp!, {r4, r5, r6, r7, r8, lr}
  406592:	f000 bd01 	b.w	406f98 <__malloc_unlock>
  406596:	4770      	bx	lr
  406598:	0a5a      	lsrs	r2, r3, #9
  40659a:	2a04      	cmp	r2, #4
  40659c:	d852      	bhi.n	406644 <_free_r+0x13c>
  40659e:	099a      	lsrs	r2, r3, #6
  4065a0:	f102 0739 	add.w	r7, r2, #57	; 0x39
  4065a4:	00ff      	lsls	r7, r7, #3
  4065a6:	f102 0538 	add.w	r5, r2, #56	; 0x38
  4065aa:	19c8      	adds	r0, r1, r7
  4065ac:	59ca      	ldr	r2, [r1, r7]
  4065ae:	3808      	subs	r0, #8
  4065b0:	4290      	cmp	r0, r2
  4065b2:	d04f      	beq.n	406654 <_free_r+0x14c>
  4065b4:	6851      	ldr	r1, [r2, #4]
  4065b6:	f021 0103 	bic.w	r1, r1, #3
  4065ba:	428b      	cmp	r3, r1
  4065bc:	d232      	bcs.n	406624 <_free_r+0x11c>
  4065be:	6892      	ldr	r2, [r2, #8]
  4065c0:	4290      	cmp	r0, r2
  4065c2:	d1f7      	bne.n	4065b4 <_free_r+0xac>
  4065c4:	68c3      	ldr	r3, [r0, #12]
  4065c6:	60a0      	str	r0, [r4, #8]
  4065c8:	60e3      	str	r3, [r4, #12]
  4065ca:	609c      	str	r4, [r3, #8]
  4065cc:	60c4      	str	r4, [r0, #12]
  4065ce:	4640      	mov	r0, r8
  4065d0:	e8bd 41f0 	ldmia.w	sp!, {r4, r5, r6, r7, r8, lr}
  4065d4:	f000 bce0 	b.w	406f98 <__malloc_unlock>
  4065d8:	6895      	ldr	r5, [r2, #8]
  4065da:	4f3b      	ldr	r7, [pc, #236]	; (4066c8 <_free_r+0x1c0>)
  4065dc:	42bd      	cmp	r5, r7
  4065de:	4403      	add	r3, r0
  4065e0:	d040      	beq.n	406664 <_free_r+0x15c>
  4065e2:	68d0      	ldr	r0, [r2, #12]
  4065e4:	60e8      	str	r0, [r5, #12]
  4065e6:	f043 0201 	orr.w	r2, r3, #1
  4065ea:	6085      	str	r5, [r0, #8]
  4065ec:	6062      	str	r2, [r4, #4]
  4065ee:	50e3      	str	r3, [r4, r3]
  4065f0:	e7b7      	b.n	406562 <_free_r+0x5a>
  4065f2:	07ff      	lsls	r7, r7, #31
  4065f4:	4403      	add	r3, r0
  4065f6:	d407      	bmi.n	406608 <_free_r+0x100>
  4065f8:	f855 2c08 	ldr.w	r2, [r5, #-8]
  4065fc:	1aa4      	subs	r4, r4, r2
  4065fe:	4413      	add	r3, r2
  406600:	68a0      	ldr	r0, [r4, #8]
  406602:	68e2      	ldr	r2, [r4, #12]
  406604:	60c2      	str	r2, [r0, #12]
  406606:	6090      	str	r0, [r2, #8]
  406608:	4a30      	ldr	r2, [pc, #192]	; (4066cc <_free_r+0x1c4>)
  40660a:	6812      	ldr	r2, [r2, #0]
  40660c:	f043 0001 	orr.w	r0, r3, #1
  406610:	4293      	cmp	r3, r2
  406612:	6060      	str	r0, [r4, #4]
  406614:	608c      	str	r4, [r1, #8]
  406616:	d3b9      	bcc.n	40658c <_free_r+0x84>
  406618:	4b2d      	ldr	r3, [pc, #180]	; (4066d0 <_free_r+0x1c8>)
  40661a:	4640      	mov	r0, r8
  40661c:	6819      	ldr	r1, [r3, #0]
  40661e:	f7ff ff23 	bl	406468 <_malloc_trim_r>
  406622:	e7b3      	b.n	40658c <_free_r+0x84>
  406624:	4610      	mov	r0, r2
  406626:	e7cd      	b.n	4065c4 <_free_r+0xbc>
  406628:	1811      	adds	r1, r2, r0
  40662a:	6849      	ldr	r1, [r1, #4]
  40662c:	07c9      	lsls	r1, r1, #31
  40662e:	d444      	bmi.n	4066ba <_free_r+0x1b2>
  406630:	6891      	ldr	r1, [r2, #8]
  406632:	68d2      	ldr	r2, [r2, #12]
  406634:	60ca      	str	r2, [r1, #12]
  406636:	4403      	add	r3, r0
  406638:	f043 0001 	orr.w	r0, r3, #1
  40663c:	6091      	str	r1, [r2, #8]
  40663e:	6060      	str	r0, [r4, #4]
  406640:	50e3      	str	r3, [r4, r3]
  406642:	e7a3      	b.n	40658c <_free_r+0x84>
  406644:	2a14      	cmp	r2, #20
  406646:	d816      	bhi.n	406676 <_free_r+0x16e>
  406648:	f102 075c 	add.w	r7, r2, #92	; 0x5c
  40664c:	00ff      	lsls	r7, r7, #3
  40664e:	f102 055b 	add.w	r5, r2, #91	; 0x5b
  406652:	e7aa      	b.n	4065aa <_free_r+0xa2>
  406654:	10aa      	asrs	r2, r5, #2
  406656:	2301      	movs	r3, #1
  406658:	684d      	ldr	r5, [r1, #4]
  40665a:	4093      	lsls	r3, r2
  40665c:	432b      	orrs	r3, r5
  40665e:	604b      	str	r3, [r1, #4]
  406660:	4603      	mov	r3, r0
  406662:	e7b0      	b.n	4065c6 <_free_r+0xbe>
  406664:	f043 0201 	orr.w	r2, r3, #1
  406668:	614c      	str	r4, [r1, #20]
  40666a:	610c      	str	r4, [r1, #16]
  40666c:	60e5      	str	r5, [r4, #12]
  40666e:	60a5      	str	r5, [r4, #8]
  406670:	6062      	str	r2, [r4, #4]
  406672:	50e3      	str	r3, [r4, r3]
  406674:	e78a      	b.n	40658c <_free_r+0x84>
  406676:	2a54      	cmp	r2, #84	; 0x54
  406678:	d806      	bhi.n	406688 <_free_r+0x180>
  40667a:	0b1a      	lsrs	r2, r3, #12
  40667c:	f102 076f 	add.w	r7, r2, #111	; 0x6f
  406680:	00ff      	lsls	r7, r7, #3
  406682:	f102 056e 	add.w	r5, r2, #110	; 0x6e
  406686:	e790      	b.n	4065aa <_free_r+0xa2>
  406688:	f5b2 7faa 	cmp.w	r2, #340	; 0x154
  40668c:	d806      	bhi.n	40669c <_free_r+0x194>
  40668e:	0bda      	lsrs	r2, r3, #15
  406690:	f102 0778 	add.w	r7, r2, #120	; 0x78
  406694:	00ff      	lsls	r7, r7, #3
  406696:	f102 0577 	add.w	r5, r2, #119	; 0x77
  40669a:	e786      	b.n	4065aa <_free_r+0xa2>
  40669c:	f240 5054 	movw	r0, #1364	; 0x554
  4066a0:	4282      	cmp	r2, r0
  4066a2:	d806      	bhi.n	4066b2 <_free_r+0x1aa>
  4066a4:	0c9a      	lsrs	r2, r3, #18
  4066a6:	f102 077d 	add.w	r7, r2, #125	; 0x7d
  4066aa:	00ff      	lsls	r7, r7, #3
  4066ac:	f102 057c 	add.w	r5, r2, #124	; 0x7c
  4066b0:	e77b      	b.n	4065aa <_free_r+0xa2>
  4066b2:	f44f 777e 	mov.w	r7, #1016	; 0x3f8
  4066b6:	257e      	movs	r5, #126	; 0x7e
  4066b8:	e777      	b.n	4065aa <_free_r+0xa2>
  4066ba:	f043 0101 	orr.w	r1, r3, #1
  4066be:	6061      	str	r1, [r4, #4]
  4066c0:	6013      	str	r3, [r2, #0]
  4066c2:	e763      	b.n	40658c <_free_r+0x84>
  4066c4:	200005b0 	.word	0x200005b0
  4066c8:	200005b8 	.word	0x200005b8
  4066cc:	200009bc 	.word	0x200009bc
  4066d0:	20000acc 	.word	0x20000acc

004066d4 <_localeconv_r>:
  4066d4:	4a04      	ldr	r2, [pc, #16]	; (4066e8 <_localeconv_r+0x14>)
  4066d6:	4b05      	ldr	r3, [pc, #20]	; (4066ec <_localeconv_r+0x18>)
  4066d8:	6812      	ldr	r2, [r2, #0]
  4066da:	6b50      	ldr	r0, [r2, #52]	; 0x34
  4066dc:	2800      	cmp	r0, #0
  4066de:	bf08      	it	eq
  4066e0:	4618      	moveq	r0, r3
  4066e2:	30f0      	adds	r0, #240	; 0xf0
  4066e4:	4770      	bx	lr
  4066e6:	bf00      	nop
  4066e8:	20000010 	.word	0x20000010
  4066ec:	20000444 	.word	0x20000444

004066f0 <__retarget_lock_acquire_recursive>:
  4066f0:	4770      	bx	lr
  4066f2:	bf00      	nop

004066f4 <__retarget_lock_release_recursive>:
  4066f4:	4770      	bx	lr
  4066f6:	bf00      	nop

004066f8 <_malloc_r>:
  4066f8:	e92d 4ff0 	stmdb	sp!, {r4, r5, r6, r7, r8, r9, sl, fp, lr}
  4066fc:	f101 060b 	add.w	r6, r1, #11
  406700:	2e16      	cmp	r6, #22
  406702:	b083      	sub	sp, #12
  406704:	4605      	mov	r5, r0
  406706:	f240 809e 	bls.w	406846 <_malloc_r+0x14e>
  40670a:	f036 0607 	bics.w	r6, r6, #7
  40670e:	f100 80bd 	bmi.w	40688c <_malloc_r+0x194>
  406712:	42b1      	cmp	r1, r6
  406714:	f200 80ba 	bhi.w	40688c <_malloc_r+0x194>
  406718:	f000 fc38 	bl	406f8c <__malloc_lock>
  40671c:	f5b6 7ffc 	cmp.w	r6, #504	; 0x1f8
  406720:	f0c0 8293 	bcc.w	406c4a <_malloc_r+0x552>
  406724:	0a73      	lsrs	r3, r6, #9
  406726:	f000 80b8 	beq.w	40689a <_malloc_r+0x1a2>
  40672a:	2b04      	cmp	r3, #4
  40672c:	f200 8179 	bhi.w	406a22 <_malloc_r+0x32a>
  406730:	09b3      	lsrs	r3, r6, #6
  406732:	f103 0039 	add.w	r0, r3, #57	; 0x39
  406736:	f103 0e38 	add.w	lr, r3, #56	; 0x38
  40673a:	00c3      	lsls	r3, r0, #3
  40673c:	4fbf      	ldr	r7, [pc, #764]	; (406a3c <_malloc_r+0x344>)
  40673e:	443b      	add	r3, r7
  406740:	f1a3 0108 	sub.w	r1, r3, #8
  406744:	685c      	ldr	r4, [r3, #4]
  406746:	42a1      	cmp	r1, r4
  406748:	d106      	bne.n	406758 <_malloc_r+0x60>
  40674a:	e00c      	b.n	406766 <_malloc_r+0x6e>
  40674c:	2a00      	cmp	r2, #0
  40674e:	f280 80aa 	bge.w	4068a6 <_malloc_r+0x1ae>
  406752:	68e4      	ldr	r4, [r4, #12]
  406754:	42a1      	cmp	r1, r4
  406756:	d006      	beq.n	406766 <_malloc_r+0x6e>
  406758:	6863      	ldr	r3, [r4, #4]
  40675a:	f023 0303 	bic.w	r3, r3, #3
  40675e:	1b9a      	subs	r2, r3, r6
  406760:	2a0f      	cmp	r2, #15
  406762:	ddf3      	ble.n	40674c <_malloc_r+0x54>
  406764:	4670      	mov	r0, lr
  406766:	693c      	ldr	r4, [r7, #16]
  406768:	f8df e2e4 	ldr.w	lr, [pc, #740]	; 406a50 <_malloc_r+0x358>
  40676c:	4574      	cmp	r4, lr
  40676e:	f000 81ab 	beq.w	406ac8 <_malloc_r+0x3d0>
  406772:	6863      	ldr	r3, [r4, #4]
  406774:	f023 0303 	bic.w	r3, r3, #3
  406778:	1b9a      	subs	r2, r3, r6
  40677a:	2a0f      	cmp	r2, #15
  40677c:	f300 8190 	bgt.w	406aa0 <_malloc_r+0x3a8>
  406780:	2a00      	cmp	r2, #0
  406782:	f8c7 e014 	str.w	lr, [r7, #20]
  406786:	f8c7 e010 	str.w	lr, [r7, #16]
  40678a:	f280 809d 	bge.w	4068c8 <_malloc_r+0x1d0>
  40678e:	f5b3 7f00 	cmp.w	r3, #512	; 0x200
  406792:	f080 8161 	bcs.w	406a58 <_malloc_r+0x360>
  406796:	08db      	lsrs	r3, r3, #3
  406798:	f103 0c01 	add.w	ip, r3, #1
  40679c:	1099      	asrs	r1, r3, #2
  40679e:	687a      	ldr	r2, [r7, #4]
  4067a0:	f857 803c 	ldr.w	r8, [r7, ip, lsl #3]
  4067a4:	f8c4 8008 	str.w	r8, [r4, #8]
  4067a8:	2301      	movs	r3, #1
  4067aa:	408b      	lsls	r3, r1
  4067ac:	eb07 01cc 	add.w	r1, r7, ip, lsl #3
  4067b0:	4313      	orrs	r3, r2
  4067b2:	3908      	subs	r1, #8
  4067b4:	60e1      	str	r1, [r4, #12]
  4067b6:	607b      	str	r3, [r7, #4]
  4067b8:	f847 403c 	str.w	r4, [r7, ip, lsl #3]
  4067bc:	f8c8 400c 	str.w	r4, [r8, #12]
  4067c0:	1082      	asrs	r2, r0, #2
  4067c2:	2401      	movs	r4, #1
  4067c4:	4094      	lsls	r4, r2
  4067c6:	429c      	cmp	r4, r3
  4067c8:	f200 808b 	bhi.w	4068e2 <_malloc_r+0x1ea>
  4067cc:	421c      	tst	r4, r3
  4067ce:	d106      	bne.n	4067de <_malloc_r+0xe6>
  4067d0:	f020 0003 	bic.w	r0, r0, #3
  4067d4:	0064      	lsls	r4, r4, #1
  4067d6:	421c      	tst	r4, r3
  4067d8:	f100 0004 	add.w	r0, r0, #4
  4067dc:	d0fa      	beq.n	4067d4 <_malloc_r+0xdc>
  4067de:	eb07 09c0 	add.w	r9, r7, r0, lsl #3
  4067e2:	46cc      	mov	ip, r9
  4067e4:	4680      	mov	r8, r0
  4067e6:	f8dc 300c 	ldr.w	r3, [ip, #12]
  4067ea:	459c      	cmp	ip, r3
  4067ec:	d107      	bne.n	4067fe <_malloc_r+0x106>
  4067ee:	e16d      	b.n	406acc <_malloc_r+0x3d4>
  4067f0:	2a00      	cmp	r2, #0
  4067f2:	f280 817b 	bge.w	406aec <_malloc_r+0x3f4>
  4067f6:	68db      	ldr	r3, [r3, #12]
  4067f8:	459c      	cmp	ip, r3
  4067fa:	f000 8167 	beq.w	406acc <_malloc_r+0x3d4>
  4067fe:	6859      	ldr	r1, [r3, #4]
  406800:	f021 0103 	bic.w	r1, r1, #3
  406804:	1b8a      	subs	r2, r1, r6
  406806:	2a0f      	cmp	r2, #15
  406808:	ddf2      	ble.n	4067f0 <_malloc_r+0xf8>
  40680a:	f8d3 c00c 	ldr.w	ip, [r3, #12]
  40680e:	f8d3 8008 	ldr.w	r8, [r3, #8]
  406812:	9300      	str	r3, [sp, #0]
  406814:	199c      	adds	r4, r3, r6
  406816:	4628      	mov	r0, r5
  406818:	f046 0601 	orr.w	r6, r6, #1
  40681c:	f042 0501 	orr.w	r5, r2, #1
  406820:	605e      	str	r6, [r3, #4]
  406822:	f8c8 c00c 	str.w	ip, [r8, #12]
  406826:	f8cc 8008 	str.w	r8, [ip, #8]
  40682a:	617c      	str	r4, [r7, #20]
  40682c:	613c      	str	r4, [r7, #16]
  40682e:	f8c4 e00c 	str.w	lr, [r4, #12]
  406832:	f8c4 e008 	str.w	lr, [r4, #8]
  406836:	6065      	str	r5, [r4, #4]
  406838:	505a      	str	r2, [r3, r1]
  40683a:	f000 fbad 	bl	406f98 <__malloc_unlock>
  40683e:	9b00      	ldr	r3, [sp, #0]
  406840:	f103 0408 	add.w	r4, r3, #8
  406844:	e01e      	b.n	406884 <_malloc_r+0x18c>
  406846:	2910      	cmp	r1, #16
  406848:	d820      	bhi.n	40688c <_malloc_r+0x194>
  40684a:	f000 fb9f 	bl	406f8c <__malloc_lock>
  40684e:	2610      	movs	r6, #16
  406850:	2318      	movs	r3, #24
  406852:	2002      	movs	r0, #2
  406854:	4f79      	ldr	r7, [pc, #484]	; (406a3c <_malloc_r+0x344>)
  406856:	443b      	add	r3, r7
  406858:	f1a3 0208 	sub.w	r2, r3, #8
  40685c:	685c      	ldr	r4, [r3, #4]
  40685e:	4294      	cmp	r4, r2
  406860:	f000 813d 	beq.w	406ade <_malloc_r+0x3e6>
  406864:	6863      	ldr	r3, [r4, #4]
  406866:	68e1      	ldr	r1, [r4, #12]
  406868:	68a6      	ldr	r6, [r4, #8]
  40686a:	f023 0303 	bic.w	r3, r3, #3
  40686e:	4423      	add	r3, r4
  406870:	4628      	mov	r0, r5
  406872:	685a      	ldr	r2, [r3, #4]
  406874:	60f1      	str	r1, [r6, #12]
  406876:	f042 0201 	orr.w	r2, r2, #1
  40687a:	608e      	str	r6, [r1, #8]
  40687c:	605a      	str	r2, [r3, #4]
  40687e:	f000 fb8b 	bl	406f98 <__malloc_unlock>
  406882:	3408      	adds	r4, #8
  406884:	4620      	mov	r0, r4
  406886:	b003      	add	sp, #12
  406888:	e8bd 8ff0 	ldmia.w	sp!, {r4, r5, r6, r7, r8, r9, sl, fp, pc}
  40688c:	2400      	movs	r4, #0
  40688e:	230c      	movs	r3, #12
  406890:	4620      	mov	r0, r4
  406892:	602b      	str	r3, [r5, #0]
  406894:	b003      	add	sp, #12
  406896:	e8bd 8ff0 	ldmia.w	sp!, {r4, r5, r6, r7, r8, r9, sl, fp, pc}
  40689a:	2040      	movs	r0, #64	; 0x40
  40689c:	f44f 7300 	mov.w	r3, #512	; 0x200
  4068a0:	f04f 0e3f 	mov.w	lr, #63	; 0x3f
  4068a4:	e74a      	b.n	40673c <_malloc_r+0x44>
  4068a6:	4423      	add	r3, r4
  4068a8:	68e1      	ldr	r1, [r4, #12]
  4068aa:	685a      	ldr	r2, [r3, #4]
  4068ac:	68a6      	ldr	r6, [r4, #8]
  4068ae:	f042 0201 	orr.w	r2, r2, #1
  4068b2:	60f1      	str	r1, [r6, #12]
  4068b4:	4628      	mov	r0, r5
  4068b6:	608e      	str	r6, [r1, #8]
  4068b8:	605a      	str	r2, [r3, #4]
  4068ba:	f000 fb6d 	bl	406f98 <__malloc_unlock>
  4068be:	3408      	adds	r4, #8
  4068c0:	4620      	mov	r0, r4
  4068c2:	b003      	add	sp, #12
  4068c4:	e8bd 8ff0 	ldmia.w	sp!, {r4, r5, r6, r7, r8, r9, sl, fp, pc}
  4068c8:	4423      	add	r3, r4
  4068ca:	4628      	mov	r0, r5
  4068cc:	685a      	ldr	r2, [r3, #4]
  4068ce:	f042 0201 	orr.w	r2, r2, #1
  4068d2:	605a      	str	r2, [r3, #4]
  4068d4:	f000 fb60 	bl	406f98 <__malloc_unlock>
  4068d8:	3408      	adds	r4, #8
  4068da:	4620      	mov	r0, r4
  4068dc:	b003      	add	sp, #12
  4068de:	e8bd 8ff0 	ldmia.w	sp!, {r4, r5, r6, r7, r8, r9, sl, fp, pc}
  4068e2:	68bc      	ldr	r4, [r7, #8]
  4068e4:	6863      	ldr	r3, [r4, #4]
  4068e6:	f023 0803 	bic.w	r8, r3, #3
  4068ea:	45b0      	cmp	r8, r6
  4068ec:	d304      	bcc.n	4068f8 <_malloc_r+0x200>
  4068ee:	eba8 0306 	sub.w	r3, r8, r6
  4068f2:	2b0f      	cmp	r3, #15
  4068f4:	f300 8085 	bgt.w	406a02 <_malloc_r+0x30a>
  4068f8:	f8df 9158 	ldr.w	r9, [pc, #344]	; 406a54 <_malloc_r+0x35c>
  4068fc:	4b50      	ldr	r3, [pc, #320]	; (406a40 <_malloc_r+0x348>)
  4068fe:	f8d9 2000 	ldr.w	r2, [r9]
  406902:	681b      	ldr	r3, [r3, #0]
  406904:	3201      	adds	r2, #1
  406906:	4433      	add	r3, r6
  406908:	eb04 0a08 	add.w	sl, r4, r8
  40690c:	f000 8155 	beq.w	406bba <_malloc_r+0x4c2>
  406910:	f503 5380 	add.w	r3, r3, #4096	; 0x1000
  406914:	330f      	adds	r3, #15
  406916:	f423 6b7f 	bic.w	fp, r3, #4080	; 0xff0
  40691a:	f02b 0b0f 	bic.w	fp, fp, #15
  40691e:	4659      	mov	r1, fp
  406920:	4628      	mov	r0, r5
  406922:	f000 ffdf 	bl	4078e4 <_sbrk_r>
  406926:	1c41      	adds	r1, r0, #1
  406928:	4602      	mov	r2, r0
  40692a:	f000 80fc 	beq.w	406b26 <_malloc_r+0x42e>
  40692e:	4582      	cmp	sl, r0
  406930:	f200 80f7 	bhi.w	406b22 <_malloc_r+0x42a>
  406934:	4b43      	ldr	r3, [pc, #268]	; (406a44 <_malloc_r+0x34c>)
  406936:	6819      	ldr	r1, [r3, #0]
  406938:	4459      	add	r1, fp
  40693a:	6019      	str	r1, [r3, #0]
  40693c:	f000 814d 	beq.w	406bda <_malloc_r+0x4e2>
  406940:	f8d9 0000 	ldr.w	r0, [r9]
  406944:	3001      	adds	r0, #1
  406946:	bf1b      	ittet	ne
  406948:	eba2 0a0a 	subne.w	sl, r2, sl
  40694c:	4451      	addne	r1, sl
  40694e:	f8c9 2000 	streq.w	r2, [r9]
  406952:	6019      	strne	r1, [r3, #0]
  406954:	f012 0107 	ands.w	r1, r2, #7
  406958:	f000 8115 	beq.w	406b86 <_malloc_r+0x48e>
  40695c:	f1c1 0008 	rsb	r0, r1, #8
  406960:	f5c1 5180 	rsb	r1, r1, #4096	; 0x1000
  406964:	4402      	add	r2, r0
  406966:	3108      	adds	r1, #8
  406968:	eb02 090b 	add.w	r9, r2, fp
  40696c:	f3c9 090b 	ubfx	r9, r9, #0, #12
  406970:	eba1 0909 	sub.w	r9, r1, r9
  406974:	4649      	mov	r1, r9
  406976:	4628      	mov	r0, r5
  406978:	9301      	str	r3, [sp, #4]
  40697a:	9200      	str	r2, [sp, #0]
  40697c:	f000 ffb2 	bl	4078e4 <_sbrk_r>
  406980:	1c43      	adds	r3, r0, #1
  406982:	e89d 000c 	ldmia.w	sp, {r2, r3}
  406986:	f000 8143 	beq.w	406c10 <_malloc_r+0x518>
  40698a:	1a80      	subs	r0, r0, r2
  40698c:	4448      	add	r0, r9
  40698e:	f040 0001 	orr.w	r0, r0, #1
  406992:	6819      	ldr	r1, [r3, #0]
  406994:	60ba      	str	r2, [r7, #8]
  406996:	4449      	add	r1, r9
  406998:	42bc      	cmp	r4, r7
  40699a:	6050      	str	r0, [r2, #4]
  40699c:	6019      	str	r1, [r3, #0]
  40699e:	d017      	beq.n	4069d0 <_malloc_r+0x2d8>
  4069a0:	f1b8 0f0f 	cmp.w	r8, #15
  4069a4:	f240 80fb 	bls.w	406b9e <_malloc_r+0x4a6>
  4069a8:	6860      	ldr	r0, [r4, #4]
  4069aa:	f1a8 020c 	sub.w	r2, r8, #12
  4069ae:	f022 0207 	bic.w	r2, r2, #7
  4069b2:	eb04 0e02 	add.w	lr, r4, r2
  4069b6:	f000 0001 	and.w	r0, r0, #1
  4069ba:	f04f 0c05 	mov.w	ip, #5
  4069be:	4310      	orrs	r0, r2
  4069c0:	2a0f      	cmp	r2, #15
  4069c2:	6060      	str	r0, [r4, #4]
  4069c4:	f8ce c004 	str.w	ip, [lr, #4]
  4069c8:	f8ce c008 	str.w	ip, [lr, #8]
  4069cc:	f200 8117 	bhi.w	406bfe <_malloc_r+0x506>
  4069d0:	4b1d      	ldr	r3, [pc, #116]	; (406a48 <_malloc_r+0x350>)
  4069d2:	68bc      	ldr	r4, [r7, #8]
  4069d4:	681a      	ldr	r2, [r3, #0]
  4069d6:	4291      	cmp	r1, r2
  4069d8:	bf88      	it	hi
  4069da:	6019      	strhi	r1, [r3, #0]
  4069dc:	4b1b      	ldr	r3, [pc, #108]	; (406a4c <_malloc_r+0x354>)
  4069de:	681a      	ldr	r2, [r3, #0]
  4069e0:	4291      	cmp	r1, r2
  4069e2:	6862      	ldr	r2, [r4, #4]
  4069e4:	bf88      	it	hi
  4069e6:	6019      	strhi	r1, [r3, #0]
  4069e8:	f022 0203 	bic.w	r2, r2, #3
  4069ec:	4296      	cmp	r6, r2
  4069ee:	eba2 0306 	sub.w	r3, r2, r6
  4069f2:	d801      	bhi.n	4069f8 <_malloc_r+0x300>
  4069f4:	2b0f      	cmp	r3, #15
  4069f6:	dc04      	bgt.n	406a02 <_malloc_r+0x30a>
  4069f8:	4628      	mov	r0, r5
  4069fa:	f000 facd 	bl	406f98 <__malloc_unlock>
  4069fe:	2400      	movs	r4, #0
  406a00:	e740      	b.n	406884 <_malloc_r+0x18c>
  406a02:	19a2      	adds	r2, r4, r6
  406a04:	f043 0301 	orr.w	r3, r3, #1
  406a08:	f046 0601 	orr.w	r6, r6, #1
  406a0c:	6066      	str	r6, [r4, #4]
  406a0e:	4628      	mov	r0, r5
  406a10:	60ba      	str	r2, [r7, #8]
  406a12:	6053      	str	r3, [r2, #4]
  406a14:	f000 fac0 	bl	406f98 <__malloc_unlock>
  406a18:	3408      	adds	r4, #8
  406a1a:	4620      	mov	r0, r4
  406a1c:	b003      	add	sp, #12
  406a1e:	e8bd 8ff0 	ldmia.w	sp!, {r4, r5, r6, r7, r8, r9, sl, fp, pc}
  406a22:	2b14      	cmp	r3, #20
  406a24:	d971      	bls.n	406b0a <_malloc_r+0x412>
  406a26:	2b54      	cmp	r3, #84	; 0x54
  406a28:	f200 80a3 	bhi.w	406b72 <_malloc_r+0x47a>
  406a2c:	0b33      	lsrs	r3, r6, #12
  406a2e:	f103 006f 	add.w	r0, r3, #111	; 0x6f
  406a32:	f103 0e6e 	add.w	lr, r3, #110	; 0x6e
  406a36:	00c3      	lsls	r3, r0, #3
  406a38:	e680      	b.n	40673c <_malloc_r+0x44>
  406a3a:	bf00      	nop
  406a3c:	200005b0 	.word	0x200005b0
  406a40:	20000acc 	.word	0x20000acc
  406a44:	20000a9c 	.word	0x20000a9c
  406a48:	20000ac4 	.word	0x20000ac4
  406a4c:	20000ac8 	.word	0x20000ac8
  406a50:	200005b8 	.word	0x200005b8
  406a54:	200009b8 	.word	0x200009b8
  406a58:	0a5a      	lsrs	r2, r3, #9
  406a5a:	2a04      	cmp	r2, #4
  406a5c:	d95b      	bls.n	406b16 <_malloc_r+0x41e>
  406a5e:	2a14      	cmp	r2, #20
  406a60:	f200 80ae 	bhi.w	406bc0 <_malloc_r+0x4c8>
  406a64:	f102 015c 	add.w	r1, r2, #92	; 0x5c
  406a68:	00c9      	lsls	r1, r1, #3
  406a6a:	325b      	adds	r2, #91	; 0x5b
  406a6c:	eb07 0c01 	add.w	ip, r7, r1
  406a70:	5879      	ldr	r1, [r7, r1]
  406a72:	f1ac 0c08 	sub.w	ip, ip, #8
  406a76:	458c      	cmp	ip, r1
  406a78:	f000 8088 	beq.w	406b8c <_malloc_r+0x494>
  406a7c:	684a      	ldr	r2, [r1, #4]
  406a7e:	f022 0203 	bic.w	r2, r2, #3
  406a82:	4293      	cmp	r3, r2
  406a84:	d273      	bcs.n	406b6e <_malloc_r+0x476>
  406a86:	6889      	ldr	r1, [r1, #8]
  406a88:	458c      	cmp	ip, r1
  406a8a:	d1f7      	bne.n	406a7c <_malloc_r+0x384>
  406a8c:	f8dc 200c 	ldr.w	r2, [ip, #12]
  406a90:	687b      	ldr	r3, [r7, #4]
  406a92:	60e2      	str	r2, [r4, #12]
  406a94:	f8c4 c008 	str.w	ip, [r4, #8]
  406a98:	6094      	str	r4, [r2, #8]
  406a9a:	f8cc 400c 	str.w	r4, [ip, #12]
  406a9e:	e68f      	b.n	4067c0 <_malloc_r+0xc8>
  406aa0:	19a1      	adds	r1, r4, r6
  406aa2:	f046 0c01 	orr.w	ip, r6, #1
  406aa6:	f042 0601 	orr.w	r6, r2, #1
  406aaa:	f8c4 c004 	str.w	ip, [r4, #4]
  406aae:	4628      	mov	r0, r5
  406ab0:	6179      	str	r1, [r7, #20]
  406ab2:	6139      	str	r1, [r7, #16]
  406ab4:	f8c1 e00c 	str.w	lr, [r1, #12]
  406ab8:	f8c1 e008 	str.w	lr, [r1, #8]
  406abc:	604e      	str	r6, [r1, #4]
  406abe:	50e2      	str	r2, [r4, r3]
  406ac0:	f000 fa6a 	bl	406f98 <__malloc_unlock>
  406ac4:	3408      	adds	r4, #8
  406ac6:	e6dd      	b.n	406884 <_malloc_r+0x18c>
  406ac8:	687b      	ldr	r3, [r7, #4]
  406aca:	e679      	b.n	4067c0 <_malloc_r+0xc8>
  406acc:	f108 0801 	add.w	r8, r8, #1
  406ad0:	f018 0f03 	tst.w	r8, #3
  406ad4:	f10c 0c08 	add.w	ip, ip, #8
  406ad8:	f47f ae85 	bne.w	4067e6 <_malloc_r+0xee>
  406adc:	e02d      	b.n	406b3a <_malloc_r+0x442>
  406ade:	68dc      	ldr	r4, [r3, #12]
  406ae0:	42a3      	cmp	r3, r4
  406ae2:	bf08      	it	eq
  406ae4:	3002      	addeq	r0, #2
  406ae6:	f43f ae3e 	beq.w	406766 <_malloc_r+0x6e>
  406aea:	e6bb      	b.n	406864 <_malloc_r+0x16c>
  406aec:	4419      	add	r1, r3
  406aee:	461c      	mov	r4, r3
  406af0:	684a      	ldr	r2, [r1, #4]
  406af2:	68db      	ldr	r3, [r3, #12]
  406af4:	f854 6f08 	ldr.w	r6, [r4, #8]!
  406af8:	f042 0201 	orr.w	r2, r2, #1
  406afc:	604a      	str	r2, [r1, #4]
  406afe:	4628      	mov	r0, r5
  406b00:	60f3      	str	r3, [r6, #12]
  406b02:	609e      	str	r6, [r3, #8]
  406b04:	f000 fa48 	bl	406f98 <__malloc_unlock>
  406b08:	e6bc      	b.n	406884 <_malloc_r+0x18c>
  406b0a:	f103 005c 	add.w	r0, r3, #92	; 0x5c
  406b0e:	f103 0e5b 	add.w	lr, r3, #91	; 0x5b
  406b12:	00c3      	lsls	r3, r0, #3
  406b14:	e612      	b.n	40673c <_malloc_r+0x44>
  406b16:	099a      	lsrs	r2, r3, #6
  406b18:	f102 0139 	add.w	r1, r2, #57	; 0x39
  406b1c:	00c9      	lsls	r1, r1, #3
  406b1e:	3238      	adds	r2, #56	; 0x38
  406b20:	e7a4      	b.n	406a6c <_malloc_r+0x374>
  406b22:	42bc      	cmp	r4, r7
  406b24:	d054      	beq.n	406bd0 <_malloc_r+0x4d8>
  406b26:	68bc      	ldr	r4, [r7, #8]
  406b28:	6862      	ldr	r2, [r4, #4]
  406b2a:	f022 0203 	bic.w	r2, r2, #3
  406b2e:	e75d      	b.n	4069ec <_malloc_r+0x2f4>
  406b30:	f859 3908 	ldr.w	r3, [r9], #-8
  406b34:	4599      	cmp	r9, r3
  406b36:	f040 8086 	bne.w	406c46 <_malloc_r+0x54e>
  406b3a:	f010 0f03 	tst.w	r0, #3
  406b3e:	f100 30ff 	add.w	r0, r0, #4294967295
  406b42:	d1f5      	bne.n	406b30 <_malloc_r+0x438>
  406b44:	687b      	ldr	r3, [r7, #4]
  406b46:	ea23 0304 	bic.w	r3, r3, r4
  406b4a:	607b      	str	r3, [r7, #4]
  406b4c:	0064      	lsls	r4, r4, #1
  406b4e:	429c      	cmp	r4, r3
  406b50:	f63f aec7 	bhi.w	4068e2 <_malloc_r+0x1ea>
  406b54:	2c00      	cmp	r4, #0
  406b56:	f43f aec4 	beq.w	4068e2 <_malloc_r+0x1ea>
  406b5a:	421c      	tst	r4, r3
  406b5c:	4640      	mov	r0, r8
  406b5e:	f47f ae3e 	bne.w	4067de <_malloc_r+0xe6>
  406b62:	0064      	lsls	r4, r4, #1
  406b64:	421c      	tst	r4, r3
  406b66:	f100 0004 	add.w	r0, r0, #4
  406b6a:	d0fa      	beq.n	406b62 <_malloc_r+0x46a>
  406b6c:	e637      	b.n	4067de <_malloc_r+0xe6>
  406b6e:	468c      	mov	ip, r1
  406b70:	e78c      	b.n	406a8c <_malloc_r+0x394>
  406b72:	f5b3 7faa 	cmp.w	r3, #340	; 0x154
  406b76:	d815      	bhi.n	406ba4 <_malloc_r+0x4ac>
  406b78:	0bf3      	lsrs	r3, r6, #15
  406b7a:	f103 0078 	add.w	r0, r3, #120	; 0x78
  406b7e:	f103 0e77 	add.w	lr, r3, #119	; 0x77
  406b82:	00c3      	lsls	r3, r0, #3
  406b84:	e5da      	b.n	40673c <_malloc_r+0x44>
  406b86:	f44f 5180 	mov.w	r1, #4096	; 0x1000
  406b8a:	e6ed      	b.n	406968 <_malloc_r+0x270>
  406b8c:	687b      	ldr	r3, [r7, #4]
  406b8e:	1092      	asrs	r2, r2, #2
  406b90:	2101      	movs	r1, #1
  406b92:	fa01 f202 	lsl.w	r2, r1, r2
  406b96:	4313      	orrs	r3, r2
  406b98:	607b      	str	r3, [r7, #4]
  406b9a:	4662      	mov	r2, ip
  406b9c:	e779      	b.n	406a92 <_malloc_r+0x39a>
  406b9e:	2301      	movs	r3, #1
  406ba0:	6053      	str	r3, [r2, #4]
  406ba2:	e729      	b.n	4069f8 <_malloc_r+0x300>
  406ba4:	f240 5254 	movw	r2, #1364	; 0x554
  406ba8:	4293      	cmp	r3, r2
  406baa:	d822      	bhi.n	406bf2 <_malloc_r+0x4fa>
  406bac:	0cb3      	lsrs	r3, r6, #18
  406bae:	f103 007d 	add.w	r0, r3, #125	; 0x7d
  406bb2:	f103 0e7c 	add.w	lr, r3, #124	; 0x7c
  406bb6:	00c3      	lsls	r3, r0, #3
  406bb8:	e5c0      	b.n	40673c <_malloc_r+0x44>
  406bba:	f103 0b10 	add.w	fp, r3, #16
  406bbe:	e6ae      	b.n	40691e <_malloc_r+0x226>
  406bc0:	2a54      	cmp	r2, #84	; 0x54
  406bc2:	d829      	bhi.n	406c18 <_malloc_r+0x520>
  406bc4:	0b1a      	lsrs	r2, r3, #12
  406bc6:	f102 016f 	add.w	r1, r2, #111	; 0x6f
  406bca:	00c9      	lsls	r1, r1, #3
  406bcc:	326e      	adds	r2, #110	; 0x6e
  406bce:	e74d      	b.n	406a6c <_malloc_r+0x374>
  406bd0:	4b20      	ldr	r3, [pc, #128]	; (406c54 <_malloc_r+0x55c>)
  406bd2:	6819      	ldr	r1, [r3, #0]
  406bd4:	4459      	add	r1, fp
  406bd6:	6019      	str	r1, [r3, #0]
  406bd8:	e6b2      	b.n	406940 <_malloc_r+0x248>
  406bda:	f3ca 000b 	ubfx	r0, sl, #0, #12
  406bde:	2800      	cmp	r0, #0
  406be0:	f47f aeae 	bne.w	406940 <_malloc_r+0x248>
  406be4:	eb08 030b 	add.w	r3, r8, fp
  406be8:	68ba      	ldr	r2, [r7, #8]
  406bea:	f043 0301 	orr.w	r3, r3, #1
  406bee:	6053      	str	r3, [r2, #4]
  406bf0:	e6ee      	b.n	4069d0 <_malloc_r+0x2d8>
  406bf2:	207f      	movs	r0, #127	; 0x7f
  406bf4:	f44f 737e 	mov.w	r3, #1016	; 0x3f8
  406bf8:	f04f 0e7e 	mov.w	lr, #126	; 0x7e
  406bfc:	e59e      	b.n	40673c <_malloc_r+0x44>
  406bfe:	f104 0108 	add.w	r1, r4, #8
  406c02:	4628      	mov	r0, r5
  406c04:	9300      	str	r3, [sp, #0]
  406c06:	f7ff fc7f 	bl	406508 <_free_r>
  406c0a:	9b00      	ldr	r3, [sp, #0]
  406c0c:	6819      	ldr	r1, [r3, #0]
  406c0e:	e6df      	b.n	4069d0 <_malloc_r+0x2d8>
  406c10:	2001      	movs	r0, #1
  406c12:	f04f 0900 	mov.w	r9, #0
  406c16:	e6bc      	b.n	406992 <_malloc_r+0x29a>
  406c18:	f5b2 7faa 	cmp.w	r2, #340	; 0x154
  406c1c:	d805      	bhi.n	406c2a <_malloc_r+0x532>
  406c1e:	0bda      	lsrs	r2, r3, #15
  406c20:	f102 0178 	add.w	r1, r2, #120	; 0x78
  406c24:	00c9      	lsls	r1, r1, #3
  406c26:	3277      	adds	r2, #119	; 0x77
  406c28:	e720      	b.n	406a6c <_malloc_r+0x374>
  406c2a:	f240 5154 	movw	r1, #1364	; 0x554
  406c2e:	428a      	cmp	r2, r1
  406c30:	d805      	bhi.n	406c3e <_malloc_r+0x546>
  406c32:	0c9a      	lsrs	r2, r3, #18
  406c34:	f102 017d 	add.w	r1, r2, #125	; 0x7d
  406c38:	00c9      	lsls	r1, r1, #3
  406c3a:	327c      	adds	r2, #124	; 0x7c
  406c3c:	e716      	b.n	406a6c <_malloc_r+0x374>
  406c3e:	f44f 717e 	mov.w	r1, #1016	; 0x3f8
  406c42:	227e      	movs	r2, #126	; 0x7e
  406c44:	e712      	b.n	406a6c <_malloc_r+0x374>
  406c46:	687b      	ldr	r3, [r7, #4]
  406c48:	e780      	b.n	406b4c <_malloc_r+0x454>
  406c4a:	08f0      	lsrs	r0, r6, #3
  406c4c:	f106 0308 	add.w	r3, r6, #8
  406c50:	e600      	b.n	406854 <_malloc_r+0x15c>
  406c52:	bf00      	nop
  406c54:	20000a9c 	.word	0x20000a9c

00406c58 <__ascii_mbtowc>:
  406c58:	b082      	sub	sp, #8
  406c5a:	b149      	cbz	r1, 406c70 <__ascii_mbtowc+0x18>
  406c5c:	b15a      	cbz	r2, 406c76 <__ascii_mbtowc+0x1e>
  406c5e:	b16b      	cbz	r3, 406c7c <__ascii_mbtowc+0x24>
  406c60:	7813      	ldrb	r3, [r2, #0]
  406c62:	600b      	str	r3, [r1, #0]
  406c64:	7812      	ldrb	r2, [r2, #0]
  406c66:	1c10      	adds	r0, r2, #0
  406c68:	bf18      	it	ne
  406c6a:	2001      	movne	r0, #1
  406c6c:	b002      	add	sp, #8
  406c6e:	4770      	bx	lr
  406c70:	a901      	add	r1, sp, #4
  406c72:	2a00      	cmp	r2, #0
  406c74:	d1f3      	bne.n	406c5e <__ascii_mbtowc+0x6>
  406c76:	4610      	mov	r0, r2
  406c78:	b002      	add	sp, #8
  406c7a:	4770      	bx	lr
  406c7c:	f06f 0001 	mvn.w	r0, #1
  406c80:	e7f4      	b.n	406c6c <__ascii_mbtowc+0x14>
  406c82:	bf00      	nop
	...

00406c90 <memchr>:
  406c90:	f001 01ff 	and.w	r1, r1, #255	; 0xff
  406c94:	2a10      	cmp	r2, #16
  406c96:	db2b      	blt.n	406cf0 <memchr+0x60>
  406c98:	f010 0f07 	tst.w	r0, #7
  406c9c:	d008      	beq.n	406cb0 <memchr+0x20>
  406c9e:	f810 3b01 	ldrb.w	r3, [r0], #1
  406ca2:	3a01      	subs	r2, #1
  406ca4:	428b      	cmp	r3, r1
  406ca6:	d02d      	beq.n	406d04 <memchr+0x74>
  406ca8:	f010 0f07 	tst.w	r0, #7
  406cac:	b342      	cbz	r2, 406d00 <memchr+0x70>
  406cae:	d1f6      	bne.n	406c9e <memchr+0xe>
  406cb0:	b4f0      	push	{r4, r5, r6, r7}
  406cb2:	ea41 2101 	orr.w	r1, r1, r1, lsl #8
  406cb6:	ea41 4101 	orr.w	r1, r1, r1, lsl #16
  406cba:	f022 0407 	bic.w	r4, r2, #7
  406cbe:	f07f 0700 	mvns.w	r7, #0
  406cc2:	2300      	movs	r3, #0
  406cc4:	e8f0 5602 	ldrd	r5, r6, [r0], #8
  406cc8:	3c08      	subs	r4, #8
  406cca:	ea85 0501 	eor.w	r5, r5, r1
  406cce:	ea86 0601 	eor.w	r6, r6, r1
  406cd2:	fa85 f547 	uadd8	r5, r5, r7
  406cd6:	faa3 f587 	sel	r5, r3, r7
  406cda:	fa86 f647 	uadd8	r6, r6, r7
  406cde:	faa5 f687 	sel	r6, r5, r7
  406ce2:	b98e      	cbnz	r6, 406d08 <memchr+0x78>
  406ce4:	d1ee      	bne.n	406cc4 <memchr+0x34>
  406ce6:	bcf0      	pop	{r4, r5, r6, r7}
  406ce8:	f001 01ff 	and.w	r1, r1, #255	; 0xff
  406cec:	f002 0207 	and.w	r2, r2, #7
  406cf0:	b132      	cbz	r2, 406d00 <memchr+0x70>
  406cf2:	f810 3b01 	ldrb.w	r3, [r0], #1
  406cf6:	3a01      	subs	r2, #1
  406cf8:	ea83 0301 	eor.w	r3, r3, r1
  406cfc:	b113      	cbz	r3, 406d04 <memchr+0x74>
  406cfe:	d1f8      	bne.n	406cf2 <memchr+0x62>
  406d00:	2000      	movs	r0, #0
  406d02:	4770      	bx	lr
  406d04:	3801      	subs	r0, #1
  406d06:	4770      	bx	lr
  406d08:	2d00      	cmp	r5, #0
  406d0a:	bf06      	itte	eq
  406d0c:	4635      	moveq	r5, r6
  406d0e:	3803      	subeq	r0, #3
  406d10:	3807      	subne	r0, #7
  406d12:	f015 0f01 	tst.w	r5, #1
  406d16:	d107      	bne.n	406d28 <memchr+0x98>
  406d18:	3001      	adds	r0, #1
  406d1a:	f415 7f80 	tst.w	r5, #256	; 0x100
  406d1e:	bf02      	ittt	eq
  406d20:	3001      	addeq	r0, #1
  406d22:	f415 3fc0 	tsteq.w	r5, #98304	; 0x18000
  406d26:	3001      	addeq	r0, #1
  406d28:	bcf0      	pop	{r4, r5, r6, r7}
  406d2a:	3801      	subs	r0, #1
  406d2c:	4770      	bx	lr
  406d2e:	bf00      	nop

00406d30 <memcmp>:
  406d30:	2a03      	cmp	r2, #3
  406d32:	b470      	push	{r4, r5, r6}
  406d34:	d922      	bls.n	406d7c <memcmp+0x4c>
  406d36:	ea40 0301 	orr.w	r3, r0, r1
  406d3a:	079b      	lsls	r3, r3, #30
  406d3c:	d011      	beq.n	406d62 <memcmp+0x32>
  406d3e:	7803      	ldrb	r3, [r0, #0]
  406d40:	780c      	ldrb	r4, [r1, #0]
  406d42:	42a3      	cmp	r3, r4
  406d44:	d11d      	bne.n	406d82 <memcmp+0x52>
  406d46:	440a      	add	r2, r1
  406d48:	3101      	adds	r1, #1
  406d4a:	e005      	b.n	406d58 <memcmp+0x28>
  406d4c:	f810 3f01 	ldrb.w	r3, [r0, #1]!
  406d50:	f811 4b01 	ldrb.w	r4, [r1], #1
  406d54:	42a3      	cmp	r3, r4
  406d56:	d114      	bne.n	406d82 <memcmp+0x52>
  406d58:	4291      	cmp	r1, r2
  406d5a:	d1f7      	bne.n	406d4c <memcmp+0x1c>
  406d5c:	2000      	movs	r0, #0
  406d5e:	bc70      	pop	{r4, r5, r6}
  406d60:	4770      	bx	lr
  406d62:	680d      	ldr	r5, [r1, #0]
  406d64:	6806      	ldr	r6, [r0, #0]
  406d66:	42ae      	cmp	r6, r5
  406d68:	460c      	mov	r4, r1
  406d6a:	4603      	mov	r3, r0
  406d6c:	f101 0104 	add.w	r1, r1, #4
  406d70:	f100 0004 	add.w	r0, r0, #4
  406d74:	d108      	bne.n	406d88 <memcmp+0x58>
  406d76:	3a04      	subs	r2, #4
  406d78:	2a03      	cmp	r2, #3
  406d7a:	d8f2      	bhi.n	406d62 <memcmp+0x32>
  406d7c:	2a00      	cmp	r2, #0
  406d7e:	d1de      	bne.n	406d3e <memcmp+0xe>
  406d80:	e7ec      	b.n	406d5c <memcmp+0x2c>
  406d82:	1b18      	subs	r0, r3, r4
  406d84:	bc70      	pop	{r4, r5, r6}
  406d86:	4770      	bx	lr
  406d88:	4621      	mov	r1, r4
  406d8a:	4618      	mov	r0, r3
  406d8c:	e7d7      	b.n	406d3e <memcmp+0xe>
  406d8e:	bf00      	nop

00406d90 <memcpy>:
  406d90:	4684      	mov	ip, r0
  406d92:	ea41 0300 	orr.w	r3, r1, r0
  406d96:	f013 0303 	ands.w	r3, r3, #3
  406d9a:	d16d      	bne.n	406e78 <memcpy+0xe8>
  406d9c:	3a40      	subs	r2, #64	; 0x40
  406d9e:	d341      	bcc.n	406e24 <memcpy+0x94>
  406da0:	f851 3b04 	ldr.w	r3, [r1], #4
  406da4:	f840 3b04 	str.w	r3, [r0], #4
  406da8:	f851 3b04 	ldr.w	r3, [r1], #4
  406dac:	f840 3b04 	str.w	r3, [r0], #4
  406db0:	f851 3b04 	ldr.w	r3, [r1], #4
  406db4:	f840 3b04 	str.w	r3, [r0], #4
  406db8:	f851 3b04 	ldr.w	r3, [r1], #4
  406dbc:	f840 3b04 	str.w	r3, [r0], #4
  406dc0:	f851 3b04 	ldr.w	r3, [r1], #4
  406dc4:	f840 3b04 	str.w	r3, [r0], #4
  406dc8:	f851 3b04 	ldr.w	r3, [r1], #4
  406dcc:	f840 3b04 	str.w	r3, [r0], #4
  406dd0:	f851 3b04 	ldr.w	r3, [r1], #4
  406dd4:	f840 3b04 	str.w	r3, [r0], #4
  406dd8:	f851 3b04 	ldr.w	r3, [r1], #4
  406ddc:	f840 3b04 	str.w	r3, [r0], #4
  406de0:	f851 3b04 	ldr.w	r3, [r1], #4
  406de4:	f840 3b04 	str.w	r3, [r0], #4
  406de8:	f851 3b04 	ldr.w	r3, [r1], #4
  406dec:	f840 3b04 	str.w	r3, [r0], #4
  406df0:	f851 3b04 	ldr.w	r3, [r1], #4
  406df4:	f840 3b04 	str.w	r3, [r0], #4
  406df8:	f851 3b04 	ldr.w	r3, [r1], #4
  406dfc:	f840 3b04 	str.w	r3, [r0], #4
  406e00:	f851 3b04 	ldr.w	r3, [r1], #4
  406e04:	f840 3b04 	str.w	r3, [r0], #4
  406e08:	f851 3b04 	ldr.w	r3, [r1], #4
  406e0c:	f840 3b04 	str.w	r3, [r0], #4
  406e10:	f851 3b04 	ldr.w	r3, [r1], #4
  406e14:	f840 3b04 	str.w	r3, [r0], #4
  406e18:	f851 3b04 	ldr.w	r3, [r1], #4
  406e1c:	f840 3b04 	str.w	r3, [r0], #4
  406e20:	3a40      	subs	r2, #64	; 0x40
  406e22:	d2bd      	bcs.n	406da0 <memcpy+0x10>
  406e24:	3230      	adds	r2, #48	; 0x30
  406e26:	d311      	bcc.n	406e4c <memcpy+0xbc>
  406e28:	f851 3b04 	ldr.w	r3, [r1], #4
  406e2c:	f840 3b04 	str.w	r3, [r0], #4
  406e30:	f851 3b04 	ldr.w	r3, [r1], #4
  406e34:	f840 3b04 	str.w	r3, [r0], #4
  406e38:	f851 3b04 	ldr.w	r3, [r1], #4
  406e3c:	f840 3b04 	str.w	r3, [r0], #4
  406e40:	f851 3b04 	ldr.w	r3, [r1], #4
  406e44:	f840 3b04 	str.w	r3, [r0], #4
  406e48:	3a10      	subs	r2, #16
  406e4a:	d2ed      	bcs.n	406e28 <memcpy+0x98>
  406e4c:	320c      	adds	r2, #12
  406e4e:	d305      	bcc.n	406e5c <memcpy+0xcc>
  406e50:	f851 3b04 	ldr.w	r3, [r1], #4
  406e54:	f840 3b04 	str.w	r3, [r0], #4
  406e58:	3a04      	subs	r2, #4
  406e5a:	d2f9      	bcs.n	406e50 <memcpy+0xc0>
  406e5c:	3204      	adds	r2, #4
  406e5e:	d008      	beq.n	406e72 <memcpy+0xe2>
  406e60:	07d2      	lsls	r2, r2, #31
  406e62:	bf1c      	itt	ne
  406e64:	f811 3b01 	ldrbne.w	r3, [r1], #1
  406e68:	f800 3b01 	strbne.w	r3, [r0], #1
  406e6c:	d301      	bcc.n	406e72 <memcpy+0xe2>
  406e6e:	880b      	ldrh	r3, [r1, #0]
  406e70:	8003      	strh	r3, [r0, #0]
  406e72:	4660      	mov	r0, ip
  406e74:	4770      	bx	lr
  406e76:	bf00      	nop
  406e78:	2a08      	cmp	r2, #8
  406e7a:	d313      	bcc.n	406ea4 <memcpy+0x114>
  406e7c:	078b      	lsls	r3, r1, #30
  406e7e:	d08d      	beq.n	406d9c <memcpy+0xc>
  406e80:	f010 0303 	ands.w	r3, r0, #3
  406e84:	d08a      	beq.n	406d9c <memcpy+0xc>
  406e86:	f1c3 0304 	rsb	r3, r3, #4
  406e8a:	1ad2      	subs	r2, r2, r3
  406e8c:	07db      	lsls	r3, r3, #31
  406e8e:	bf1c      	itt	ne
  406e90:	f811 3b01 	ldrbne.w	r3, [r1], #1
  406e94:	f800 3b01 	strbne.w	r3, [r0], #1
  406e98:	d380      	bcc.n	406d9c <memcpy+0xc>
  406e9a:	f831 3b02 	ldrh.w	r3, [r1], #2
  406e9e:	f820 3b02 	strh.w	r3, [r0], #2
  406ea2:	e77b      	b.n	406d9c <memcpy+0xc>
  406ea4:	3a04      	subs	r2, #4
  406ea6:	d3d9      	bcc.n	406e5c <memcpy+0xcc>
  406ea8:	3a01      	subs	r2, #1
  406eaa:	f811 3b01 	ldrb.w	r3, [r1], #1
  406eae:	f800 3b01 	strb.w	r3, [r0], #1
  406eb2:	d2f9      	bcs.n	406ea8 <memcpy+0x118>
  406eb4:	780b      	ldrb	r3, [r1, #0]
  406eb6:	7003      	strb	r3, [r0, #0]
  406eb8:	784b      	ldrb	r3, [r1, #1]
  406eba:	7043      	strb	r3, [r0, #1]
  406ebc:	788b      	ldrb	r3, [r1, #2]
  406ebe:	7083      	strb	r3, [r0, #2]
  406ec0:	4660      	mov	r0, ip
  406ec2:	4770      	bx	lr

00406ec4 <memmove>:
  406ec4:	4288      	cmp	r0, r1
  406ec6:	b5f0      	push	{r4, r5, r6, r7, lr}
  406ec8:	d90d      	bls.n	406ee6 <memmove+0x22>
  406eca:	188b      	adds	r3, r1, r2
  406ecc:	4298      	cmp	r0, r3
  406ece:	d20a      	bcs.n	406ee6 <memmove+0x22>
  406ed0:	1884      	adds	r4, r0, r2
  406ed2:	2a00      	cmp	r2, #0
  406ed4:	d051      	beq.n	406f7a <memmove+0xb6>
  406ed6:	4622      	mov	r2, r4
  406ed8:	f813 4d01 	ldrb.w	r4, [r3, #-1]!
  406edc:	f802 4d01 	strb.w	r4, [r2, #-1]!
  406ee0:	4299      	cmp	r1, r3
  406ee2:	d1f9      	bne.n	406ed8 <memmove+0x14>
  406ee4:	bdf0      	pop	{r4, r5, r6, r7, pc}
  406ee6:	2a0f      	cmp	r2, #15
  406ee8:	d948      	bls.n	406f7c <memmove+0xb8>
  406eea:	ea41 0300 	orr.w	r3, r1, r0
  406eee:	079b      	lsls	r3, r3, #30
  406ef0:	d146      	bne.n	406f80 <memmove+0xbc>
  406ef2:	f100 0410 	add.w	r4, r0, #16
  406ef6:	f101 0310 	add.w	r3, r1, #16
  406efa:	4615      	mov	r5, r2
  406efc:	f853 6c10 	ldr.w	r6, [r3, #-16]
  406f00:	f844 6c10 	str.w	r6, [r4, #-16]
  406f04:	f853 6c0c 	ldr.w	r6, [r3, #-12]
  406f08:	f844 6c0c 	str.w	r6, [r4, #-12]
  406f0c:	f853 6c08 	ldr.w	r6, [r3, #-8]
  406f10:	f844 6c08 	str.w	r6, [r4, #-8]
  406f14:	3d10      	subs	r5, #16
  406f16:	f853 6c04 	ldr.w	r6, [r3, #-4]
  406f1a:	f844 6c04 	str.w	r6, [r4, #-4]
  406f1e:	2d0f      	cmp	r5, #15
  406f20:	f103 0310 	add.w	r3, r3, #16
  406f24:	f104 0410 	add.w	r4, r4, #16
  406f28:	d8e8      	bhi.n	406efc <memmove+0x38>
  406f2a:	f1a2 0310 	sub.w	r3, r2, #16
  406f2e:	f023 030f 	bic.w	r3, r3, #15
  406f32:	f002 0e0f 	and.w	lr, r2, #15
  406f36:	3310      	adds	r3, #16
  406f38:	f1be 0f03 	cmp.w	lr, #3
  406f3c:	4419      	add	r1, r3
  406f3e:	4403      	add	r3, r0
  406f40:	d921      	bls.n	406f86 <memmove+0xc2>
  406f42:	1f1e      	subs	r6, r3, #4
  406f44:	460d      	mov	r5, r1
  406f46:	4674      	mov	r4, lr
  406f48:	3c04      	subs	r4, #4
  406f4a:	f855 7b04 	ldr.w	r7, [r5], #4
  406f4e:	f846 7f04 	str.w	r7, [r6, #4]!
  406f52:	2c03      	cmp	r4, #3
  406f54:	d8f8      	bhi.n	406f48 <memmove+0x84>
  406f56:	f1ae 0404 	sub.w	r4, lr, #4
  406f5a:	f024 0403 	bic.w	r4, r4, #3
  406f5e:	3404      	adds	r4, #4
  406f60:	4421      	add	r1, r4
  406f62:	4423      	add	r3, r4
  406f64:	f002 0203 	and.w	r2, r2, #3
  406f68:	b162      	cbz	r2, 406f84 <memmove+0xc0>
  406f6a:	3b01      	subs	r3, #1
  406f6c:	440a      	add	r2, r1
  406f6e:	f811 4b01 	ldrb.w	r4, [r1], #1
  406f72:	f803 4f01 	strb.w	r4, [r3, #1]!
  406f76:	428a      	cmp	r2, r1
  406f78:	d1f9      	bne.n	406f6e <memmove+0xaa>
  406f7a:	bdf0      	pop	{r4, r5, r6, r7, pc}
  406f7c:	4603      	mov	r3, r0
  406f7e:	e7f3      	b.n	406f68 <memmove+0xa4>
  406f80:	4603      	mov	r3, r0
  406f82:	e7f2      	b.n	406f6a <memmove+0xa6>
  406f84:	bdf0      	pop	{r4, r5, r6, r7, pc}
  406f86:	4672      	mov	r2, lr
  406f88:	e7ee      	b.n	406f68 <memmove+0xa4>
  406f8a:	bf00      	nop

00406f8c <__malloc_lock>:
  406f8c:	4801      	ldr	r0, [pc, #4]	; (406f94 <__malloc_lock+0x8>)
  406f8e:	f7ff bbaf 	b.w	4066f0 <__retarget_lock_acquire_recursive>
  406f92:	bf00      	nop
  406f94:	20019588 	.word	0x20019588

00406f98 <__malloc_unlock>:
  406f98:	4801      	ldr	r0, [pc, #4]	; (406fa0 <__malloc_unlock+0x8>)
  406f9a:	f7ff bbab 	b.w	4066f4 <__retarget_lock_release_recursive>
  406f9e:	bf00      	nop
  406fa0:	20019588 	.word	0x20019588

00406fa4 <_Balloc>:
  406fa4:	6cc3      	ldr	r3, [r0, #76]	; 0x4c
  406fa6:	b570      	push	{r4, r5, r6, lr}
  406fa8:	4605      	mov	r5, r0
  406faa:	460c      	mov	r4, r1
  406fac:	b14b      	cbz	r3, 406fc2 <_Balloc+0x1e>
  406fae:	f853 0024 	ldr.w	r0, [r3, r4, lsl #2]
  406fb2:	b180      	cbz	r0, 406fd6 <_Balloc+0x32>
  406fb4:	6802      	ldr	r2, [r0, #0]
  406fb6:	f843 2024 	str.w	r2, [r3, r4, lsl #2]
  406fba:	2300      	movs	r3, #0
  406fbc:	6103      	str	r3, [r0, #16]
  406fbe:	60c3      	str	r3, [r0, #12]
  406fc0:	bd70      	pop	{r4, r5, r6, pc}
  406fc2:	2221      	movs	r2, #33	; 0x21
  406fc4:	2104      	movs	r1, #4
  406fc6:	f000 fe77 	bl	407cb8 <_calloc_r>
  406fca:	64e8      	str	r0, [r5, #76]	; 0x4c
  406fcc:	4603      	mov	r3, r0
  406fce:	2800      	cmp	r0, #0
  406fd0:	d1ed      	bne.n	406fae <_Balloc+0xa>
  406fd2:	2000      	movs	r0, #0
  406fd4:	bd70      	pop	{r4, r5, r6, pc}
  406fd6:	2101      	movs	r1, #1
  406fd8:	fa01 f604 	lsl.w	r6, r1, r4
  406fdc:	1d72      	adds	r2, r6, #5
  406fde:	4628      	mov	r0, r5
  406fe0:	0092      	lsls	r2, r2, #2
  406fe2:	f000 fe69 	bl	407cb8 <_calloc_r>
  406fe6:	2800      	cmp	r0, #0
  406fe8:	d0f3      	beq.n	406fd2 <_Balloc+0x2e>
  406fea:	6044      	str	r4, [r0, #4]
  406fec:	6086      	str	r6, [r0, #8]
  406fee:	e7e4      	b.n	406fba <_Balloc+0x16>

00406ff0 <_Bfree>:
  406ff0:	b131      	cbz	r1, 407000 <_Bfree+0x10>
  406ff2:	6cc3      	ldr	r3, [r0, #76]	; 0x4c
  406ff4:	684a      	ldr	r2, [r1, #4]
  406ff6:	f853 0022 	ldr.w	r0, [r3, r2, lsl #2]
  406ffa:	6008      	str	r0, [r1, #0]
  406ffc:	f843 1022 	str.w	r1, [r3, r2, lsl #2]
  407000:	4770      	bx	lr
  407002:	bf00      	nop

00407004 <__multadd>:
  407004:	b5f0      	push	{r4, r5, r6, r7, lr}
  407006:	690c      	ldr	r4, [r1, #16]
  407008:	b083      	sub	sp, #12
  40700a:	460d      	mov	r5, r1
  40700c:	4606      	mov	r6, r0
  40700e:	f101 0e14 	add.w	lr, r1, #20
  407012:	2700      	movs	r7, #0
  407014:	f8de 0000 	ldr.w	r0, [lr]
  407018:	b281      	uxth	r1, r0
  40701a:	fb02 3301 	mla	r3, r2, r1, r3
  40701e:	0c01      	lsrs	r1, r0, #16
  407020:	0c18      	lsrs	r0, r3, #16
  407022:	fb02 0101 	mla	r1, r2, r1, r0
  407026:	b29b      	uxth	r3, r3
  407028:	3701      	adds	r7, #1
  40702a:	eb03 4301 	add.w	r3, r3, r1, lsl #16
  40702e:	42bc      	cmp	r4, r7
  407030:	f84e 3b04 	str.w	r3, [lr], #4
  407034:	ea4f 4311 	mov.w	r3, r1, lsr #16
  407038:	dcec      	bgt.n	407014 <__multadd+0x10>
  40703a:	b13b      	cbz	r3, 40704c <__multadd+0x48>
  40703c:	68aa      	ldr	r2, [r5, #8]
  40703e:	4294      	cmp	r4, r2
  407040:	da07      	bge.n	407052 <__multadd+0x4e>
  407042:	eb05 0284 	add.w	r2, r5, r4, lsl #2
  407046:	3401      	adds	r4, #1
  407048:	6153      	str	r3, [r2, #20]
  40704a:	612c      	str	r4, [r5, #16]
  40704c:	4628      	mov	r0, r5
  40704e:	b003      	add	sp, #12
  407050:	bdf0      	pop	{r4, r5, r6, r7, pc}
  407052:	6869      	ldr	r1, [r5, #4]
  407054:	9301      	str	r3, [sp, #4]
  407056:	3101      	adds	r1, #1
  407058:	4630      	mov	r0, r6
  40705a:	f7ff ffa3 	bl	406fa4 <_Balloc>
  40705e:	692a      	ldr	r2, [r5, #16]
  407060:	3202      	adds	r2, #2
  407062:	f105 010c 	add.w	r1, r5, #12
  407066:	4607      	mov	r7, r0
  407068:	0092      	lsls	r2, r2, #2
  40706a:	300c      	adds	r0, #12
  40706c:	f7ff fe90 	bl	406d90 <memcpy>
  407070:	6cf2      	ldr	r2, [r6, #76]	; 0x4c
  407072:	6869      	ldr	r1, [r5, #4]
  407074:	9b01      	ldr	r3, [sp, #4]
  407076:	f852 0021 	ldr.w	r0, [r2, r1, lsl #2]
  40707a:	6028      	str	r0, [r5, #0]
  40707c:	f842 5021 	str.w	r5, [r2, r1, lsl #2]
  407080:	463d      	mov	r5, r7
  407082:	e7de      	b.n	407042 <__multadd+0x3e>

00407084 <__hi0bits>:
  407084:	0c02      	lsrs	r2, r0, #16
  407086:	0412      	lsls	r2, r2, #16
  407088:	4603      	mov	r3, r0
  40708a:	b9b2      	cbnz	r2, 4070ba <__hi0bits+0x36>
  40708c:	0403      	lsls	r3, r0, #16
  40708e:	2010      	movs	r0, #16
  407090:	f013 4f7f 	tst.w	r3, #4278190080	; 0xff000000
  407094:	bf04      	itt	eq
  407096:	021b      	lsleq	r3, r3, #8
  407098:	3008      	addeq	r0, #8
  40709a:	f013 4f70 	tst.w	r3, #4026531840	; 0xf0000000
  40709e:	bf04      	itt	eq
  4070a0:	011b      	lsleq	r3, r3, #4
  4070a2:	3004      	addeq	r0, #4
  4070a4:	f013 4f40 	tst.w	r3, #3221225472	; 0xc0000000
  4070a8:	bf04      	itt	eq
  4070aa:	009b      	lsleq	r3, r3, #2
  4070ac:	3002      	addeq	r0, #2
  4070ae:	2b00      	cmp	r3, #0
  4070b0:	db02      	blt.n	4070b8 <__hi0bits+0x34>
  4070b2:	005b      	lsls	r3, r3, #1
  4070b4:	d403      	bmi.n	4070be <__hi0bits+0x3a>
  4070b6:	2020      	movs	r0, #32
  4070b8:	4770      	bx	lr
  4070ba:	2000      	movs	r0, #0
  4070bc:	e7e8      	b.n	407090 <__hi0bits+0xc>
  4070be:	3001      	adds	r0, #1
  4070c0:	4770      	bx	lr
  4070c2:	bf00      	nop

004070c4 <__lo0bits>:
  4070c4:	6803      	ldr	r3, [r0, #0]
  4070c6:	f013 0207 	ands.w	r2, r3, #7
  4070ca:	4601      	mov	r1, r0
  4070cc:	d007      	beq.n	4070de <__lo0bits+0x1a>
  4070ce:	07da      	lsls	r2, r3, #31
  4070d0:	d421      	bmi.n	407116 <__lo0bits+0x52>
  4070d2:	0798      	lsls	r0, r3, #30
  4070d4:	d421      	bmi.n	40711a <__lo0bits+0x56>
  4070d6:	089b      	lsrs	r3, r3, #2
  4070d8:	600b      	str	r3, [r1, #0]
  4070da:	2002      	movs	r0, #2
  4070dc:	4770      	bx	lr
  4070de:	b298      	uxth	r0, r3
  4070e0:	b198      	cbz	r0, 40710a <__lo0bits+0x46>
  4070e2:	4610      	mov	r0, r2
  4070e4:	f013 0fff 	tst.w	r3, #255	; 0xff
  4070e8:	bf04      	itt	eq
  4070ea:	0a1b      	lsreq	r3, r3, #8
  4070ec:	3008      	addeq	r0, #8
  4070ee:	071a      	lsls	r2, r3, #28
  4070f0:	bf04      	itt	eq
  4070f2:	091b      	lsreq	r3, r3, #4
  4070f4:	3004      	addeq	r0, #4
  4070f6:	079a      	lsls	r2, r3, #30
  4070f8:	bf04      	itt	eq
  4070fa:	089b      	lsreq	r3, r3, #2
  4070fc:	3002      	addeq	r0, #2
  4070fe:	07da      	lsls	r2, r3, #31
  407100:	d407      	bmi.n	407112 <__lo0bits+0x4e>
  407102:	085b      	lsrs	r3, r3, #1
  407104:	d104      	bne.n	407110 <__lo0bits+0x4c>
  407106:	2020      	movs	r0, #32
  407108:	4770      	bx	lr
  40710a:	0c1b      	lsrs	r3, r3, #16
  40710c:	2010      	movs	r0, #16
  40710e:	e7e9      	b.n	4070e4 <__lo0bits+0x20>
  407110:	3001      	adds	r0, #1
  407112:	600b      	str	r3, [r1, #0]
  407114:	4770      	bx	lr
  407116:	2000      	movs	r0, #0
  407118:	4770      	bx	lr
  40711a:	085b      	lsrs	r3, r3, #1
  40711c:	600b      	str	r3, [r1, #0]
  40711e:	2001      	movs	r0, #1
  407120:	4770      	bx	lr
  407122:	bf00      	nop

00407124 <__i2b>:
  407124:	b510      	push	{r4, lr}
  407126:	460c      	mov	r4, r1
  407128:	2101      	movs	r1, #1
  40712a:	f7ff ff3b 	bl	406fa4 <_Balloc>
  40712e:	2201      	movs	r2, #1
  407130:	6144      	str	r4, [r0, #20]
  407132:	6102      	str	r2, [r0, #16]
  407134:	bd10      	pop	{r4, pc}
  407136:	bf00      	nop

00407138 <__multiply>:
  407138:	e92d 4ff0 	stmdb	sp!, {r4, r5, r6, r7, r8, r9, sl, fp, lr}
  40713c:	690c      	ldr	r4, [r1, #16]
  40713e:	6915      	ldr	r5, [r2, #16]
  407140:	42ac      	cmp	r4, r5
  407142:	b083      	sub	sp, #12
  407144:	468b      	mov	fp, r1
  407146:	4616      	mov	r6, r2
  407148:	da04      	bge.n	407154 <__multiply+0x1c>
  40714a:	4622      	mov	r2, r4
  40714c:	46b3      	mov	fp, r6
  40714e:	462c      	mov	r4, r5
  407150:	460e      	mov	r6, r1
  407152:	4615      	mov	r5, r2
  407154:	f8db 3008 	ldr.w	r3, [fp, #8]
  407158:	f8db 1004 	ldr.w	r1, [fp, #4]
  40715c:	eb04 0805 	add.w	r8, r4, r5
  407160:	4598      	cmp	r8, r3
  407162:	bfc8      	it	gt
  407164:	3101      	addgt	r1, #1
  407166:	f7ff ff1d 	bl	406fa4 <_Balloc>
  40716a:	f100 0914 	add.w	r9, r0, #20
  40716e:	eb09 0a88 	add.w	sl, r9, r8, lsl #2
  407172:	45d1      	cmp	r9, sl
  407174:	9000      	str	r0, [sp, #0]
  407176:	d205      	bcs.n	407184 <__multiply+0x4c>
  407178:	464b      	mov	r3, r9
  40717a:	2100      	movs	r1, #0
  40717c:	f843 1b04 	str.w	r1, [r3], #4
  407180:	459a      	cmp	sl, r3
  407182:	d8fb      	bhi.n	40717c <__multiply+0x44>
  407184:	f106 0c14 	add.w	ip, r6, #20
  407188:	eb0c 0385 	add.w	r3, ip, r5, lsl #2
  40718c:	f10b 0b14 	add.w	fp, fp, #20
  407190:	459c      	cmp	ip, r3
  407192:	eb0b 0e84 	add.w	lr, fp, r4, lsl #2
  407196:	d24c      	bcs.n	407232 <__multiply+0xfa>
  407198:	f8cd a004 	str.w	sl, [sp, #4]
  40719c:	469a      	mov	sl, r3
  40719e:	f8dc 5000 	ldr.w	r5, [ip]
  4071a2:	b2af      	uxth	r7, r5
  4071a4:	b1ef      	cbz	r7, 4071e2 <__multiply+0xaa>
  4071a6:	2100      	movs	r1, #0
  4071a8:	464d      	mov	r5, r9
  4071aa:	465e      	mov	r6, fp
  4071ac:	460c      	mov	r4, r1
  4071ae:	f856 2b04 	ldr.w	r2, [r6], #4
  4071b2:	6828      	ldr	r0, [r5, #0]
  4071b4:	b293      	uxth	r3, r2
  4071b6:	b281      	uxth	r1, r0
  4071b8:	fb07 1303 	mla	r3, r7, r3, r1
  4071bc:	0c12      	lsrs	r2, r2, #16
  4071be:	0c01      	lsrs	r1, r0, #16
  4071c0:	4423      	add	r3, r4
  4071c2:	fb07 1102 	mla	r1, r7, r2, r1
  4071c6:	eb01 4113 	add.w	r1, r1, r3, lsr #16
  4071ca:	b29b      	uxth	r3, r3
  4071cc:	ea43 4301 	orr.w	r3, r3, r1, lsl #16
  4071d0:	45b6      	cmp	lr, r6
  4071d2:	f845 3b04 	str.w	r3, [r5], #4
  4071d6:	ea4f 4411 	mov.w	r4, r1, lsr #16
  4071da:	d8e8      	bhi.n	4071ae <__multiply+0x76>
  4071dc:	602c      	str	r4, [r5, #0]
  4071de:	f8dc 5000 	ldr.w	r5, [ip]
  4071e2:	0c2d      	lsrs	r5, r5, #16
  4071e4:	d01d      	beq.n	407222 <__multiply+0xea>
  4071e6:	f8d9 3000 	ldr.w	r3, [r9]
  4071ea:	4648      	mov	r0, r9
  4071ec:	461c      	mov	r4, r3
  4071ee:	4659      	mov	r1, fp
  4071f0:	2200      	movs	r2, #0
  4071f2:	880e      	ldrh	r6, [r1, #0]
  4071f4:	0c24      	lsrs	r4, r4, #16
  4071f6:	fb05 4406 	mla	r4, r5, r6, r4
  4071fa:	4422      	add	r2, r4
  4071fc:	b29b      	uxth	r3, r3
  4071fe:	ea43 4302 	orr.w	r3, r3, r2, lsl #16
  407202:	f840 3b04 	str.w	r3, [r0], #4
  407206:	f851 3b04 	ldr.w	r3, [r1], #4
  40720a:	6804      	ldr	r4, [r0, #0]
  40720c:	0c1b      	lsrs	r3, r3, #16
  40720e:	b2a6      	uxth	r6, r4
  407210:	fb05 6303 	mla	r3, r5, r3, r6
  407214:	eb03 4312 	add.w	r3, r3, r2, lsr #16
  407218:	458e      	cmp	lr, r1
  40721a:	ea4f 4213 	mov.w	r2, r3, lsr #16
  40721e:	d8e8      	bhi.n	4071f2 <__multiply+0xba>
  407220:	6003      	str	r3, [r0, #0]
  407222:	f10c 0c04 	add.w	ip, ip, #4
  407226:	45e2      	cmp	sl, ip
  407228:	f109 0904 	add.w	r9, r9, #4
  40722c:	d8b7      	bhi.n	40719e <__multiply+0x66>
  40722e:	f8dd a004 	ldr.w	sl, [sp, #4]
  407232:	f1b8 0f00 	cmp.w	r8, #0
  407236:	dd0b      	ble.n	407250 <__multiply+0x118>
  407238:	f85a 3c04 	ldr.w	r3, [sl, #-4]
  40723c:	f1aa 0a04 	sub.w	sl, sl, #4
  407240:	b11b      	cbz	r3, 40724a <__multiply+0x112>
  407242:	e005      	b.n	407250 <__multiply+0x118>
  407244:	f85a 3d04 	ldr.w	r3, [sl, #-4]!
  407248:	b913      	cbnz	r3, 407250 <__multiply+0x118>
  40724a:	f1b8 0801 	subs.w	r8, r8, #1
  40724e:	d1f9      	bne.n	407244 <__multiply+0x10c>
  407250:	9800      	ldr	r0, [sp, #0]
  407252:	f8c0 8010 	str.w	r8, [r0, #16]
  407256:	b003      	add	sp, #12
  407258:	e8bd 8ff0 	ldmia.w	sp!, {r4, r5, r6, r7, r8, r9, sl, fp, pc}

0040725c <__pow5mult>:
  40725c:	f012 0303 	ands.w	r3, r2, #3
  407260:	e92d 41f0 	stmdb	sp!, {r4, r5, r6, r7, r8, lr}
  407264:	4614      	mov	r4, r2
  407266:	4607      	mov	r7, r0
  407268:	d12e      	bne.n	4072c8 <__pow5mult+0x6c>
  40726a:	460d      	mov	r5, r1
  40726c:	10a4      	asrs	r4, r4, #2
  40726e:	d01c      	beq.n	4072aa <__pow5mult+0x4e>
  407270:	6cbe      	ldr	r6, [r7, #72]	; 0x48
  407272:	b396      	cbz	r6, 4072da <__pow5mult+0x7e>
  407274:	07e3      	lsls	r3, r4, #31
  407276:	f04f 0800 	mov.w	r8, #0
  40727a:	d406      	bmi.n	40728a <__pow5mult+0x2e>
  40727c:	1064      	asrs	r4, r4, #1
  40727e:	d014      	beq.n	4072aa <__pow5mult+0x4e>
  407280:	6830      	ldr	r0, [r6, #0]
  407282:	b1a8      	cbz	r0, 4072b0 <__pow5mult+0x54>
  407284:	4606      	mov	r6, r0
  407286:	07e3      	lsls	r3, r4, #31
  407288:	d5f8      	bpl.n	40727c <__pow5mult+0x20>
  40728a:	4632      	mov	r2, r6
  40728c:	4629      	mov	r1, r5
  40728e:	4638      	mov	r0, r7
  407290:	f7ff ff52 	bl	407138 <__multiply>
  407294:	b1b5      	cbz	r5, 4072c4 <__pow5mult+0x68>
  407296:	686a      	ldr	r2, [r5, #4]
  407298:	6cfb      	ldr	r3, [r7, #76]	; 0x4c
  40729a:	1064      	asrs	r4, r4, #1
  40729c:	f853 1022 	ldr.w	r1, [r3, r2, lsl #2]
  4072a0:	6029      	str	r1, [r5, #0]
  4072a2:	f843 5022 	str.w	r5, [r3, r2, lsl #2]
  4072a6:	4605      	mov	r5, r0
  4072a8:	d1ea      	bne.n	407280 <__pow5mult+0x24>
  4072aa:	4628      	mov	r0, r5
  4072ac:	e8bd 81f0 	ldmia.w	sp!, {r4, r5, r6, r7, r8, pc}
  4072b0:	4632      	mov	r2, r6
  4072b2:	4631      	mov	r1, r6
  4072b4:	4638      	mov	r0, r7
  4072b6:	f7ff ff3f 	bl	407138 <__multiply>
  4072ba:	6030      	str	r0, [r6, #0]
  4072bc:	f8c0 8000 	str.w	r8, [r0]
  4072c0:	4606      	mov	r6, r0
  4072c2:	e7e0      	b.n	407286 <__pow5mult+0x2a>
  4072c4:	4605      	mov	r5, r0
  4072c6:	e7d9      	b.n	40727c <__pow5mult+0x20>
  4072c8:	1e5a      	subs	r2, r3, #1
  4072ca:	4d0b      	ldr	r5, [pc, #44]	; (4072f8 <__pow5mult+0x9c>)
  4072cc:	2300      	movs	r3, #0
  4072ce:	f855 2022 	ldr.w	r2, [r5, r2, lsl #2]
  4072d2:	f7ff fe97 	bl	407004 <__multadd>
  4072d6:	4605      	mov	r5, r0
  4072d8:	e7c8      	b.n	40726c <__pow5mult+0x10>
  4072da:	2101      	movs	r1, #1
  4072dc:	4638      	mov	r0, r7
  4072de:	f7ff fe61 	bl	406fa4 <_Balloc>
  4072e2:	f240 2171 	movw	r1, #625	; 0x271
  4072e6:	2201      	movs	r2, #1
  4072e8:	2300      	movs	r3, #0
  4072ea:	6141      	str	r1, [r0, #20]
  4072ec:	6102      	str	r2, [r0, #16]
  4072ee:	4606      	mov	r6, r0
  4072f0:	64b8      	str	r0, [r7, #72]	; 0x48
  4072f2:	6003      	str	r3, [r0, #0]
  4072f4:	e7be      	b.n	407274 <__pow5mult+0x18>
  4072f6:	bf00      	nop
  4072f8:	004094c8 	.word	0x004094c8

004072fc <__lshift>:
  4072fc:	e92d 43f8 	stmdb	sp!, {r3, r4, r5, r6, r7, r8, r9, lr}
  407300:	4691      	mov	r9, r2
  407302:	690a      	ldr	r2, [r1, #16]
  407304:	688b      	ldr	r3, [r1, #8]
  407306:	ea4f 1469 	mov.w	r4, r9, asr #5
  40730a:	eb04 0802 	add.w	r8, r4, r2
  40730e:	f108 0501 	add.w	r5, r8, #1
  407312:	429d      	cmp	r5, r3
  407314:	460e      	mov	r6, r1
  407316:	4607      	mov	r7, r0
  407318:	6849      	ldr	r1, [r1, #4]
  40731a:	dd04      	ble.n	407326 <__lshift+0x2a>
  40731c:	005b      	lsls	r3, r3, #1
  40731e:	429d      	cmp	r5, r3
  407320:	f101 0101 	add.w	r1, r1, #1
  407324:	dcfa      	bgt.n	40731c <__lshift+0x20>
  407326:	4638      	mov	r0, r7
  407328:	f7ff fe3c 	bl	406fa4 <_Balloc>
  40732c:	2c00      	cmp	r4, #0
  40732e:	f100 0314 	add.w	r3, r0, #20
  407332:	dd06      	ble.n	407342 <__lshift+0x46>
  407334:	eb03 0284 	add.w	r2, r3, r4, lsl #2
  407338:	2100      	movs	r1, #0
  40733a:	f843 1b04 	str.w	r1, [r3], #4
  40733e:	429a      	cmp	r2, r3
  407340:	d1fb      	bne.n	40733a <__lshift+0x3e>
  407342:	6934      	ldr	r4, [r6, #16]
  407344:	f106 0114 	add.w	r1, r6, #20
  407348:	f019 091f 	ands.w	r9, r9, #31
  40734c:	eb01 0e84 	add.w	lr, r1, r4, lsl #2
  407350:	d01d      	beq.n	40738e <__lshift+0x92>
  407352:	f1c9 0c20 	rsb	ip, r9, #32
  407356:	2200      	movs	r2, #0
  407358:	680c      	ldr	r4, [r1, #0]
  40735a:	fa04 f409 	lsl.w	r4, r4, r9
  40735e:	4314      	orrs	r4, r2
  407360:	f843 4b04 	str.w	r4, [r3], #4
  407364:	f851 2b04 	ldr.w	r2, [r1], #4
  407368:	458e      	cmp	lr, r1
  40736a:	fa22 f20c 	lsr.w	r2, r2, ip
  40736e:	d8f3      	bhi.n	407358 <__lshift+0x5c>
  407370:	601a      	str	r2, [r3, #0]
  407372:	b10a      	cbz	r2, 407378 <__lshift+0x7c>
  407374:	f108 0502 	add.w	r5, r8, #2
  407378:	6cfb      	ldr	r3, [r7, #76]	; 0x4c
  40737a:	6872      	ldr	r2, [r6, #4]
  40737c:	3d01      	subs	r5, #1
  40737e:	f853 1022 	ldr.w	r1, [r3, r2, lsl #2]
  407382:	6105      	str	r5, [r0, #16]
  407384:	6031      	str	r1, [r6, #0]
  407386:	f843 6022 	str.w	r6, [r3, r2, lsl #2]
  40738a:	e8bd 83f8 	ldmia.w	sp!, {r3, r4, r5, r6, r7, r8, r9, pc}
  40738e:	3b04      	subs	r3, #4
  407390:	f851 2b04 	ldr.w	r2, [r1], #4
  407394:	f843 2f04 	str.w	r2, [r3, #4]!
  407398:	458e      	cmp	lr, r1
  40739a:	d8f9      	bhi.n	407390 <__lshift+0x94>
  40739c:	e7ec      	b.n	407378 <__lshift+0x7c>
  40739e:	bf00      	nop

004073a0 <__mcmp>:
  4073a0:	b430      	push	{r4, r5}
  4073a2:	690b      	ldr	r3, [r1, #16]
  4073a4:	4605      	mov	r5, r0
  4073a6:	6900      	ldr	r0, [r0, #16]
  4073a8:	1ac0      	subs	r0, r0, r3
  4073aa:	d10f      	bne.n	4073cc <__mcmp+0x2c>
  4073ac:	009b      	lsls	r3, r3, #2
  4073ae:	3514      	adds	r5, #20
  4073b0:	3114      	adds	r1, #20
  4073b2:	4419      	add	r1, r3
  4073b4:	442b      	add	r3, r5
  4073b6:	e001      	b.n	4073bc <__mcmp+0x1c>
  4073b8:	429d      	cmp	r5, r3
  4073ba:	d207      	bcs.n	4073cc <__mcmp+0x2c>
  4073bc:	f853 4d04 	ldr.w	r4, [r3, #-4]!
  4073c0:	f851 2d04 	ldr.w	r2, [r1, #-4]!
  4073c4:	4294      	cmp	r4, r2
  4073c6:	d0f7      	beq.n	4073b8 <__mcmp+0x18>
  4073c8:	d302      	bcc.n	4073d0 <__mcmp+0x30>
  4073ca:	2001      	movs	r0, #1
  4073cc:	bc30      	pop	{r4, r5}
  4073ce:	4770      	bx	lr
  4073d0:	f04f 30ff 	mov.w	r0, #4294967295
  4073d4:	e7fa      	b.n	4073cc <__mcmp+0x2c>
  4073d6:	bf00      	nop

004073d8 <__mdiff>:
  4073d8:	e92d 41f0 	stmdb	sp!, {r4, r5, r6, r7, r8, lr}
  4073dc:	690f      	ldr	r7, [r1, #16]
  4073de:	460e      	mov	r6, r1
  4073e0:	6911      	ldr	r1, [r2, #16]
  4073e2:	1a7f      	subs	r7, r7, r1
  4073e4:	2f00      	cmp	r7, #0
  4073e6:	4690      	mov	r8, r2
  4073e8:	d117      	bne.n	40741a <__mdiff+0x42>
  4073ea:	0089      	lsls	r1, r1, #2
  4073ec:	f106 0514 	add.w	r5, r6, #20
  4073f0:	f102 0e14 	add.w	lr, r2, #20
  4073f4:	186b      	adds	r3, r5, r1
  4073f6:	4471      	add	r1, lr
  4073f8:	e001      	b.n	4073fe <__mdiff+0x26>
  4073fa:	429d      	cmp	r5, r3
  4073fc:	d25c      	bcs.n	4074b8 <__mdiff+0xe0>
  4073fe:	f853 2d04 	ldr.w	r2, [r3, #-4]!
  407402:	f851 4d04 	ldr.w	r4, [r1, #-4]!
  407406:	42a2      	cmp	r2, r4
  407408:	d0f7      	beq.n	4073fa <__mdiff+0x22>
  40740a:	d25e      	bcs.n	4074ca <__mdiff+0xf2>
  40740c:	4633      	mov	r3, r6
  40740e:	462c      	mov	r4, r5
  407410:	4646      	mov	r6, r8
  407412:	4675      	mov	r5, lr
  407414:	4698      	mov	r8, r3
  407416:	2701      	movs	r7, #1
  407418:	e005      	b.n	407426 <__mdiff+0x4e>
  40741a:	db58      	blt.n	4074ce <__mdiff+0xf6>
  40741c:	f106 0514 	add.w	r5, r6, #20
  407420:	f108 0414 	add.w	r4, r8, #20
  407424:	2700      	movs	r7, #0
  407426:	6871      	ldr	r1, [r6, #4]
  407428:	f7ff fdbc 	bl	406fa4 <_Balloc>
  40742c:	f8d8 3010 	ldr.w	r3, [r8, #16]
  407430:	6936      	ldr	r6, [r6, #16]
  407432:	60c7      	str	r7, [r0, #12]
  407434:	eb04 0c83 	add.w	ip, r4, r3, lsl #2
  407438:	46a6      	mov	lr, r4
  40743a:	eb05 0786 	add.w	r7, r5, r6, lsl #2
  40743e:	f100 0414 	add.w	r4, r0, #20
  407442:	2300      	movs	r3, #0
  407444:	f85e 1b04 	ldr.w	r1, [lr], #4
  407448:	f855 8b04 	ldr.w	r8, [r5], #4
  40744c:	b28a      	uxth	r2, r1
  40744e:	fa13 f388 	uxtah	r3, r3, r8
  407452:	0c09      	lsrs	r1, r1, #16
  407454:	1a9a      	subs	r2, r3, r2
  407456:	ebc1 4318 	rsb	r3, r1, r8, lsr #16
  40745a:	eb03 4322 	add.w	r3, r3, r2, asr #16
  40745e:	b292      	uxth	r2, r2
  407460:	ea42 4203 	orr.w	r2, r2, r3, lsl #16
  407464:	45f4      	cmp	ip, lr
  407466:	f844 2b04 	str.w	r2, [r4], #4
  40746a:	ea4f 4323 	mov.w	r3, r3, asr #16
  40746e:	d8e9      	bhi.n	407444 <__mdiff+0x6c>
  407470:	42af      	cmp	r7, r5
  407472:	d917      	bls.n	4074a4 <__mdiff+0xcc>
  407474:	46a4      	mov	ip, r4
  407476:	46ae      	mov	lr, r5
  407478:	f85e 2b04 	ldr.w	r2, [lr], #4
  40747c:	fa13 f382 	uxtah	r3, r3, r2
  407480:	1419      	asrs	r1, r3, #16
  407482:	eb01 4112 	add.w	r1, r1, r2, lsr #16
  407486:	b29b      	uxth	r3, r3
  407488:	ea43 4201 	orr.w	r2, r3, r1, lsl #16
  40748c:	4577      	cmp	r7, lr
  40748e:	f84c 2b04 	str.w	r2, [ip], #4
  407492:	ea4f 4321 	mov.w	r3, r1, asr #16
  407496:	d8ef      	bhi.n	407478 <__mdiff+0xa0>
  407498:	43ed      	mvns	r5, r5
  40749a:	442f      	add	r7, r5
  40749c:	f027 0703 	bic.w	r7, r7, #3
  4074a0:	3704      	adds	r7, #4
  4074a2:	443c      	add	r4, r7
  4074a4:	3c04      	subs	r4, #4
  4074a6:	b922      	cbnz	r2, 4074b2 <__mdiff+0xda>
  4074a8:	f854 3d04 	ldr.w	r3, [r4, #-4]!
  4074ac:	3e01      	subs	r6, #1
  4074ae:	2b00      	cmp	r3, #0
  4074b0:	d0fa      	beq.n	4074a8 <__mdiff+0xd0>
  4074b2:	6106      	str	r6, [r0, #16]
  4074b4:	e8bd 81f0 	ldmia.w	sp!, {r4, r5, r6, r7, r8, pc}
  4074b8:	2100      	movs	r1, #0
  4074ba:	f7ff fd73 	bl	406fa4 <_Balloc>
  4074be:	2201      	movs	r2, #1
  4074c0:	2300      	movs	r3, #0
  4074c2:	6102      	str	r2, [r0, #16]
  4074c4:	6143      	str	r3, [r0, #20]
  4074c6:	e8bd 81f0 	ldmia.w	sp!, {r4, r5, r6, r7, r8, pc}
  4074ca:	4674      	mov	r4, lr
  4074cc:	e7ab      	b.n	407426 <__mdiff+0x4e>
  4074ce:	4633      	mov	r3, r6
  4074d0:	f106 0414 	add.w	r4, r6, #20
  4074d4:	f102 0514 	add.w	r5, r2, #20
  4074d8:	4616      	mov	r6, r2
  4074da:	2701      	movs	r7, #1
  4074dc:	4698      	mov	r8, r3
  4074de:	e7a2      	b.n	407426 <__mdiff+0x4e>

004074e0 <__d2b>:
  4074e0:	e92d 41f0 	stmdb	sp!, {r4, r5, r6, r7, r8, lr}
  4074e4:	b082      	sub	sp, #8
  4074e6:	2101      	movs	r1, #1
  4074e8:	461c      	mov	r4, r3
  4074ea:	f3c3 570a 	ubfx	r7, r3, #20, #11
  4074ee:	4615      	mov	r5, r2
  4074f0:	9e08      	ldr	r6, [sp, #32]
  4074f2:	f7ff fd57 	bl	406fa4 <_Balloc>
  4074f6:	f3c4 0413 	ubfx	r4, r4, #0, #20
  4074fa:	4680      	mov	r8, r0
  4074fc:	b10f      	cbz	r7, 407502 <__d2b+0x22>
  4074fe:	f444 1480 	orr.w	r4, r4, #1048576	; 0x100000
  407502:	9401      	str	r4, [sp, #4]
  407504:	b31d      	cbz	r5, 40754e <__d2b+0x6e>
  407506:	a802      	add	r0, sp, #8
  407508:	f840 5d08 	str.w	r5, [r0, #-8]!
  40750c:	f7ff fdda 	bl	4070c4 <__lo0bits>
  407510:	2800      	cmp	r0, #0
  407512:	d134      	bne.n	40757e <__d2b+0x9e>
  407514:	e89d 000c 	ldmia.w	sp, {r2, r3}
  407518:	f8c8 2014 	str.w	r2, [r8, #20]
  40751c:	2b00      	cmp	r3, #0
  40751e:	bf0c      	ite	eq
  407520:	2101      	moveq	r1, #1
  407522:	2102      	movne	r1, #2
  407524:	f8c8 3018 	str.w	r3, [r8, #24]
  407528:	f8c8 1010 	str.w	r1, [r8, #16]
  40752c:	b9df      	cbnz	r7, 407566 <__d2b+0x86>
  40752e:	eb08 0381 	add.w	r3, r8, r1, lsl #2
  407532:	f2a0 4032 	subw	r0, r0, #1074	; 0x432
  407536:	6030      	str	r0, [r6, #0]
  407538:	6918      	ldr	r0, [r3, #16]
  40753a:	f7ff fda3 	bl	407084 <__hi0bits>
  40753e:	9b09      	ldr	r3, [sp, #36]	; 0x24
  407540:	ebc0 1041 	rsb	r0, r0, r1, lsl #5
  407544:	6018      	str	r0, [r3, #0]
  407546:	4640      	mov	r0, r8
  407548:	b002      	add	sp, #8
  40754a:	e8bd 81f0 	ldmia.w	sp!, {r4, r5, r6, r7, r8, pc}
  40754e:	a801      	add	r0, sp, #4
  407550:	f7ff fdb8 	bl	4070c4 <__lo0bits>
  407554:	9b01      	ldr	r3, [sp, #4]
  407556:	f8c8 3014 	str.w	r3, [r8, #20]
  40755a:	2101      	movs	r1, #1
  40755c:	3020      	adds	r0, #32
  40755e:	f8c8 1010 	str.w	r1, [r8, #16]
  407562:	2f00      	cmp	r7, #0
  407564:	d0e3      	beq.n	40752e <__d2b+0x4e>
  407566:	9b09      	ldr	r3, [sp, #36]	; 0x24
  407568:	f2a7 4733 	subw	r7, r7, #1075	; 0x433
  40756c:	4407      	add	r7, r0
  40756e:	f1c0 0035 	rsb	r0, r0, #53	; 0x35
  407572:	6037      	str	r7, [r6, #0]
  407574:	6018      	str	r0, [r3, #0]
  407576:	4640      	mov	r0, r8
  407578:	b002      	add	sp, #8
  40757a:	e8bd 81f0 	ldmia.w	sp!, {r4, r5, r6, r7, r8, pc}
  40757e:	e89d 000a 	ldmia.w	sp, {r1, r3}
  407582:	f1c0 0220 	rsb	r2, r0, #32
  407586:	fa03 f202 	lsl.w	r2, r3, r2
  40758a:	430a      	orrs	r2, r1
  40758c:	40c3      	lsrs	r3, r0
  40758e:	9301      	str	r3, [sp, #4]
  407590:	f8c8 2014 	str.w	r2, [r8, #20]
  407594:	e7c2      	b.n	40751c <__d2b+0x3c>
  407596:	bf00      	nop

00407598 <_realloc_r>:
  407598:	2900      	cmp	r1, #0
  40759a:	f000 8095 	beq.w	4076c8 <_realloc_r+0x130>
  40759e:	e92d 4ff0 	stmdb	sp!, {r4, r5, r6, r7, r8, r9, sl, fp, lr}
  4075a2:	460d      	mov	r5, r1
  4075a4:	4616      	mov	r6, r2
  4075a6:	b083      	sub	sp, #12
  4075a8:	4680      	mov	r8, r0
  4075aa:	f106 070b 	add.w	r7, r6, #11
  4075ae:	f7ff fced 	bl	406f8c <__malloc_lock>
  4075b2:	f855 ec04 	ldr.w	lr, [r5, #-4]
  4075b6:	2f16      	cmp	r7, #22
  4075b8:	f02e 0403 	bic.w	r4, lr, #3
  4075bc:	f1a5 0908 	sub.w	r9, r5, #8
  4075c0:	d83c      	bhi.n	40763c <_realloc_r+0xa4>
  4075c2:	2210      	movs	r2, #16
  4075c4:	4617      	mov	r7, r2
  4075c6:	42be      	cmp	r6, r7
  4075c8:	d83d      	bhi.n	407646 <_realloc_r+0xae>
  4075ca:	4294      	cmp	r4, r2
  4075cc:	da43      	bge.n	407656 <_realloc_r+0xbe>
  4075ce:	4bc4      	ldr	r3, [pc, #784]	; (4078e0 <_realloc_r+0x348>)
  4075d0:	6899      	ldr	r1, [r3, #8]
  4075d2:	eb09 0004 	add.w	r0, r9, r4
  4075d6:	4288      	cmp	r0, r1
  4075d8:	f000 80b4 	beq.w	407744 <_realloc_r+0x1ac>
  4075dc:	6843      	ldr	r3, [r0, #4]
  4075de:	f023 0101 	bic.w	r1, r3, #1
  4075e2:	4401      	add	r1, r0
  4075e4:	6849      	ldr	r1, [r1, #4]
  4075e6:	07c9      	lsls	r1, r1, #31
  4075e8:	d54c      	bpl.n	407684 <_realloc_r+0xec>
  4075ea:	f01e 0f01 	tst.w	lr, #1
  4075ee:	f000 809b 	beq.w	407728 <_realloc_r+0x190>
  4075f2:	4631      	mov	r1, r6
  4075f4:	4640      	mov	r0, r8
  4075f6:	f7ff f87f 	bl	4066f8 <_malloc_r>
  4075fa:	4606      	mov	r6, r0
  4075fc:	2800      	cmp	r0, #0
  4075fe:	d03a      	beq.n	407676 <_realloc_r+0xde>
  407600:	f855 3c04 	ldr.w	r3, [r5, #-4]
  407604:	f023 0301 	bic.w	r3, r3, #1
  407608:	444b      	add	r3, r9
  40760a:	f1a0 0208 	sub.w	r2, r0, #8
  40760e:	429a      	cmp	r2, r3
  407610:	f000 8121 	beq.w	407856 <_realloc_r+0x2be>
  407614:	1f22      	subs	r2, r4, #4
  407616:	2a24      	cmp	r2, #36	; 0x24
  407618:	f200 8107 	bhi.w	40782a <_realloc_r+0x292>
  40761c:	2a13      	cmp	r2, #19
  40761e:	f200 80db 	bhi.w	4077d8 <_realloc_r+0x240>
  407622:	4603      	mov	r3, r0
  407624:	462a      	mov	r2, r5
  407626:	6811      	ldr	r1, [r2, #0]
  407628:	6019      	str	r1, [r3, #0]
  40762a:	6851      	ldr	r1, [r2, #4]
  40762c:	6059      	str	r1, [r3, #4]
  40762e:	6892      	ldr	r2, [r2, #8]
  407630:	609a      	str	r2, [r3, #8]
  407632:	4629      	mov	r1, r5
  407634:	4640      	mov	r0, r8
  407636:	f7fe ff67 	bl	406508 <_free_r>
  40763a:	e01c      	b.n	407676 <_realloc_r+0xde>
  40763c:	f027 0707 	bic.w	r7, r7, #7
  407640:	2f00      	cmp	r7, #0
  407642:	463a      	mov	r2, r7
  407644:	dabf      	bge.n	4075c6 <_realloc_r+0x2e>
  407646:	2600      	movs	r6, #0
  407648:	230c      	movs	r3, #12
  40764a:	4630      	mov	r0, r6
  40764c:	f8c8 3000 	str.w	r3, [r8]
  407650:	b003      	add	sp, #12
  407652:	e8bd 8ff0 	ldmia.w	sp!, {r4, r5, r6, r7, r8, r9, sl, fp, pc}
  407656:	462e      	mov	r6, r5
  407658:	1be3      	subs	r3, r4, r7
  40765a:	2b0f      	cmp	r3, #15
  40765c:	d81e      	bhi.n	40769c <_realloc_r+0x104>
  40765e:	f8d9 3004 	ldr.w	r3, [r9, #4]
  407662:	f003 0301 	and.w	r3, r3, #1
  407666:	4323      	orrs	r3, r4
  407668:	444c      	add	r4, r9
  40766a:	f8c9 3004 	str.w	r3, [r9, #4]
  40766e:	6863      	ldr	r3, [r4, #4]
  407670:	f043 0301 	orr.w	r3, r3, #1
  407674:	6063      	str	r3, [r4, #4]
  407676:	4640      	mov	r0, r8
  407678:	f7ff fc8e 	bl	406f98 <__malloc_unlock>
  40767c:	4630      	mov	r0, r6
  40767e:	b003      	add	sp, #12
  407680:	e8bd 8ff0 	ldmia.w	sp!, {r4, r5, r6, r7, r8, r9, sl, fp, pc}
  407684:	f023 0303 	bic.w	r3, r3, #3
  407688:	18e1      	adds	r1, r4, r3
  40768a:	4291      	cmp	r1, r2
  40768c:	db1f      	blt.n	4076ce <_realloc_r+0x136>
  40768e:	68c3      	ldr	r3, [r0, #12]
  407690:	6882      	ldr	r2, [r0, #8]
  407692:	462e      	mov	r6, r5
  407694:	60d3      	str	r3, [r2, #12]
  407696:	460c      	mov	r4, r1
  407698:	609a      	str	r2, [r3, #8]
  40769a:	e7dd      	b.n	407658 <_realloc_r+0xc0>
  40769c:	f8d9 2004 	ldr.w	r2, [r9, #4]
  4076a0:	eb09 0107 	add.w	r1, r9, r7
  4076a4:	f002 0201 	and.w	r2, r2, #1
  4076a8:	444c      	add	r4, r9
  4076aa:	f043 0301 	orr.w	r3, r3, #1
  4076ae:	4317      	orrs	r7, r2
  4076b0:	f8c9 7004 	str.w	r7, [r9, #4]
  4076b4:	604b      	str	r3, [r1, #4]
  4076b6:	6863      	ldr	r3, [r4, #4]
  4076b8:	f043 0301 	orr.w	r3, r3, #1
  4076bc:	3108      	adds	r1, #8
  4076be:	6063      	str	r3, [r4, #4]
  4076c0:	4640      	mov	r0, r8
  4076c2:	f7fe ff21 	bl	406508 <_free_r>
  4076c6:	e7d6      	b.n	407676 <_realloc_r+0xde>
  4076c8:	4611      	mov	r1, r2
  4076ca:	f7ff b815 	b.w	4066f8 <_malloc_r>
  4076ce:	f01e 0f01 	tst.w	lr, #1
  4076d2:	d18e      	bne.n	4075f2 <_realloc_r+0x5a>
  4076d4:	f855 1c08 	ldr.w	r1, [r5, #-8]
  4076d8:	eba9 0a01 	sub.w	sl, r9, r1
  4076dc:	f8da 1004 	ldr.w	r1, [sl, #4]
  4076e0:	f021 0103 	bic.w	r1, r1, #3
  4076e4:	440b      	add	r3, r1
  4076e6:	4423      	add	r3, r4
  4076e8:	4293      	cmp	r3, r2
  4076ea:	db25      	blt.n	407738 <_realloc_r+0x1a0>
  4076ec:	68c2      	ldr	r2, [r0, #12]
  4076ee:	6881      	ldr	r1, [r0, #8]
  4076f0:	4656      	mov	r6, sl
  4076f2:	60ca      	str	r2, [r1, #12]
  4076f4:	6091      	str	r1, [r2, #8]
  4076f6:	f8da 100c 	ldr.w	r1, [sl, #12]
  4076fa:	f856 0f08 	ldr.w	r0, [r6, #8]!
  4076fe:	1f22      	subs	r2, r4, #4
  407700:	2a24      	cmp	r2, #36	; 0x24
  407702:	60c1      	str	r1, [r0, #12]
  407704:	6088      	str	r0, [r1, #8]
  407706:	f200 8094 	bhi.w	407832 <_realloc_r+0x29a>
  40770a:	2a13      	cmp	r2, #19
  40770c:	d96f      	bls.n	4077ee <_realloc_r+0x256>
  40770e:	6829      	ldr	r1, [r5, #0]
  407710:	f8ca 1008 	str.w	r1, [sl, #8]
  407714:	6869      	ldr	r1, [r5, #4]
  407716:	f8ca 100c 	str.w	r1, [sl, #12]
  40771a:	2a1b      	cmp	r2, #27
  40771c:	f200 80a2 	bhi.w	407864 <_realloc_r+0x2cc>
  407720:	3508      	adds	r5, #8
  407722:	f10a 0210 	add.w	r2, sl, #16
  407726:	e063      	b.n	4077f0 <_realloc_r+0x258>
  407728:	f855 3c08 	ldr.w	r3, [r5, #-8]
  40772c:	eba9 0a03 	sub.w	sl, r9, r3
  407730:	f8da 1004 	ldr.w	r1, [sl, #4]
  407734:	f021 0103 	bic.w	r1, r1, #3
  407738:	1863      	adds	r3, r4, r1
  40773a:	4293      	cmp	r3, r2
  40773c:	f6ff af59 	blt.w	4075f2 <_realloc_r+0x5a>
  407740:	4656      	mov	r6, sl
  407742:	e7d8      	b.n	4076f6 <_realloc_r+0x15e>
  407744:	6841      	ldr	r1, [r0, #4]
  407746:	f021 0b03 	bic.w	fp, r1, #3
  40774a:	44a3      	add	fp, r4
  40774c:	f107 0010 	add.w	r0, r7, #16
  407750:	4583      	cmp	fp, r0
  407752:	da56      	bge.n	407802 <_realloc_r+0x26a>
  407754:	f01e 0f01 	tst.w	lr, #1
  407758:	f47f af4b 	bne.w	4075f2 <_realloc_r+0x5a>
  40775c:	f855 1c08 	ldr.w	r1, [r5, #-8]
  407760:	eba9 0a01 	sub.w	sl, r9, r1
  407764:	f8da 1004 	ldr.w	r1, [sl, #4]
  407768:	f021 0103 	bic.w	r1, r1, #3
  40776c:	448b      	add	fp, r1
  40776e:	4558      	cmp	r0, fp
  407770:	dce2      	bgt.n	407738 <_realloc_r+0x1a0>
  407772:	4656      	mov	r6, sl
  407774:	f8da 100c 	ldr.w	r1, [sl, #12]
  407778:	f856 0f08 	ldr.w	r0, [r6, #8]!
  40777c:	1f22      	subs	r2, r4, #4
  40777e:	2a24      	cmp	r2, #36	; 0x24
  407780:	60c1      	str	r1, [r0, #12]
  407782:	6088      	str	r0, [r1, #8]
  407784:	f200 808f 	bhi.w	4078a6 <_realloc_r+0x30e>
  407788:	2a13      	cmp	r2, #19
  40778a:	f240 808a 	bls.w	4078a2 <_realloc_r+0x30a>
  40778e:	6829      	ldr	r1, [r5, #0]
  407790:	f8ca 1008 	str.w	r1, [sl, #8]
  407794:	6869      	ldr	r1, [r5, #4]
  407796:	f8ca 100c 	str.w	r1, [sl, #12]
  40779a:	2a1b      	cmp	r2, #27
  40779c:	f200 808a 	bhi.w	4078b4 <_realloc_r+0x31c>
  4077a0:	3508      	adds	r5, #8
  4077a2:	f10a 0210 	add.w	r2, sl, #16
  4077a6:	6829      	ldr	r1, [r5, #0]
  4077a8:	6011      	str	r1, [r2, #0]
  4077aa:	6869      	ldr	r1, [r5, #4]
  4077ac:	6051      	str	r1, [r2, #4]
  4077ae:	68a9      	ldr	r1, [r5, #8]
  4077b0:	6091      	str	r1, [r2, #8]
  4077b2:	eb0a 0107 	add.w	r1, sl, r7
  4077b6:	ebab 0207 	sub.w	r2, fp, r7
  4077ba:	f042 0201 	orr.w	r2, r2, #1
  4077be:	6099      	str	r1, [r3, #8]
  4077c0:	604a      	str	r2, [r1, #4]
  4077c2:	f8da 3004 	ldr.w	r3, [sl, #4]
  4077c6:	f003 0301 	and.w	r3, r3, #1
  4077ca:	431f      	orrs	r7, r3
  4077cc:	4640      	mov	r0, r8
  4077ce:	f8ca 7004 	str.w	r7, [sl, #4]
  4077d2:	f7ff fbe1 	bl	406f98 <__malloc_unlock>
  4077d6:	e751      	b.n	40767c <_realloc_r+0xe4>
  4077d8:	682b      	ldr	r3, [r5, #0]
  4077da:	6003      	str	r3, [r0, #0]
  4077dc:	686b      	ldr	r3, [r5, #4]
  4077de:	6043      	str	r3, [r0, #4]
  4077e0:	2a1b      	cmp	r2, #27
  4077e2:	d82d      	bhi.n	407840 <_realloc_r+0x2a8>
  4077e4:	f100 0308 	add.w	r3, r0, #8
  4077e8:	f105 0208 	add.w	r2, r5, #8
  4077ec:	e71b      	b.n	407626 <_realloc_r+0x8e>
  4077ee:	4632      	mov	r2, r6
  4077f0:	6829      	ldr	r1, [r5, #0]
  4077f2:	6011      	str	r1, [r2, #0]
  4077f4:	6869      	ldr	r1, [r5, #4]
  4077f6:	6051      	str	r1, [r2, #4]
  4077f8:	68a9      	ldr	r1, [r5, #8]
  4077fa:	6091      	str	r1, [r2, #8]
  4077fc:	461c      	mov	r4, r3
  4077fe:	46d1      	mov	r9, sl
  407800:	e72a      	b.n	407658 <_realloc_r+0xc0>
  407802:	eb09 0107 	add.w	r1, r9, r7
  407806:	ebab 0b07 	sub.w	fp, fp, r7
  40780a:	f04b 0201 	orr.w	r2, fp, #1
  40780e:	6099      	str	r1, [r3, #8]
  407810:	604a      	str	r2, [r1, #4]
  407812:	f855 3c04 	ldr.w	r3, [r5, #-4]
  407816:	f003 0301 	and.w	r3, r3, #1
  40781a:	431f      	orrs	r7, r3
  40781c:	4640      	mov	r0, r8
  40781e:	f845 7c04 	str.w	r7, [r5, #-4]
  407822:	f7ff fbb9 	bl	406f98 <__malloc_unlock>
  407826:	462e      	mov	r6, r5
  407828:	e728      	b.n	40767c <_realloc_r+0xe4>
  40782a:	4629      	mov	r1, r5
  40782c:	f7ff fb4a 	bl	406ec4 <memmove>
  407830:	e6ff      	b.n	407632 <_realloc_r+0x9a>
  407832:	4629      	mov	r1, r5
  407834:	4630      	mov	r0, r6
  407836:	461c      	mov	r4, r3
  407838:	46d1      	mov	r9, sl
  40783a:	f7ff fb43 	bl	406ec4 <memmove>
  40783e:	e70b      	b.n	407658 <_realloc_r+0xc0>
  407840:	68ab      	ldr	r3, [r5, #8]
  407842:	6083      	str	r3, [r0, #8]
  407844:	68eb      	ldr	r3, [r5, #12]
  407846:	60c3      	str	r3, [r0, #12]
  407848:	2a24      	cmp	r2, #36	; 0x24
  40784a:	d017      	beq.n	40787c <_realloc_r+0x2e4>
  40784c:	f100 0310 	add.w	r3, r0, #16
  407850:	f105 0210 	add.w	r2, r5, #16
  407854:	e6e7      	b.n	407626 <_realloc_r+0x8e>
  407856:	f850 3c04 	ldr.w	r3, [r0, #-4]
  40785a:	f023 0303 	bic.w	r3, r3, #3
  40785e:	441c      	add	r4, r3
  407860:	462e      	mov	r6, r5
  407862:	e6f9      	b.n	407658 <_realloc_r+0xc0>
  407864:	68a9      	ldr	r1, [r5, #8]
  407866:	f8ca 1010 	str.w	r1, [sl, #16]
  40786a:	68e9      	ldr	r1, [r5, #12]
  40786c:	f8ca 1014 	str.w	r1, [sl, #20]
  407870:	2a24      	cmp	r2, #36	; 0x24
  407872:	d00c      	beq.n	40788e <_realloc_r+0x2f6>
  407874:	3510      	adds	r5, #16
  407876:	f10a 0218 	add.w	r2, sl, #24
  40787a:	e7b9      	b.n	4077f0 <_realloc_r+0x258>
  40787c:	692b      	ldr	r3, [r5, #16]
  40787e:	6103      	str	r3, [r0, #16]
  407880:	696b      	ldr	r3, [r5, #20]
  407882:	6143      	str	r3, [r0, #20]
  407884:	f105 0218 	add.w	r2, r5, #24
  407888:	f100 0318 	add.w	r3, r0, #24
  40788c:	e6cb      	b.n	407626 <_realloc_r+0x8e>
  40788e:	692a      	ldr	r2, [r5, #16]
  407890:	f8ca 2018 	str.w	r2, [sl, #24]
  407894:	696a      	ldr	r2, [r5, #20]
  407896:	f8ca 201c 	str.w	r2, [sl, #28]
  40789a:	3518      	adds	r5, #24
  40789c:	f10a 0220 	add.w	r2, sl, #32
  4078a0:	e7a6      	b.n	4077f0 <_realloc_r+0x258>
  4078a2:	4632      	mov	r2, r6
  4078a4:	e77f      	b.n	4077a6 <_realloc_r+0x20e>
  4078a6:	4629      	mov	r1, r5
  4078a8:	4630      	mov	r0, r6
  4078aa:	9301      	str	r3, [sp, #4]
  4078ac:	f7ff fb0a 	bl	406ec4 <memmove>
  4078b0:	9b01      	ldr	r3, [sp, #4]
  4078b2:	e77e      	b.n	4077b2 <_realloc_r+0x21a>
  4078b4:	68a9      	ldr	r1, [r5, #8]
  4078b6:	f8ca 1010 	str.w	r1, [sl, #16]
  4078ba:	68e9      	ldr	r1, [r5, #12]
  4078bc:	f8ca 1014 	str.w	r1, [sl, #20]
  4078c0:	2a24      	cmp	r2, #36	; 0x24
  4078c2:	d003      	beq.n	4078cc <_realloc_r+0x334>
  4078c4:	3510      	adds	r5, #16
  4078c6:	f10a 0218 	add.w	r2, sl, #24
  4078ca:	e76c      	b.n	4077a6 <_realloc_r+0x20e>
  4078cc:	692a      	ldr	r2, [r5, #16]
  4078ce:	f8ca 2018 	str.w	r2, [sl, #24]
  4078d2:	696a      	ldr	r2, [r5, #20]
  4078d4:	f8ca 201c 	str.w	r2, [sl, #28]
  4078d8:	3518      	adds	r5, #24
  4078da:	f10a 0220 	add.w	r2, sl, #32
  4078de:	e762      	b.n	4077a6 <_realloc_r+0x20e>
  4078e0:	200005b0 	.word	0x200005b0

004078e4 <_sbrk_r>:
  4078e4:	b538      	push	{r3, r4, r5, lr}
  4078e6:	4c07      	ldr	r4, [pc, #28]	; (407904 <_sbrk_r+0x20>)
  4078e8:	2300      	movs	r3, #0
  4078ea:	4605      	mov	r5, r0
  4078ec:	4608      	mov	r0, r1
  4078ee:	6023      	str	r3, [r4, #0]
  4078f0:	f7fa ff28 	bl	402744 <_sbrk>
  4078f4:	1c43      	adds	r3, r0, #1
  4078f6:	d000      	beq.n	4078fa <_sbrk_r+0x16>
  4078f8:	bd38      	pop	{r3, r4, r5, pc}
  4078fa:	6823      	ldr	r3, [r4, #0]
  4078fc:	2b00      	cmp	r3, #0
  4078fe:	d0fb      	beq.n	4078f8 <_sbrk_r+0x14>
  407900:	602b      	str	r3, [r5, #0]
  407902:	bd38      	pop	{r3, r4, r5, pc}
  407904:	2001959c 	.word	0x2001959c

00407908 <strchr>:
  407908:	b2c9      	uxtb	r1, r1
  40790a:	2900      	cmp	r1, #0
  40790c:	d041      	beq.n	407992 <strchr+0x8a>
  40790e:	0782      	lsls	r2, r0, #30
  407910:	b4f0      	push	{r4, r5, r6, r7}
  407912:	d067      	beq.n	4079e4 <strchr+0xdc>
  407914:	7803      	ldrb	r3, [r0, #0]
  407916:	2b00      	cmp	r3, #0
  407918:	d068      	beq.n	4079ec <strchr+0xe4>
  40791a:	4299      	cmp	r1, r3
  40791c:	d037      	beq.n	40798e <strchr+0x86>
  40791e:	1c43      	adds	r3, r0, #1
  407920:	e004      	b.n	40792c <strchr+0x24>
  407922:	f813 0b01 	ldrb.w	r0, [r3], #1
  407926:	b390      	cbz	r0, 40798e <strchr+0x86>
  407928:	4281      	cmp	r1, r0
  40792a:	d02f      	beq.n	40798c <strchr+0x84>
  40792c:	079a      	lsls	r2, r3, #30
  40792e:	461c      	mov	r4, r3
  407930:	d1f7      	bne.n	407922 <strchr+0x1a>
  407932:	6825      	ldr	r5, [r4, #0]
  407934:	ea41 2301 	orr.w	r3, r1, r1, lsl #8
  407938:	ea43 4303 	orr.w	r3, r3, r3, lsl #16
  40793c:	ea83 0605 	eor.w	r6, r3, r5
  407940:	f1a6 3001 	sub.w	r0, r6, #16843009	; 0x1010101
  407944:	f1a5 3201 	sub.w	r2, r5, #16843009	; 0x1010101
  407948:	ea20 0006 	bic.w	r0, r0, r6
  40794c:	ea22 0205 	bic.w	r2, r2, r5
  407950:	4302      	orrs	r2, r0
  407952:	f012 3f80 	tst.w	r2, #2155905152	; 0x80808080
  407956:	d111      	bne.n	40797c <strchr+0x74>
  407958:	4620      	mov	r0, r4
  40795a:	f850 6f04 	ldr.w	r6, [r0, #4]!
  40795e:	ea83 0706 	eor.w	r7, r3, r6
  407962:	f1a7 3501 	sub.w	r5, r7, #16843009	; 0x1010101
  407966:	f1a6 3201 	sub.w	r2, r6, #16843009	; 0x1010101
  40796a:	ea25 0507 	bic.w	r5, r5, r7
  40796e:	ea22 0206 	bic.w	r2, r2, r6
  407972:	432a      	orrs	r2, r5
  407974:	f012 3f80 	tst.w	r2, #2155905152	; 0x80808080
  407978:	d0ef      	beq.n	40795a <strchr+0x52>
  40797a:	4604      	mov	r4, r0
  40797c:	7820      	ldrb	r0, [r4, #0]
  40797e:	b918      	cbnz	r0, 407988 <strchr+0x80>
  407980:	e005      	b.n	40798e <strchr+0x86>
  407982:	f814 0f01 	ldrb.w	r0, [r4, #1]!
  407986:	b110      	cbz	r0, 40798e <strchr+0x86>
  407988:	4281      	cmp	r1, r0
  40798a:	d1fa      	bne.n	407982 <strchr+0x7a>
  40798c:	4620      	mov	r0, r4
  40798e:	bcf0      	pop	{r4, r5, r6, r7}
  407990:	4770      	bx	lr
  407992:	0783      	lsls	r3, r0, #30
  407994:	d024      	beq.n	4079e0 <strchr+0xd8>
  407996:	7803      	ldrb	r3, [r0, #0]
  407998:	2b00      	cmp	r3, #0
  40799a:	d0f9      	beq.n	407990 <strchr+0x88>
  40799c:	1c43      	adds	r3, r0, #1
  40799e:	e003      	b.n	4079a8 <strchr+0xa0>
  4079a0:	7802      	ldrb	r2, [r0, #0]
  4079a2:	3301      	adds	r3, #1
  4079a4:	2a00      	cmp	r2, #0
  4079a6:	d0f3      	beq.n	407990 <strchr+0x88>
  4079a8:	0799      	lsls	r1, r3, #30
  4079aa:	4618      	mov	r0, r3
  4079ac:	d1f8      	bne.n	4079a0 <strchr+0x98>
  4079ae:	6819      	ldr	r1, [r3, #0]
  4079b0:	f1a1 3201 	sub.w	r2, r1, #16843009	; 0x1010101
  4079b4:	ea22 0201 	bic.w	r2, r2, r1
  4079b8:	f012 3f80 	tst.w	r2, #2155905152	; 0x80808080
  4079bc:	d108      	bne.n	4079d0 <strchr+0xc8>
  4079be:	f853 1f04 	ldr.w	r1, [r3, #4]!
  4079c2:	f1a1 3201 	sub.w	r2, r1, #16843009	; 0x1010101
  4079c6:	ea22 0201 	bic.w	r2, r2, r1
  4079ca:	f012 3f80 	tst.w	r2, #2155905152	; 0x80808080
  4079ce:	d0f6      	beq.n	4079be <strchr+0xb6>
  4079d0:	781a      	ldrb	r2, [r3, #0]
  4079d2:	4618      	mov	r0, r3
  4079d4:	b142      	cbz	r2, 4079e8 <strchr+0xe0>
  4079d6:	f810 3f01 	ldrb.w	r3, [r0, #1]!
  4079da:	2b00      	cmp	r3, #0
  4079dc:	d1fb      	bne.n	4079d6 <strchr+0xce>
  4079de:	4770      	bx	lr
  4079e0:	4603      	mov	r3, r0
  4079e2:	e7e4      	b.n	4079ae <strchr+0xa6>
  4079e4:	4604      	mov	r4, r0
  4079e6:	e7a4      	b.n	407932 <strchr+0x2a>
  4079e8:	4618      	mov	r0, r3
  4079ea:	4770      	bx	lr
  4079ec:	4618      	mov	r0, r3
  4079ee:	e7ce      	b.n	40798e <strchr+0x86>
	...

00407a00 <strlen>:
  407a00:	f890 f000 	pld	[r0]
  407a04:	e96d 4502 	strd	r4, r5, [sp, #-8]!
  407a08:	f020 0107 	bic.w	r1, r0, #7
  407a0c:	f06f 0c00 	mvn.w	ip, #0
  407a10:	f010 0407 	ands.w	r4, r0, #7
  407a14:	f891 f020 	pld	[r1, #32]
  407a18:	f040 8049 	bne.w	407aae <strlen+0xae>
  407a1c:	f04f 0400 	mov.w	r4, #0
  407a20:	f06f 0007 	mvn.w	r0, #7
  407a24:	e9d1 2300 	ldrd	r2, r3, [r1]
  407a28:	f891 f040 	pld	[r1, #64]	; 0x40
  407a2c:	f100 0008 	add.w	r0, r0, #8
  407a30:	fa82 f24c 	uadd8	r2, r2, ip
  407a34:	faa4 f28c 	sel	r2, r4, ip
  407a38:	fa83 f34c 	uadd8	r3, r3, ip
  407a3c:	faa2 f38c 	sel	r3, r2, ip
  407a40:	bb4b      	cbnz	r3, 407a96 <strlen+0x96>
  407a42:	e9d1 2302 	ldrd	r2, r3, [r1, #8]
  407a46:	fa82 f24c 	uadd8	r2, r2, ip
  407a4a:	f100 0008 	add.w	r0, r0, #8
  407a4e:	faa4 f28c 	sel	r2, r4, ip
  407a52:	fa83 f34c 	uadd8	r3, r3, ip
  407a56:	faa2 f38c 	sel	r3, r2, ip
  407a5a:	b9e3      	cbnz	r3, 407a96 <strlen+0x96>
  407a5c:	e9d1 2304 	ldrd	r2, r3, [r1, #16]
  407a60:	fa82 f24c 	uadd8	r2, r2, ip
  407a64:	f100 0008 	add.w	r0, r0, #8
  407a68:	faa4 f28c 	sel	r2, r4, ip
  407a6c:	fa83 f34c 	uadd8	r3, r3, ip
  407a70:	faa2 f38c 	sel	r3, r2, ip
  407a74:	b97b      	cbnz	r3, 407a96 <strlen+0x96>
  407a76:	e9d1 2306 	ldrd	r2, r3, [r1, #24]
  407a7a:	f101 0120 	add.w	r1, r1, #32
  407a7e:	fa82 f24c 	uadd8	r2, r2, ip
  407a82:	f100 0008 	add.w	r0, r0, #8
  407a86:	faa4 f28c 	sel	r2, r4, ip
  407a8a:	fa83 f34c 	uadd8	r3, r3, ip
  407a8e:	faa2 f38c 	sel	r3, r2, ip
  407a92:	2b00      	cmp	r3, #0
  407a94:	d0c6      	beq.n	407a24 <strlen+0x24>
  407a96:	2a00      	cmp	r2, #0
  407a98:	bf04      	itt	eq
  407a9a:	3004      	addeq	r0, #4
  407a9c:	461a      	moveq	r2, r3
  407a9e:	ba12      	rev	r2, r2
  407aa0:	fab2 f282 	clz	r2, r2
  407aa4:	e8fd 4502 	ldrd	r4, r5, [sp], #8
  407aa8:	eb00 00d2 	add.w	r0, r0, r2, lsr #3
  407aac:	4770      	bx	lr
  407aae:	e9d1 2300 	ldrd	r2, r3, [r1]
  407ab2:	f004 0503 	and.w	r5, r4, #3
  407ab6:	f1c4 0000 	rsb	r0, r4, #0
  407aba:	ea4f 05c5 	mov.w	r5, r5, lsl #3
  407abe:	f014 0f04 	tst.w	r4, #4
  407ac2:	f891 f040 	pld	[r1, #64]	; 0x40
  407ac6:	fa0c f505 	lsl.w	r5, ip, r5
  407aca:	ea62 0205 	orn	r2, r2, r5
  407ace:	bf1c      	itt	ne
  407ad0:	ea63 0305 	ornne	r3, r3, r5
  407ad4:	4662      	movne	r2, ip
  407ad6:	f04f 0400 	mov.w	r4, #0
  407ada:	e7a9      	b.n	407a30 <strlen+0x30>

00407adc <__ssprint_r>:
  407adc:	e92d 4ff0 	stmdb	sp!, {r4, r5, r6, r7, r8, r9, sl, fp, lr}
  407ae0:	6893      	ldr	r3, [r2, #8]
  407ae2:	b083      	sub	sp, #12
  407ae4:	4690      	mov	r8, r2
  407ae6:	2b00      	cmp	r3, #0
  407ae8:	d070      	beq.n	407bcc <__ssprint_r+0xf0>
  407aea:	4682      	mov	sl, r0
  407aec:	460c      	mov	r4, r1
  407aee:	6817      	ldr	r7, [r2, #0]
  407af0:	688d      	ldr	r5, [r1, #8]
  407af2:	6808      	ldr	r0, [r1, #0]
  407af4:	e042      	b.n	407b7c <__ssprint_r+0xa0>
  407af6:	89a3      	ldrh	r3, [r4, #12]
  407af8:	f413 6f90 	tst.w	r3, #1152	; 0x480
  407afc:	d02e      	beq.n	407b5c <__ssprint_r+0x80>
  407afe:	6965      	ldr	r5, [r4, #20]
  407b00:	6921      	ldr	r1, [r4, #16]
  407b02:	eb05 0545 	add.w	r5, r5, r5, lsl #1
  407b06:	eba0 0b01 	sub.w	fp, r0, r1
  407b0a:	eb05 75d5 	add.w	r5, r5, r5, lsr #31
  407b0e:	f10b 0001 	add.w	r0, fp, #1
  407b12:	106d      	asrs	r5, r5, #1
  407b14:	4430      	add	r0, r6
  407b16:	42a8      	cmp	r0, r5
  407b18:	462a      	mov	r2, r5
  407b1a:	bf84      	itt	hi
  407b1c:	4605      	movhi	r5, r0
  407b1e:	462a      	movhi	r2, r5
  407b20:	055b      	lsls	r3, r3, #21
  407b22:	d538      	bpl.n	407b96 <__ssprint_r+0xba>
  407b24:	4611      	mov	r1, r2
  407b26:	4650      	mov	r0, sl
  407b28:	f7fe fde6 	bl	4066f8 <_malloc_r>
  407b2c:	2800      	cmp	r0, #0
  407b2e:	d03c      	beq.n	407baa <__ssprint_r+0xce>
  407b30:	465a      	mov	r2, fp
  407b32:	6921      	ldr	r1, [r4, #16]
  407b34:	9001      	str	r0, [sp, #4]
  407b36:	f7ff f92b 	bl	406d90 <memcpy>
  407b3a:	89a2      	ldrh	r2, [r4, #12]
  407b3c:	9b01      	ldr	r3, [sp, #4]
  407b3e:	f422 6290 	bic.w	r2, r2, #1152	; 0x480
  407b42:	f042 0280 	orr.w	r2, r2, #128	; 0x80
  407b46:	81a2      	strh	r2, [r4, #12]
  407b48:	eba5 020b 	sub.w	r2, r5, fp
  407b4c:	eb03 000b 	add.w	r0, r3, fp
  407b50:	6165      	str	r5, [r4, #20]
  407b52:	6123      	str	r3, [r4, #16]
  407b54:	6020      	str	r0, [r4, #0]
  407b56:	60a2      	str	r2, [r4, #8]
  407b58:	4635      	mov	r5, r6
  407b5a:	46b3      	mov	fp, r6
  407b5c:	465a      	mov	r2, fp
  407b5e:	4649      	mov	r1, r9
  407b60:	f7ff f9b0 	bl	406ec4 <memmove>
  407b64:	f8d8 3008 	ldr.w	r3, [r8, #8]
  407b68:	68a2      	ldr	r2, [r4, #8]
  407b6a:	6820      	ldr	r0, [r4, #0]
  407b6c:	1b55      	subs	r5, r2, r5
  407b6e:	4458      	add	r0, fp
  407b70:	1b9e      	subs	r6, r3, r6
  407b72:	60a5      	str	r5, [r4, #8]
  407b74:	6020      	str	r0, [r4, #0]
  407b76:	f8c8 6008 	str.w	r6, [r8, #8]
  407b7a:	b33e      	cbz	r6, 407bcc <__ssprint_r+0xf0>
  407b7c:	687e      	ldr	r6, [r7, #4]
  407b7e:	463b      	mov	r3, r7
  407b80:	3708      	adds	r7, #8
  407b82:	2e00      	cmp	r6, #0
  407b84:	d0fa      	beq.n	407b7c <__ssprint_r+0xa0>
  407b86:	42ae      	cmp	r6, r5
  407b88:	f8d3 9000 	ldr.w	r9, [r3]
  407b8c:	46ab      	mov	fp, r5
  407b8e:	d2b2      	bcs.n	407af6 <__ssprint_r+0x1a>
  407b90:	4635      	mov	r5, r6
  407b92:	46b3      	mov	fp, r6
  407b94:	e7e2      	b.n	407b5c <__ssprint_r+0x80>
  407b96:	4650      	mov	r0, sl
  407b98:	f7ff fcfe 	bl	407598 <_realloc_r>
  407b9c:	4603      	mov	r3, r0
  407b9e:	2800      	cmp	r0, #0
  407ba0:	d1d2      	bne.n	407b48 <__ssprint_r+0x6c>
  407ba2:	6921      	ldr	r1, [r4, #16]
  407ba4:	4650      	mov	r0, sl
  407ba6:	f7fe fcaf 	bl	406508 <_free_r>
  407baa:	230c      	movs	r3, #12
  407bac:	f8ca 3000 	str.w	r3, [sl]
  407bb0:	89a3      	ldrh	r3, [r4, #12]
  407bb2:	2200      	movs	r2, #0
  407bb4:	f043 0340 	orr.w	r3, r3, #64	; 0x40
  407bb8:	f04f 30ff 	mov.w	r0, #4294967295
  407bbc:	81a3      	strh	r3, [r4, #12]
  407bbe:	f8c8 2008 	str.w	r2, [r8, #8]
  407bc2:	f8c8 2004 	str.w	r2, [r8, #4]
  407bc6:	b003      	add	sp, #12
  407bc8:	e8bd 8ff0 	ldmia.w	sp!, {r4, r5, r6, r7, r8, r9, sl, fp, pc}
  407bcc:	2000      	movs	r0, #0
  407bce:	f8c8 0004 	str.w	r0, [r8, #4]
  407bd2:	b003      	add	sp, #12
  407bd4:	e8bd 8ff0 	ldmia.w	sp!, {r4, r5, r6, r7, r8, r9, sl, fp, pc}

00407bd8 <__ascii_wctomb>:
  407bd8:	b121      	cbz	r1, 407be4 <__ascii_wctomb+0xc>
  407bda:	2aff      	cmp	r2, #255	; 0xff
  407bdc:	d804      	bhi.n	407be8 <__ascii_wctomb+0x10>
  407bde:	700a      	strb	r2, [r1, #0]
  407be0:	2001      	movs	r0, #1
  407be2:	4770      	bx	lr
  407be4:	4608      	mov	r0, r1
  407be6:	4770      	bx	lr
  407be8:	238a      	movs	r3, #138	; 0x8a
  407bea:	6003      	str	r3, [r0, #0]
  407bec:	f04f 30ff 	mov.w	r0, #4294967295
  407bf0:	4770      	bx	lr
  407bf2:	bf00      	nop

00407bf4 <__register_exitproc>:
  407bf4:	e92d 43f8 	stmdb	sp!, {r3, r4, r5, r6, r7, r8, r9, lr}
  407bf8:	4d2c      	ldr	r5, [pc, #176]	; (407cac <__register_exitproc+0xb8>)
  407bfa:	4606      	mov	r6, r0
  407bfc:	6828      	ldr	r0, [r5, #0]
  407bfe:	4698      	mov	r8, r3
  407c00:	460f      	mov	r7, r1
  407c02:	4691      	mov	r9, r2
  407c04:	f7fe fd74 	bl	4066f0 <__retarget_lock_acquire_recursive>
  407c08:	4b29      	ldr	r3, [pc, #164]	; (407cb0 <__register_exitproc+0xbc>)
  407c0a:	681c      	ldr	r4, [r3, #0]
  407c0c:	f8d4 3148 	ldr.w	r3, [r4, #328]	; 0x148
  407c10:	2b00      	cmp	r3, #0
  407c12:	d03e      	beq.n	407c92 <__register_exitproc+0x9e>
  407c14:	685a      	ldr	r2, [r3, #4]
  407c16:	2a1f      	cmp	r2, #31
  407c18:	dc1c      	bgt.n	407c54 <__register_exitproc+0x60>
  407c1a:	f102 0e01 	add.w	lr, r2, #1
  407c1e:	b176      	cbz	r6, 407c3e <__register_exitproc+0x4a>
  407c20:	eb03 0182 	add.w	r1, r3, r2, lsl #2
  407c24:	2401      	movs	r4, #1
  407c26:	f8c1 9088 	str.w	r9, [r1, #136]	; 0x88
  407c2a:	f8d3 0188 	ldr.w	r0, [r3, #392]	; 0x188
  407c2e:	4094      	lsls	r4, r2
  407c30:	4320      	orrs	r0, r4
  407c32:	2e02      	cmp	r6, #2
  407c34:	f8c3 0188 	str.w	r0, [r3, #392]	; 0x188
  407c38:	f8c1 8108 	str.w	r8, [r1, #264]	; 0x108
  407c3c:	d023      	beq.n	407c86 <__register_exitproc+0x92>
  407c3e:	3202      	adds	r2, #2
  407c40:	f8c3 e004 	str.w	lr, [r3, #4]
  407c44:	6828      	ldr	r0, [r5, #0]
  407c46:	f843 7022 	str.w	r7, [r3, r2, lsl #2]
  407c4a:	f7fe fd53 	bl	4066f4 <__retarget_lock_release_recursive>
  407c4e:	2000      	movs	r0, #0
  407c50:	e8bd 83f8 	ldmia.w	sp!, {r3, r4, r5, r6, r7, r8, r9, pc}
  407c54:	4b17      	ldr	r3, [pc, #92]	; (407cb4 <__register_exitproc+0xc0>)
  407c56:	b30b      	cbz	r3, 407c9c <__register_exitproc+0xa8>
  407c58:	f44f 70c8 	mov.w	r0, #400	; 0x190
  407c5c:	f3af 8000 	nop.w
  407c60:	4603      	mov	r3, r0
  407c62:	b1d8      	cbz	r0, 407c9c <__register_exitproc+0xa8>
  407c64:	f8d4 2148 	ldr.w	r2, [r4, #328]	; 0x148
  407c68:	6002      	str	r2, [r0, #0]
  407c6a:	2100      	movs	r1, #0
  407c6c:	6041      	str	r1, [r0, #4]
  407c6e:	460a      	mov	r2, r1
  407c70:	f8c4 0148 	str.w	r0, [r4, #328]	; 0x148
  407c74:	f04f 0e01 	mov.w	lr, #1
  407c78:	f8c0 1188 	str.w	r1, [r0, #392]	; 0x188
  407c7c:	f8c0 118c 	str.w	r1, [r0, #396]	; 0x18c
  407c80:	2e00      	cmp	r6, #0
  407c82:	d0dc      	beq.n	407c3e <__register_exitproc+0x4a>
  407c84:	e7cc      	b.n	407c20 <__register_exitproc+0x2c>
  407c86:	f8d3 118c 	ldr.w	r1, [r3, #396]	; 0x18c
  407c8a:	430c      	orrs	r4, r1
  407c8c:	f8c3 418c 	str.w	r4, [r3, #396]	; 0x18c
  407c90:	e7d5      	b.n	407c3e <__register_exitproc+0x4a>
  407c92:	f504 73a6 	add.w	r3, r4, #332	; 0x14c
  407c96:	f8c4 3148 	str.w	r3, [r4, #328]	; 0x148
  407c9a:	e7bb      	b.n	407c14 <__register_exitproc+0x20>
  407c9c:	6828      	ldr	r0, [r5, #0]
  407c9e:	f7fe fd29 	bl	4066f4 <__retarget_lock_release_recursive>
  407ca2:	f04f 30ff 	mov.w	r0, #4294967295
  407ca6:	e8bd 83f8 	ldmia.w	sp!, {r3, r4, r5, r6, r7, r8, r9, pc}
  407caa:	bf00      	nop
  407cac:	20000440 	.word	0x20000440
  407cb0:	00409350 	.word	0x00409350
  407cb4:	00000000 	.word	0x00000000

00407cb8 <_calloc_r>:
  407cb8:	b510      	push	{r4, lr}
  407cba:	fb02 f101 	mul.w	r1, r2, r1
  407cbe:	f7fe fd1b 	bl	4066f8 <_malloc_r>
  407cc2:	4604      	mov	r4, r0
  407cc4:	b1d8      	cbz	r0, 407cfe <_calloc_r+0x46>
  407cc6:	f850 2c04 	ldr.w	r2, [r0, #-4]
  407cca:	f022 0203 	bic.w	r2, r2, #3
  407cce:	3a04      	subs	r2, #4
  407cd0:	2a24      	cmp	r2, #36	; 0x24
  407cd2:	d818      	bhi.n	407d06 <_calloc_r+0x4e>
  407cd4:	2a13      	cmp	r2, #19
  407cd6:	d914      	bls.n	407d02 <_calloc_r+0x4a>
  407cd8:	2300      	movs	r3, #0
  407cda:	2a1b      	cmp	r2, #27
  407cdc:	6003      	str	r3, [r0, #0]
  407cde:	6043      	str	r3, [r0, #4]
  407ce0:	d916      	bls.n	407d10 <_calloc_r+0x58>
  407ce2:	2a24      	cmp	r2, #36	; 0x24
  407ce4:	6083      	str	r3, [r0, #8]
  407ce6:	60c3      	str	r3, [r0, #12]
  407ce8:	bf11      	iteee	ne
  407cea:	f100 0210 	addne.w	r2, r0, #16
  407cee:	6103      	streq	r3, [r0, #16]
  407cf0:	6143      	streq	r3, [r0, #20]
  407cf2:	f100 0218 	addeq.w	r2, r0, #24
  407cf6:	2300      	movs	r3, #0
  407cf8:	6013      	str	r3, [r2, #0]
  407cfa:	6053      	str	r3, [r2, #4]
  407cfc:	6093      	str	r3, [r2, #8]
  407cfe:	4620      	mov	r0, r4
  407d00:	bd10      	pop	{r4, pc}
  407d02:	4602      	mov	r2, r0
  407d04:	e7f7      	b.n	407cf6 <_calloc_r+0x3e>
  407d06:	2100      	movs	r1, #0
  407d08:	f7fb febe 	bl	403a88 <memset>
  407d0c:	4620      	mov	r0, r4
  407d0e:	bd10      	pop	{r4, pc}
  407d10:	f100 0208 	add.w	r2, r0, #8
  407d14:	e7ef      	b.n	407cf6 <_calloc_r+0x3e>
  407d16:	bf00      	nop

00407d18 <__aeabi_drsub>:
  407d18:	f081 4100 	eor.w	r1, r1, #2147483648	; 0x80000000
  407d1c:	e002      	b.n	407d24 <__adddf3>
  407d1e:	bf00      	nop

00407d20 <__aeabi_dsub>:
  407d20:	f083 4300 	eor.w	r3, r3, #2147483648	; 0x80000000

00407d24 <__adddf3>:
  407d24:	b530      	push	{r4, r5, lr}
  407d26:	ea4f 0441 	mov.w	r4, r1, lsl #1
  407d2a:	ea4f 0543 	mov.w	r5, r3, lsl #1
  407d2e:	ea94 0f05 	teq	r4, r5
  407d32:	bf08      	it	eq
  407d34:	ea90 0f02 	teqeq	r0, r2
  407d38:	bf1f      	itttt	ne
  407d3a:	ea54 0c00 	orrsne.w	ip, r4, r0
  407d3e:	ea55 0c02 	orrsne.w	ip, r5, r2
  407d42:	ea7f 5c64 	mvnsne.w	ip, r4, asr #21
  407d46:	ea7f 5c65 	mvnsne.w	ip, r5, asr #21
  407d4a:	f000 80e2 	beq.w	407f12 <__adddf3+0x1ee>
  407d4e:	ea4f 5454 	mov.w	r4, r4, lsr #21
  407d52:	ebd4 5555 	rsbs	r5, r4, r5, lsr #21
  407d56:	bfb8      	it	lt
  407d58:	426d      	neglt	r5, r5
  407d5a:	dd0c      	ble.n	407d76 <__adddf3+0x52>
  407d5c:	442c      	add	r4, r5
  407d5e:	ea80 0202 	eor.w	r2, r0, r2
  407d62:	ea81 0303 	eor.w	r3, r1, r3
  407d66:	ea82 0000 	eor.w	r0, r2, r0
  407d6a:	ea83 0101 	eor.w	r1, r3, r1
  407d6e:	ea80 0202 	eor.w	r2, r0, r2
  407d72:	ea81 0303 	eor.w	r3, r1, r3
  407d76:	2d36      	cmp	r5, #54	; 0x36
  407d78:	bf88      	it	hi
  407d7a:	bd30      	pophi	{r4, r5, pc}
  407d7c:	f011 4f00 	tst.w	r1, #2147483648	; 0x80000000
  407d80:	ea4f 3101 	mov.w	r1, r1, lsl #12
  407d84:	f44f 1c80 	mov.w	ip, #1048576	; 0x100000
  407d88:	ea4c 3111 	orr.w	r1, ip, r1, lsr #12
  407d8c:	d002      	beq.n	407d94 <__adddf3+0x70>
  407d8e:	4240      	negs	r0, r0
  407d90:	eb61 0141 	sbc.w	r1, r1, r1, lsl #1
  407d94:	f013 4f00 	tst.w	r3, #2147483648	; 0x80000000
  407d98:	ea4f 3303 	mov.w	r3, r3, lsl #12
  407d9c:	ea4c 3313 	orr.w	r3, ip, r3, lsr #12
  407da0:	d002      	beq.n	407da8 <__adddf3+0x84>
  407da2:	4252      	negs	r2, r2
  407da4:	eb63 0343 	sbc.w	r3, r3, r3, lsl #1
  407da8:	ea94 0f05 	teq	r4, r5
  407dac:	f000 80a7 	beq.w	407efe <__adddf3+0x1da>
  407db0:	f1a4 0401 	sub.w	r4, r4, #1
  407db4:	f1d5 0e20 	rsbs	lr, r5, #32
  407db8:	db0d      	blt.n	407dd6 <__adddf3+0xb2>
  407dba:	fa02 fc0e 	lsl.w	ip, r2, lr
  407dbe:	fa22 f205 	lsr.w	r2, r2, r5
  407dc2:	1880      	adds	r0, r0, r2
  407dc4:	f141 0100 	adc.w	r1, r1, #0
  407dc8:	fa03 f20e 	lsl.w	r2, r3, lr
  407dcc:	1880      	adds	r0, r0, r2
  407dce:	fa43 f305 	asr.w	r3, r3, r5
  407dd2:	4159      	adcs	r1, r3
  407dd4:	e00e      	b.n	407df4 <__adddf3+0xd0>
  407dd6:	f1a5 0520 	sub.w	r5, r5, #32
  407dda:	f10e 0e20 	add.w	lr, lr, #32
  407dde:	2a01      	cmp	r2, #1
  407de0:	fa03 fc0e 	lsl.w	ip, r3, lr
  407de4:	bf28      	it	cs
  407de6:	f04c 0c02 	orrcs.w	ip, ip, #2
  407dea:	fa43 f305 	asr.w	r3, r3, r5
  407dee:	18c0      	adds	r0, r0, r3
  407df0:	eb51 71e3 	adcs.w	r1, r1, r3, asr #31
  407df4:	f001 4500 	and.w	r5, r1, #2147483648	; 0x80000000
  407df8:	d507      	bpl.n	407e0a <__adddf3+0xe6>
  407dfa:	f04f 0e00 	mov.w	lr, #0
  407dfe:	f1dc 0c00 	rsbs	ip, ip, #0
  407e02:	eb7e 0000 	sbcs.w	r0, lr, r0
  407e06:	eb6e 0101 	sbc.w	r1, lr, r1
  407e0a:	f5b1 1f80 	cmp.w	r1, #1048576	; 0x100000
  407e0e:	d31b      	bcc.n	407e48 <__adddf3+0x124>
  407e10:	f5b1 1f00 	cmp.w	r1, #2097152	; 0x200000
  407e14:	d30c      	bcc.n	407e30 <__adddf3+0x10c>
  407e16:	0849      	lsrs	r1, r1, #1
  407e18:	ea5f 0030 	movs.w	r0, r0, rrx
  407e1c:	ea4f 0c3c 	mov.w	ip, ip, rrx
  407e20:	f104 0401 	add.w	r4, r4, #1
  407e24:	ea4f 5244 	mov.w	r2, r4, lsl #21
  407e28:	f512 0f80 	cmn.w	r2, #4194304	; 0x400000
  407e2c:	f080 809a 	bcs.w	407f64 <__adddf3+0x240>
  407e30:	f1bc 4f00 	cmp.w	ip, #2147483648	; 0x80000000
  407e34:	bf08      	it	eq
  407e36:	ea5f 0c50 	movseq.w	ip, r0, lsr #1
  407e3a:	f150 0000 	adcs.w	r0, r0, #0
  407e3e:	eb41 5104 	adc.w	r1, r1, r4, lsl #20
  407e42:	ea41 0105 	orr.w	r1, r1, r5
  407e46:	bd30      	pop	{r4, r5, pc}
  407e48:	ea5f 0c4c 	movs.w	ip, ip, lsl #1
  407e4c:	4140      	adcs	r0, r0
  407e4e:	eb41 0101 	adc.w	r1, r1, r1
  407e52:	f411 1f80 	tst.w	r1, #1048576	; 0x100000
  407e56:	f1a4 0401 	sub.w	r4, r4, #1
  407e5a:	d1e9      	bne.n	407e30 <__adddf3+0x10c>
  407e5c:	f091 0f00 	teq	r1, #0
  407e60:	bf04      	itt	eq
  407e62:	4601      	moveq	r1, r0
  407e64:	2000      	moveq	r0, #0
  407e66:	fab1 f381 	clz	r3, r1
  407e6a:	bf08      	it	eq
  407e6c:	3320      	addeq	r3, #32
  407e6e:	f1a3 030b 	sub.w	r3, r3, #11
  407e72:	f1b3 0220 	subs.w	r2, r3, #32
  407e76:	da0c      	bge.n	407e92 <__adddf3+0x16e>
  407e78:	320c      	adds	r2, #12
  407e7a:	dd08      	ble.n	407e8e <__adddf3+0x16a>
  407e7c:	f102 0c14 	add.w	ip, r2, #20
  407e80:	f1c2 020c 	rsb	r2, r2, #12
  407e84:	fa01 f00c 	lsl.w	r0, r1, ip
  407e88:	fa21 f102 	lsr.w	r1, r1, r2
  407e8c:	e00c      	b.n	407ea8 <__adddf3+0x184>
  407e8e:	f102 0214 	add.w	r2, r2, #20
  407e92:	bfd8      	it	le
  407e94:	f1c2 0c20 	rsble	ip, r2, #32
  407e98:	fa01 f102 	lsl.w	r1, r1, r2
  407e9c:	fa20 fc0c 	lsr.w	ip, r0, ip
  407ea0:	bfdc      	itt	le
  407ea2:	ea41 010c 	orrle.w	r1, r1, ip
  407ea6:	4090      	lslle	r0, r2
  407ea8:	1ae4      	subs	r4, r4, r3
  407eaa:	bfa2      	ittt	ge
  407eac:	eb01 5104 	addge.w	r1, r1, r4, lsl #20
  407eb0:	4329      	orrge	r1, r5
  407eb2:	bd30      	popge	{r4, r5, pc}
  407eb4:	ea6f 0404 	mvn.w	r4, r4
  407eb8:	3c1f      	subs	r4, #31
  407eba:	da1c      	bge.n	407ef6 <__adddf3+0x1d2>
  407ebc:	340c      	adds	r4, #12
  407ebe:	dc0e      	bgt.n	407ede <__adddf3+0x1ba>
  407ec0:	f104 0414 	add.w	r4, r4, #20
  407ec4:	f1c4 0220 	rsb	r2, r4, #32
  407ec8:	fa20 f004 	lsr.w	r0, r0, r4
  407ecc:	fa01 f302 	lsl.w	r3, r1, r2
  407ed0:	ea40 0003 	orr.w	r0, r0, r3
  407ed4:	fa21 f304 	lsr.w	r3, r1, r4
  407ed8:	ea45 0103 	orr.w	r1, r5, r3
  407edc:	bd30      	pop	{r4, r5, pc}
  407ede:	f1c4 040c 	rsb	r4, r4, #12
  407ee2:	f1c4 0220 	rsb	r2, r4, #32
  407ee6:	fa20 f002 	lsr.w	r0, r0, r2
  407eea:	fa01 f304 	lsl.w	r3, r1, r4
  407eee:	ea40 0003 	orr.w	r0, r0, r3
  407ef2:	4629      	mov	r1, r5
  407ef4:	bd30      	pop	{r4, r5, pc}
  407ef6:	fa21 f004 	lsr.w	r0, r1, r4
  407efa:	4629      	mov	r1, r5
  407efc:	bd30      	pop	{r4, r5, pc}
  407efe:	f094 0f00 	teq	r4, #0
  407f02:	f483 1380 	eor.w	r3, r3, #1048576	; 0x100000
  407f06:	bf06      	itte	eq
  407f08:	f481 1180 	eoreq.w	r1, r1, #1048576	; 0x100000
  407f0c:	3401      	addeq	r4, #1
  407f0e:	3d01      	subne	r5, #1
  407f10:	e74e      	b.n	407db0 <__adddf3+0x8c>
  407f12:	ea7f 5c64 	mvns.w	ip, r4, asr #21
  407f16:	bf18      	it	ne
  407f18:	ea7f 5c65 	mvnsne.w	ip, r5, asr #21
  407f1c:	d029      	beq.n	407f72 <__adddf3+0x24e>
  407f1e:	ea94 0f05 	teq	r4, r5
  407f22:	bf08      	it	eq
  407f24:	ea90 0f02 	teqeq	r0, r2
  407f28:	d005      	beq.n	407f36 <__adddf3+0x212>
  407f2a:	ea54 0c00 	orrs.w	ip, r4, r0
  407f2e:	bf04      	itt	eq
  407f30:	4619      	moveq	r1, r3
  407f32:	4610      	moveq	r0, r2
  407f34:	bd30      	pop	{r4, r5, pc}
  407f36:	ea91 0f03 	teq	r1, r3
  407f3a:	bf1e      	ittt	ne
  407f3c:	2100      	movne	r1, #0
  407f3e:	2000      	movne	r0, #0
  407f40:	bd30      	popne	{r4, r5, pc}
  407f42:	ea5f 5c54 	movs.w	ip, r4, lsr #21
  407f46:	d105      	bne.n	407f54 <__adddf3+0x230>
  407f48:	0040      	lsls	r0, r0, #1
  407f4a:	4149      	adcs	r1, r1
  407f4c:	bf28      	it	cs
  407f4e:	f041 4100 	orrcs.w	r1, r1, #2147483648	; 0x80000000
  407f52:	bd30      	pop	{r4, r5, pc}
  407f54:	f514 0480 	adds.w	r4, r4, #4194304	; 0x400000
  407f58:	bf3c      	itt	cc
  407f5a:	f501 1180 	addcc.w	r1, r1, #1048576	; 0x100000
  407f5e:	bd30      	popcc	{r4, r5, pc}
  407f60:	f001 4500 	and.w	r5, r1, #2147483648	; 0x80000000
  407f64:	f045 41fe 	orr.w	r1, r5, #2130706432	; 0x7f000000
  407f68:	f441 0170 	orr.w	r1, r1, #15728640	; 0xf00000
  407f6c:	f04f 0000 	mov.w	r0, #0
  407f70:	bd30      	pop	{r4, r5, pc}
  407f72:	ea7f 5c64 	mvns.w	ip, r4, asr #21
  407f76:	bf1a      	itte	ne
  407f78:	4619      	movne	r1, r3
  407f7a:	4610      	movne	r0, r2
  407f7c:	ea7f 5c65 	mvnseq.w	ip, r5, asr #21
  407f80:	bf1c      	itt	ne
  407f82:	460b      	movne	r3, r1
  407f84:	4602      	movne	r2, r0
  407f86:	ea50 3401 	orrs.w	r4, r0, r1, lsl #12
  407f8a:	bf06      	itte	eq
  407f8c:	ea52 3503 	orrseq.w	r5, r2, r3, lsl #12
  407f90:	ea91 0f03 	teqeq	r1, r3
  407f94:	f441 2100 	orrne.w	r1, r1, #524288	; 0x80000
  407f98:	bd30      	pop	{r4, r5, pc}
  407f9a:	bf00      	nop

00407f9c <__aeabi_ui2d>:
  407f9c:	f090 0f00 	teq	r0, #0
  407fa0:	bf04      	itt	eq
  407fa2:	2100      	moveq	r1, #0
  407fa4:	4770      	bxeq	lr
  407fa6:	b530      	push	{r4, r5, lr}
  407fa8:	f44f 6480 	mov.w	r4, #1024	; 0x400
  407fac:	f104 0432 	add.w	r4, r4, #50	; 0x32
  407fb0:	f04f 0500 	mov.w	r5, #0
  407fb4:	f04f 0100 	mov.w	r1, #0
  407fb8:	e750      	b.n	407e5c <__adddf3+0x138>
  407fba:	bf00      	nop

00407fbc <__aeabi_i2d>:
  407fbc:	f090 0f00 	teq	r0, #0
  407fc0:	bf04      	itt	eq
  407fc2:	2100      	moveq	r1, #0
  407fc4:	4770      	bxeq	lr
  407fc6:	b530      	push	{r4, r5, lr}
  407fc8:	f44f 6480 	mov.w	r4, #1024	; 0x400
  407fcc:	f104 0432 	add.w	r4, r4, #50	; 0x32
  407fd0:	f010 4500 	ands.w	r5, r0, #2147483648	; 0x80000000
  407fd4:	bf48      	it	mi
  407fd6:	4240      	negmi	r0, r0
  407fd8:	f04f 0100 	mov.w	r1, #0
  407fdc:	e73e      	b.n	407e5c <__adddf3+0x138>
  407fde:	bf00      	nop

00407fe0 <__aeabi_f2d>:
  407fe0:	0042      	lsls	r2, r0, #1
  407fe2:	ea4f 01e2 	mov.w	r1, r2, asr #3
  407fe6:	ea4f 0131 	mov.w	r1, r1, rrx
  407fea:	ea4f 7002 	mov.w	r0, r2, lsl #28
  407fee:	bf1f      	itttt	ne
  407ff0:	f012 437f 	andsne.w	r3, r2, #4278190080	; 0xff000000
  407ff4:	f093 4f7f 	teqne	r3, #4278190080	; 0xff000000
  407ff8:	f081 5160 	eorne.w	r1, r1, #939524096	; 0x38000000
  407ffc:	4770      	bxne	lr
  407ffe:	f092 0f00 	teq	r2, #0
  408002:	bf14      	ite	ne
  408004:	f093 4f7f 	teqne	r3, #4278190080	; 0xff000000
  408008:	4770      	bxeq	lr
  40800a:	b530      	push	{r4, r5, lr}
  40800c:	f44f 7460 	mov.w	r4, #896	; 0x380
  408010:	f001 4500 	and.w	r5, r1, #2147483648	; 0x80000000
  408014:	f021 4100 	bic.w	r1, r1, #2147483648	; 0x80000000
  408018:	e720      	b.n	407e5c <__adddf3+0x138>
  40801a:	bf00      	nop

0040801c <__aeabi_ul2d>:
  40801c:	ea50 0201 	orrs.w	r2, r0, r1
  408020:	bf08      	it	eq
  408022:	4770      	bxeq	lr
  408024:	b530      	push	{r4, r5, lr}
  408026:	f04f 0500 	mov.w	r5, #0
  40802a:	e00a      	b.n	408042 <__aeabi_l2d+0x16>

0040802c <__aeabi_l2d>:
  40802c:	ea50 0201 	orrs.w	r2, r0, r1
  408030:	bf08      	it	eq
  408032:	4770      	bxeq	lr
  408034:	b530      	push	{r4, r5, lr}
  408036:	f011 4500 	ands.w	r5, r1, #2147483648	; 0x80000000
  40803a:	d502      	bpl.n	408042 <__aeabi_l2d+0x16>
  40803c:	4240      	negs	r0, r0
  40803e:	eb61 0141 	sbc.w	r1, r1, r1, lsl #1
  408042:	f44f 6480 	mov.w	r4, #1024	; 0x400
  408046:	f104 0432 	add.w	r4, r4, #50	; 0x32
  40804a:	ea5f 5c91 	movs.w	ip, r1, lsr #22
  40804e:	f43f aedc 	beq.w	407e0a <__adddf3+0xe6>
  408052:	f04f 0203 	mov.w	r2, #3
  408056:	ea5f 0cdc 	movs.w	ip, ip, lsr #3
  40805a:	bf18      	it	ne
  40805c:	3203      	addne	r2, #3
  40805e:	ea5f 0cdc 	movs.w	ip, ip, lsr #3
  408062:	bf18      	it	ne
  408064:	3203      	addne	r2, #3
  408066:	eb02 02dc 	add.w	r2, r2, ip, lsr #3
  40806a:	f1c2 0320 	rsb	r3, r2, #32
  40806e:	fa00 fc03 	lsl.w	ip, r0, r3
  408072:	fa20 f002 	lsr.w	r0, r0, r2
  408076:	fa01 fe03 	lsl.w	lr, r1, r3
  40807a:	ea40 000e 	orr.w	r0, r0, lr
  40807e:	fa21 f102 	lsr.w	r1, r1, r2
  408082:	4414      	add	r4, r2
  408084:	e6c1      	b.n	407e0a <__adddf3+0xe6>
  408086:	bf00      	nop

00408088 <__aeabi_dmul>:
  408088:	b570      	push	{r4, r5, r6, lr}
  40808a:	f04f 0cff 	mov.w	ip, #255	; 0xff
  40808e:	f44c 6ce0 	orr.w	ip, ip, #1792	; 0x700
  408092:	ea1c 5411 	ands.w	r4, ip, r1, lsr #20
  408096:	bf1d      	ittte	ne
  408098:	ea1c 5513 	andsne.w	r5, ip, r3, lsr #20
  40809c:	ea94 0f0c 	teqne	r4, ip
  4080a0:	ea95 0f0c 	teqne	r5, ip
  4080a4:	f000 f8de 	bleq	408264 <__aeabi_dmul+0x1dc>
  4080a8:	442c      	add	r4, r5
  4080aa:	ea81 0603 	eor.w	r6, r1, r3
  4080ae:	ea21 514c 	bic.w	r1, r1, ip, lsl #21
  4080b2:	ea23 534c 	bic.w	r3, r3, ip, lsl #21
  4080b6:	ea50 3501 	orrs.w	r5, r0, r1, lsl #12
  4080ba:	bf18      	it	ne
  4080bc:	ea52 3503 	orrsne.w	r5, r2, r3, lsl #12
  4080c0:	f441 1180 	orr.w	r1, r1, #1048576	; 0x100000
  4080c4:	f443 1380 	orr.w	r3, r3, #1048576	; 0x100000
  4080c8:	d038      	beq.n	40813c <__aeabi_dmul+0xb4>
  4080ca:	fba0 ce02 	umull	ip, lr, r0, r2
  4080ce:	f04f 0500 	mov.w	r5, #0
  4080d2:	fbe1 e502 	umlal	lr, r5, r1, r2
  4080d6:	f006 4200 	and.w	r2, r6, #2147483648	; 0x80000000
  4080da:	fbe0 e503 	umlal	lr, r5, r0, r3
  4080de:	f04f 0600 	mov.w	r6, #0
  4080e2:	fbe1 5603 	umlal	r5, r6, r1, r3
  4080e6:	f09c 0f00 	teq	ip, #0
  4080ea:	bf18      	it	ne
  4080ec:	f04e 0e01 	orrne.w	lr, lr, #1
  4080f0:	f1a4 04ff 	sub.w	r4, r4, #255	; 0xff
  4080f4:	f5b6 7f00 	cmp.w	r6, #512	; 0x200
  4080f8:	f564 7440 	sbc.w	r4, r4, #768	; 0x300
  4080fc:	d204      	bcs.n	408108 <__aeabi_dmul+0x80>
  4080fe:	ea5f 0e4e 	movs.w	lr, lr, lsl #1
  408102:	416d      	adcs	r5, r5
  408104:	eb46 0606 	adc.w	r6, r6, r6
  408108:	ea42 21c6 	orr.w	r1, r2, r6, lsl #11
  40810c:	ea41 5155 	orr.w	r1, r1, r5, lsr #21
  408110:	ea4f 20c5 	mov.w	r0, r5, lsl #11
  408114:	ea40 505e 	orr.w	r0, r0, lr, lsr #21
  408118:	ea4f 2ece 	mov.w	lr, lr, lsl #11
  40811c:	f1b4 0cfd 	subs.w	ip, r4, #253	; 0xfd
  408120:	bf88      	it	hi
  408122:	f5bc 6fe0 	cmphi.w	ip, #1792	; 0x700
  408126:	d81e      	bhi.n	408166 <__aeabi_dmul+0xde>
  408128:	f1be 4f00 	cmp.w	lr, #2147483648	; 0x80000000
  40812c:	bf08      	it	eq
  40812e:	ea5f 0e50 	movseq.w	lr, r0, lsr #1
  408132:	f150 0000 	adcs.w	r0, r0, #0
  408136:	eb41 5104 	adc.w	r1, r1, r4, lsl #20
  40813a:	bd70      	pop	{r4, r5, r6, pc}
  40813c:	f006 4600 	and.w	r6, r6, #2147483648	; 0x80000000
  408140:	ea46 0101 	orr.w	r1, r6, r1
  408144:	ea40 0002 	orr.w	r0, r0, r2
  408148:	ea81 0103 	eor.w	r1, r1, r3
  40814c:	ebb4 045c 	subs.w	r4, r4, ip, lsr #1
  408150:	bfc2      	ittt	gt
  408152:	ebd4 050c 	rsbsgt	r5, r4, ip
  408156:	ea41 5104 	orrgt.w	r1, r1, r4, lsl #20
  40815a:	bd70      	popgt	{r4, r5, r6, pc}
  40815c:	f441 1180 	orr.w	r1, r1, #1048576	; 0x100000
  408160:	f04f 0e00 	mov.w	lr, #0
  408164:	3c01      	subs	r4, #1
  408166:	f300 80ab 	bgt.w	4082c0 <__aeabi_dmul+0x238>
  40816a:	f114 0f36 	cmn.w	r4, #54	; 0x36
  40816e:	bfde      	ittt	le
  408170:	2000      	movle	r0, #0
  408172:	f001 4100 	andle.w	r1, r1, #2147483648	; 0x80000000
  408176:	bd70      	pople	{r4, r5, r6, pc}
  408178:	f1c4 0400 	rsb	r4, r4, #0
  40817c:	3c20      	subs	r4, #32
  40817e:	da35      	bge.n	4081ec <__aeabi_dmul+0x164>
  408180:	340c      	adds	r4, #12
  408182:	dc1b      	bgt.n	4081bc <__aeabi_dmul+0x134>
  408184:	f104 0414 	add.w	r4, r4, #20
  408188:	f1c4 0520 	rsb	r5, r4, #32
  40818c:	fa00 f305 	lsl.w	r3, r0, r5
  408190:	fa20 f004 	lsr.w	r0, r0, r4
  408194:	fa01 f205 	lsl.w	r2, r1, r5
  408198:	ea40 0002 	orr.w	r0, r0, r2
  40819c:	f001 4200 	and.w	r2, r1, #2147483648	; 0x80000000
  4081a0:	f021 4100 	bic.w	r1, r1, #2147483648	; 0x80000000
  4081a4:	eb10 70d3 	adds.w	r0, r0, r3, lsr #31
  4081a8:	fa21 f604 	lsr.w	r6, r1, r4
  4081ac:	eb42 0106 	adc.w	r1, r2, r6
  4081b0:	ea5e 0e43 	orrs.w	lr, lr, r3, lsl #1
  4081b4:	bf08      	it	eq
  4081b6:	ea20 70d3 	biceq.w	r0, r0, r3, lsr #31
  4081ba:	bd70      	pop	{r4, r5, r6, pc}
  4081bc:	f1c4 040c 	rsb	r4, r4, #12
  4081c0:	f1c4 0520 	rsb	r5, r4, #32
  4081c4:	fa00 f304 	lsl.w	r3, r0, r4
  4081c8:	fa20 f005 	lsr.w	r0, r0, r5
  4081cc:	fa01 f204 	lsl.w	r2, r1, r4
  4081d0:	ea40 0002 	orr.w	r0, r0, r2
  4081d4:	f001 4100 	and.w	r1, r1, #2147483648	; 0x80000000
  4081d8:	eb10 70d3 	adds.w	r0, r0, r3, lsr #31
  4081dc:	f141 0100 	adc.w	r1, r1, #0
  4081e0:	ea5e 0e43 	orrs.w	lr, lr, r3, lsl #1
  4081e4:	bf08      	it	eq
  4081e6:	ea20 70d3 	biceq.w	r0, r0, r3, lsr #31
  4081ea:	bd70      	pop	{r4, r5, r6, pc}
  4081ec:	f1c4 0520 	rsb	r5, r4, #32
  4081f0:	fa00 f205 	lsl.w	r2, r0, r5
  4081f4:	ea4e 0e02 	orr.w	lr, lr, r2
  4081f8:	fa20 f304 	lsr.w	r3, r0, r4
  4081fc:	fa01 f205 	lsl.w	r2, r1, r5
  408200:	ea43 0302 	orr.w	r3, r3, r2
  408204:	fa21 f004 	lsr.w	r0, r1, r4
  408208:	f001 4100 	and.w	r1, r1, #2147483648	; 0x80000000
  40820c:	fa21 f204 	lsr.w	r2, r1, r4
  408210:	ea20 0002 	bic.w	r0, r0, r2
  408214:	eb00 70d3 	add.w	r0, r0, r3, lsr #31
  408218:	ea5e 0e43 	orrs.w	lr, lr, r3, lsl #1
  40821c:	bf08      	it	eq
  40821e:	ea20 70d3 	biceq.w	r0, r0, r3, lsr #31
  408222:	bd70      	pop	{r4, r5, r6, pc}
  408224:	f094 0f00 	teq	r4, #0
  408228:	d10f      	bne.n	40824a <__aeabi_dmul+0x1c2>
  40822a:	f001 4600 	and.w	r6, r1, #2147483648	; 0x80000000
  40822e:	0040      	lsls	r0, r0, #1
  408230:	eb41 0101 	adc.w	r1, r1, r1
  408234:	f411 1f80 	tst.w	r1, #1048576	; 0x100000
  408238:	bf08      	it	eq
  40823a:	3c01      	subeq	r4, #1
  40823c:	d0f7      	beq.n	40822e <__aeabi_dmul+0x1a6>
  40823e:	ea41 0106 	orr.w	r1, r1, r6
  408242:	f095 0f00 	teq	r5, #0
  408246:	bf18      	it	ne
  408248:	4770      	bxne	lr
  40824a:	f003 4600 	and.w	r6, r3, #2147483648	; 0x80000000
  40824e:	0052      	lsls	r2, r2, #1
  408250:	eb43 0303 	adc.w	r3, r3, r3
  408254:	f413 1f80 	tst.w	r3, #1048576	; 0x100000
  408258:	bf08      	it	eq
  40825a:	3d01      	subeq	r5, #1
  40825c:	d0f7      	beq.n	40824e <__aeabi_dmul+0x1c6>
  40825e:	ea43 0306 	orr.w	r3, r3, r6
  408262:	4770      	bx	lr
  408264:	ea94 0f0c 	teq	r4, ip
  408268:	ea0c 5513 	and.w	r5, ip, r3, lsr #20
  40826c:	bf18      	it	ne
  40826e:	ea95 0f0c 	teqne	r5, ip
  408272:	d00c      	beq.n	40828e <__aeabi_dmul+0x206>
  408274:	ea50 0641 	orrs.w	r6, r0, r1, lsl #1
  408278:	bf18      	it	ne
  40827a:	ea52 0643 	orrsne.w	r6, r2, r3, lsl #1
  40827e:	d1d1      	bne.n	408224 <__aeabi_dmul+0x19c>
  408280:	ea81 0103 	eor.w	r1, r1, r3
  408284:	f001 4100 	and.w	r1, r1, #2147483648	; 0x80000000
  408288:	f04f 0000 	mov.w	r0, #0
  40828c:	bd70      	pop	{r4, r5, r6, pc}
  40828e:	ea50 0641 	orrs.w	r6, r0, r1, lsl #1
  408292:	bf06      	itte	eq
  408294:	4610      	moveq	r0, r2
  408296:	4619      	moveq	r1, r3
  408298:	ea52 0643 	orrsne.w	r6, r2, r3, lsl #1
  40829c:	d019      	beq.n	4082d2 <__aeabi_dmul+0x24a>
  40829e:	ea94 0f0c 	teq	r4, ip
  4082a2:	d102      	bne.n	4082aa <__aeabi_dmul+0x222>
  4082a4:	ea50 3601 	orrs.w	r6, r0, r1, lsl #12
  4082a8:	d113      	bne.n	4082d2 <__aeabi_dmul+0x24a>
  4082aa:	ea95 0f0c 	teq	r5, ip
  4082ae:	d105      	bne.n	4082bc <__aeabi_dmul+0x234>
  4082b0:	ea52 3603 	orrs.w	r6, r2, r3, lsl #12
  4082b4:	bf1c      	itt	ne
  4082b6:	4610      	movne	r0, r2
  4082b8:	4619      	movne	r1, r3
  4082ba:	d10a      	bne.n	4082d2 <__aeabi_dmul+0x24a>
  4082bc:	ea81 0103 	eor.w	r1, r1, r3
  4082c0:	f001 4100 	and.w	r1, r1, #2147483648	; 0x80000000
  4082c4:	f041 41fe 	orr.w	r1, r1, #2130706432	; 0x7f000000
  4082c8:	f441 0170 	orr.w	r1, r1, #15728640	; 0xf00000
  4082cc:	f04f 0000 	mov.w	r0, #0
  4082d0:	bd70      	pop	{r4, r5, r6, pc}
  4082d2:	f041 41fe 	orr.w	r1, r1, #2130706432	; 0x7f000000
  4082d6:	f441 0178 	orr.w	r1, r1, #16252928	; 0xf80000
  4082da:	bd70      	pop	{r4, r5, r6, pc}

004082dc <__aeabi_ddiv>:
  4082dc:	b570      	push	{r4, r5, r6, lr}
  4082de:	f04f 0cff 	mov.w	ip, #255	; 0xff
  4082e2:	f44c 6ce0 	orr.w	ip, ip, #1792	; 0x700
  4082e6:	ea1c 5411 	ands.w	r4, ip, r1, lsr #20
  4082ea:	bf1d      	ittte	ne
  4082ec:	ea1c 5513 	andsne.w	r5, ip, r3, lsr #20
  4082f0:	ea94 0f0c 	teqne	r4, ip
  4082f4:	ea95 0f0c 	teqne	r5, ip
  4082f8:	f000 f8a7 	bleq	40844a <__aeabi_ddiv+0x16e>
  4082fc:	eba4 0405 	sub.w	r4, r4, r5
  408300:	ea81 0e03 	eor.w	lr, r1, r3
  408304:	ea52 3503 	orrs.w	r5, r2, r3, lsl #12
  408308:	ea4f 3101 	mov.w	r1, r1, lsl #12
  40830c:	f000 8088 	beq.w	408420 <__aeabi_ddiv+0x144>
  408310:	ea4f 3303 	mov.w	r3, r3, lsl #12
  408314:	f04f 5580 	mov.w	r5, #268435456	; 0x10000000
  408318:	ea45 1313 	orr.w	r3, r5, r3, lsr #4
  40831c:	ea43 6312 	orr.w	r3, r3, r2, lsr #24
  408320:	ea4f 2202 	mov.w	r2, r2, lsl #8
  408324:	ea45 1511 	orr.w	r5, r5, r1, lsr #4
  408328:	ea45 6510 	orr.w	r5, r5, r0, lsr #24
  40832c:	ea4f 2600 	mov.w	r6, r0, lsl #8
  408330:	f00e 4100 	and.w	r1, lr, #2147483648	; 0x80000000
  408334:	429d      	cmp	r5, r3
  408336:	bf08      	it	eq
  408338:	4296      	cmpeq	r6, r2
  40833a:	f144 04fd 	adc.w	r4, r4, #253	; 0xfd
  40833e:	f504 7440 	add.w	r4, r4, #768	; 0x300
  408342:	d202      	bcs.n	40834a <__aeabi_ddiv+0x6e>
  408344:	085b      	lsrs	r3, r3, #1
  408346:	ea4f 0232 	mov.w	r2, r2, rrx
  40834a:	1ab6      	subs	r6, r6, r2
  40834c:	eb65 0503 	sbc.w	r5, r5, r3
  408350:	085b      	lsrs	r3, r3, #1
  408352:	ea4f 0232 	mov.w	r2, r2, rrx
  408356:	f44f 1080 	mov.w	r0, #1048576	; 0x100000
  40835a:	f44f 2c00 	mov.w	ip, #524288	; 0x80000
  40835e:	ebb6 0e02 	subs.w	lr, r6, r2
  408362:	eb75 0e03 	sbcs.w	lr, r5, r3
  408366:	bf22      	ittt	cs
  408368:	1ab6      	subcs	r6, r6, r2
  40836a:	4675      	movcs	r5, lr
  40836c:	ea40 000c 	orrcs.w	r0, r0, ip
  408370:	085b      	lsrs	r3, r3, #1
  408372:	ea4f 0232 	mov.w	r2, r2, rrx
  408376:	ebb6 0e02 	subs.w	lr, r6, r2
  40837a:	eb75 0e03 	sbcs.w	lr, r5, r3
  40837e:	bf22      	ittt	cs
  408380:	1ab6      	subcs	r6, r6, r2
  408382:	4675      	movcs	r5, lr
  408384:	ea40 005c 	orrcs.w	r0, r0, ip, lsr #1
  408388:	085b      	lsrs	r3, r3, #1
  40838a:	ea4f 0232 	mov.w	r2, r2, rrx
  40838e:	ebb6 0e02 	subs.w	lr, r6, r2
  408392:	eb75 0e03 	sbcs.w	lr, r5, r3
  408396:	bf22      	ittt	cs
  408398:	1ab6      	subcs	r6, r6, r2
  40839a:	4675      	movcs	r5, lr
  40839c:	ea40 009c 	orrcs.w	r0, r0, ip, lsr #2
  4083a0:	085b      	lsrs	r3, r3, #1
  4083a2:	ea4f 0232 	mov.w	r2, r2, rrx
  4083a6:	ebb6 0e02 	subs.w	lr, r6, r2
  4083aa:	eb75 0e03 	sbcs.w	lr, r5, r3
  4083ae:	bf22      	ittt	cs
  4083b0:	1ab6      	subcs	r6, r6, r2
  4083b2:	4675      	movcs	r5, lr
  4083b4:	ea40 00dc 	orrcs.w	r0, r0, ip, lsr #3
  4083b8:	ea55 0e06 	orrs.w	lr, r5, r6
  4083bc:	d018      	beq.n	4083f0 <__aeabi_ddiv+0x114>
  4083be:	ea4f 1505 	mov.w	r5, r5, lsl #4
  4083c2:	ea45 7516 	orr.w	r5, r5, r6, lsr #28
  4083c6:	ea4f 1606 	mov.w	r6, r6, lsl #4
  4083ca:	ea4f 03c3 	mov.w	r3, r3, lsl #3
  4083ce:	ea43 7352 	orr.w	r3, r3, r2, lsr #29
  4083d2:	ea4f 02c2 	mov.w	r2, r2, lsl #3
  4083d6:	ea5f 1c1c 	movs.w	ip, ip, lsr #4
  4083da:	d1c0      	bne.n	40835e <__aeabi_ddiv+0x82>
  4083dc:	f411 1f80 	tst.w	r1, #1048576	; 0x100000
  4083e0:	d10b      	bne.n	4083fa <__aeabi_ddiv+0x11e>
  4083e2:	ea41 0100 	orr.w	r1, r1, r0
  4083e6:	f04f 0000 	mov.w	r0, #0
  4083ea:	f04f 4c00 	mov.w	ip, #2147483648	; 0x80000000
  4083ee:	e7b6      	b.n	40835e <__aeabi_ddiv+0x82>
  4083f0:	f411 1f80 	tst.w	r1, #1048576	; 0x100000
  4083f4:	bf04      	itt	eq
  4083f6:	4301      	orreq	r1, r0
  4083f8:	2000      	moveq	r0, #0
  4083fa:	f1b4 0cfd 	subs.w	ip, r4, #253	; 0xfd
  4083fe:	bf88      	it	hi
  408400:	f5bc 6fe0 	cmphi.w	ip, #1792	; 0x700
  408404:	f63f aeaf 	bhi.w	408166 <__aeabi_dmul+0xde>
  408408:	ebb5 0c03 	subs.w	ip, r5, r3
  40840c:	bf04      	itt	eq
  40840e:	ebb6 0c02 	subseq.w	ip, r6, r2
  408412:	ea5f 0c50 	movseq.w	ip, r0, lsr #1
  408416:	f150 0000 	adcs.w	r0, r0, #0
  40841a:	eb41 5104 	adc.w	r1, r1, r4, lsl #20
  40841e:	bd70      	pop	{r4, r5, r6, pc}
  408420:	f00e 4e00 	and.w	lr, lr, #2147483648	; 0x80000000
  408424:	ea4e 3111 	orr.w	r1, lr, r1, lsr #12
  408428:	eb14 045c 	adds.w	r4, r4, ip, lsr #1
  40842c:	bfc2      	ittt	gt
  40842e:	ebd4 050c 	rsbsgt	r5, r4, ip
  408432:	ea41 5104 	orrgt.w	r1, r1, r4, lsl #20
  408436:	bd70      	popgt	{r4, r5, r6, pc}
  408438:	f441 1180 	orr.w	r1, r1, #1048576	; 0x100000
  40843c:	f04f 0e00 	mov.w	lr, #0
  408440:	3c01      	subs	r4, #1
  408442:	e690      	b.n	408166 <__aeabi_dmul+0xde>
  408444:	ea45 0e06 	orr.w	lr, r5, r6
  408448:	e68d      	b.n	408166 <__aeabi_dmul+0xde>
  40844a:	ea0c 5513 	and.w	r5, ip, r3, lsr #20
  40844e:	ea94 0f0c 	teq	r4, ip
  408452:	bf08      	it	eq
  408454:	ea95 0f0c 	teqeq	r5, ip
  408458:	f43f af3b 	beq.w	4082d2 <__aeabi_dmul+0x24a>
  40845c:	ea94 0f0c 	teq	r4, ip
  408460:	d10a      	bne.n	408478 <__aeabi_ddiv+0x19c>
  408462:	ea50 3401 	orrs.w	r4, r0, r1, lsl #12
  408466:	f47f af34 	bne.w	4082d2 <__aeabi_dmul+0x24a>
  40846a:	ea95 0f0c 	teq	r5, ip
  40846e:	f47f af25 	bne.w	4082bc <__aeabi_dmul+0x234>
  408472:	4610      	mov	r0, r2
  408474:	4619      	mov	r1, r3
  408476:	e72c      	b.n	4082d2 <__aeabi_dmul+0x24a>
  408478:	ea95 0f0c 	teq	r5, ip
  40847c:	d106      	bne.n	40848c <__aeabi_ddiv+0x1b0>
  40847e:	ea52 3503 	orrs.w	r5, r2, r3, lsl #12
  408482:	f43f aefd 	beq.w	408280 <__aeabi_dmul+0x1f8>
  408486:	4610      	mov	r0, r2
  408488:	4619      	mov	r1, r3
  40848a:	e722      	b.n	4082d2 <__aeabi_dmul+0x24a>
  40848c:	ea50 0641 	orrs.w	r6, r0, r1, lsl #1
  408490:	bf18      	it	ne
  408492:	ea52 0643 	orrsne.w	r6, r2, r3, lsl #1
  408496:	f47f aec5 	bne.w	408224 <__aeabi_dmul+0x19c>
  40849a:	ea50 0441 	orrs.w	r4, r0, r1, lsl #1
  40849e:	f47f af0d 	bne.w	4082bc <__aeabi_dmul+0x234>
  4084a2:	ea52 0543 	orrs.w	r5, r2, r3, lsl #1
  4084a6:	f47f aeeb 	bne.w	408280 <__aeabi_dmul+0x1f8>
  4084aa:	e712      	b.n	4082d2 <__aeabi_dmul+0x24a>

004084ac <__gedf2>:
  4084ac:	f04f 3cff 	mov.w	ip, #4294967295
  4084b0:	e006      	b.n	4084c0 <__cmpdf2+0x4>
  4084b2:	bf00      	nop

004084b4 <__ledf2>:
  4084b4:	f04f 0c01 	mov.w	ip, #1
  4084b8:	e002      	b.n	4084c0 <__cmpdf2+0x4>
  4084ba:	bf00      	nop

004084bc <__cmpdf2>:
  4084bc:	f04f 0c01 	mov.w	ip, #1
  4084c0:	f84d cd04 	str.w	ip, [sp, #-4]!
  4084c4:	ea4f 0c41 	mov.w	ip, r1, lsl #1
  4084c8:	ea7f 5c6c 	mvns.w	ip, ip, asr #21
  4084cc:	ea4f 0c43 	mov.w	ip, r3, lsl #1
  4084d0:	bf18      	it	ne
  4084d2:	ea7f 5c6c 	mvnsne.w	ip, ip, asr #21
  4084d6:	d01b      	beq.n	408510 <__cmpdf2+0x54>
  4084d8:	b001      	add	sp, #4
  4084da:	ea50 0c41 	orrs.w	ip, r0, r1, lsl #1
  4084de:	bf0c      	ite	eq
  4084e0:	ea52 0c43 	orrseq.w	ip, r2, r3, lsl #1
  4084e4:	ea91 0f03 	teqne	r1, r3
  4084e8:	bf02      	ittt	eq
  4084ea:	ea90 0f02 	teqeq	r0, r2
  4084ee:	2000      	moveq	r0, #0
  4084f0:	4770      	bxeq	lr
  4084f2:	f110 0f00 	cmn.w	r0, #0
  4084f6:	ea91 0f03 	teq	r1, r3
  4084fa:	bf58      	it	pl
  4084fc:	4299      	cmppl	r1, r3
  4084fe:	bf08      	it	eq
  408500:	4290      	cmpeq	r0, r2
  408502:	bf2c      	ite	cs
  408504:	17d8      	asrcs	r0, r3, #31
  408506:	ea6f 70e3 	mvncc.w	r0, r3, asr #31
  40850a:	f040 0001 	orr.w	r0, r0, #1
  40850e:	4770      	bx	lr
  408510:	ea4f 0c41 	mov.w	ip, r1, lsl #1
  408514:	ea7f 5c6c 	mvns.w	ip, ip, asr #21
  408518:	d102      	bne.n	408520 <__cmpdf2+0x64>
  40851a:	ea50 3c01 	orrs.w	ip, r0, r1, lsl #12
  40851e:	d107      	bne.n	408530 <__cmpdf2+0x74>
  408520:	ea4f 0c43 	mov.w	ip, r3, lsl #1
  408524:	ea7f 5c6c 	mvns.w	ip, ip, asr #21
  408528:	d1d6      	bne.n	4084d8 <__cmpdf2+0x1c>
  40852a:	ea52 3c03 	orrs.w	ip, r2, r3, lsl #12
  40852e:	d0d3      	beq.n	4084d8 <__cmpdf2+0x1c>
  408530:	f85d 0b04 	ldr.w	r0, [sp], #4
  408534:	4770      	bx	lr
  408536:	bf00      	nop

00408538 <__aeabi_cdrcmple>:
  408538:	4684      	mov	ip, r0
  40853a:	4610      	mov	r0, r2
  40853c:	4662      	mov	r2, ip
  40853e:	468c      	mov	ip, r1
  408540:	4619      	mov	r1, r3
  408542:	4663      	mov	r3, ip
  408544:	e000      	b.n	408548 <__aeabi_cdcmpeq>
  408546:	bf00      	nop

00408548 <__aeabi_cdcmpeq>:
  408548:	b501      	push	{r0, lr}
  40854a:	f7ff ffb7 	bl	4084bc <__cmpdf2>
  40854e:	2800      	cmp	r0, #0
  408550:	bf48      	it	mi
  408552:	f110 0f00 	cmnmi.w	r0, #0
  408556:	bd01      	pop	{r0, pc}

00408558 <__aeabi_dcmpeq>:
  408558:	f84d ed08 	str.w	lr, [sp, #-8]!
  40855c:	f7ff fff4 	bl	408548 <__aeabi_cdcmpeq>
  408560:	bf0c      	ite	eq
  408562:	2001      	moveq	r0, #1
  408564:	2000      	movne	r0, #0
  408566:	f85d fb08 	ldr.w	pc, [sp], #8
  40856a:	bf00      	nop

0040856c <__aeabi_dcmplt>:
  40856c:	f84d ed08 	str.w	lr, [sp, #-8]!
  408570:	f7ff ffea 	bl	408548 <__aeabi_cdcmpeq>
  408574:	bf34      	ite	cc
  408576:	2001      	movcc	r0, #1
  408578:	2000      	movcs	r0, #0
  40857a:	f85d fb08 	ldr.w	pc, [sp], #8
  40857e:	bf00      	nop

00408580 <__aeabi_dcmple>:
  408580:	f84d ed08 	str.w	lr, [sp, #-8]!
  408584:	f7ff ffe0 	bl	408548 <__aeabi_cdcmpeq>
  408588:	bf94      	ite	ls
  40858a:	2001      	movls	r0, #1
  40858c:	2000      	movhi	r0, #0
  40858e:	f85d fb08 	ldr.w	pc, [sp], #8
  408592:	bf00      	nop

00408594 <__aeabi_dcmpge>:
  408594:	f84d ed08 	str.w	lr, [sp, #-8]!
  408598:	f7ff ffce 	bl	408538 <__aeabi_cdrcmple>
  40859c:	bf94      	ite	ls
  40859e:	2001      	movls	r0, #1
  4085a0:	2000      	movhi	r0, #0
  4085a2:	f85d fb08 	ldr.w	pc, [sp], #8
  4085a6:	bf00      	nop

004085a8 <__aeabi_dcmpgt>:
  4085a8:	f84d ed08 	str.w	lr, [sp, #-8]!
  4085ac:	f7ff ffc4 	bl	408538 <__aeabi_cdrcmple>
  4085b0:	bf34      	ite	cc
  4085b2:	2001      	movcc	r0, #1
  4085b4:	2000      	movcs	r0, #0
  4085b6:	f85d fb08 	ldr.w	pc, [sp], #8
  4085ba:	bf00      	nop

004085bc <__aeabi_dcmpun>:
  4085bc:	ea4f 0c41 	mov.w	ip, r1, lsl #1
  4085c0:	ea7f 5c6c 	mvns.w	ip, ip, asr #21
  4085c4:	d102      	bne.n	4085cc <__aeabi_dcmpun+0x10>
  4085c6:	ea50 3c01 	orrs.w	ip, r0, r1, lsl #12
  4085ca:	d10a      	bne.n	4085e2 <__aeabi_dcmpun+0x26>
  4085cc:	ea4f 0c43 	mov.w	ip, r3, lsl #1
  4085d0:	ea7f 5c6c 	mvns.w	ip, ip, asr #21
  4085d4:	d102      	bne.n	4085dc <__aeabi_dcmpun+0x20>
  4085d6:	ea52 3c03 	orrs.w	ip, r2, r3, lsl #12
  4085da:	d102      	bne.n	4085e2 <__aeabi_dcmpun+0x26>
  4085dc:	f04f 0000 	mov.w	r0, #0
  4085e0:	4770      	bx	lr
  4085e2:	f04f 0001 	mov.w	r0, #1
  4085e6:	4770      	bx	lr

004085e8 <__aeabi_d2iz>:
  4085e8:	ea4f 0241 	mov.w	r2, r1, lsl #1
  4085ec:	f512 1200 	adds.w	r2, r2, #2097152	; 0x200000
  4085f0:	d215      	bcs.n	40861e <__aeabi_d2iz+0x36>
  4085f2:	d511      	bpl.n	408618 <__aeabi_d2iz+0x30>
  4085f4:	f46f 7378 	mvn.w	r3, #992	; 0x3e0
  4085f8:	ebb3 5262 	subs.w	r2, r3, r2, asr #21
  4085fc:	d912      	bls.n	408624 <__aeabi_d2iz+0x3c>
  4085fe:	ea4f 23c1 	mov.w	r3, r1, lsl #11
  408602:	f043 4300 	orr.w	r3, r3, #2147483648	; 0x80000000
  408606:	ea43 5350 	orr.w	r3, r3, r0, lsr #21
  40860a:	f011 4f00 	tst.w	r1, #2147483648	; 0x80000000
  40860e:	fa23 f002 	lsr.w	r0, r3, r2
  408612:	bf18      	it	ne
  408614:	4240      	negne	r0, r0
  408616:	4770      	bx	lr
  408618:	f04f 0000 	mov.w	r0, #0
  40861c:	4770      	bx	lr
  40861e:	ea50 3001 	orrs.w	r0, r0, r1, lsl #12
  408622:	d105      	bne.n	408630 <__aeabi_d2iz+0x48>
  408624:	f011 4000 	ands.w	r0, r1, #2147483648	; 0x80000000
  408628:	bf08      	it	eq
  40862a:	f06f 4000 	mvneq.w	r0, #2147483648	; 0x80000000
  40862e:	4770      	bx	lr
  408630:	f04f 0000 	mov.w	r0, #0
  408634:	4770      	bx	lr
  408636:	bf00      	nop

00408638 <OV2640_JPEG_INIT>:
  408638:	00ff ff2c df2e 01ff 323c 0111 0209 2804     ..,.....<2.....(
  408648:	e513 4814 0c2c 7833 333a fb3b 003e 1143     ...H,.3x:3;.>.C.
  408658:	1016 9239 da35 1a22 c337 0023 c034 1a36     ..9.5.".7.#.4.6.
  408668:	8806 c007 870d 410e 004c 0048 005b 0342     .......AL.H.[.B.
  408678:	814a 9921 4024 3825 8226 005c 0063 7061     J.!.$@%8&.\.c.ap
  408688:	8062 057c 8020 3028 006c 806d 006e 0270     b.|. .(0l.m.n.p.
  408698:	9471 c173 4012 1117 4318 0019 4b1a 0932     q.s..@...C...K2.
  4086a8:	c037 604f a850 006d 383d 3f46 604f 3c0c     7.O`P.m.=8F?O`.<
  4086b8:	00ff 7fe5 c0f9 2441 14e0 ff76 a033 2042     ......A$..v.3.B 
  4086c8:	1843 004c d587 3f88 03d7 10d9 82d3 08c8     C.L....?........
  4086d8:	80c9 007c 007d 037c 487d 487d 087c 207d     ..|.}.|.}H}H|.} 
  4086e8:	107d 0e7d 0090 0e91 1a91 3191 5a91 6991     }.}........1.Z.i
  4086f8:	7591 7e91 8891 8f91 9691 a391 af91 c491     .u.~............
  408708:	d791 e891 2091 0092 0693 e393 0593 0593     ..... ..........
  408718:	0093 0493 0093 0093 0093 0093 0093 0093     ................
  408728:	0093 0096 0897 1997 0297 0c97 2497 3097     .............$.0
  408738:	2897 2697 0297 9897 8097 0097 0097 edc3     .(.&............
  408748:	00a4 00a8 11c5 51c6 80bf 10c7 66b6 a5b8     .......Q.....f..
  408758:	64b7 7cb9 afb3 97b4 ffb5 c5b0 94b1 0fb2     .d.|............
  408768:	5cc4 64c0 4bc1 008c 3d86 0050 c851 9652     .\.d.K...=P.Q.R.
  408778:	0053 0054 0055 c85a 965b 005c 00d3 edc3     S.T.U.Z.[.\.....
  408788:	007f 00da 1fe5 67e1 00e0 7fdd 0005 4012     .......g.......@
  408798:	04d3 16c0 12c1 008c 3d86 0050 2c51 2452     .........=P.Q,R$
  4087a8:	0053 0054 0055 2c5a 245b 005c ffff 0000     S.T.U.Z,[$\.....

004087b8 <OV2640_YUV422>:
  4087b8:	00ff 0005 10da 03d7 00df 8033 403c 77e1     ..........3.<@.w
  4087c8:	0000 ffff                                   ....

004087cc <OV2640_JPEG>:
  4087cc:	14e0 77e1 1fe5 03d7 10da 00e0 01ff 0804     ...w............
  4087dc:	ffff 0000                                   ....

004087e0 <OV2640_JPEG_320x240>:
  4087e0:	01ff 4012 1117 4318 0019 4b1a 0932 ca4f     ...@...C...K2.O.
  4087f0:	a850 235a 006d 1239 da35 1a22 c337 0023     P.Z#m.9.5.".7.#.
  408800:	c034 1a36 8806 c007 870d 410e 004c 00ff     4.6........AL...
  408810:	04e0 64c0 4bc1 3586 8950 c851 9652 0053     ...d.K.5P.Q.R.S.
  408820:	0054 0055 0057 505a 3c5b 005c 00e0 ffff     T.U.W.ZP[<\.....

00408830 <OV2640_JPEG_640x480>:
  408830:	01ff 0111 0012 1117 7518 3632 0119 971a     .........u26....
  408840:	0f03 4037 bb4f 9c50 575a 806d 343d 0239     ..7@O.P.ZWm.=49.
  408850:	8835 0a22 4037 a034 0206 b70d 010e 00ff     5.".7@4.........
  408860:	04e0 c8c0 96c1 3d86 8950 9051 2c52 0053     .......=P.Q.R,S.
  408870:	0054 8855 0057 a05a 785b 005c 04d3 00e0     T.U.W.Z.[x\.....
  408880:	ffff 0000                                   ....

00408884 <OV2640_JPEG_800x600>:
  408884:	01ff 0111 0012 1117 7518 3632 0119 971a     .........u26....
  408894:	0f03 4037 bb4f 9c50 575a 806d 343d 0239     ..7@O.P.ZWm.=49.
  4088a4:	8835 0a22 4037 a034 0206 b70d 010e 00ff     5.".7@4.........
  4088b4:	04e0 c8c0 96c1 3586 8950 9051 2c52 0053     .......5P.Q.R,S.
  4088c4:	0054 8855 0057 c85a 965b 005c 02d3 00e0     T.U.W.Z.[.\.....
  4088d4:	ffff 0000                                   ....

004088d8 <OV2640_JPEG_1024x768>:
  4088d8:	01ff 0111 0012 1117 7518 3632 0119 971a     .........u26....
  4088e8:	0f03 4037 bb4f 9c50 575a 806d 343d 0239     ..7@O.P.ZWm.=49.
  4088f8:	8835 0a22 4037 a034 0206 b70d 010e 00ff     5.".7@4.........
  408908:	c8c0 96c1 008c 3d86 0050 9051 2c52 0053     .......=P.Q.R,S.
  408918:	0054 8855 005a c05b 015c 02d3 ffff 0000     T.U.Z.[.\.......

00408928 <OV2640_JPEG_1280x1024>:
  408928:	01ff 0111 0012 1117 7518 3632 0119 971a     .........u26....
  408938:	0f03 4037 bb4f 9c50 575a 806d 343d 0239     ..7@O.P.ZWm.=49.
  408948:	8835 0a22 4037 a034 0206 b70d 010e 00ff     5.".7@4.........
  408958:	04e0 c8c0 96c1 3d86 0050 9051 2c52 0053     .......=P.Q.R,S.
  408968:	0054 8855 0057 405a f05b 015c 02d3 00e0     T.U.W.Z@[.\.....
  408978:	ffff 0000                                   ....

0040897c <OV2640_JPEG_1600x1200>:
  40897c:	01ff 0111 0012 1117 7518 3632 0119 971a     .........u26....
  40898c:	0f03 4037 bb4f 9c50 575a 806d 343d 0239     ..7@O.P.ZWm.=49.
  40899c:	8835 0a22 4037 a034 0206 b70d 010e 00ff     5.".7@4.........
  4089ac:	04e0 c8c0 96c1 3d86 0050 9051 2c52 0053     .......=P.Q.R,S.
  4089bc:	0054 8855 0057 905a 2c5b 055c 02d3 00e0     T.U.W.Z.[,\.....
  4089cc:	ffff 0000                                   ....

004089d0 <OV2640_QVGA_YUV422_10FPS>:
  4089d0:	000e 8012 05fe 0013 0511 0012 10d5 d40c     ................
  4089e0:	340d 0116 2517 a018 0319 f01a 891b 0322     .4...%........".
  4089f0:	1829 f82b 012c a031 f032 c433 b43a 3f36     ).+.,.1.2.3.:.6?
  408a00:	6004 8027 0f3d 803e 403f 7f40 6a41 2942     .`'.=.>.?@@.AjB)
  408a10:	e544 4145 0247 6449 a14a 704b 1a4c 504d     D.EAG.IdJ.KpL.MP
  408a20:	134e 0064 8867 1a68 3814 3c24 3025 7226     N.d.g.h..8$<%0&r
  408a30:	9750 7e51 0052 0053 0020 2321 1438 00e9     P.Q~R.S. .!#8...
  408a40:	5556 ff57 ff58 ff59 045f 00ec ff13 7f80     VUW.X.Y._.......
  408a50:	3f81 3282 0183 1138 0085 0386 0187 0588     .?.2..8.........
  408a60:	3089 308d 858f 3093 8595 3099 859b 089c     .0.0...0...0....
  408a70:	129d 239e 459f 55a0 64a1 72a2 7fa3 8ba4     ...#.E.U.d.r....
  408a80:	95a5 a7a6 b5a7 cba8 dda9 ecaa 1aab 78ce     ...............x
  408a90:	6ecf 0ad0 0cd1 84d2 90d3 1ed4 245a 1f5b     .n..........Z$[.
  408aa0:	885c 605d 6eac ffbe 00bf 5031 7832 3f82     \.]`.n....1P2x.?
  408ab0:	0012 3f36 0053 c433 891b 0322 0228 ffff     ..6?S.3...".(...

00408ac0 <OV2640_QVGA_YUV422_15FPS>:
  408ac0:	000e 8012 05fe 0013 0311 0012 10d5 d40c     ................
  408ad0:	340d 0116 2517 a018 0319 f01a 891b 0322     .4...%........".
  408ae0:	1829 f82b 012c a031 f032 c433 b43a 3f36     ).+.,.1.2.3.:.6?
  408af0:	6004 8027 0f3d 803e 403f 7f40 6a41 2942     .`'.=.>.?@@.AjB)
  408b00:	e544 4145 0247 6449 a14a 704b 1a4c 504d     D.EAG.IdJ.KpL.MP
  408b10:	134e 0064 8867 1a68 3814 3c24 3025 7226     N.d.g.h..8$<%0&r
  408b20:	9750 7e51 0052 0053 0020 2321 1438 00e9     P.Q~R.S. .!#8...
  408b30:	5556 ff57 ff58 ff59 045f 00ec ff13 7f80     VUW.X.Y._.......
  408b40:	3f81 3282 0183 1138 0085 0386 0187 0588     .?.2..8.........
  408b50:	3089 308d 858f 3093 8595 3099 859b 089c     .0.0...0...0....
  408b60:	129d 239e 459f 55a0 64a1 72a2 7fa3 8ba4     ...#.E.U.d.r....
  408b70:	95a5 a7a6 b5a7 cba8 dda9 ecaa 1aab 78ce     ...............x
  408b80:	6ecf 0ad0 0cd1 84d2 90d3 1ed4 245a 1f5b     .n..........Z$[.
  408b90:	885c 605d 6eac ffbe 00bf 5031 7832 3f82     \.]`.n....1P2x.?
  408ba0:	0012 3f36 0053 c433 891b 0322 0228 ffff     ..6?S.3...".(...

00408bb0 <OV2640_QVGA_YUV422_20FPS>:
  408bb0:	000e 8012 05fe 0013 0211 0012 10d5 d40c     ................
  408bc0:	340d 0116 2517 a018 0319 f01a 891b 0322     .4...%........".
  408bd0:	1829 f82b 012c a031 f032 c433 b43a 3f36     ).+.,.1.2.3.:.6?
  408be0:	6004 8027 0f3d 803e 403f 7f40 6a41 2942     .`'.=.>.?@@.AjB)
  408bf0:	e544 4145 0247 6449 a14a 704b 1a4c 504d     D.EAG.IdJ.KpL.MP
  408c00:	134e 0064 8867 1a68 3814 3c24 3025 7226     N.d.g.h..8$<%0&r
  408c10:	9750 7e51 0052 0053 0020 2321 1438 00e9     P.Q~R.S. .!#8...
  408c20:	5556 ff57 ff58 ff59 045f 00ec ff13 7f80     VUW.X.Y._.......
  408c30:	3f81 3282 0183 1138 0085 0386 0187 0588     .?.2..8.........
  408c40:	3089 308d 858f 3093 8595 3099 859b 089c     .0.0...0...0....
  408c50:	129d 239e 459f 55a0 64a1 72a2 7fa3 8ba4     ...#.E.U.d.r....
  408c60:	95a5 a7a6 b5a7 cba8 dda9 ecaa 1aab 78ce     ...............x
  408c70:	6ecf 0ad0 0cd1 84d2 90d3 1ed4 245a 1f5b     .n..........Z$[.
  408c80:	885c 605d 6eac ffbe 00bf 5031 7832 3f82     \.]`.n....1P2x.?
  408c90:	0012 3f36 0053 c433 891b 0322 0228 ffff     ..6?S.3...".(...

00408ca0 <OV2640_QVGA_YUV422_30FPS>:
  408ca0:	000e 8012 05fe 0013 0111 0012 10d5 d40c     ................
  408cb0:	340d 0116 2517 a018 0319 f01a 891b 0322     .4...%........".
  408cc0:	1829 f82b 012c a031 f032 c433 b43a 3f36     ).+.,.1.2.3.:.6?
  408cd0:	6004 8027 0f3d 803e 403f 7f40 6a41 2942     .`'.=.>.?@@.AjB)
  408ce0:	e544 4145 0247 6449 a14a 704b 1a4c 504d     D.EAG.IdJ.KpL.MP
  408cf0:	134e 0064 8867 1a68 3814 3c24 3025 7226     N.d.g.h..8$<%0&r
  408d00:	9750 7e51 0052 0053 0020 2321 1438 00e9     P.Q~R.S. .!#8...
  408d10:	5556 ff57 ff58 ff59 045f 00ec ff13 7f80     VUW.X.Y._.......
  408d20:	3f81 3282 0183 1138 0085 0386 0187 0588     .?.2..8.........
  408d30:	3089 308d 858f 3093 8595 3099 859b 089c     .0.0...0...0....
  408d40:	129d 239e 459f 55a0 64a1 72a2 7fa3 8ba4     ...#.E.U.d.r....
  408d50:	95a5 a7a6 b5a7 cba8 dda9 ecaa 1aab 78ce     ...............x
  408d60:	6ecf 0ad0 0cd1 84d2 90d3 1ed4 245a 1f5b     .n..........Z$[.
  408d70:	885c 605d 6eac ffbe 00bf 5031 7832 3f82     \.]`.n....1P2x.?
  408d80:	0012 3f36 0053 c433 891b 0322 0228 ffff     ..6?S.3...".(...

00408d90 <OV2640_QVGA_RGB888>:
  408d90:	000e 8012 0013 0111 0012 10d5 120c 340d     ...............4
  408da0:	2517 a018 0319 f01a 891b 0322 1829 f82b     .%........".).+.
  408db0:	012c a031 f032 c433 b43a 3f36 6004 8027     ,.1.2.3.:.6?.`'.
  408dc0:	0f3d 803e 403f 7f40 6a41 2942 e544 4145     =.>.?@@.AjB)D.EA
  408dd0:	0247 6449 a14a 704b 1a4c 504d 134e 0064     G.IdJ.KpL.MPN.d.
  408de0:	8867 1a68 3814 3c24 3025 7226 9750 7e51     g.h..8$<%0&rP.Q~
  408df0:	0052 0053 0020 2321 1438 00e9 5556 ff57     R.S. .!#8...VUW.
  408e00:	ff58 ff59 045f 00ec ff13 7f80 3f81 3282     X.Y._........?.2
  408e10:	0183 1138 7084 0085 0386 0187 0588 3089     ..8..p.........0
  408e20:	308d 858f 3093 8595 3099 859b 089c 129d     .0...0...0......
  408e30:	239e 459f 55a0 64a1 72a2 7fa3 8ba4 95a5     .#.E.U.d.r......
  408e40:	a7a6 b5a7 cba8 dda9 ecaa 1aab 78ce 6ecf     .............x.n
  408e50:	0ad0 0cd1 84d2 90d3 1ed4 245a 1f5b 885c     ..........Z$[.\.
  408e60:	605d 6eac ffbe 00bf 5031 7832 3f82 0112     ]`.n....1P2x.?..
  408e70:	2f36 0483 0053 f433 8a1b 0322 0084 0084     6/..S.3...".....
  408e80:	0228 ffff                                   (...

00408e84 <OV2640_QQVGA_YUV422>:
  408e84:	000e 8012 0013 0111 0012 10d5 540c 340d     .............T.4
  408e94:	0116 2517 a018 0319 f01a 891b 0322 1829     ...%........".).
  408ea4:	f82b 012c a031 f032 c433 b43a 3f36 6004     +.,.1.2.3.:.6?.`
  408eb4:	8027 0f3d 803e 403f 7f40 6a41 2942 e544     '.=.>.?@@.AjB)D.
  408ec4:	4145 0247 6449 a14a 704b 1a4c 504d 134e     EAG.IdJ.KpL.MPN.
  408ed4:	0064 8867 1a68 3814 3c24 3025 7226 9750     d.g.h..8$<%0&rP.
  408ee4:	7e51 0052 0053 0020 2321 1438 00e9 5556     Q~R.S. .!#8...VU
  408ef4:	ff57 ff58 ff59 045f 00ec ff13 7f80 3f81     W.X.Y._........?
  408f04:	3282 0183 1138 7084 0085 0386 0187 0588     .2..8..p........
  408f14:	3089 308d 858f 3093 8595 3099 859b 089c     .0.0...0...0....
  408f24:	129d 239e 459f 55a0 64a1 72a2 7fa3 8ba4     ...#.E.U.d.r....
  408f34:	95a5 a7a6 b5a7 cba8 dda9 ecaa 1aab 78ce     ...............x
  408f44:	6ecf 0ad0 0cd1 84d2 90d3 1ed4 245a 1f5b     .n..........Z$[.
  408f54:	885c 605d 6eac ffbe 00bf 2831 3c32 0034     \.]`.n....1(2<4.
  408f64:	3f82 0012 3f36 0053 0033 891b 0322 0228     .?..6?S.3...".(.
  408f74:	00d9 ffff                                   ....

00408f78 <OV2640_QQVGA_RGB888>:
  408f78:	000e 8012 0013 0111 0012 10d5 120c 340d     ...............4
  408f88:	2517 a018 0319 f01a 891b 0322 1829 f82b     .%........".).+.
  408f98:	012c a031 f032 c433 b43a 3f36 6004 8027     ,.1.2.3.:.6?.`'.
  408fa8:	0f3d 803e 403f 7f40 6a41 2942 e544 4145     =.>.?@@.AjB)D.EA
  408fb8:	0247 6449 a14a 704b 1a4c 504d 134e 0064     G.IdJ.KpL.MPN.d.
  408fc8:	8867 1a68 3814 3c24 3025 7226 9750 7e51     g.h..8$<%0&rP.Q~
  408fd8:	0052 0053 0020 2321 1438 00e9 5556 ff57     R.S. .!#8...VUW.
  408fe8:	ff58 ff59 045f 00ec ff13 7f80 3f81 3282     X.Y._........?.2
  408ff8:	0183 1138 7084 0085 0386 0187 0588 3089     ..8..p.........0
  409008:	308d 858f 3093 8595 3099 859b 089c 129d     .0...0...0......
  409018:	239e 459f 55a0 64a1 72a2 7fa3 8ba4 95a5     .#.E.U.d.r......
  409028:	a7a6 b5a7 cba8 dda9 ecaa 1aab 78ce 6ecf     .............x.n
  409038:	0ad0 0cd1 84d2 90d3 1ed4 245a 1f5b 885c     ..........Z$[.\.
  409048:	605d 6eac ffbe 00bf 2831 3c32 3f82 0112     ]`.n....1(2<.?..
  409058:	2f36 0483 0053 f433 8a1b 0322 0084 0084     6/..S.3...".....
  409068:	0228 ffff                                   (...

0040906c <OV2640_TEST_PATTERN>:
  40906c:	000e 8012 05fe 0013 0211 0012 10d5 d40c     ................
  40907c:	340d 0116 2517 a018 0319 f01a 891b 0322     .4...%........".
  40908c:	1829 f82b 012c a031 f032 c433 b43a 3f36     ).+.,.1.2.3.:.6?
  40909c:	6004 8027 0f3d 803e 403f 7f40 6a41 2942     .`'.=.>.?@@.AjB)
  4090ac:	e544 4145 0247 6449 a14a 704b 1a4c 504d     D.EAG.IdJ.KpL.MP
  4090bc:	134e 0064 8867 1a68 3814 3c24 3025 7226     N.d.g.h..8$<%0&r
  4090cc:	9750 7e51 0052 0053 0020 2321 0738 0284     P.Q~R.S. .!#8...
  4090dc:	1438 00e9 5556 ff57 ff58 ff59 045f 00ec     8...VUW.X.Y._...
  4090ec:	ff13 7f80 3f81 3282 0183 1138 0085 0386     .....?.2..8.....
  4090fc:	0187 0588 3089 308d 858f 3093 8595 3099     .....0.0...0...0
  40910c:	859b 089c 129d 239e 459f 55a0 64a1 72a2     .......#.E.U.d.r
  40911c:	7fa3 8ba4 95a5 a7a6 b5a7 cba8 dda9 ecaa     ................
  40912c:	1aab 78ce 6ecf 0ad0 0cd1 84d2 90d3 1ed4     ...x.n..........
  40913c:	245a 1f5b 885c 605d 6eac ffbe 00bf 5031     Z$[.\.]`.n....1P
  40914c:	7832 3f82 0012 3f36 0053 c433 891b 0322     2x.?..6?S.3...".
  40915c:	0228 ffff                                   (...

00409160 <OV2640_VGA_YUV422_20FPS>:
  409160:	000e 8012 05fe 0013 0211 0012 10d5 d40c     ................
  409170:	340d 0116 2517 a018 0319 f01a 891b 0322     .4...%........".
  409180:	1829 f82b 012c a031 f032 c433 b43a 3f36     ).+.,.1.2.3.:.6?
  409190:	6004 8027 0f3d 803e 403f 7f40 6a41 2942     .`'.=.>.?@@.AjB)
  4091a0:	e544 4145 0247 6449 a14a 704b 1a4c 504d     D.EAG.IdJ.KpL.MP
  4091b0:	134e 0064 8867 1a68 3814 3c24 3025 7226     N.d.g.h..8$<%0&r
  4091c0:	9750 7e51 0052 0053 0020 2321 1438 00e9     P.Q~R.S. .!#8...
  4091d0:	5556 ff57 ff58 ff59 045f 00ec ff13 7f80     VUW.X.Y._.......
  4091e0:	3f81 3282 0183 1138 0085 0386 0187 0588     .?.2..8.........
  4091f0:	3089 308d 858f 3093 8595 3099 859b 089c     .0.0...0...0....
  409200:	129d 239e 459f 55a0 64a1 72a2 7fa3 8ba4     ...#.E.U.d.r....
  409210:	95a5 a7a6 b5a7 cba8 dda9 ecaa 1aab 78ce     ...............x
  409220:	6ecf 0ad0 0cd1 84d2 90d3 1ed4 245a 1f5b     .n..........Z$[.
  409230:	885c 605d 6eac ffbe 00bf a031 f032 3f82     \.]`.n....1.2..?
  409240:	0012 3f36 0053 c433 891b 0322 0228 ffff     ..6?S.3...".(...
  409250:	5553 4343 5345 0053 6e69 6176 696c 2064     SUCCESS.invalid 
  409260:	6f63 6d6d 6e61 0064 7245 6f72 3a72 4520     command.Error: E
  409270:	5053 3233 7220 6365 6965 6576 2064 6e61     SP32 received an
  409280:	6920 766e 6c61 6469 6320 6d6f 616d 646e      invalid command
  409290:	0a20 0000 6d69 6761 5f65 7274 6e61 6673      ...image_transf
  4092a0:	7265 2520 0d75 000a 7270 766f 7369 6f69     er %u...provisio
  4092b0:	006e 0000 6574 7473 0000 0000 5553 4343     n...test....SUCC
  4092c0:	5345 0053 6573 2074 6c77 6e61 675f 6970     ESS.set wlan_gpi
  4092d0:	206f 3732 0000 0000 6573 2074 6577 7362     o 27....set webs
  4092e0:	636f 656b 5f74 7067 6f69 3220 0036 0000     ocket_gpio 26...
  4092f0:	6573 2074 7061 675f 6970 206f 3532 0000     set ap_gpio 25..
  409300:	6573 2074 6f63 6d6d 675f 6970 206f 3132     set comm_gpio 21
  409310:	0000 0000 6573 2074 656e 5f74 7067 6f69     ....set net_gpio
  409320:	3220 0032 6573 2074 6c63 6569 746e 5f73      22.set clients_
  409330:	7067 6f69 3320 0032 6573 2074 7073 5f69     gpio 32.set spi_
  409340:	6162 6475 3420 3030 3030 3030 0000 0000     baud 4000000....

00409350 <_global_impure_ptr>:
  409350:	0018 2000 4e49 0046 6e69 0066 414e 004e     ... INF.inf.NAN.
  409360:	616e 006e 3130 3332 3534 3736 3938 4241     nan.0123456789AB
  409370:	4443 4645 0000 0000 3130 3332 3534 3736     CDEF....01234567
  409380:	3938 6261 6463 6665 0000 0000 6e28 6c75     89abcdef....(nul
  409390:	296c 0000 0030 0000                         l)..0...

00409398 <blanks.7223>:
  409398:	2020 2020 2020 2020 2020 2020 2020 2020                     

004093a8 <zeroes.7224>:
  4093a8:	3030 3030 3030 3030 3030 3030 3030 3030     0000000000000000
  4093b8:	6e49 6966 696e 7974 0000 0000 614e 004e     Infinity....NaN.
  4093c8:	0043 0000 4f50 4953 0058 0000 002e 0000     C...POSIX.......

004093d8 <__mprec_bigtens>:
  4093d8:	8000 37e0 c379 4341 6e17 b505 b8b5 4693     ...7y.AC.n.....F
  4093e8:	f9f5 e93f 4f03 4d38 1d32 f930 7748 5a82     ..?..O8M2.0.Hw.Z
  4093f8:	bf3c 7f73 4fdd 7515                         <.s..O.u

00409400 <__mprec_tens>:
  409400:	0000 0000 0000 3ff0 0000 0000 0000 4024     .......?......$@
  409410:	0000 0000 0000 4059 0000 0000 4000 408f     ......Y@.....@.@
  409420:	0000 0000 8800 40c3 0000 0000 6a00 40f8     .......@.....j.@
  409430:	0000 0000 8480 412e 0000 0000 12d0 4163     .......A......cA
  409440:	0000 0000 d784 4197 0000 0000 cd65 41cd     .......A....e..A
  409450:	0000 2000 a05f 4202 0000 e800 4876 4237     ... _..B....vH7B
  409460:	0000 a200 1a94 426d 0000 e540 309c 42a2     ......mB..@..0.B
  409470:	0000 1e90 bcc4 42d6 0000 2634 6bf5 430c     .......B..4&.k.C
  409480:	8000 37e0 c379 4341 a000 85d8 3457 4376     ...7y.AC....W4vC
  409490:	c800 674e c16d 43ab 3d00 6091 58e4 43e1     ..Ngm..C.=.`.X.C
  4094a0:	8c40 78b5 af1d 4415 ef50 d6e2 1ae4 444b     @..x...DP.....KD
  4094b0:	d592 064d f0cf 4480 4af6 c7e1 2d02 44b5     ..M....D.J...-.D
  4094c0:	9db4 79d9 7843 44ea                         ...yCx.D

004094c8 <p05.6055>:
  4094c8:	0005 0000 0019 0000 007d 0000               ........}...

004094d4 <_ctype_>:
  4094d4:	2000 2020 2020 2020 2020 2828 2828 2028     .         ((((( 
  4094e4:	2020 2020 2020 2020 2020 2020 2020 2020                     
  4094f4:	8820 1010 1010 1010 1010 1010 1010 1010      ...............
  409504:	0410 0404 0404 0404 0404 1004 1010 1010     ................
  409514:	1010 4141 4141 4141 0101 0101 0101 0101     ..AAAAAA........
  409524:	0101 0101 0101 0101 0101 0101 1010 1010     ................
  409534:	1010 4242 4242 4242 0202 0202 0202 0202     ..BBBBBB........
  409544:	0202 0202 0202 0202 0202 0202 1010 1010     ................
  409554:	0020 0000 0000 0000 0000 0000 0000 0000      ...............
	...

004095d8 <_init>:
  4095d8:	b5f8      	push	{r3, r4, r5, r6, r7, lr}
  4095da:	bf00      	nop
  4095dc:	bcf8      	pop	{r3, r4, r5, r6, r7}
  4095de:	bc08      	pop	{r3}
  4095e0:	469e      	mov	lr, r3
  4095e2:	4770      	bx	lr

004095e4 <__init_array_start>:
  4095e4:	00405495 	.word	0x00405495

004095e8 <__frame_dummy_init_array_entry>:
  4095e8:	004000f1                                ..@.

004095ec <_fini>:
  4095ec:	b5f8      	push	{r3, r4, r5, r6, r7, lr}
  4095ee:	bf00      	nop
  4095f0:	bcf8      	pop	{r3, r4, r5, r6, r7}
  4095f2:	bc08      	pop	{r3}
  4095f4:	469e      	mov	lr, r3
  4095f6:	4770      	bx	lr

004095f8 <__fini_array_start>:
  4095f8:	004000cd 	.word	0x004000cd

Disassembly of section .relocate:

20000000 <portable_delay_cycles>:
RAMFUNC
void portable_delay_cycles(unsigned long n)
{
	UNUSED(n);

	__asm (
20000000:	f3bf 8f5f 	dmb	sy
20000004:	3801      	subs	r0, #1
20000006:	d1fb      	bne.n	20000000 <portable_delay_cycles>
20000008:	4770      	bx	lr
	...

2000000c <SystemCoreClock>:
2000000c:	0900 003d                                   ..=.

20000010 <_impure_ptr>:
20000010:	0018 2000 0000 0000                         ... ....

20000018 <impure_data>:
20000018:	0000 0000 0304 2000 036c 2000 03d4 2000     ....... l.. ... 
	...
200000c0:	0001 0000 0000 0000 330e abcd 1234 e66d     .........3..4.m.
200000d0:	deec 0005 000b 0000 0000 0000 0000 0000     ................
	...

20000440 <__atexit_recursive_mutex>:
20000440:	9578 2001                                   x.. 

20000444 <__global_locale>:
20000444:	0043 0000 0000 0000 0000 0000 0000 0000     C...............
	...
20000464:	0043 0000 0000 0000 0000 0000 0000 0000     C...............
	...
20000484:	0043 0000 0000 0000 0000 0000 0000 0000     C...............
	...
200004a4:	0043 0000 0000 0000 0000 0000 0000 0000     C...............
	...
200004c4:	0043 0000 0000 0000 0000 0000 0000 0000     C...............
	...
200004e4:	0043 0000 0000 0000 0000 0000 0000 0000     C...............
	...
20000504:	0043 0000 0000 0000 0000 0000 0000 0000     C...............
	...
20000524:	7bd9 0040 6c59 0040 0000 0000 94d4 0040     .{@.Yl@.......@.
20000534:	93d4 0040 9374 0040 9374 0040 9374 0040     ..@.t.@.t.@.t.@.
20000544:	9374 0040 9374 0040 9374 0040 9374 0040     t.@.t.@.t.@.t.@.
20000554:	9374 0040 9374 0040 ffff ffff ffff ffff     t.@.t.@.........
20000564:	ffff ffff ffff 0000 0001 5341 4943 0049     ..........ASCII.
	...
2000058c:	0000 5341 4943 0049 0000 0000 0000 0000     ..ASCII.........
	...

200005b0 <__malloc_av_>:
	...
200005b8:	05b0 2000 05b0 2000 05b8 2000 05b8 2000     ... ... ... ... 
200005c8:	05c0 2000 05c0 2000 05c8 2000 05c8 2000     ... ... ... ... 
200005d8:	05d0 2000 05d0 2000 05d8 2000 05d8 2000     ... ... ... ... 
200005e8:	05e0 2000 05e0 2000 05e8 2000 05e8 2000     ... ... ... ... 
200005f8:	05f0 2000 05f0 2000 05f8 2000 05f8 2000     ... ... ... ... 
20000608:	0600 2000 0600 2000 0608 2000 0608 2000     ... ... ... ... 
20000618:	0610 2000 0610 2000 0618 2000 0618 2000     ... ... ... ... 
20000628:	0620 2000 0620 2000 0628 2000 0628 2000      ..  .. (.. (.. 
20000638:	0630 2000 0630 2000 0638 2000 0638 2000     0.. 0.. 8.. 8.. 
20000648:	0640 2000 0640 2000 0648 2000 0648 2000     @.. @.. H.. H.. 
20000658:	0650 2000 0650 2000 0658 2000 0658 2000     P.. P.. X.. X.. 
20000668:	0660 2000 0660 2000 0668 2000 0668 2000     `.. `.. h.. h.. 
20000678:	0670 2000 0670 2000 0678 2000 0678 2000     p.. p.. x.. x.. 
20000688:	0680 2000 0680 2000 0688 2000 0688 2000     ... ... ... ... 
20000698:	0690 2000 0690 2000 0698 2000 0698 2000     ... ... ... ... 
200006a8:	06a0 2000 06a0 2000 06a8 2000 06a8 2000     ... ... ... ... 
200006b8:	06b0 2000 06b0 2000 06b8 2000 06b8 2000     ... ... ... ... 
200006c8:	06c0 2000 06c0 2000 06c8 2000 06c8 2000     ... ... ... ... 
200006d8:	06d0 2000 06d0 2000 06d8 2000 06d8 2000     ... ... ... ... 
200006e8:	06e0 2000 06e0 2000 06e8 2000 06e8 2000     ... ... ... ... 
200006f8:	06f0 2000 06f0 2000 06f8 2000 06f8 2000     ... ... ... ... 
20000708:	0700 2000 0700 2000 0708 2000 0708 2000     ... ... ... ... 
20000718:	0710 2000 0710 2000 0718 2000 0718 2000     ... ... ... ... 
20000728:	0720 2000 0720 2000 0728 2000 0728 2000      ..  .. (.. (.. 
20000738:	0730 2000 0730 2000 0738 2000 0738 2000     0.. 0.. 8.. 8.. 
20000748:	0740 2000 0740 2000 0748 2000 0748 2000     @.. @.. H.. H.. 
20000758:	0750 2000 0750 2000 0758 2000 0758 2000     P.. P.. X.. X.. 
20000768:	0760 2000 0760 2000 0768 2000 0768 2000     `.. `.. h.. h.. 
20000778:	0770 2000 0770 2000 0778 2000 0778 2000     p.. p.. x.. x.. 
20000788:	0780 2000 0780 2000 0788 2000 0788 2000     ... ... ... ... 
20000798:	0790 2000 0790 2000 0798 2000 0798 2000     ... ... ... ... 
200007a8:	07a0 2000 07a0 2000 07a8 2000 07a8 2000     ... ... ... ... 
200007b8:	07b0 2000 07b0 2000 07b8 2000 07b8 2000     ... ... ... ... 
200007c8:	07c0 2000 07c0 2000 07c8 2000 07c8 2000     ... ... ... ... 
200007d8:	07d0 2000 07d0 2000 07d8 2000 07d8 2000     ... ... ... ... 
200007e8:	07e0 2000 07e0 2000 07e8 2000 07e8 2000     ... ... ... ... 
200007f8:	07f0 2000 07f0 2000 07f8 2000 07f8 2000     ... ... ... ... 
20000808:	0800 2000 0800 2000 0808 2000 0808 2000     ... ... ... ... 
20000818:	0810 2000 0810 2000 0818 2000 0818 2000     ... ... ... ... 
20000828:	0820 2000 0820 2000 0828 2000 0828 2000      ..  .. (.. (.. 
20000838:	0830 2000 0830 2000 0838 2000 0838 2000     0.. 0.. 8.. 8.. 
20000848:	0840 2000 0840 2000 0848 2000 0848 2000     @.. @.. H.. H.. 
20000858:	0850 2000 0850 2000 0858 2000 0858 2000     P.. P.. X.. X.. 
20000868:	0860 2000 0860 2000 0868 2000 0868 2000     `.. `.. h.. h.. 
20000878:	0870 2000 0870 2000 0878 2000 0878 2000     p.. p.. x.. x.. 
20000888:	0880 2000 0880 2000 0888 2000 0888 2000     ... ... ... ... 
20000898:	0890 2000 0890 2000 0898 2000 0898 2000     ... ... ... ... 
200008a8:	08a0 2000 08a0 2000 08a8 2000 08a8 2000     ... ... ... ... 
200008b8:	08b0 2000 08b0 2000 08b8 2000 08b8 2000     ... ... ... ... 
200008c8:	08c0 2000 08c0 2000 08c8 2000 08c8 2000     ... ... ... ... 
200008d8:	08d0 2000 08d0 2000 08d8 2000 08d8 2000     ... ... ... ... 
200008e8:	08e0 2000 08e0 2000 08e8 2000 08e8 2000     ... ... ... ... 
200008f8:	08f0 2000 08f0 2000 08f8 2000 08f8 2000     ... ... ... ... 
20000908:	0900 2000 0900 2000 0908 2000 0908 2000     ... ... ... ... 
20000918:	0910 2000 0910 2000 0918 2000 0918 2000     ... ... ... ... 
20000928:	0920 2000 0920 2000 0928 2000 0928 2000      ..  .. (.. (.. 
20000938:	0930 2000 0930 2000 0938 2000 0938 2000     0.. 0.. 8.. 8.. 
20000948:	0940 2000 0940 2000 0948 2000 0948 2000     @.. @.. H.. H.. 
20000958:	0950 2000 0950 2000 0958 2000 0958 2000     P.. P.. X.. X.. 
20000968:	0960 2000 0960 2000 0968 2000 0968 2000     `.. `.. h.. h.. 
20000978:	0970 2000 0970 2000 0978 2000 0978 2000     p.. p.. x.. x.. 
20000988:	0980 2000 0980 2000 0988 2000 0988 2000     ... ... ... ... 
20000998:	0990 2000 0990 2000 0998 2000 0998 2000     ... ... ... ... 
200009a8:	09a0 2000 09a0 2000 09a8 2000 09a8 2000     ... ... ... ... 

200009b8 <__malloc_sbrk_base>:
200009b8:	ffff ffff                                   ....

200009bc <__malloc_trim_threshold>:
200009bc:	0000 0002                                   ....
