S00D000045453332362E73726563F2
S214400000A0C501204924400011254000112540008C
S2144000101125400011254000112540000000000039
S2144000200000000000000000000000001125400015
S2144000301125400000000000112540001125400019
S2144000401125400011254000112540001125400093
S21440005011254000112540001125400000000000F9
S21440006011254000112540000000000041284000B6
S214400070D119400000000000850B400011254000CB
S214400080000000000000000011254000112540003F
S214400090112540001125400011254000210940004F
S2144000A0112540001125400000000000000000001F
S2144000B00000000011254000112540001125400099
S2144000C011254000112540001125400010B5054C73
S2144000D0237833B9044B13B10448AFF300800123AF
S2144000E0237010BDC00900200000000004964000A8
S2144000F00C4B43B10C480D4910B5AFF300800C488B
S214400100036823B910BD0A48036833B97047094BE2
S214400110002BF7D0BDE810401847064B002BF5D013
S214400120184700BF0000000004964000C4090020A5
S214400130049640000000000080B485B000AFF86030
S214400140B9607A60BB68002B07D0BB681A68FB684A
S2144001509A60BB685A68FB68DA607B68002B07D0F9
S2144001607B681A68FB689A617B685A68FB68DA6144
S21440017000BF1437BD4680BC704780B483B000AF24
S214400180786039603A6840F2011313407A68136227
S21440019000BF0C37BD4680BC704780B483B000AF0C
S2144001A0786039603A6840F2022313407A681362F6
S2144001B000BF0C37BD4680BC704780B487B000AFE8
S2144001C0F860B9607A60FA68BB689B0113447B614B
S2144001D07B6902221A607B694FF0FF329A627B6924
S2144001E01B6A7B697A685A6000BF1C37BD4680BC74
S2144001F0704780B483B000AF786039607A683B68F7
S2144002009B01134405221A6000BF0C37BD4680BCD4
S214400210704780B485B000AFF860B9607A60FA681D
S214400220BB689B0113441C337A681A6000BF1437BE
S214400230BD4680BC704780B487B000AFF860B960F8
S2144002407A60FA68BB689B0113447B617B697A6875
S2144002505A6200BF1C37BD4680BC704780B485B02C
S21440026000AF786039607A683B689B011344FB6056
S214400270FB681B6A18461437BD4680BC704780B47E
S2144002808DB000AFF860B9607A603B6002233B6196
S21440029008237B612023BB618023FB61BB6BDB0BA8
S2144002A03B620023FB621AE0FB6A9B0007F13002C8
S2144002B0134453F8203CBA68B2FBF3F3BB62BB6A04
S2144002C01B0C7B62FA68BB6A9A4201D9002323E082
S2144002D0FA687B6A9A4206D2FB6A0133FB62FB6A83
S2144002E0042BE1D900E000BFFB6A042B01D90023B0
S2144002F012E07B68002B08D0FB6A9B0007F13002B7
S214400300134453F8202C7B681A603B68002B02D0BD
S2144003103B68FA6A1A60012318463437BD4680BCEB
S2144003207047000080B483B000AF78607B68072BCE
S21440033025D801A252F823F0590340005F0340003D
S214400340650340006B0340006F03400073034000AA
S214400350770340007B0340004FF4FA4310E04FF42D
S21440036000430DE04FF400430AE0084B08E0084B1A
S21440037006E0084B04E0074B02E0064B00E0002393
S21440038018460C37BD4680BC704700BF00093D008C
S21440039000127A00001BB70080B500AF0620044B61
S2144003A0984702461346DB001344184680BD00BFFC
S2144003B02503400080B500AF024B984703461846D9
S2144003C080BD00BF9903400080B58EB000AF786016
S2144003D00023FB600023BB60302387F834300A23B9
S2144003E087F824300123BB6207F10C03FB6201232C
S2144003F03B6307F12403194678680E4B9847302331
S21440040087F820300B233B7401237B6107F10803F8
S214400410BB610123FB6107F1100319467868054B61
S2144004209847FB681A02BB68134318463837BD46E0
S21440043080BD00BF6105400080B58AB000AF7860DF
S21440044000233B610023FB601C233B750123BB61FB
S214400450302387F8243007F11003FB6101233B6209
S21440046007F1140319467868104B98471D233B75CF
S2144004700123BB61302387F8243007F10C03FB616E
S21440048001233B6207F1140319467868074B9847E7
S2144004903B697F2B04D1FB68A22B01D1002300E0EF
S2144004A0012318462837BD4680BD00BF6105400081
S2144004B080B58AB000AF786000233B610023FB60C4
S2144004C00023BB6001233B750123BB61302387F8C3
S2144004D0243001233B6207F10C03FB6107F1140350
S2144004E0194678681C4B9847AD23BB6007F1080354
S2144004F0FB6107F1140319467868184B984707F1D3
S2144005001003FB6107F1140319467868124B9847AD
S2144005103A69BB689A4201D0012318E007F10C0300
S214400520FB6107F11403194678680C4B984707F1AE
S2144005301003FB6107F1140319467868064B984789
S2144005403A69FB689A4201D0012300E0002318462E
S2144005502837BD4680BD00BF610540008505400088
S21440056080B584B000AF7860396039687868044BED
S2144005709847F860FB6818461037BD4680BD00BFF8
S214400580791F400080B584B000AF78603960396824
S2144005907868044B9847F860FB6818461037BD46A5
S2144005A080BD00BF852040002DE9F0488AB000AFEE
S2144005B07860396000237B623B683B6248E03B6A78
S2144005C01B78FE2B26D1294B9847034619464FF0F9
S2144005D000020B461446A60046EA93769D002B463C
S2144005E034465B1844EB020443F2AF614FF000021E
S2144005F013EB010B44EB020C584661461C4C43F28D
S214400600B0624FF00003A04703460C461846194B0D
S21440061098471AE03B6A1B783B720123FB60302305
S2144006203B7601237B613B6A01333B6107F108035C
S21440063019467868104B9847F8617B6A01337B62AD
S214400640FB69082B01D1FB690BE03B6A02333B6236
S2144006503B6A1B78FF2BB2D13B6A5B78FF2BAED14F
S214400660002318462837BD46BDE8F088B50340004D
S21440067029374000010000208505400080B58AB03B
S21440068000AF7860012387F8233007F10C0300227F
S2144006901A605A609A60DA601A61FF233B7301233E
S2144006A03B6107F123037B610123BB6130233B772A
S2144006B007F10C03194678680F4B984700237B6276
S2144006C078680E4B984778627B6A1B0ADBB2262B0B
S2144006D00DD178680A4B98470346002B07D17868B7
S2144006E0084B98470346002B01D1002300E0012326
S2144006F018462837BD4680BD85054000C9034000E2
S21440070039044000B104400080B584B000AF786042
S2144007100B46FB700023FB60FB78112B5CD801A2D4
S21440072052F823F06D0740007307400079074000F9
S2144007307F074000850740008B0740009107400038
S214400740970740009D074000A3074000A9074000C8
S214400750AF074000B5074000BB074000C107400058
S214400760C7074000CD074000D3074000224BFB6040
S21440077033E0224BFB6030E0214BFB602DE0214B09
S214400780FB602AE0204BFB6027E0204BFB6024E028
S2144007901F4BFB6021E01F4BFB601EE01E4BFB60C7
S2144007A01BE01E4BFB6018E01D4BFB6015E01D4B2D
S2144007B0FB6012E01C4BFB600FE01C4BFB600CE048
S2144007C01B4BFB6009E01B4BFB6006E01A4BFB60D3
S2144007D003E01A4BFB6000E000BFFB68002B05D02F
S2144007E0F9687868164B9847002300E001231846BE
S2144007F01037BD4680BD00BF38864000B8874000F1
S214400800CC874000E0874000308840008488400025
S214400810D8884000288940007C894000D089400024
S214400820C08A4000B08B4000A08C4000908D4000B5
S214400830848E4000788F40006C904000609140006D
S214400840A905400080B483B000AF0346FB7197F91A
S2144008500730002B0BDB084997F907305B09FA791C
S21440086002F01F02012000FA02F241F8232000BFE6
S2144008700C37BD4680BC704700E100E080B483B0D2
S21440088000AF78607B68072B25D801A252F823F08A
S214400890B1084000B7084000BD084000C30840000B
S2144008A0C7084000CB084000CF084000D3084000AF
S2144008B04FF4FA4310E04FF400430DE04FF400438A
S2144008C00AE0084B08E0084B06E0084B04E0074BFC
S2144008D002E0064B00E0002318460C37BD4680BCBD
S2144008E0704700BF00093D0000127A00001BB700A9
S2144008F080B500AF0620044B984702461346DB00FF
S2144009001344184680BD00BF7D08400080B500AF48
S214400910024B98470346184680BD00BFF10840008A
S21440092080B582B000AF002109480A4B98477860EE
S2144009307B6803F01003002B06D0074B1B78DBB216
S2144009400133DAB2044B1A7000BF0837BD4680BD8B
S214400950000001405D024000D00A002090B587B0FC
S21440096002AF1A4B9847F8601720194B9847391D25
S21440097007F10802FB6800930B46F9680120154C06
S214400980A047BB68144A13607B6843F480431A460A
S21440099000211248124B9847BB68FA68B2FBF3F343
S2144009A01A4600210D480F4B984717200E4B984784
S2144009B01022002109480D4B9847002107480C4B50
S2144009C0984700BF1437BD4690BD00BF0D09400094
S2144009D0351C40007F024000DC090020000001403A
S2144009E0BB0140001302400045084000370240006B
S2144009F0F301400080B483B000AF0346FB7197F923
S214400A000730002B0BDB084997F907305B09FA796A
S214400A1002F01F02012000FA02F241F8232000BF34
S214400A200C37BD4680BC704700E100E080B483B020
S214400A3000AF78607B68072B25D801A252F823F0D8
S214400A40610A4000670A40006D0A4000730A400091
S214400A50770A40007B0A40007F0A4000830A400035
S214400A604FF4FA4310E04FF400430DE04FF40043D8
S214400A700AE0084B08E0084B06E0084B04E0074B4A
S214400A8002E0064B00E0002318460C37BD4680BC0B
S214400A90704700BF00093D0000127A00001BB700F7
S214400AA080B500AF0620044B984702461346DB004D
S214400AB01344184680BD00BF2D0A400080B500AFE5
S214400AC0024B98470346184680BD00BFA10A400027
S214400AD080B582B000AF78607868034B984700BF17
S214400AE00837BD4680BD00BF351C400080B483B08B
S214400AF000AF78607B6880221A6000BF0C37BD4626
S214400B0080BC704780B483B000AF78607B680122B9
S214400B101A6000BF0C37BD4680BC704780B483B0B7
S214400B2000AF78607B6802221A6000BF0C37BD4673
S214400B3080BC704780B483B000AF78607B685B68E9
S214400B4023F001027B685A6000BF0C37BD4680BC6C
S214400B50704780B483B000AF786039607B683A688D
S214400B609A6100BF0C37BD4680BC704780B483B0E6
S214400B7000AF78607B6803F5807318460C37BD4637
S214400B8080BC704780B500AF014B984700BF80BD22
S214400B90950B400080B582B000AF0B480B4B984792
S214400BA078607B6803F00103002B09D03B4619466A
S214400BB00548074B98473B68DBB21846054B9847B5
S214400BC000BF0837BD4680BD00400240632340005A
S214400BD0F7234000D90B400080B582B000AF0346F3
S214400BE0FB71FB790A2B0ED0174B1B6840F2FE3286
S214400BF0934224D8144B1B685A1C13490A60134965
S214400C00FA79CA541BE0104B1B68B3F5806F05D2C7
S214400C100D4B1B680D4A0021D15403E00B4B0022BC
S214400C2083F8FF230A4909480A4B98470346002B96
S214400C3002D0094B01221A70034B00221A6000BFF3
S214400C400837BD4680BD00BFE009002078910120EE
S214400C5050924000213E4000E409002090B587B005
S214400C6000AF002360224FF000611748174CA047A2
S214400C703B4600221A605A609A60DA601A615A61EE
S214400C804FF4E1333B60C0237B604FF40063BB60AE
S214400C900E200F4B98470F4B984702463B46194647
S214400CA00D480E4B98470C480D4B98470A480D4B3D
S214400CB09847012108480C4B98470E200B4B984705
S214400CC000BF1C37BD4690BD000E0E40B515400017
S214400CD0D10A4000BD0A4000004002406522400064
S214400CE0E92240001923400049234000F50940000E
S214400CF080B500AF0B200E4B984700224FF40021E2
S214400D000C480D4B98470B4B4FF40022C3F8B020CD
S214400D10084B4FF40022C3F8C020064B4FF4002285
S214400D20C3F8D420034B4FF400221A6400BF80BDA2
S214400D30351C4000000E0E40D114400080B500AF78
S214400D400B200E4B984701224FF480610C480D4B08
S214400D5098470B4B4FF48062C3F8B020084B4FF4D3
S214400D608062C3F8C020064B4FF48062C3F8D020A0
S214400D70034B4FF480621A6400BF80BD351C4000B0
S214400D80000E0E40D114400098B500AF1520104B11
S214400D90984700234FF4F0424FF000610D480E4C48
S214400DA0A0470E480E4B98470C480E4B98470B48AA
S214400DB00D4B98470022002108480C4B98470121CC
S214400DC006480B4B984705480A4B984700BF98BDC6
S214400DD0351C4000000E0E40B51540000080004017
S214400DE01D0B4000ED0A4000350B4000591D4000E9
S214400DF0530B4000050B400080B582B000AF7860D2
S214400E000B46FB70244B00221A70244B00221A70AB
S214400E10234B00221A604FF4806200212148224B67
S214400E2098470EE000BF214B5B6903F00203002B9E
S214400E30F9D07B685A1C7A601B7819461B481C4BB5
S214400E4098477B681B78002BECD100BF174B5B693B
S214400E5003F00203002BF9D00D211448144B984799
S214400E6000BF124B5B6903F00203002BF9D00A2146
S214400E700E480F4B984700BF074B1B78DBB2002B42
S214400E8005D1064B1B78DBB2FA789A42F4D800BFFD
S214400E900837BD4680BD00BFE4090020D00A0020C8
S214400EA0E009002078910120893A40000040024045
S214400EB0C723400090B597B000AF3A4B1B693B65DF
S214400EC0394B1B68002B03D1384B00221A7066E062
S214400ED0364B02221A70344B1A6807F1080334491D
S214400EE01846344B984707F108037B650EE000BF71
S214400EF0314B5B6903F00203002BF9D07B6D5A1C23
S214400F007A651B7819462C482C4B98477B6D1B7886
S214400F10002BECD10023002200212948294CA04771
S214400F202748294B9847F864284B3B601E4B1B6864
S214400F307B603B4600221946F86C254B98474FF499
S214400F408071F86C234B9847234B00221A70154B40
S214400F501B69224A136000BF1F4B1B78DBB2002B75
S214400F60FAD0104B1B691E4A13601D4B1A681B4B68
S214400F701B68D31A1B4A13604FF48071F86C1A4BE7
S214400F809847154B00221A70084B00221A70054BE2
S214400F901B69BB64BA6C3B6DD31A144A13605C374A
S214400FA0BD4690BD00000140740A00207B0A002028
S214400FB094924000253B400000400240C72340003A
S214400FC000800040D91C40006D0B4000D90A00202C
S214400FD0390140007B014000E4090020EC09002074
S214400FE0F0090020F40900209B014000E809002099
S214400FF080B400AF00BFBD4680BC704780B582B0AD
S21440100000AF78607B68072B31D801A252F823F0F6
S2144010106D10400031104000391040004110400033
S21440102049104000511040005910400063104000E5
S2144010300020114B98471AE001200F4B984716E0C6
S21440104000200E4B984712E010200C4B98470EE0BD
S21440105020200A4B98470AE03E210020084B98473C
S21440106005E03E210120064B984700E000BF00BF48
S2144010700837BD4680BD00BF691A4000D51A4000FB
S214401080451B400080B582B000AF78607B68072B78
S21440109026D801A252F823F0B9104000BD104000F7
S2144010A0BD104000CF104000CF104000CF10400091
S2144010B0CF104000CF104000012312E00B4B984762
S2144010C00346002B14BF01230023DBB209E0084B84
S2144010D098470346002B14BF01230023DBB200E0F1
S2144010E0002318460837BD4680BD00BFA11A400001
S2144010F0BD1B400080B483B000AF78607B68072B90
S21440110025D801A252F823F0291140002F114000A3
S214401110351140003B1140003F1140004311400054
S214401120471140004B1140004FF4FA4310E04FF493
S21440113000430DE04FF400430AE0084B08E0084B3C
S21440114006E0084B04E0074B02E0064B00E00023B5
S21440115018460C37BD4680BC704700BF00093D00AE
S21440116000127A00001BB70080B582B000AF03467D
S214401170FB7100BFFB791846054B9847034683F042
S2144011800103DBB2002BF5D100BF0837BD4680BD5A
S2144011908510400080B586B000AFF8607A603B604E
S2144011A00B46FB72FB7A18460D4B984702467B6807
S2144011B0B2FBF3F37B617B693A6802FB03F37B6126
S2144011C03B68013B1A04074B13407A68D2B213437C
S2144011D043F47C52FB681A6000BF1837BD4680BD9A
S2144011E0F51040000000FF0780B582B000AF786081
S2144011F039603B68002B08D1094B9847094A7B6801
S2144012001B6843F00053936205E0074B9847054A36
S2144012107B681B68D36200BF0837BD4680BD00BFF1
S214401220D51B400000040E40051C400080B582B02F
S21440123000AF78607B68002B03D1054B9847034688
S21440124002E0044B9847034618460837BD4680BD23
S214401250ED1B40001D1C400080B582B000AF034629
S214401260FB71FB79033B042B08D8FB791846064BE9
S2144012709847FB791846054B984700E000BF00BFEB
S2144012800837BD4680BD00BFFD0F400069114000D5
S21440129080B582B000AF786000BF7868044B98474E
S2144012A00346002BF9D0002318460837BD4680BDBC
S2144012B02D12400080B500AF0620044B98470246EA
S2144012C01346DB001344184680BD00BFF5104000AF
S2144012D080B500AF024B98470346184680BD00BF16
S2144012E0B512400090B583B000AF1148114B9847F7
S2144012F00620114B9847381D0923012206210F4C22
S214401300A0473B1D002118460D4B984700200D4B2B
S214401310984700200C4B98470C4B98470C4B9847E7
S21440132003461846034B984700BF0C37BD4690BD52
S214401330000E2707B1264000591240009511400084
S214401340E911400091124000E9194000192540007B
S214401350D112400080B485B000AFF860B9607A60C2
S2144013607B68002B03D0FB68BA685A6602E0FB68CD
S214401370BA681A6600BF1437BD4680BC704780B452
S21440138087B000AFF860B9607A60BB68B3F1405F81
S21440139003D0BB68B3F1605F03D1FB689B6B7B6196
S2144013A002E0FB68DB6B7B617A697B681340002B4D
S2144013B001D1002300E0012318461C37BD4680BCFF
S2144013C0704780B487B000AFF860B9607A60FB6859
S2144013D07A685A64BB68B3F1C05F4AD0B3F1C05F65
S2144013E008D8B3F1006F16D0B3F1805F2CD0002B35
S2144013F069D064E0B3F1205F65D0B3F1205F03D8D5
S214401400B3F1005F4AD05AE0B3F1405F5BD0B3F12E
S214401410605F58D053E0FB681B6F7B61FB681A6FB8
S2144014207B68D9437B690B401A40FB681A67FB68A8
S2144014305B6F7B61FB685A6F7B68D9437B690B4067
S2144014401A40FB685A673AE0FB681B6F7B617A6814
S2144014507B691A43FB681A67FB685B6F7B61FB68B6
S2144014605A6F7B68D9437B690B401A40FB685A67C2
S21440147025E0FB681B6F7B61FB681A6F7B68D9436E
S2144014807B690B401A40FB681A67FB685B6F7B61A1
S2144014907A687B691A43FB685A6710E0FB681B6FE3
S2144014A07B617A687B691A43FB681A67FB685B6FE7
S2144014B07B617A687B691A43FB685A6700BFFB68A2
S2144014C07A685A6000E000BF1C37BD4680BC704753
S2144014D080B584B000AFF860B9607A60B968F868E3
S2144014E0194B98477B6803F001031A46B968F868B9
S2144014F0164B98477B6803F00A03002B03D0FB6823
S214401500BA681A6202E0FB68BA685A627B6803F0FF
S2144015100203002B04D0FB68BA68C3F8802008E0BA
S2144015207B6803F00803002B03D0FB68BA68C3F857
S2144015308420FB68BA685A61FB68BA681A6000BFC4
S2144015401037BD4680BD00BF811640005513400091
S21440155080B584B000AFF860B9607A603B60B96827
S214401560F868124B9847BA69B968F868104B9847BC
S2144015703B68002B03D0FB68BA681A6502E0FB683C
S214401580BA685A657B68002B03D0FB68BA681A6352
S21440159002E0FB68BA685A63FB68BA681A61FB687F
S2144015A0BA681A6000BF1037BD4680BD811640003D
S2144015B05513400090B587B002AFF860B9607A60C6
S2144015C03B60BB68B3F1005F16D0B3F1005F09D84B
S2144015D0B3F1805F10D0B3F1C05F0DD0B3F1006FB0
S2144015E00AD03DE0B3F1405F1AD0B3F1605F17D048
S2144015F0B3F1205F0ED033E07A68B968F8681C4BC8
S21440160098473B6803F001031A467968F868194B17
S214401610984727E03A687968F868174B984721E07A
S214401620BB68B3F1605F0CBF01230023DBB21A46F0
S2144016303B6803F00403002B14BF01230023DBB2F6
S21440164019463B6803F00103002B14BF0123002317
S214401650DBB200930B467968F868084CA04701E077
S214401660002300E0012318461437BD4690BD00BF56
S214401670C313400055134000D1144000511540009C
S21440168080B483B000AF786039607B683A685A644B
S21440169000BF0C37BD4680BC704780B483B000AFF7
S2144016A078607B68DB6C18460C37BD4680BC70475C
S2144016B080B483B000AF78607B689B6C18460C376C
S2144016C0BD4680BC7047000080B584B000AF7860EF
S2144016D07868084B9847F8607B6803F01F03012240
S2144016E002FA03F31A46FB681A6300BF1037BD467A
S2144016F080BD00BFD918400080B584B000AF786088
S2144017007868084B9847F8607B6803F01F0301220F
S21440171002FA03F31A46FB685A6300BF1037BD4609
S21440172080BD00BFD918400090B587B002AF786042
S21440173039607868634B9847F8603B6803F0F0433D
S214401740B3F1005F67D0B3F1005F09D8B3F1805FB3
S2144017502BD0B3F1C05F43D0B3F1006F0AD0A9E0FD
S214401760B3F1405F7ED0B3F1605F7BD0B3F1205FD2
S2144017706CD09FE07B6803F01F03012202FA03F35C
S2144017801A464FF00061F8684F4B98477B6803F065
S2144017901F03012202FA03F319463B6803F00103D4
S2144017A01A46F868494B984786E07B6803F01F0363
S2144017B0012202FA03F31A464FF08051F868424B72
S2144017C098477B6803F01F03012202FA03F3194689
S2144017D03B6803F001031A46F8683C4B98476BE0B9
S2144017E07B6803F01F03012202FA03F31A464FF008
S2144017F0C051F868344B98477B6803F01F030122BA
S21440180002FA03F319463B6803F001031A46F868E8
S2144018102E4B984750E07B6803F01F03012202FAE4
S21440182003F31A464FF00051F868274B98477B68F9
S21440183003F01F03012202FA03F319463B6803F044
S21440184001031A46F868214B984735E07B6803F059
S2144018501F03012202FA03F33A681946F8681C4B44
S214401860984729E07B6803F01F03012202FA03F33E
S21440187019463B6803F06053B3F1605F0CBF012329
S2144018800023DBB21A463B6803F00403002B14BF68
S21440189001230023DBB218463B6803F00103002B0C
S2144018A014BF01230023DBB200930346F868094CBB
S2144018B0A04701E0002300E0012318461437BD4648
S2144018C090BD00BFD9184000C313400055134000D8
S2144018D0D11440005115400080B485B000AF786008
S2144018E07B685B0903F5001303F207735B02FB603A
S2144018F0FB6818461437BD4680BC704780B584B038
S21440190000AF7860396078682C4B9847F860786804
S2144019102B4B98470246FB681340FB60FB68002B46
S2144019203CD00023BB6034E0264ABB681B0113440E
S2144019301A683B689A4226D1224ABB681B01134468
S21440194004331A68FB681340002B1CD01D4ABB6842
S2144019501B0113440C331B681A49BA6812010A4427
S21440196010681849BA6812010A44043212681146CF
S2144019709847144ABB681B01134404331B68DB4377
S214401980FA681340FB60BB680133BB60BB68062B3C
S21440199003D8FB68002BC7D100E000BF0A4B1B688A
S2144019A0002B07D0094B1B68002B03D0074B1B6846
S2144019B07868984700BF1037BD4680BD9B164000EC
S2144019C0B1164000F8090020D40A0020680A00201A
S2144019D080B500AF0C210248024B984700BF80BD3F
S2144019E000100E40FD18400080B485B000AF78600F
S2144019F01C491C4B1B6B23F070027B6813430B6324
S214401A004FF40063FB6007E0FB68002B01D1012325
S214401A1023E0FB68013BFB60124B9B6E03F0080320
S214401A20002BF1D00F4A0F4B1B6B23F0030343F000
S214401A30020313634FF40063FB6007E0FB68002B70
S214401A4001D1012309E0FB68013BFB60054B9B6E1F
S214401A5003F00803002BF1D0002318461437BD4688
S214401A6080BC704700040E4080B483B000AF7860FE
S214401A707B68012B07D1084A074B9B6843F02543F8
S214401A8043F480139360044B044A1A6000BF0C373B
S214401A90BD4680BC704700BF10140E40080000A52D
S214401AA080B400AF094B5B6903F08003002B07D07E
S214401AB0074B9B6E03F08003002B01D0012300E010
S214401AC000231846BD4680BC704700BF10140E4029
S214401AD000040E4080B483B000AF7860184A184BBC
S214401AE01B6A43F45C1343F00803136200BF144BB5
S214401AF09B6E03F40033002BF9D01149104B1B6A40
S214401B0023F45C1323F070037A68134343F45C13A6
S214401B100B6200BF0A4B9B6E03F40033002BF9D0D8
S214401B20074A074B1B6A23F09B7323F4803343F426
S214401B305C13136200BF0C37BD4680BC704700BFC5
S214401B4000040E4080B483B000AF786039607B6894
S214401B50002B08D01649164B1B6A164A1A40164BDD
S214401B6013430B621EE01249114B1B6A23F45C13AD
S214401B7023F003033A68120292B2134343F45C1311
S214401B8043F001030B6200BF094B9B6E03F0010359
S214401B90002BF9D0064A064B1B6A43F09B7343F46E
S214401BA08033136200BF0C37BD4680BC704700BF11
S214401BB000040E40FCFFC8FE0200370180B400AFB0
S214401BC0034B9B6E03F480331846BD4680BC70477B
S214401BD000040E4080B400AF034B4FF000529A62B0
S214401BE000BFBD4680BC704700040E4080B400AFC6
S214401BF0034B9B6E03F002031846BD4680BC7047FD
S214401C0000040E4080B400AF034B0022DA6200BFEF
S214401C10BD4680BC704700BF00040E4080B400AF95
S214401C20034B9B6E03F004031846BD4680BC7047CA
S214401C3000040E4080B483B000AF78607B68222BEF
S214401C4001D901232FE07B681F2B13D8184B9A69C4
S214401C5001217B6801FA03F31A4001217B6801FAEF
S214401C6003F39A421ED0124A01217B6801FA03F31D
S214401C70136117E07B68203B7B600D4BD3F808214F
S214401C8001217B6801FA03F31A4001217B6801FABF
S214401C9003F39A4206D0064A01217B6801FA03F311
S214401CA0C2F80031002318460C37BD4680BC70474A
S214401CB000040E4080B483B000AF78607B685B68F9
S214401CC003F00203002B01D0012300E00023184656
S214401CD00C37BD4680BC704780B584B000AF786096
S214401CE0084611461A4603467B800B467B701346D1
S214401CF03B7043F69823FB6006E0FB685A1EFA608A
S214401D00002B01D1012320E07B681B6903F002030E
S214401D10002BF2D078680F4B98470346002B0ED026
S214401D207A887B781B0403F470231343BB603B78AC
S214401D30002B06D0BB6843F08073BB6001E07B8815
S214401D40BB607B68BA68DA60002318461037BD4629
S214401D5080BD00BFB51C400080B485B000AFF860C1
S214401D60B9607A60FB68BA680C3253F8223023F0C8
S214401D70F001FB68BA680C3243F82210FB68BA6878
S214401D800C3253F822207B6842EA0301FB68BA68AB
S214401D900C3243F8221000BF1437BD4680BC704753
S214401DA080B483B000AF78607B6808221A607B6896
S214401DB020221A607B6804221A6000BF0C37BD469A
S214401DC080BC704780B584B000AF7860396000232F
S214401DD0FB607B684FF0FF329A627B681B6A7868CC
S214401DE00E4B984778680E4B98473B6859683B6857
S214401DF01B681A4678680B4B98470346012B01D15F
S214401E000123FB603B685B7A012B02D17B68402252
S214401E101A60FB6818461037BD4680BD61214000F9
S214401E20A11D4000291E400080B489B000AFF86074
S214401E30B9607A600023FB61BB68344A934201D99B
S214401E4001235DE0BB68324A934237D97B68314A0A
S214401E50A2FB03239B0B043B7B61BA682E4B1344C7
S214401E609B007A68B2FBF3F3043B3B6105E0FB69F9
S214401E700133FB617B695B087B617B69FF2B09D97A
S214401E80FB69062BF3D905E0FB690133FB613B692F
S214401E905B083B613B69FF2B02D9FB69062BF3D9F4
S214401EA07B69DAB23B691B029BB21A43FB691B048F
S214401EB003F4E0231A43FB681A6120E0BB685B002A
S214401EC07A68B2FBF3F3043BBB6105E0FB69013380
S214401ED0FB61BB695B08BB61BB69FF2B02D9FB6931
S214401EE0062BF3D9BB69DAB2BB691B029BB21A4315
S214401EF0FB691B0403F4E0231A43FB681A610023C2
S214401F0018462437BD4680BC704700BF801A06007E
S214401F1000DC0500F11976050012FD3F80B485B05F
S214401F2000AF786039603B68002B01D100231DE08C
S214401F307B681B78FB603B68012B09DDFB681B0256
S214401F40FB607B6801331B781A46FB681343FB60D3
S214401F503B68022B09DDFB681B02FB607B68023393
S214401F601B781A46FB681343FB60FB681846143719
S214401F70BD4680BC7047000080B588B000AF786032
S214401F8039603B68DB68FB613B689B68BB6100234C
S214401F90FB7547F230533B61FB69002B01D10123AF
S214401FA069E07B6800225A603B681B7C1B0403F494
S214401FB0FE023B685B681B0203F44073134343F422
S214401FC080527B685A607B680022DA603A683B68D9
S214401FD05B68194610462A4B984702467B68DA608B
S214401FE0FB69012B05D17B6803221A600123FB7530
S214401FF034E07B6801221A600023FB752EE07B6884
S2144020001B6AFB60FB6803F48073002B01D005233A
S21440201031E03B695A1E3A61002B01D109232AE080
S214402020FB69012B07D1FB7D002B04D17B68022284
S2144020301A600123FB75FB6803F00203002B00D1F6
S2144020400CE0BB695A1CBA617A68126BD2B21A703D
S214402050FB69013BFB6147F230533B61FB69002B58
S214402060CDD100BF7B681B6A03F00103002BF9D07B
S2144020707B681B6A002318462037BD4680BD00BFDC
S2144020801D1F400080B586B000AF786039603B6861
S214402090DB687B613B689B683B617B69002B01D1B9
S2144020A0012356E07B6800225A603B681B7C1B0479
S2144020B003F4FE023B685B681B0203F440731A435A
S2144020C07B685A607B680022DA603A683B685B68E7
S2144020D019461046214B984702467B68DA6019E05D
S2144020E07B681B6AFB60FB6803F48073002B01D09F
S2144020F005232EE0FB6803F00403002B00D109E023
S2144021003B695A1C3A611B781A467B685A637B695E
S214402110013B7B617B69002BE2D17B681B6AFB60DD
S214402120FB6803F48073002B01D0052311E0FB68A5
S21440213003F00403002B00D1EFE700BF7B680222C8
S2144021401A6000BF7B681B6A03F00103002BF9D0BE
S214402150002318461837BD4680BD00BF1D1F4000EF
S21440216080B483B000AF78607B6880221A607B685A
S2144021701B6B00BF0C37BD4680BC704780B489B02F
S21440218000AFF860B9607A60BB681A017B689A4213
S21440219002D81023FB6101E00823FB617B68DA006C
S2144021A0FB69B96801FB03F35B081A44FB69B9682D
S2144021B001FB03F3B2FBF3F3BB61BB69DB087B6156
S2144021C0BB6903F007033B617B69002B03D07B6947
S2144021D0B3F5803F01D301230FE0FB69082B05D1FF
S2144021E0FB685B6843F40022FB685A603B691A044C
S2144021F07B691A43FB681A62002318462437BD469B
S21440220080BC704780B582B000AF786078680F4B6E
S21440221098477B6800225A607B6800225A627B6837
S21440222000229A6278680A4B98477868094B984724
S2144022307868094B98477868084B98477868084B01
S214402240984700BF0837BD4680BD00BF29244000E0
S214402250012340003123400079234000AD23400055
S2144022609323400080B584B000AFF860B9607A60D0
S214402270F8681A4B98471A4B00221A60BB68002B26
S21440228009D0BB681B687A681946F868154B9847AA
S2144022900346002B01D001231BE0BB685A68BB688D
S2144022A09B681A43BB681B691A43BB68DB681A43C2
S2144022B00B4B1B6813430A4A1360094B1B68084ABA
S2144022C01360FB685A68064B1B681A43FB685A60E3
S2144022D0002318461037BD4680BD00BF052240008B
S2144022E06C0A00207D21400080B483B000AF786047
S2144022F07B6840221A6000BF0C37BD4680BC7047E2
S21440230080B483B000AF78607B6888221A6000BFD4
S2144023100C37BD4680BC704780B483B000AF786051
S2144023207B6810221A6000BF0C37BD4680BC7047E1
S21440233080B483B000AF78607B6824221A6000BF08
S2144023400C37BD4680BC704780B483B000AF786021
S21440235039607B683A689A6000BF0C37BD4680BCDF
S214402360704780B483B000AF78607B685B6918467E
S2144023700C37BD4680BC704780B483B000AF7860F1
S2144023807B684FF480721A6000BF0C37BD4680BC35
S214402390704780B483B000AF78607B684FF40032FB
S2144023A01A6000BF0C37BD4680BC704780B483B00F
S2144023B000AF78607B684FF400221A6000BF0C378D
S2144023C0BD4680BC704780B483B000AF786039604B
S2144023D07B685B6903F00203002B01D1012305E013
S2144023E03B68C3F308027B68DA61002318460C3763
S2144023F0BD4680BC704780B483B000AF786039601B
S2144024007B685B6903F00103002B01D1012306E0E2
S2144024107B689B69C3F308023B681A600023184632
S2144024200C37BD4680BC704780B483B000AF786040
S2144024307B68044AC3F8E42000BF0C37BD4680BC26
S214402440704700BF0041535580B584B000AF274B5E
S214402450FB60274BBB60FA68BB689A420DD907E021
S214402460BB681A1DBA60FA68111DF96012681A60D6
S214402470BB68204A9342F3D320E0FA68BB689A428E
S2144024801CD21C4A1A4BD31A7B60FA687B681344EA
S214402490043BFB60BA687B681344043BBB600AE0BD
S2144024A0BB681A1FBA60FA68111FF96012681A6092
S2144024B07B68043B7B607B68002BF1D100BF0E4BF2
S2144024C0BB6004E0BB681A1DBA6000221A60BB6895
S2144024D00A4A9342F6D30A4BFB600A4AFB6893606B
S2144024E0094B9847094B9847FEE700BF04964000C3
S2144024F000000020C0090020C0090020A09501204F
S2144025000000400000ED00E0393A40001531400040
S21440251080B400AFFEE7000080B400AF5D4B1B6B9D
S21440252003F00303032B00F2968001A252F823F037
S2144025304125400061254000AB254000AB254000CA
S214402540554B5B6903F08003002B04D0534B4FF48C
S21440255000421A6080E0514B4FF4FA421A607BE02A
S2144025604C4B1B6A03F08073002B03D04B4B4C4AFA
S2144025701A6071E0494B4B4A1A60464B1B6A03F09F
S2144025807003102B08D0202B0AD0002B00D00BE075
S214402590424B444A1A6007E0404B434A1A6003E005
S2144025A03E4B3F4A1A6000BF56E03A4B1B6A03F068
S2144025B08073002B03D0394B394A1A6019E0374BE9
S2144025C0384A1A60334B1B6A03F07003102B08D04E
S2144025D0202B0AD0002B00D00BE0304B314A1A603B
S2144025E007E02E4B304A1A6003E02C4B2C4A1A6008
S2144025F000BF284B1B6B03F00303022B15D1254B62
S2144026009B6A1B0CC3F30A030133244A126802FB7D
S21440261003F3224A13601F4B9B6ADBB21F4A1268C1
S214402620B2FBF3F31D4A136016E01A4BDB6A1B0C31
S214402630C3F30A030133194A126802FB03F3174A2D
S2144026401360144BDB6ADBB2144A1268B2FBF3F336
S214402650124A136000E000BF0E4B1B6B03F0700382
S214402660702B08D10D4B1B68104AA2FB03235B0856
S2144026700A4A13600AE0074B1B6B1B0903F007036B
S214402680064A126822FA03F3044A136000BFBD46A6
S21440269080BC704700040E4010140E400C00002012
S2144026A0001BB70000093D0000127A00ABAAAAAA98
S2144026B080B483B000AF78607B68184A934204D8F1
S2144026C0174B4FF080621A6023E07B68154A9342AE
S2144026D003D8134B144A1A601BE07B68134A934294
S2144026E003D80F4B124A1A6013E07B68114A934294
S2144026F003D80B4B104A1A600BE07B680F4A934294
S21440270004D8074B4FF004221A6002E0044B0C4AF0
S2144027101A6000BF0C37BD4680BC7047FF2C3101A5
S214402720000A0E40FF59620200010004FF86930330
S21440273000020004FFB3C40400030004FFE0F505F4
S2144027400005000480B485B000AF7860104BFB6095
S214402750104B1B68002B02D10E4B0F4A1A600D4BD4
S2144027601B68BB60BA687B681A44FB689A4202DD05
S2144027704FF0FF3306E0074B1A687B681344054A60
S2144027801360BB6818461437BD4680BC704700BF10
S214402790FCFF0120700A0020A0C5012080B483B051
S2144027A000AF78607B68072B25D801A252F823F04B
S2144027B0D1274000D7274000DD274000E3274000D0
S2144027C0E7274000EB274000EF274000F327400074
S2144027D04FF4FA4310E04FF400430DE04FF400434B
S2144027E00AE0084B08E0084B06E0084B04E0074BBD
S2144027F002E0064B00E0002318460C37BD4680BC7E
S214402800704700BF00093D0000127A00001BB70069
S21440281080B500AF0620044B984702461346DB00BF
S2144028201344184680BD00BF9D27400080B500AFCA
S214402830024B98470346184680BD00BF112840000B
S21440284080B582B000AF314BDB6C7B607B6803F4B5
S2144028500043002B27D02E4B1B78DBB2002B0BD12E
S2144028602A4A2A4BD3F8503143F00103C2F850317C
S214402870274B01221A7016E0254B1B78DBB2012B42
S21440288011D1224A214BD3F8503123F00103C2F82C
S2144028905031204B02221A621C4B4FF400425A64BD
S2144028A01B4B02221A707B6803F40023002B02D0D5
S2144028B0194B01221A707B6803F48063002B02D008
S2144028C0164B01221A707B6803F00203002B09D0D6
S2144028D002224FF020510D48114B98470346DAB27A
S2144028E0104B1A707B6803F00403002B09D00422B7
S2144028F04FF0205105480A4B98470346DAB20A4B38
S2144029001A7000BF0837BD4680BD00BF000E0E409F
S214402910780A0020680F0E40E4090020E5090020F0
S2144029207F134000790A00207A0A002080B400AF66
S2144029300B4B4FF400425A61094B4FF40042C3F828
S214402940B020074B4FF40042C3F8C020044B4FF46E
S2144029500042C3F8D42000BFBD4680BC704700BFCD
S214402960000E0E4080B584B000AF13200D4B984744
S2144029704FF0006103200C4B98474FF00061042055
S214402980094B9847094B984703467B60084BBB600A
S2144029903B1D19460748084B984700BF1037BD46B1
S2144029A080BD00BF351C4000291740002D28400040
S2144029B0A086010000800140C51D400080B582B061
S2144029C000AF786039603868094B98477B68D3F821
S2144029D0503123F001027B68C3F850217B684FF0EA
S2144029E0FF32C3F8582100BF0837BD4680BD00BF40
S2144029F0351C40002DE9F04F85B000AF0B20674BEB
S214402A0098474FF060511420654B9847654A654B90
S214402A101B6F43F400331367624A624B5B6F23F4C9
S214402A20003353675F4B4FF400325A605E4B2222AE
S214402A305A645D4B4FF400721A6000BF5A4B9B6E4F
S214402A4003F40073002BF9D0584B984703461946B9
S214402A504FF000020B461446A60046EA93769D00C9
S214402A602B4634465B1844EB0204DB1844EB040464
S214402A701946224643F2AF634FF00004CD1842EBAE
S214402A800406284631464A4C43F2B0624FF00003F3
S214402A90A04703460C461846464B98471420464BDC
S214402AA09847424B9847034619464FF000020B465C
S214402AB01446A000F860F86840EA9370F8609B00FF
S214402AC0BB60D7E902345B1844EB0204DB1844EBE6
S214402AD004041946224643F2AF634FF00004CD1873
S214402AE042EB040628463146314C43F2B0624FF082
S214402AF00003A04703460C4618462E4B9847142022
S214402B002E4B9847294B9847034619464FF00002EC
S214402B100B46144660017860786840EAD360786077
S214402B205B013B60D7E900345B1A64EB02044FEA72
S214402B30840B4BEA937B4FEA830A53465C465B180A
S214402B4044EB02044FEA840949EA93794FEA830842
S214402B5043464C461946224643F2AF634FF00004C4
S214402B60CD1842EB040628463146114C43F2B0627B
S214402B704FF00003A04703460C4618460D4B9847B7
S214402B800F4B98470F4B98470B2106480E4B9847DC
S214402B9000BF1437BD46BDE8F08F00BF351C40006F
S214402BA029174000000E0E4000040E402D2840001D
S214402BB02937400001000020F9164000C9164000A1
S214402BC0652940002D294000BD29400080B500AF52
S214402BD00A480B4B9847002108480A4B9847012162
S214402BE00648084B984702210448064B984703215D
S214402BF00248044B984700BF80BD00BF008001409C
S214402C007D0640000907400080B58AB000AF424BC1
S214402C101B697B6200BF414B1B78DBB2022BFAD0AC
S214402C203E4B01221A703E4B3B623E4A3B6A536023
S214402C303C493C4B1A6F3B6A13430B673949394B47
S214402C405A6F3B6A13434B67364A3B6A1366354BAB
S214402C504FF0FF32C3F85821324BD3F86431BB6093
S214402C60BB68314BFB61FB6902221A622F4B1A4646
S214402C70FB691A60FB692E4A5A60FB6900221A619A
S214402C80FB6900225A61FB6901221A62254B002229
S214402C90C3F85021274B00221A70224BDB6C7B6016
S214402CA07B68204B4FF400421A641B4B1B69BB6188
S214402CB000BF204B1B78DBB2022BFAD1164B1B69A8
S214402CC07B61194B5B68C3F5C3339F331A4A136065
S214402CD0194B1B681846194B98470346FB740E4B16
S214402CE01B69FB607A69BB69D31A154A1360FA6898
S214402CF07B69D31A134A1360FA687B6AD31A124A5E
S214402D001360FB7C002B02D1044B00221A70FB7C24
S214402D1018462837BD4680BD000001407B0A00208B
S214402D20000081FF000E0E40680F0E40D90A0020BA
S214402D309F860100780A0020840A00204D2D40001E
S214402D407C0A0020800A0020880A002080B487B0D1
S214402D5000AF786000237B6100233B610023FB7358
S214402D600023BB7300237B730023BB6041E0FB7BE7
S214402D70002B10D12F4ABB6813441B78FF2B2DD154
S214402D80BB6801332B4AD35CD82B27D1BB687B6109
S214402D900123FB7322E0BB7B002B0ED1254ABB6888
S214402DA013441B78FF2B19D1BB680133214AD35CEF
S214402DB0DA2B13D10123BB7310E01E4ABB681344C1
S214402DC01B78FF2B0AD1BB6801331A4AD35CD92B38
S214402DD004D1BB683B6101237B730FE0BB68C3F340
S214402DE00C03002B02D1144B144A1A60BB68013303
S214402DF0BB607B685A1EBB689A42B8D8FB7B002BE8
S214402E000ED07B7B002B0BD03A697B699A4207D960
S214402E103A697B69D31A0233094A1360012303E0F7
S214402E20074B00221A60002318461C37BD4680BC5C
S214402E30704700BFD80A002050140E40010000A57D
S214402E40740A002080B483B000AF0346FB7197F944
S214402E500730002B0BDB084997F907305B09FA79F6
S214402E6002F01F02012000FA02F241F8232000BFC0
S214402E700C37BD4680BC704700E100E080B483B0AC
S214402E8000AF03463960FB7197F90730002B0ADB29
S214402E900D4997F907303A68D2B21201D2B20B44C4
S214402EA083F800230AE00949FB7903F00F03043B4B
S214402EB03A68D2B21201D2B20B441A7600BF0C372F
S214402EC0BD4680BC704700BF00E100E000ED00E07A
S214402ED080B483B000AF78607B68072B25D801A20A
S214402EE052F823F0052F40000B2F4000112F4000D2
S214402EF0172F40001B2F40001F2F4000232F40005D
S214402F00272F40004FF4FA4310E04FF400430DE003
S214402F104FF400430AE0084B08E0084B06E0084B35
S214402F2004E0074B02E0064B00E0002318460C374F
S214402F30BD4680BC704700BF00093D0000127A00C5
S214402F40001BB70080B500AF0620044B98470246EA
S214402F501346DB001344184680BD00BFD12E400008
S214402F6080B500AF024B98470346184680BD00BF69
S214402F70452F400080B48DB000AF786039607B68E4
S214402F80FB623B68BB62FB6A7B627B6A5A09FB6AF0
S214402F903B623B6A03F01F03012101FA03F3FA6127
S214402FA0BB61BB6A7B61FB693B613B6903F5001310
S214402FB003F207735B02FB607B6903F00803002B98
S214402FC003D0FB68BA695A6602E0FB68BA691A66BB
S214402FD07B6903F01003002B04D0FB68BA69C3F882
S214402FE0942003E0FB68BA69C3F890207B6903F03D
S214402FF02003002B03D0FB68BA691A6502E0FB6821
S214403000BA695A657B6903F0C003002B03D0FB689E
S214403010BA691A6202E0FB68BA695A627B6903F0D1
S2144030208003002B04D0FB68BA69C3F8842003E011
S214403030FB68BA69C3F880207B6903F00103002B64
S21440304006D0FB681A6FBB691A43FB681A6706E02E
S214403050FB681A6FBB69DB431A40FB681A677B69DB
S21440306003F00203002B06D0FB685A6FBB691A4375
S214403070FB685A6706E0FB685A6FBB69DB431A4039
S214403080FB685A6700BF3437BD4680BC704780B483
S2144030908DB000AF78600B46FB707B68FB62FB78B8
S2144030A087F82B30FB6A7B627B6A3B623B6A5B0934
S2144030B0FB61FB6903F5001303F207735B02BB6118
S2144030C097F82B30012B09D1FB6A7B617B6903F0B3
S2144030D01F0301229A40BB691A610CE097F82B3017
S2144030E0002B08D1FB6A3B613B6903F01F030122BA
S2144030F09A40BB695A61FB6AFB60FB6803F01F039A
S21440310001229A40BB69C3F8A02000BF3437BD46B1
S21440311080BC70472DE9F04F9DB000AF914B98476B
S214403120914B9847914A02231370914B9847914B85
S214403130984700210B20904B9847042117208E4B30
S21440314098470B208D4B9847884A032313708C4B27
S21440315098478C4B9847854A042313708A4B984768
S2144031608A4B9847814A05231370894B98477F4A74
S21440317001231370874B9847034619464FF00002C9
S2144031800B461446660146EAD3665D012B46344636
S2144031905B1A64EB02044FEA840949EA93794FEAE2
S2144031A0830843464C465B1844EB02044FEA840BC4
S2144031B04BEA937B4FEA830A53465C4619462246BF
S2144031C043F2AF634FF00004CD1842EB04062846A6
S2144031D03146714C43F2B0624FF00003A0470346BD
S2144031E00C4618466D4B98476D4B98475F4A0623EA
S2144031F0137007206B4B9847664B98470346194613
S2144032004FF000020B461446DB1844EB04045B18F0
S21440321044EB02046001F865F86D40EAD360F86557
S2144032205801B865D7E91656ED1846EB04062B4606
S21440323034465B1844EB020443F2AF614FF00002A1
S2144032405D1844EB020628463146534C43F2B062C2
S2144032504FF00003A04703460C4618464F4B98478E
S2144032600720514B98474B4B9847034619464FF01B
S21440327000020B46144660017865786D40EAD360DC
S21440328078655B013B65D7E914345B1A64EB02044E
S214403290A000F864F86C40EA9370F8649B00BB6446
S2144032A0D7E912345B1844EB020422017A647A6C44
S2144032B042EA13727A641B013B64D7E9103419461C
S2144032C0224643F2AF634FF00004CD1842EB0406AB
S2144032D028463146304C43F2B0624FF00003A047D8
S2144032E003460C4618462D4B9847304A0023137029
S2144032F0002387F86F3037E12C4B1B78DBB2002B6E
S2144033001BD005212A482B4B9847284A0023137088
S214403310294A002313700BE0244B1B78DBB2002BAA
S21440332006D005212248234B9847204A0023137095
S214403330214B1B78DBB2002BEED01F4B1B78DBB249
S214403340002BD9D03C211D481A4B98471C491D4894
S2144033501D4B98470346002B38D0012387F86F3023
S21440336002E100BFE5124000F10F40008C0A002049
S214403370A93640005D0940007D2E4000452E4000A5
S2144033805D0C4000890D4000F10C40003D0D4000B2
S214403390F5294000612F40002937400001000020F9
S2144033A0CD2B4000F9164000C9164000E509002024
S2144033B0A8924000F90D4000790A0020B4924000DF
S2144033C0BC92400078910120213E40009E4B984799
S2144033D0034619464FF000020B461446A000F86319
S2144033E0F86B40EA9370F8639B00BB63D7E90E34F2
S2144033F05B1844EB0204E0007863786B40EA537055
S2144034007863DB003B63D7E90C345B1A64EB020459
S2144034102001F862F86A40EA1370F8621B01BB624A
S214403420D7E90A345B1844EB020422017A627A6ACE
S21440343042EA13727A621B013B62D7E908341946A6
S214403440224643F2AF634FF00004CD1842EB040629
S214403450284631467D4C43F2B0624FF00003A04709
S21440346003460C4618467A4B98470720794B9847B0
S214403470754B9847034619464FF000020B461446D4
S214403480DB1844EB04045B1844EB02046001F8616B
S214403490F86940EAD360F8615801B861D7E9065642
S2144034A0ED1846EB04062B4634465B1844EB020404
S2144034B043F2AF614FF000025D1844EB0206284627
S2144034C03146624C43F2B0624FF00003A0470346D9
S2144034D00C4618465E4B984707205F4B98475A4B1A
S2144034E09847034619464FF000020B4614466001C3
S2144034F07861786940EAD36078615B013B61D7E9DF
S21440350004345B1A64EB0204A000F860F86840EAF2
S2144035109370F8609B00BB60D7E902345B1844EBBD
S214403520020422017A607A6842EA13727A601B01CA
S2144035303B60D7E900341946224643F2AF634FF06A
S2144035400004CD1842EB0406284631463F4C43F271
S214403550B0624FF00003A04703460C4618463C4B6B
S21440356098473E4A0023137097F86F3083F0010364
S214403570DBB2002B7FF4E1AE00213948394B984747
S21440358000213948374B984700213848354B9847F3
S21440359000213748334B984700213648314B9847EF
S2144035A0002135482F4B9847002134482D4B9847EB
S2144035B0334B08221A70294B1B78DBB2002B1BD0EA
S2144035C005213048274B9847244B00221A702E4B33
S2144035D000221A700BE0214B1B78DBB2002B06D082
S2144035E0052128481F4B98471C4B00221A70264B33
S2144035F01B78DBB2002BEED0234B1B78DBB2002BC4
S214403600D9D0224B1B78DBB2002BD4D0204B1B6981
S214403610BB661F4B1B697B661E4B1B68BA6ED31A74
S2144036201D4A13601D4B98471D4B9847184B1B6906
S2144036303B663A6E7B6ED31A1A4A1360144B1B696C
S214403640144A1360B7E700BF612F40002937400097
S21440365001000020F9164000C9164000E509002088
S214403660C4924000F90D4000D8924000F0924000CD
S2144036700093400014934000249340003893400049
S2144036808C0A0020A8924000790A00207A0A00207E
S21440369000000140980A0020940A0020B50E400021
S2144036A0092C4000900A002080B500AF0B20184B34
S2144036B098474FF060510720164B984700224FF42A
S2144036C000211548154B984700210120144B984778
S2144036D000210220124B984710210120114B984799
S2144036E0102102200F4B98470B4B0622C3F8B02000
S2144036F0094B0622C3F8C020074B0622C3F8D42045
S214403700054B06221A64044B18225A6400BF80BD3B
S214403710351C400029174000000E0E40D1144000D2
S2144037208F304000752F400053B94AB9002908BF72
S21440373000281CBF4FF0FF314FF0FF3000F07AB941
S214403740ADF1080C6DE904CE00F006F8DDF804E0B3
S214403750DDE9022304B070472DE9F0478C460D465C
S2144037600446089E002B51D18A4217466DD9B2FABC
S21440377082FEBEF1000F0BD0CEF1200C01FA0EF502
S21440378020FA0CFC02FA0EF74CEA050C00FA0EF48E
S2144037904FEA174A250CBCFBFAF81FFA87F90AFBD2
S2144037A018CC45EA0C4508FB09F3AB420AD9ED199B
S2144037B008F1FF3280F02381AB4240F22081A8F12D
S2144037C002083D44ED1AA4B2B5FBFAF00AFB1055C8
S2144037D044EA054400FB09F9A14509D9E41900F17A
S2144037E0FF3380F00A81A14540F2078102383C440D
S2144037F0A4EB090440EA08400021002E61D024FAD8
S2144038000EF4002334607360BDE8F0878B4207D91E
S214403810002E54D0002186E821000846BDE8F087F7
S214403820B3FA83F1002940F08E80AB4202D3824245
S21440383000F2FA80841A65EB03050120AC46002EA0
S2144038403FD086E81010BDE8F08712B90127B7FBD5
S214403850F2F7B7FA87FEBEF1000F34D1EB1B3A0CF5
S2144038601FFA87FC0121B3FBF2F8250C02FB183344
S21440387045EA03450CFB08F3AB4207D9ED1908F1BE
S214403880FF3002D2AB4200F2D1808046ED1AA3B29E
S214403890B5FBF2F002FB105543EA05440CFB00FC76
S2144038A0A44507D9E41900F1FF3302D2A44500F23B
S2144038B0B8801846A4EB0C0440EA08409DE7314621
S2144038C03046BDE8F087CEF1200405FA0EF307FA3D
S2144038D00EF720FA04F83A0C25FA04F448EA0308EE
S2144038E0B4FBF2F14FEA184502FB11441FFA87FC7D
S2144038F045EA044501FB0CF3AB4200FA0EF409D945
S214403900ED1901F1FF3080F08A80AB4240F28780AB
S21440391002393D44EB1A1FFA88F5B3FBF2F002FB7E
S214403920103345EA034500FB0CF3AB4207D9ED19CB
S21440393000F1FF386FD2AB426DD902383D44EB1AE6
S21440394040EA01418FE7C1F1200722FA07F88B4091
S21440395005FA01F448EA030320FA07FE4FEA134C3F
S214403960FD404EEA040EB5FBFCF94FEA1E440CFB44
S21440397019551FFA83F844EA054509FB08F4AC429A
S21440398002FA01F200FA01FA08D9ED1809F1FF30FF
S21440399043D2AC4241D9A9F102091D442D1B1FFA5E
S2144039A08EFEB5FBFCF00CFB10554EEA054400FBC2
S2144039B008F8A04507D9E41800F1FF3529D2A045FC
S2144039C027D902381C4440EA0940A4EB0804A0FB6F
S2144039D002894C45C6464D4615D312D056B1BAEB71
S2144039E00E0364EB050404FA07F7CB401F43CC40B4
S2144039F0376074600021BDE8F0871846F8E69046C8
S214403A00E0E6C245EAD2B8EB020E69EB03050138A0
S214403A10E4E72846D7E7404691E78146BEE70146B9
S214403A2078E702383C4445E7084608E7A8F102082C
S214403A303D442BE7704700BF70B50F4E0F4D761BC9
S214403A40B61018BF002405D0013455F8043B9847FB
S214403A50A642F9D10A4E0B4D761B05F0BDFDB610B9
S214403A6018BF002406D0013455F8043B9847A642B8
S214403A70F9D170BD70BD00BFE4954000E4954000AC
S214403A80EC954000E495400070B4860746D0541E3E
S214403A90002A41D0CAB2034602E014F1FF343BD3B9
S214403AA003F8012B9D07F8D1032C2ED9CDB245EA59
S214403AB005250F2C45EA054519D903F1100226467F
S214403AC0103E0F2E42F8105C42F80C5C42F8085C40
S214403AD042F8045C02F11002F2D8A4F1100222F07F
S214403AE00F0204F00F041032032C13440DD91E4667
S214403AF02246043A032A46F8045BFAD8221F22F0EC
S214403B0003020432134404F003042CB1C9B21C442B
S214403B1003F8011B9C42FBD170BC70471446034619
S214403B20C2E700BF0EB4F0B59CB021AB0F4953F8C6
S214403B30042B019305466FF00044086802954FF445
S214403B4002774FF6FF7602A90695ADF814700494F6
S214403B500794ADF8166000F06FFA029B00221A70C8
S214403B601CB0BDE8F04003B0704700BF1000002016
S214403B702DE9F0414FF0010E744600254FF0FF3618
S214403B802B198B4200EB06070DD23F5D10F803C0A1
S214403B90BC452DD21D460124A3EB060E2B198B42A5
S214403BA000EB0607F1D34FF00108C2F800E04446A8
S214403BB000254FF0FF372B19994200EB070E0ED920
S214403BC01EF804E010F803C0F44518D91D46012439
S214403BD0A3EB07082B19994200EB070EF0D80137E4
S214403BE0701C874224BFC2F800803846BDE8F0818A
S214403BF00CD04FF0010E2E4674467544C0E70BD0ED
S214403C004FF001082F4644464544D4E7744512BF5A
S214403C1001341D460124B3E7444512BF01341D4616
S214403C200124C8E72DE9F04FADF2144D164605467F
S214403C308B461046194603AA1C46FFF799FF03AB6E
S214403C4081460DF20C4243F8044F9342FBD14CB1EF
S214403C50631E721E04A812F8011F40F8213013F1AB
S214403C60FF33F8D203994A463144304603F060F8B1
S214403C7000286FD109F1FF330093F3188246019371
S214403C8023468046544658469A4608EB0A073A1A50
S214403C900021284402F0FCFF002856D1002F54D0C3
S214403CA0EB1904AA13F8013C52F823304BB124B167
S214403CB0039A934201D2AAEB020398440024384662
S214403CC0E3E74C4523460AF1FF3E38BF4B46734573
S214403CD013D208EB030216F803C0A85C84452A44B6
S214403CE006EB030106D02CE011F801CF12F8010FC5
S214403CF0844526D101337345F6D34C45009980F070
S214403D008980009B08EB0302019BA85C1B789842C5
S214403D102A447FD1019804F1FF3B06E010F801CD1C
S214403D2012F801EDF44503D119464B1E9B45F5D1DB
S214403D3001348C4270D8039C3846A044AAEB040455
S214403D40A3E7C9F101029044B7E700200DF2144DF5
S214403D50BDE8F08FA4EB09034B4538BF4B46013313
S214403D6009F1FF38039306EB080358464FF0000A64
S214403D70CB4699460AEB04073A1A0021284402F03B
S214403D8087FF0028E1D1002FDFD0EB1904AA13F8F3
S214403D90013C52F82330A3BB611E8B4515D20AEB7B
S214403DA00B0216F80B3015F802E09E452A4406EB47
S214403DB00B005B4606D027E010F801CF12F801EF63
S214403DC0F44521D101338B42F6D3B8F1FF3F11D0F1
S214403DD00AEB080299F80010AB5C99422A440FD1CE
S214403DE04B4605E013F8010D12F8011D884207D135
S214403DF0B342F7D105EB0A000DF2144DBDE8F08F43
S214403E00039B9A443846B5E7CBF1010292449A4464
S214403E103846AFE749468BE705EB080096E700BF14
S214403E200278002A00F001812DE9F04F91F80080D9
S214403E3085B04446B8F1000F16D0864601F1010C15
S214403E40012703E013F8014B6CB19C46A24214BF15
S214403E50002707F001071EF8012F6346002AF1D11C
S214403E609CF80030FBB917B105B0BDE8F08F0E46A0
S214403E70054641460130ACEB060403F045FD0746D7
S214403E8088B1012CF0D02819874294BFC11B01216C
S214403E901F2C8B460BD9234632463846FFF7C2FEC8
S214403EA005B0BDE8F08F002005B0BDE8F08F03AA4E
S214403EB021463046FFF75CFE039980460246314471
S214403EC0304602F035FF002857D108F1FF33009303
S214403ED0F3188146054601935846B2466619321A8B
S214403EE00021384402F0D4FE0028DCD1002EDAD07F
S214403EF0C845434638BF4B469C4212D95A191AF811
S214403F000310B85C81423A440AEB030E06D02CE01C
S214403F101EF8010F12F8011F884226D101339C4239
S214403F20F6D1C845009940F28380009BEA18019B71
S214403F30B85C1B7898423A447AD1019809F1FF3B25
S214403F4006E010F801CD12F801EDF44503D119460C
S214403F504B1E5B45F5D109F10109894557D8039BAE
S214403F6030461D44A4EB0309B8E7C8F101021544E6
S214403F701D444FF000093046B0E7A4EB0803434524
S214403F8038BF4346013308F1FF39039306EB090374
S214403F9058460025BB469A4667193A1A00215844A7
S214403FA002F076FE00287FF47EAF002F3FF47BAF12
S214403FB0444515D908EB050216F808301BF80200F0
S214403FC098425A4406EB0801434606D023E011F8CF
S214403FD001EF12F8010F86451DD101339C42F6D100
S214403FE0B9F1FF3F12D005EB09029AF800301BF8F2
S214403FF0021099425A4414D1534605E013F8010D75
S21440400012F8011D88420CD1B342F7D15F467819A9
S21440401005B0BDE8F08FC8F1010215441D4438468E
S214404020BAE7039B38461D44B6E70B7813B970478A
S214404030414690E7002070472DE9F04FC3B00C464C
S2144040400B9192460F930C9002F044FB03681A9330
S214404050184603F0D5FCA3891990190603D52369A1
S214404060002B01F0038000230DF1C809139315932C
S21440407014932793269318931B930993CDF8949003
S214404080C846169317939AF800305446E3B1252B4A
S21440409002D119E0252B03D014F8013F002BF9D1AB
S2144040A0A4EB0A0585B1269B279AC8F800A00133E1
S2144040B02A44072BC8F80450279226937FDC08F141
S2144040C00808099B2B4409932378002B7FD00023B4
S2144040D01A468DF8773019460D939B464FF0FF30C1
S2144040E063780A9004F1010A0AF1010AA3F120005C
S2144040F0582800F2C183DFE810F03802BF03BF0340
S2144041004002BF03BF03BF03BF03BF03BF03450255
S2144041100302BF035D006B02BF0386029D039D033F
S2144041209D039D039D039D039D039D039D03BF0328
S214404130BF03BF03BF03BF03BF03BF03BF03BF032A
S214404140BF0337035703BF035703BF03BF03BF0372
S214404150BF039803BF03BF03AD03BF03BF03BF0343
S214404160BF03BF035902BF03BF031E03BF03BF0302
S214404170BF03BF03BF03BF03BF03BF03BF03BF03EA
S214404180C602DB025703570357038B02DB02BF030B
S214404190BF039002BF039D02CC01B4020802BF03D6
S2144041A0E101BF037E00BF03BF030D020D980F93CE
S2144041B040420D904BF0040B9AF8003094E725AA45
S2144041C00B990C9803F08AFC40B9C84679E7279BC0
S2144041D023B10C980B9925AA03F080FC0B9B9B8976
S2144041E013F0400F099B18BF4FF0FF33099309980F
S2144041F043B0BDE8F08F1BF0200F119340F0DD81F7
S2144042000F9A1BF0100F134640F06E851BF0400FC0
S21440421000F06A8514880432002501230F92002797
S2144042208DF877700A994A1C00F065822BF0800260
S214404230079254EA050240F06482002940F03C842C
S214404240002B40F0D7841BF001030E9300F0048649
S21440425042AE302306F8413D0A9B0E9A9342B8BFC1
S214404260134608930023129317B1089B0133089313
S214404270079B13F00203109302D0089B0233089367
S214404280079B13F0840540F00E830D9B089AA3EB22
S214404290020BBBF1000F40F30683BBF1100F279CC7
S2144042A0269A29DD43462146A84610270C9C0B9D9E
S2144042B006E0ABF1100BBBF1100F03F1080318DD5D
S2144042C00132B74826921031072A279183E88100A9
S2144042D0EFDD25AA2946204603F000FC00287FF49F
S2144042E07DAFABF1100BBBF1100F2799269A4B46CA
S2144042F0E6DC45460C4698460132A94B26925C447D
S214404300072A279488E8080800F398849DF8777071
S21440431008F1080877B1269B013301340DF1770187
S2144043200122072B2794269388E8060000F3DB83B8
S21440433008F10808109B6BB1269B013302341EA976
S2144043400222072B2794269388E8060000F3D6839C
S21440435008F10808802D00F015830A9B0E9A9F1AD4
S214404360002F36DD102F269B8E4D27DD42462146F8
S214404370B0464FF0100B2E460C9C0B9D04E0103FB1
S214404380102F02F1080215DD01331031072B27915B
S214404390269382E84008F2DD25AA2946204603F007
S2144043A09DFB00287FF41AAF103F102F2799269BBD
S2144043B04A46E9DC35460C464646904601333C4480
S2144043C0072B2794269388E8A00000F3818308F102
S2144043D00808079BDF0500F16882269B0E99C8F8FF
S2144043E0006001330C44072B2794C8F8041026932A
S2144043F000F34D8308F10808079B5B073AD50D9BF1
S214404400089A9D1A002D35DD102D269B20DD10269E
S2144044100C9FDDF82CB004E0103D102D08F1080884
S21440442016DD01335E4A26931034072B279488E81E
S2144044304400F1DD25AA5946384603F04FFB0028D4
S2144044407FF4CCAE103D102D279C269BC846E8DC5A
S2144044500133534A26932C44072B279488E824009C
S21440446008DD25AA0B990C9803F038FB00287FF44A
S214404470B5AE279C099B0D9A08998A42ACBF9B18FB
S2144044805B180993002C40F00D8300232693C84602
S214404490F9E511931BF0200340F0E3811BF0100276
S2144044A040F02E841BF0400300F02A840F991346F8
S2144044B00A4604320C880F920025B0E60F9A1193F4
S2144044C0166800248DF87740151D002E00F0A7864C
S2144044D00A9A531C00F009862146304602F0D8FB63
S2144044E0002800F0E186831B0E930A940F95CDF8C2
S2144044F01CB023EAE373089312949DF87770B3E6F2
S2144045009AF8003001222B21EEE54BF0200B9AF86A
S2144045100030E9E51193002A40F09587224B189326
S2144045201BF0200F40F011810F9A1BF0100F13461E
S21440453040F0E1831BF0400F00F0DD830433148825
S2144045400F9300251BF0010F00F00C8154EA050381
S21440455000F0088130239DF844208DF878308DF89F
S21440456079204BF0020B022359E69AF800300029D6
S2144045707FF4BAAD01222021B6E54BF0010B9AF844
S2144045800030B1E50F9C23680D931846002823465B
S21440459003F10403FFF60AAE0F939AF80030A3E542
S2144045A098934000A8934000789340004BF0100B3F
S2144045B01BF0200F11933FF423AE0F9D073525F0D7
S2144045C0070303F10802D3E900450F92012326E6CC
S2144045D09AF800302A2B0AF1010400F02787A3F14D
S2144045E030000928A24600F2AD8600231C461AF881
S2144045F0013B04EB840400EB4404A3F1300009289B
S214404600F5D90A9472E54BF0800B9AF800306BE5CA
S2144046104BF0400B9AF8003066E59AF800306C2B69
S21440462003BF9AF801304BF0200B0AF1010A4BF019
S214404630100B59E5002A40F011871BF0200F40F080
S214404640F9841BF0100F40F0AC841BF0400F00F0D4
S214404650A8840F9A136804320F92BDF824201A805B
S21440466011E50F99B34B0C68189330227823043128
S2144046708DF8793011934BF0020B0F9100258DF891
S21440468078200223CBE50F9911930A688DF8A02075
S21440469000230A461F468DF87730043201230893DC
S2144046A0CDF81CB00A9712970F920E9328AEDFE50E
S2144046B01193002A40F0EA861BF0200F5DD11BF0D4
S2144046C0100F40F008831BF0400F00F004830F9952
S2144046D0B1F900400431E51722462B460F91002AD7
S2144046E073F1000358DB0A999DF877704A1C4FF027
S2144046F001037FF49BAD54EA050200F0DF81CDF85C
S2144047001CB0012B00F07B82022B40F006821898EA
S2144047104E46230904F00F0143EA05732A091C4656
S2144047201546435C06F8013D54EA0503F1D1A9EB72
S21440473006030E9390E51193002A40F0A3867E4B25
S21440474018931BF0200F3FF4EFAE0F9D073525F072
S214404750070303F108021BF0010F0F92D3E900454F
S2144047607FF4F4AE02235AE51193002A40F0868681
S2144047704BF0100B1BF0200FA1D00F9D073525F0F6
S2144047800705D5E90023002A05F108011D4673F107
S21440479000030F911446A6DA2D27644265EB4505C3
S2144047A08DF8777001233DE51193002A40F062862C
S2144047B00F9D073525F0070303F108020F921A688C
S2144047C015925B681493149B159D23F0004428466D
S2144047D021464FF0FF32594B03F0F0FE002840F0E0
S2144047E04A83284621464FF0FF32544B03F0C8FE1A
S2144047F0002840F0408315A80DC8149903F0B6FE73
S214404800002840F030859DF877704D4E4D4B2BF08C
S2144048108000079011980322002108920A914728A9
S214404820D8BF1E460E9212911EE54BF0080B9AF822
S214404830003059E4A3F1300000231C461AF8013B2F
S21440484004EB840400EB4404A3F130000928F5D9B6
S2144048500D944BE44BF0100B11931BF020033FF4E8
S2144048601DAE0F9D073525F0070303F10802D3E977
S21440487000450F920023D2E41193002A40F0E785CA
S214404880119A002A3FF4A3AC002301211F46089149
S2144048908DF8A020CDF81CB08DF877300A9312938F
S2144048A00E9128AEE4E4279C34E5119B652B40F33B
S2144048B0A78015A80DC8149903F04EFE002800F0F6
S2144048C05081269B204AC8F800200133013401223B
S2144048D0072B27942693C8F8042000F36A8308F130
S2144048E008081F9B139A279C934203DB079BDD0710
S2144048F07FF582AD269B19991A9AC8F80020013395
S2144049000C44072BC8F804102794269300F39E8384
S21440491008F10808139B5E1E002E7FF76DAD102E23
S214404920269B0A4D40F3F58122461027DDF830B02D
S2144049300B9C13E07893400064934000FFFFEF7FAA
S214404940589340005493400094934000A8934000EE
S21440495008F10808103E102E40F3DA810133103279
S214404960072B2792269388E8A000F1DD25AA21464A
S214404970584603F0B3F800287FF430AC279A269BBD
S214404980C846E7E70D9B089A9F1A002F7FF7E5ACCD
S214404990102F269BB64D27DD42462146B0464FF0A7
S2144049A0100B2E460C9C0B9D04E0103F102F02F17E
S2144049B0080215DD01331031072B2791269382E834
S2144049C04008F2DD25AA2946204603F087F800284D
S2144049D07FF404AC103F102F2799269B4A46E9DC0B
S2144049E035460C464646904601333C44072B2794B2
S2144049F0269388E8A00000F3328208F10808ACE469
S214404A00139B269F012B40F3FE810137013401237F
S214404A10072F27942697C8F80060C8F8043000F39C
S214404A20038208F10808199A1A9BC8F80030013723
S214404A301444072F27942697C8F8042000F30082D2
S214404A4008F1080815A80DC8149903F085FD139BB6
S214404A50002840F00181013B013701361C44072FF6
S214404A6026972794C8F80060C8F8043000F32781DA
S214404A7008F108081B9AC8F804200137144421ABF3
S214404A80072F27942697C8F800307FF7B3AC25AA9F
S214404A900B990C9803F022F800287FF49FAB279CD4
S214404AA0C846A9E425AA0B990C9803F017F80028E5
S214404AB03FF4EBACFFF792BBDDF81CB0012B00F0E7
S214404AC03481022B25D1CDF81CB0002400251EE6EB
S214404AD025AA0B990C9803F001F800287FF47EABCA
S214404AE0279CC84675E425AA0B990C9802F0F6FF59
S214404AF000287FF473AB279CC8461BE425AA0B9975
S214404B000C9802F0EBFF00287FF468AB279CC84661
S214404B1020E4CDF81CB000240025494600E031468C
S214404B20E20842EA4572E80804F0070305461446E0
S214404B30303354EA050201F8013C01F1FF36EED16C
S214404B40079AD2077FF5F3AD302B3FF4F0AD02392C
S214404B50302306F8013CA9EB01030E930E46FFF7FF
S214404B607BBB1F99002940F32E82129B139A9342D7
S214404B70A8BF1346002B1F460DDD269BC8F80060D5
S214404B8001333C44072B2794C8F80470269300F35F
S214404B901F8308F10808129B002FA8BFDB1B002BC1
S214404BA01F4640F3D680102F269B314D40F3ED81B3
S214404BB042462146B0464FF0100B2E460C9C0B9DAD
S214404BC004E00832103F102F40F3DB8101331031F0
S214404BD0072B2791269382E84008F2DD25AA29462E
S214404BE0204602F07BFF00287FF4F8AA2799269BF0
S214404BF04A46E7E70A9B0E934E46FFF72DBB002D2D
S214404C0008BF0A2CC0F08F804E46204629460A220E
S214404C100023FEF789FD303206F8012D204629464E
S214404C2000230A22FEF780FD04460D4654EA05039B
S214404C30EBD1A9EB06030E93FFF70EBB25AA0B9903
S214404C400C9802F04BFF00287FF4C8AA9DF87770B6
S214404C50279CC846FFF75EBB5E1E002E7FF70AAF56
S214404C60102E034D22DD22464FF0100B0C9C06E022
S214404C70A8934000103E102E08F1080815DD0137B5
S214404C801032072F2792269788E82008F2DD25AABB
S214404C900B99204602F022FF00287FF49FAA103E80
S214404CA0102E279A269FC846E9DC1446013734441E
S214404CB0072F2794269788E860007FF7D9AE25AA65
S214404CC00B990C9802F00AFF00287FF487AA279CCD
S214404CD0269FC846CEE60F9A146813460433E51757
S214404CE00F9322462B46FAE404321C680F920123A7
S214404CF00025FFF794BA1C6804330F93002521E47F
S214404D000F990A4604320C680F920025FFF787BABF
S214404D10144601333444072B2794269388E86000D2
S214404D207FF768ABB3E6DDF81CB0CDF81CB042AEFA
S214404D303034012306F8414D0E93FFF78DBA25AA6D
S214404D400B990C9802F0CAFE00287FF447AA279CCD
S214404D50C8461F9A139B9A4244DB079BD90741D407
S214404D60139B12989A1A1D1A9542A8BF1546002DF5
S214404D700EDD2699C8F80450013106442C44072914
S214404D80C8F800602794269100F33B8208F1080893
S214404D90002DACBF561B1646002E7FF72DAB102EAF
S214404DA0269BB04DB5DD22461027DDF830B00B9C73
S214404DB004E008F10808103E102EA9DD0133103239
S214404DC0072B2792269388E8A000F2DD25AA2146E5
S214404DD0584602F083FE00287FF400AA279A269BB6
S214404DE0C846E8E7269B19981A99C8F80010013378
S214404DF00444072B2794C8F80400269300F3F58153
S214404E0008F10808ACE7079BDA073FF5FEAD013727
S214404E1001340123072F27942697C8F80060C8F866
S214404E2004307FF725AE4AE725AA0B990C9802F086
S214404E3055FE00287FF4D2A9279C269FC846F2E557
S214404E4025AA0B990C9802F049FE00287FF4C6A9C3
S214404E50279C269FC846F5E54E46FFF7FDB925AA8E
S214404E600B990C9802F03AFE00287FF4B7A9279CCD
S214404E70C846FFF772BA159C22462046149C234625
S214404E80214603F09BFB002840F086820A9B0133B4
S214404E90119B23F020030E9300F0E281472B00F095
S214404EA01E814BF480730793149B1F1E159B08931B
S214404EB0BBBF3B4603F1004700232D231093119BB5
S214404EC0662B00F0BB81462B00F0DF800E9B089AD5
S214404ED0452B0CBF0A9B0A9D23A820A908BF5D1C32
S214404EE0049003911FA802213B4602900195009131
S214404EF00C9800F075FB119B672B064640F0E0814E
S214404F001BF0010F00F046827419169A0898179BFA
S214404F10394603F021FB002840F06581239BA342DD
S214404F2006D230215A1C23921970239B9C42F9D8F2
S214404F309B1B13930E9B472B00F0E980119B652B20
S214404F4040F3CD81119B662B1F9B129300F09E81F0
S214404F50139B129A1946914200F38A811BF0010F67
S214404F6040F0138222EAE273089367230E9211936D
S214404F70109B002B40F0C4800A939DF87770FFF793
S214404F8073B935460C464646904601333C44072B9B
S214404F902794269388E8A0003FF7D1AE08F108088A
S214404FA0D7E60F9A136804320F92099A1A60FFF7F1
S214404FB06AB825AA0B990C9802F090FD00287FF459
S214404FC00DA9C8468DE4269B274AC8F80020013321
S214404FD001340122072B27942693C8F8042072DC5C
S214404FE008F1080829B9139B1BB9079BD8077FF51A
S214404FF003AA269B19981A9AC8F80020013302463D
S2144050002244072B2792C8F80400269300F38D818C
S21440501008F108080029C0F265811399C8F80060B5
S21440502001338C18072B27942693C8F804107FF773
S214405030E1A92CE50F9A09991368CD170846043262
S21440504029460F92C3E90001FFF71DB825AA0B9920
S2144050500C9802F043FD00287FF4C0A8279CC84661
S21440506058E400BFA89340009493400040210C9819
S21440507001F042FB0B9A10601061002800F0F281AC
S2144050800B9A40235361FEF7EEBF23A820A90A9C43
S214405090049003911FA803210290089A01943B466E
S2144050A000910C9800F09CFA25460646119B462B2C
S2144050B006EB05047FF429AF3378302B00F0788177
S2144050C01F9D2C4421E725AA0B990C9802F006FD5B
S2144050D000287FF483A81F99279CC84682E70A9B2E
S2144050E0002B08BF01230A93DBE630460A9402F001
S2144050F087FC0F950E90CDF81CB00346FFF7F9B924
S2144051002D2700238DF877700A93FFF7AEB81F9BC4
S21440511012931A46033304DB0A9B19469142BFF6A4
S21440512017AF119B023B11939DF844308DF88430A5
S214405130129B013B002B1F93BDBF129BC3F1010383
S2144051402D222B22092B8DF8852040F316810DF158
S21440515093042046AB4D00E0104685FB0312D9175A
S214405160C1EBA20101EB8102A3EB420230320929D6
S21440517000F8012C0B4600F1FF32EDDC30330238EC
S214405180D9B2844202F8011C40F265810DF18600D6
S214405190134601E013F8011B00F8011BA342F9D1A6
S2144051A001339B1A0DF18602134421AA9B1A139AC7
S2144051B01B93012A13440E9340F319810E9B199AB0
S2144051C013440E9323EAE373089300231293CFE627
S2144051D025AA0B990C9802F081FC00287EF4FEAFBD
S2144051E0279CC846D7E42346A2E625AA0B990C98E6
S2144051F002F074FC00287EF4F1AF1F9A279CC84644
S214405200AEE525AA0B990C9802F068FC00287EF4BF
S214405210E5AF1F9A139B279C9A1AC846B8E50A9B87
S2144052201296062B28BF06230A96374608930F95F4
S214405230CDF81CB00E93744EFFF716B823A820A9DD
S2144052400A9D049003911FA803210290089A019595
S2144052503B4600910C9800F0C3F9064644192BE7EC
S21440526006230A931DE62D278DF87770FFF7CDBAF3
S214405270199A139B1344129A0E93002A40F3B08057
S21440528023EAE37308936723119371E6002B40F3F8
S214405290C3800A9A002A40F099801BF0010F40F024
S2144052A0958008930E9363E60A9B08930E930A90A4
S2144052B00F95CDF81CB012909DF87770FEF7D4BFCE
S2144052C0119B472B7FF420AE1BF0010F7FF4EEAE10
S2144052D0239B9B1B13930E9B472B3FF418AF1F9BA0
S2144052E0129321E74F421031484D2FDA1024DDF853
S2144052F030B004E008F10808103F102F26DD0133D7
S2144053001032072B27922693C8F80050C8F804405E
S214405310F0DD25AA0B99584602F0E0FB00287EF403
S2144053205DAF279A269BC846E6E725AA0B990C98B8
S21440533002F0D4FB00287EF451AF1F99279A269B93
S214405340C84667E600200A90FEF7D0BE01333A44CE
S214405350072B88E8A0002792269308F108087FF7D5
S2144053605CAE25AA0B990C9802F0B8FB00287EF498
S21440537035AF279A269BC8464FE6303330228DF805
S21440538087308DF8862022AB0FE7129B199A13447C
S2144053900E9375E7239BCBE5149B1D4E002BB6BFA3
S2144053A02D279DF877708DF877701A4BFFF72FBA38
S2144053B0169A0898179B394603F0CEF800287FF4D3
S2144053C07FAEC5F101051F952C449EE5129B199AA8
S2144053D013440A9A1A4422EAE2730E920893C7E5E7
S2144053E0129B0E9AC3F101031A441346D0E71BF0F2
S2144053F0010312937FF4E2AE0E9B23EAE373089315
S214405400B6E500BF676666668C934000A89340008A
S214405410609340005C9340000A9B13B91BF0010F59
S21440542002D0199B0133D4E701233AE70F9D9AF83F
S2144054300130286840EAE0700A9028460430A246C8
S2144054400F90FEF751BE8DF87710FFF767B88DF8CE
S2144054507710FFF715BA0DF18603A6E68DF877109C
S214405460FFF7EBB80C9A0C2313604FF0FF33099309
S214405470FEF7BDBE8DF87710FFF79AB98DF8771016
S214405480FFF776B98DF87710FFF759B98DF8771092
S214405490FFF712B9024B13B1024800F005B8704747
S2144054A00000000035644000002301461A461846B6
S2144054B002F0A0BB02690B69934200F38D802DE990
S2144054C0F04F03F1FF3801F1140700F1140B57F8C1
S2144054D028205BF828304FEA880483B00132B3FBBB
S2144054E0F2F90BEB0403009407EB040A0193B9F1BD
S2144054F0000F39D000252E46BC46DE465CF8044BED
S214405500DEF80030A2B209FB0255220C2C0C09FB37
S2144055100242ADB2751B96B2C6EB134615FA83F33C
S21440552006EB23469BB243EA0643E2454FEA124562
S2144055304EF8043B4FEA2646E0D2009B5BF8033029
S21440554093B9019C231F9B450CD254F8043C4BB99D
S214405550A4F1080302E01A68043B1AB99B4508F117
S214405560FF38F8D3C0F81080044601F019FF002831
S2144055702EDB09F101095D46002357F8041B286815
S2144055808AB29A1A0B0C12FA80F2C3EB104303EB62
S214405590224392B242EA0342BA4545F8042B4FEA08
S2144055A02343EAD25BF828200BEB880382B91A1F04
S2144055B093450BD253F8042C42B9083B02E01A68D4
S2144055C0043B1AB99B4508F1FF38F8D3C4F810805D
S2144055D0484603B0BDE8F08F00207047000000004A
S2144055E02DE9F04F016C9BB00446279E92469B46A1
S2144055F041B1426C4A60012393408B6001F0F8FC55
S21440560000232364BBF1000F5D4635DB0023336087
S2144056109D4BAB4315D0504659460022002302F01E
S2144056209BFF804600282DD0269A01231360289B96
S214405630002B00F0BD809548186001381BB0BDE8CF
S214405640F08F269A42F20F731360BAF1000F0DD115
S214405650C5F3130555B9289B8D48002BEED000F1B5
S2144056600803289A13601BB0BDE8F08F289B894832
S214405670002BE3D0C31CF4E701232BF00045336036
S214405680AB46C5E718AA19AB0192009352465B4653
S214405690204601F025FF2B0D814671D0CBF3130237
S2144056A042F07F51189FCDF850805046A3F2FF3607
S2144056B041F440110022784B02F032FB6CA3D3E950
S2144056C0002302F0E1FC6CA3D3E9002302F02AFB9E
S2144056D0CDE90201304602F071FC69A3D3E900230C
S2144056E002F0D2FC02460B46DDE9020102F01AFB4C
S2144056F0CDE9040102F078FF002202900023DDE9A4
S214405700040102F033FF002840F07381029D162DFD
S21440571000F25D81614B03EBC503D3E900015246BD
S2144057205B4602F041FF002800F0C5816B1E0293E5
S21440573000230E93BF1B7B1E069300F1548100236B
S2144057400893029B002BC0F24581069A0D931146A2
S2144057501944002306910C93249B092B2AD8052B29
S21440576040F35B86043B24930025249B023B032B9B
S21440577000F24286DFE813F0D403C902DF03610477
S214405780189F199E3E4406F23243202B40F38E81EA
S214405790C3F1400306F212409D402AFA00F0284327
S2144057A002F0FCFB0123013EA1F1F871149381E75E
S2144057B03B4843E7002161642046259101F0F2FB17
S2144057C04FF0FF330A93259A0F93012304902064E9
S2144057D024920B93199B002BC0F2D980029A0E2A72
S2144057E000F3D5802D4B03EBC203D3E90023CDE96C
S2144057F00823259B002BC0F2BA83DDE908565046A5
S2144058002A463346594602F069FD02F0EDFE8046D0
S21440581002F0D4FB2A46334602F036FC0B460246DC
S2144058205946504602F07CFA049D08F130032B702E
S2144058300A9B012B06460F4605F1010568D000225B
S214405840184B02F021FC0022002306460F4602F0C9
S21440585083FE002840F08880CDF82C904FF0000A58
S214405860DFF840B00C94DDE9088928E0AFF300800B
S21440587061436F63A787D23FB3C8608B288AC63F11
S214405880FB799F501344D33F0000F07F9593400030
S214405890B8934000C49340000000F83F0094400096
S2144058A0949340000000244002F0EEFB00220023C8
S2144058B006460F4602F050FE002840F0C18342469E
S2144058C04B463046394602F009FD02F08DFE04464E
S2144058D002F074FB42464B4602F0D6FB02460B46AD
S2144058E03046394602F01CFA04F1300E049E05F8A4
S2144058F001EBA5EB060E0A9EB645CDE906015246DB
S2144059005B46D1D1A046DDF82C900C9C06460F464F
S21440591032463B463046394602F004FA06460F46C3
S21440592002460B46DDE9080102F020FE48B9324641
S2144059303B46DDE9080102F00FFEA8B118F0010F62
S21440594012D015F8018C049A6B1E04E09A4200F0BF
S214405950018413F8018DB8F1390F03F10105F5D034
S21440596008F1010883F800804946204601F040FBD4
S2144059700022029B2A70269A01331360289B002B34
S21440598000F09E8304981D601BB0BDE8F08F0B9A14
S214405990002A3ED0249A012A40F311830A9B0C9A8F
S2144059A05F1EBA42C0F28F83D71B0A9B002BC0F201
S2144059B08B84089D0A9B089A1A440892069A0121ED
S2144059C01A442046069201F0ADFB064624E0012329
S2144059D00E93AFE6089A029BD21A5B420C930023C2
S2144059E008920D93B8E6C7F1010308930023069387
S2144059F0A7E6029D284602F0E1FA02460B46DDE99C
S214405A00040102F0A9FD00287FF480AE6B1E0293CD
S214405A107CE60C9F089D0B9E002D0CDD0699002908
S214405A200B4608DDA942089AA8BF2B46D21AED1AA3
S214405A30CB1A089206930C9BD3B10B9B002B00F01D
S214405A40B782002F10DD31463A46204601F006FC6C
S214405A504A4601460646204601F06EFB49468046C9
S214405A60204601F0C5FAC1460C9BDA1B40F0A182E5
S214405A700121204601F056FB0D9B002B80461CDD85
S214405A8001461A46204601F0E9FB249B012B80463E
S214405A9040F3548200230C93D8F8103008EB83036D
S214405AA0186901F0EFFAC0F1200010E0C3F12005BC
S214405AB00AFA05F074E60E903CE6249B012B40F370
S214405AC0878200230C930D9B0120002BE4D1069A7D
S214405AD0104410F01F0000F0A180C0F12003042BFA
S214405AE040F39E84089BC0F11C0003440893134671
S214405AF0034405440693089B002B05DD49461A4699
S214405B00204601F0FBFB8146069B002B05DD414607
S214405B101A46204601F0F2FB80460E9B002B40F0D2
S214405B2086800A9B002B40F366820B9B002B00F07E
S214405B309880002D05DD31462A46204601F0DEFBE2
S214405B4006460C9B002B40F0378306960A9B049A29
S214405B50DDF818B0013BD3180B930AF001030C9301
S214405B601746C24651464846FFF7A4FC314605460E
S214405B70484601F015FC5A460A905146204601F028
S214405B802BFCC268804605F13003002A40F02B8289
S214405B9001464846089301F003FC414606902046DD
S214405BA001F026FA069A089B32B9249921B90C9A34
S214405BB0002A00F0EF83249A0A990029C0F29F82B7
S214405BC005D1249919B90C99002900F09882002A29
S214405BD000F306830B9A3B7007F10108974245464F
S214405BE000F00C83494600230A22204601F00AFAB8
S214405BF05E45814631464FF000034FF00A0220468C
S214405C0000F0EB8101F0FEF95946064600230A22D1
S214405C10204601F0F7F947468346A3E71C20089B39
S214405C2003440893069B03440544069363E74146B2
S214405C30484601F0B5FB0028BFF673AF029F4946C1
S214405C4000230A222046013F029701F0DBF90B9B16
S214405C508146002B40F0B6830F9B002B40F3BF835A
S214405C600A93DDF810B00A9F5D4602E001F0CAF9DB
S214405C70814641464846FFF71DFC00F1300A05F8CC
S214405C8001ABA5EB0B03BB424FF00A024FF00003FB
S214405C9049462046EADB049B0A9A012AACBF9B1879
S214405CA001331D464FF0000B49460122204601F0C5
S214405CB025FB4146814601F073FB002840F33D82B8
S214405CC015F8012C04996B1E04E08B4200F0AE815F
S214405CD013F8012D392A03F10105F6D001321A7066
S214405CE04146204601F084F9002E3FF43DAEBBF11C
S214405CF0000F05D0B34503D05946204601F078F949
S214405D003146204601F074F92EE600230B93029BA1
S214405D10259A13440F930133012B1F461E460A93C0
S214405D20B8BF01270021172F61640AD90122042336
S214405D305B0003F114008742114602F10102F7D2DC
S214405D406164204601F02EF90E2E049020643FF642
S214405D5041AD002D3FF43EAD02990029CDE910AB90
S214405D6040F30282B84B01F00F020D1103EBC20361
S214405D70E906D3E9006740F1AE81B44B5046594638
S214405D80D3E9082302F0AAFACDE9120105F00F057F
S214405D904FF0030A8DB1DFF8B482EA0709D53046E2
S214405DA03946D8E9002302F06FF90AF1010A06469F
S214405DB00F466D1008F10808EFD13B463246DDE944
S214405DC0120102F08BFA074688460E9B43B100222A
S214405DD09F4B3846414602F0C9FB002840F0868279
S214405DE0504602F0EBF83A46434602F04DF9994BDE
S214405DF0002201F097FF0A9B0546A1F15076002B42
S214405E0000F03E81029B15930A9B12930B9B002B3E
S214405E1000F0FA81129A8C4B8F4903EBC20353E988
S214405E200223002002F05AFA2A46334601F078FF51
S214405E3082468B463846414602F0D6FB054602F07F
S214405E40BDF802460B463846414601F069FF3035FC
S214405E505FFA85F8049D06460F4685F800800246A0
S214405E600B4650465946013502F09EFB002854D159
S214405E7032463B460020764901F052FF02460B462A
S214405E805046594602F090FB002840F07082129A25
S214405E90012A00F01181129B049ACDF848901344D1
S214405EA099460DE000206A4901F03AFF52465B46AB
S214405EB002F05CFB002840F058824D4500F0FA8026
S214405EC0504659460022654B02F0DEF80022634BEE
S214405ED082468B463046394602F0D6F80F4606468E
S214405EE002F082FB804602F069F802460B463046D6
S214405EF0394601F015FF08F130085FFA88F8524637
S214405F005B4605F8018B06460F4602F02FFB3246ED
S214405F103B460028C6D0DDF84890159B029323E503
S214405F2000230B93259B002B40F3DC801F461E4628
S214405F300F930A93F6E601230B93F3E7BAF1000FAB
S214405F407FF4A8ADCBF31303002B7FF4BAAD2BF050
S214405F5000473F0D3F05002F00F00D82089B0133A0
S214405F600893069B0133069301230C93ABE50A9BEB
S214405F70002B3FF742AC40F021820022384BDDE94F
S214405F80080102F081F852465B4602F003FBDDF85A
S214405F9028804646002841D0259B049DDB4302933B
S214405FA04146204601F024F8002E3FF4DDACA7E63B
S214405FB00C9A4946204601F051F9814658E5149A14
S214405FC0002A00F0878103F233430C9F089DF2E4D9
S214405FD0BAF1000F7FF475ADB4E701F013F8474609
S214405FE006468346BEE501462046069301F000F885
S214405FF00122069BE0E5249B022B7FF796AD0A9B89
S214406000002BC9D141460522204600F0FBFF014641
S2144060108046484601F0C4F90028BDDD029A04993E
S2144060203123013202920B704D1CB9E7029A0132BD
S2144060300292049A3123137052E601230B9366E6CC
S214406040DDF82C900C9C8FE400944000D8934000E0
S2144060500000F03F00001C400000E03F00002440ED
S21440606000001440504601F0A9FF3A46434602F06D
S2144060700BF80022C14B01F055FE0546A1F15076C3
S21440608041460022BE4B384601F04AFE2A46334679
S21440609082468B4602F088FA8046002840F01081FF
S2144060A02A4606F100435046594602F05FFA18B1B8
S2144060B0464671E7DDF84890DDE910ABFFF78ABB4E
S2144060C00498FFF7BBBA0C9B0D9A0C97FB1A1A4420
S2144060D00D92002769E4DDE910234FF0020ACDE96E
S2144060E0122357E60021012361642046259300F0E1
S2144060F059FF259B049020640A930F9329E6002AB3
S214406100D046CDF818B09A4611DD494601222046C1
S21440611001F0F4F84146814601F042F9002840F388
S2144061204681BAF1390F00F0068105F1310AB346CF
S21440613087F800A07D1C069ED2E504D11AF0010F18
S21440614001D0BDE5154615F8013C302B05F1FF3270
S214406150F8D0C5E5049930220A70029A15F8018CE9
S21440616001320292FFF7FCBB00F0BB80029B5D420F
S214406170844B05F00F0203EBC203D3E90023DDE9AD
S214406180100101F081FF2D110746884600F02C8152
S2144061907D4E4FF0020AEB0709D538464146D6E910
S2144061A0002301F071FF0AF1010A074688466D1088
S2144061B006F10806EFD108E67168204600F0F2FEC8
S2144061C0336902339A00054606F10C010C3000F0A4
S2144061D0DFFD29460122204601F090F80690B5E4FE
S2144061E0392BCDF818B0D04600F0A58003F1010A4F
S2144061F0B34687F800A07D1C069E71E55A46D046F9
S214406200B3469A4616464FE5129B5E4901EBC301DC
S2144062102A46334651E9020101F036FFCDE9160120
S2144062203846414602F0E0F9054601F0C7FE0B4607
S21440623002464146384601F073FD129B0F460499CC
S2144062403035012B0D70064601F1010526D0129B14
S214406250049ADFF83CB1CDF8489013444FF0000A5A
S214406260994652465B463046394601F00DFF0F468A
S214406270064602F0B9F9804601F0A0FE08F1300863
S21440628002460B463046394601F04AFD05F8018B7A
S2144062904D4506460F46E4D1DDF848903B4B00227C
S2144062A0DDE9160101F03EFD32463B4602F05EF95E
S2144062B0002846D0159B029315F8018CFFF743BB88
S2144062C04FF000084646A9E6089B0A9A9D1A002306
S2144062D0FFF771BB189B0C9F089DC3F13603FFF771
S2144062E06ABBDDE910784FF0020A6EE50A9B002B88
S2144062F03FF4B8AE0F9B002B7FF7DEAE0022244B58
S2144063003846414601F0C0FE074688460AF101007D
S21440631001F054FE3A46434601F0B6FE0022174BC3
S21440632001F000FD029A0F9B1293013A0546A1F137
S214406330507615926AE53922B3463A70069E7D1C21
S214406340C0E4DDE916230020104901F0E9FC32469E
S2144063503B4602F029F908B9AEE6154615F8013C69
S214406360302B05F1FF32F8D0D7E5DDF84890159B85
S2144063700293FFF7E8BA0C97FFF7A5BB00001C4056
S2144063800000144000944000D89340000000E03FD6
S21440639000002440392BCDF818B0D046DDF828B0A0
S2144063A09A46C8D0BBF1000F3FF7BFAEBFE67FF4BA
S2144063B0BEAE1AF0010F3FF4BAAEB2E64FF0000898
S2144063C04646E9E5314600230A22204600F01AFEFA
S2144063D00F9B002B06460ADD0A93FFF7AABB249BB9
S2144063E0022B23DC0F9B3BE44FF0020AEDE4249B98
S2144063F0022B1BDC0F9BEFE70025656429462046F1
S21440640000F0D0FD4FF0FF330A930F930123049022
S214406410259520640B93FFF7DDB90125FFF7A5B955
S2144064203FF469ABC0F13C00FFF7F9BB0F9B0A9302
S214406430E5E500BF38B50A4C0A4D641BA4100AD0E7
S21440644004F18043013B05EB8305013C55F80439D4
S2144064509847002CF9D1BDE8384003F0C7B800BFD4
S214406460FC954000F8954000F8B5244F0C4606468B
S21440647000F08CFDBB685D68C4F57E610F3125F089
S2144064800305294421F47F6121F00F01A1F58054D2
S214406490B4F5805F07DB0021304601F023FABB6885
S2144064A02B44984204D0304600F076FD0020F8BDDC
S2144064B06142304601F016FA01300DD0104BBA68F2
S2144064C019682D1B45F001053046091B55601960BB
S2144064D000F062FD0120F8BD0021304601F002FACE
S2144064E0BA68831A0F2BDEDD064C0549246843F054
S2144064F00103001B53600860D5E700BFB0050020CD
S2144065009C0A0020B8090020002944D02DE9F0411B
S2144065100D46804600F03AFD55F8047C694927F060
S2144065200103A5F10804E2188E685068B24220F0D4
S21440653003005ED0FE0750600BD455F8087CE41B81
S21440654001F1080EA56875453B446DD0E768EF60DD
S214406550BD6015186D68ED073ED543F001026260D8
S214406560E350B3F5007F17D2DB08581C9A104D68ED
S21440657051F83070A7600123934001EBC0022B43D3
S214406580083AE2604B6041F83040FC604046BDE867
S214406590F04100F001BD70475A0A042A52D89A09C1
S2144065A002F13907FF0002F13805C819CA59083800
S2144065B090424FD0516821F003018B4232D292680C
S2144065C09042F7D1C368A060E3609C60C4604046D8
S2144065D0BDE8F04100F0E0BC95683B4FBD42034447
S2144065E040D0D068E86043F0010285606260E350C6
S2144065F0B7E7FF07034407D455F8082CA41A1344FA
S214406600A068E268C2609060304A126843F00100B9
S214406610934260608C60B9D32D4B40461968FFF7B3
S21440662023FFB3E71046CDE711184968C90744D49D
S2144066309168D268CA60034443F00100916060608C
S214406640E350A3E7142A16D802F15C07FF0002F1D4
S2144066505B05AAE7AA1001234D6893402B434B6085
S2144066600346B0E743F001024C610C61E560A5606B
S2144066706260E3508AE7542A06D81A0B02F16F0785
S214406680FF0002F16E0590E7B2F5AA7F06D8DA0B56
S21440669002F17807FF0002F1770586E740F2545092
S2144066A0824206D89A0C02F17D07FF0002F17C0573
S2144066B07BE74FF47E777E2577E743F00101616004
S2144066C0136063E7B0050020B8050020BC09002031
S2144066D0CC0A0020044A054B1268506B002808BFBD
S2144066E01846F030704700BF1000002044040020D9
S2144066F0704700BF704700BF2DE9F04F01F10B0611
S214406700162E83B0054640F29E8036F0070600F10E
S214406710BD80B14200F2BA8000F038FCB6F5FC7F8E
S214406720C0F09382730A00F0B880042B00F279819F
S214406730B30903F1390003F1380EC300BF4F3B44A1
S214406740A3F108015C68A14206D10CE0002A80F261
S214406750AA80E468A14206D0636823F003039A1B2C
S2144067600F2AF3DD70463C69DFF8E4E2744500F03A
S214406770AB81636823F003039A1B0F2A00F39081D2
S214406780002AC7F814E0C7F810E080F29D80B3F501
S214406790007F80F06181DB0803F1010C99107A6874
S2144067A057F83C80C4F8088001238B4007EBCC01A7
S2144067B013430839E1607B6047F83C40C8F80C401A
S2144067C08210012494409C4200F28B801C4206D1E9
S2144067D020F0030064001C4200F10400FAD007EBEE
S2144067E0C009CC468046DCF80C309C4507D16DE1AC
S2144067F0002A80F27B81DB689C4500F067815968FF
S21440680021F003018A1B0F2AF2DDD3F80CC0D3F81F
S214406810088000939C19284646F0010642F0010580
S2144068205E60C8F80CC0CCF808807C613C61C4F857
S2144068300CE0C4F808E065605A5000F0ADFB009BE1
S21440684003F108041EE0102920D800F09FFB102614
S21440685018230220794F3B44A3F108025C68944217
S21440686000F03D816368E168A66823F00303234493
S21440687028465A68F16042F001028E605A6000F085
S2144068808BFB0834204603B0BDE8F08F00240C2371
S21440689020462B6003B0BDE8F08F40204FF40073D5
S2144068A04FF03F0E4AE72344E1685A68A66842F034
S2144068B00102F16028468E605A6000F06DFB083495
S2144068C0204603B0BDE8F08F234428465A6842F07D
S2144068D001025A6000F060FB0834204603B0BDE871
S2144068E0F08FBC68636823F00308B04504D3A8EB78
S2144068F006030F2B00F38580DFF85891504BD9F8EC
S21440690000201B680132334404EB080A00F055812E
S21440691003F580530F3323F47F6B2BF00F0B594650
S214406920284600F0DFFF411C024600F0FC8082450E
S21440693000F2F780434B19685944196000F04D81C6
S214406940D9F8000001301BBFA2EB0A0A5144C9F82F
S2144069500020196012F0070100F01581C1F108000F
S214406960C1F580510244083102EB0B09C9F30B090B
S214406970A1EB0909494628460193009200F0B2FF70
S214406980431C9DE80C0000F04381801A484440F0C8
S21440699001001968BA604944BC425060196017D07B
S2144069A0B8F10F0F40F2FB806068A8F10C0222F0AD
S2144069B0070204EB020E00F001004FF0050C1043F6
S2144069C00F2A6060CEF804C0CEF808C000F21781E7
S2144069D01D4BBC681A68914288BF19601B4B1A68E9
S2144069E09142626888BF196022F003029642A2EB89
S2144069F0060301D80F2B04DC284600F0CDFA00240D
S214406A0040E7A21943F0010346F0010666602846B7
S214406A10BA60536000F0C0FA0834204603B0BDE8C0
S214406A20F08F142B71D9542B00F2A380330B03F153
S214406A306F0003F16E0EC30080E600BFB005002075
S214406A40CC0A00209C0A0020C40A0020C80A002065
S214406A50B8050020B80900205A0A042A5BD9142A2F
S214406A6000F2AE8002F15C01C9005B3207EB010C1C
S214406A707958ACF1080C8C4500F088804A6822F0C2
S214406A800302934273D289688C45F7D1DCF80C2018
S214406A907B68E260C4F808C09460CCF80C408FE68F
S214406AA0A11946F0010C42F00106C4F804C028467D
S214406AB079613961C1F80CE0C1F808E04E60E250F7
S214406AC000F06AFA0834DDE67B6879E608F10108EA
S214406AD018F0030F0CF1080C7FF485AE2DE0DC684F
S214406AE0A34208BF02303FF43EAEBBE619441C4604
S214406AF04A68DB6854F8086F42F001024A6028464C
S214406B00F3609E6000F048FABCE603F15C0003F1D7
S214406B105B0EC30012E69A0902F13901C900383209
S214406B20A4E7BC4254D0BC68626822F003025DE72A
S214406B3059F80839994540F0868010F0030F00F167
S214406B40FF30F5D17B6823EA04037B6064009C42F7
S214406B503FF6C7AE002C3FF4C4AE1C4240467FF41E
S214406B603EAE64001C4200F10400FAD037E68C4684
S214406B708CE7B3F5AA7F15D8F30B03F1780003F141
S214406B80770EC300DAE54FF48051EDE67B6892104D
S214406B90012101FA02F213437B60624679E7012342
S214406BA0536029E740F25452934222D8B30C03F183
S214406BB07D0003F17C0EC300C0E503F1100BAEE68A
S214406BC0542A29D81A0B02F16F01C9006E324DE7DC
S214406BD0204B196859441960B2E6CAF30B000028E6
S214406BE07FF4AEAE08EB0B03BA6843F00103536084
S214406BF0EEE67F204FF47E734FF07E0E9EE504F166
S214406C00080128460093FFF77FFC009B1968DFE6E3
S214406C1001204FF00009BCE6B2F5AA7F05D8DA0B92
S214406C2002F17801C900773220E740F254518A4297
S214406C3005D89A0C02F17D01C9007C3216E74FF464
S214406C407E717E2212E77B6880E7F00806F1080333
S214406C5000E600BF9C0A002082B049B15AB16BB131
S214406C6013780B601278101C18BF012002B07047D2
S214406C7001A9002AF3D1104602B070476FF0010018
S214406C80F4E700BF00000000000000000000000025
S214406C9001F0FF01102A2BDB10F0070F08D010F888
S214406CA0013B013A8B422DD010F0070F42B3F6D18C
S214406CB0F0B441EA012141EA014122F007047FF0A5
S214406CC000070023F0E80256083C85EA010586EAFC
S214406CD0010685FA47F5A3FA87F586FA47F6A5FA38
S214406CE087F68EB9EED1F0BC01F0FF0102F0070244
S214406CF032B110F8013B013A83EA010313B1F8D1EF
S214406D000020704701387047002D06BF35460338CF
S214406D10073815F0010F07D1013015F4807F02BF08
S214406D20013015F4C03F0130F0BC0138704700BF59
S214406D30032A70B422D940EA01039B0711D0037896
S214406D400C78A3421DD10A44013105E010F8013FFA
S214406D5011F8014BA34214D19142F7D1002070BCE8
S214406D6070470D680668AE420C46034601F10401C2
S214406D7000F1040008D1043A032AF2D8002ADED1F2
S214406D80ECE7181B70BC704721461846D7E700BF93
S214406D90844641EA000313F003036DD1403A41D3E1
S214406DA051F8043B40F8043B51F8043B40F8043BA0
S214406DB051F8043B40F8043B51F8043B40F8043B90
S214406DC051F8043B40F8043B51F8043B40F8043B80
S214406DD051F8043B40F8043B51F8043B40F8043B70
S214406DE051F8043B40F8043B51F8043B40F8043B60
S214406DF051F8043B40F8043B51F8043B40F8043B50
S214406E0051F8043B40F8043B51F8043B40F8043B3F
S214406E1051F8043B40F8043B51F8043B40F8043B2F
S214406E20403ABDD2303211D351F8043B40F8043BCF
S214406E3051F8043B40F8043B51F8043B40F8043B0F
S214406E4051F8043B40F8043B103AEDD20C3205D3DF
S214406E5051F8043B40F8043B043AF9D2043208D0D7
S214406E60D2071CBF11F8013B00F8013B01D30B8849
S214406E7003806046704700BF082A13D38B078DD027
S214406E8010F003038AD0C3F10403D21ADB071CBFF9
S214406E9011F8013B00F8013B80D331F8023B20F863
S214406EA0023B7BE7043AD9D3013A11F8013B00F89C
S214406EB0013BF9D20B7803704B7843708B78837024
S214406EC0604670478842F0B50DD98B1898420AD272
S214406ED08418002A51D0224613F8014D02F8014D7D
S214406EE09942F9D1F0BD0F2A48D941EA00039B07E1
S214406EF046D100F1100401F11003154653F8106C0A
S214406F0044F8106C53F80C6C44F80C6C53F8086C4E
S214406F1044F8086C103D53F8046C44F8046C0F2D8C
S214406F2003F1100304F11004E8D8A2F1100323F093
S214406F300F0302F00F0E1033BEF1030F1944034443
S214406F4021D91E1F0D467446043C55F8047B46F86E
S214406F50047F032CF8D8AEF1040424F00304043470
S214406F602144234402F0030262B1013B0A4411F873
S214406F70014B03F8014F8A42F9D1F0BD0346F3E7CF
S214406F800346F2E7F0BD7246EEE700BF0148FFF762
S214406F90AFBB00BF889501200148FFF7ABBB00BFE1
S214406FA088950120C36C70B505460C464BB153F826
S214406FB0240080B1026843F8242000230361C360A4
S214406FC070BD2122042100F077FEE86403460028C5
S214406FD0EDD1002070BD012101FA04F6721D28464D
S214406FE0920000F069FE0028F3D044608660E4E733
S214406FF031B1C36C4A6853F82200086043F8221047
S214407000704700BFF0B50C6983B00D46064601F1E7
S214407010140E0027DEF8000081B202FB0133010C9B
S214407020180C02FB01019BB2013703EB0143BC4243
S2144070304EF8043B4FEA1143ECDC3BB1AA6894425D
S21440704007DA05EB8402013453612C61284603B00D
S214407050F0BD6968019301313046FFF7A3FF2A6906
S214407060023205F10C01074692000C30FFF790FE05
S214407070F26C6968019B52F82100286042F8215062
S2144070803D46DEE7020C12040346B2B90304102064
S21440709013F07F4F04BF1B02083013F0704F04BF3D
S2144070A01B01043013F0404F04BF9B000230002BFE
S2144070B002DB5B0003D4202070470020E8E7013065
S2144070C0704700BF036813F00702014607D0DA078F
S2144070D021D4980721D49B080B600220704798B2B1
S2144070E098B1104613F0FF0F04BF1B0A08301A076A
S2144070F004BF1B0904309A0704BF9B080230DA0716
S21440710007D45B0804D1202070471B0C1020E9E709
S21440711001300B607047002070475B080B60012011
S214407120704700BF10B50C460121FFF73BFF012218
S2144071304461026110BD00BF2DE9F04F0C6915692E
S214407140AC4283B08B46164604DA2246B3462C46FB
S2144071500E461546DBF80830DBF8041004EB05084D
S2144071609845C8BF0131FFF71DFF00F1140909EB30
S214407170880AD145009005D24B46002143F8041BAF
S2144071809A45FBD806F1140C0CEB85030BF1140B57
S2144071909C450BEB840E4CD2CDF804A09A46DCF806
S2144071A00050AFB2EFB100214D465E460C4656F851
S2144071B0042B286893B281B207FB0313120C010C10
S2144071C0234407FB021101EB13419BB243EA014300
S2144071D0B64545F8043B4FEA1144E8D82C60DCF845
S2144071E000502D0C1DD0D9F8003048461C46594654
S2144071F000220E88240C05FB064422449BB243EA38
S214407200024340F8043B51F8043B04681B0CA6B20A
S21440721005FB036303EB12438E454FEA1342E8D85F
S21440722003600CF1040CE24509F10409B7D8DDF817
S21440723004A0B8F1000F0BDD5AF8043CAAF1040A8A
S2144072401BB105E05AF8043D13B9B8F10108F9D16D
S2144072500098C0F8108003B0BDE8F08F12F003032A
S2144072602DE9F041144607462ED10D46A4101CD0F9
S214407270BE6C96B3E3074FF0000806D4641014D0F3
S2144072803068A8B10646E307F8D532462946384660
S214407290FFF752FFB5B16A68FB6C641053F82210D2
S2144072A0296043F822500546EAD12846BDE8F081D9
S2144072B0324631463846FFF73FFF3060C0F8008020
S2144072C00646E0E70546D9E75A1E0B4D002355F81B
S2144072D02220FFF797FE0546C8E701213846FFF70C
S2144072E061FE40F27121012200234161026106469F
S2144072F0B8640360BEE700BFC89440002DE9F84379
S21440730091460A698B684FEA691404EB020808F153
S21440731001059D420E460746496804DD5B009D42D6
S21440732001F10101FADC3846FFF73CFE002C00F183
S214407330140306DD03EB8402002143F8041B9A4243
S214407340FBD1346906F1140119F01F0901EB840ED4
S2144073501DD0C9F1200C00220C6804FA09F414432D
S21440736043F8044B51F8042B8E4522FA0CF2F3D81E
S2144073701A600AB108F10205FB6C7268013D53F8C9
S21440738022100561316043F82260BDE8F883043B73
S21440739051F8042B43F8042F8E45F9D8ECE700BF8C
S2144073A030B40B6905460069C01A0FD19B001435EE
S2144073B0143119442B4401E09D4207D253F8044D42
S2144073C051F8042D9442F7D002D3012030BC7047C8
S2144073D04FF0FF30FAE700BF2DE9F0410F690E4647
S2144073E011697F1A002F904617D1890006F11405BF
S2144073F002F1140E6B18714401E09D425CD253F8C2
S214407400042D51F8044DA242F7D05ED233462C46A6
S214407410464675469846012705E058DB06F11405B2
S21440742008F1140400277168FFF7BCFDD8F8103047
S2144074303669C76004EB830CA64605EB860700F169
S214407440140400235EF8041B55F8048B8AB213FA22
S21440745088F3090C9A1AC1EB184303EB224392B205
S21440746042EA0342F44544F8042B4FEA2343E9D862
S214407470AF4217D9A446AE465EF8042B13FA82F301
S214407480191401EB12419BB243EA014277454CF88E
S214407490042B4FEA2143EFD8ED432F4427F0030750
S2144074A004373C44043C22B954F8043D013E002BCA
S2144074B0FAD00661BDE8F0810021FFF773FD012296
S2144074C0002302614361BDE8F0817446ABE7334672
S2144074D006F1140402F11405164601279846A2E761
S2144074E02DE9F04182B001211C46C3F30A571546E8
S2144074F0089EFFF757FDC4F3130480460FB144F4CB
S214407500801401941DB302A840F8085DFFF7DAFD29
S214407510002834D19DE80C00C8F81420002B0CBF7E
S21440752001210221C8F81830C8F81010DFB908EB5E
S2144075308103A0F2324030601869FFF7A3FD099B33
S214407540C0EB41101860404602B0BDE8F08101A88B
S214407550FFF7B8FD019BC8F8143001212030C8F869
S2144075601010002FE3D0099BA7F233470744C0F121
S214407570350037601860404602B0BDE8F0819DE8AF
S2144075800A00C0F1200203FA02F20A43C340019304
S214407590C8F81420C2E700BF002900F095802DE906
S2144075A0F04F0D46164683B0804606F10B07FFF7B0
S2144075B0EDFC55F804EC162F2EF00304A5F108094F
S2144075C03CD810221746BE423DD8944243DAC44BBC
S2144075D0996809EB0400884200F0B480436823F0C1
S2144075E0010101444968C9074CD51EF0010F00F05F
S2144075F09B8031464046FFF77FF8064600283AD043
S21440760055F8043C23F001034B44A0F108029A428B
S21440761000F02181221F242A00F20781132A00F25B
S214407620DB8003462A4611681960516859609268A3
S2144076309A6029464046FEF767FF1CE027F007079A
S214407640002F3A46BFDA00260C233046C8F80030F2
S21440765003B0BDE8F08F2E46E31B0F2B1ED8D9F89B
S214407660043003F0010323434C44C9F804306368F4
S21440767043F0010363604046FFF78EFC304603B09C
S214407680BDE8F08F23F00303E11891421FDBC36887
S21440769082682E46D3600C469A60DDE7D9F804200F
S2144076A009EB070102F001024C4443F00103174383
S2144076B0C9F804704B60636843F0010308316360A7
S2144076C04046FEF721FFD6E71146FFF715B81EF0F5
S2144076D0010F8ED155F8081CA9EB010ADAF8041000
S2144076E021F003010B442344934225DBC2688168A2
S2144076F05646CA609160DAF80C1056F8080F221FFA
S214407700242AC160886000F29480132A6FD92968C1
S214407710CAF808106968CAF80C101B2A00F2A28042
S21440772008350AF1100263E055F8083CA9EB030A55
S214407730DAF8041021F0030163189342FFF659AFBC
S2144077405646D8E7416821F0030BA34407F11000E2
S214407750834556DA1EF0010F7FF44BAF55F8081CF0
S214407760A9EB010ADAF8041021F003018B445845CE
S214407770E2DC5646DAF80C1056F8080F221F242A88
S214407780C160886000F28F80132A40F28A802968A0
S214407790CAF808106968CAF80C101B2A00F28A80DA
S2144077A008350AF110022968116069685160A968B5
S2144077B091600AEB0701ABEB070242F001029960C9
S2144077C04A60DAF8043003F001031F434046CAF823
S2144077D00470FFF7E1FB51E72B6803606B6843607A
S2144077E01B2A2DD800F1080305F108021BE7324694
S2144077F02968116069685160A96891601C46D14645
S2144078002AE709EB0701ABEB070B4BF00102996047
S2144078104A6055F8043C03F001031F43404645F8D0
S214407820047CFFF7B9FB2E4628E72946FFF74AFBBC
S214407830FFE6294630461C46D146FFF743FB0BE79A
S214407840AB688360EB68C360242A17D000F110034E
S21440785005F11002E7E650F8043C23F003031C440D
S2144078602E46F9E6A968CAF81010E968CAF8141056
S214407870242A0CD010350AF11802B9E72B690361A7
S2144078806B69436105F1180200F11803CBE62A69DB
S214407890CAF818206A69CAF81C2018350AF120026E
S2144078A0A6E732467FE7294630460193FFF70AFBB4
S2144078B0019B7EE7A968CAF81010E968CAF8141058
S2144078C0242A03D010350AF118026CE72A69CAF850
S2144078D018206A69CAF81C2018350AF1200262E7A7
S2144078E0B005002038B5074C0023054608462360FF
S2144078F0FAF728FF431C00D038BD2368002BFBD086
S2144079002B6038BD9C950120C9B2002941D0820722
S214407910F0B467D00378002B68D0994237D0431C28
S21440792004E013F8010B90B381422FD09A071C460F
S214407930F7D1256841EA012343EA034383EA050673
S214407940A6F10130A5F1013220EA060022EA05023E
S214407950024312F0803F11D1204650F8046F83EA6C
S2144079600607A7F10135A6F1013225EA070522EA06
S21440797006022A4312F0803FEFD00446207818B91A
S21440798005E014F8010F10B18142FAD12046F0BC50
S2144079907047830724D00378002BF9D0431C03E0BC
S2144079A002780133002AF3D099071846F8D11968AF
S2144079B0A1F1013222EA010212F0803F08D153F8C9
S2144079C0041FA1F1013222EA010212F0803FF6D0F4
S2144079D01A78184642B110F8013F002BFBD1704789
S2144079E00346E4E70446A4E7184670471846CEE741
S2144079F00000000000000000000000000000000042
S214407A0090F800F06DE9024520F007016FF0000C99
S214407A1010F0070491F820F040F049804FF0000441
S214407A206FF00700D1E9002391F840F000F108001C
S214407A3082FA4CF2A4FA8CF283FA4CF3A2FA8CF354
S214407A404BBBD1E9022382FA4CF200F10800A4FABB
S214407A508CF283FA4CF3A2FA8CF3E3B9D1E904230F
S214407A6082FA4CF200F10800A4FA8CF283FA4CF346
S214407A70A2FA8CF37BB9D1E9062301F1200182FA00
S214407A804CF200F10800A4FA8CF283FA4CF3A2FA06
S214407A908CF3002BC6D0002A04BF04301A4612BA14
S214407AA0B2FA82F2FDE8024500EBD2007047D1E917
S214407AB0002304F00305C4F100004FEAC50514F0A6
S214407AC0040F91F840F00CFA05F562EA05021CBF77
S214407AD063EA050362464FF00004A9E72DE9F04F3C
S214407AE0936883B09046002B70D082460C46176849
S214407AF08D68086842E0A38913F4906F2ED06569BC
S214407B00216905EB4505A0EB010B05EBD5750BF19F
S214407B1001006D103044A8422A4684BF05462A46D6
S214407B205B0538D511465046FEF7E6FD00283CD0AA
S214407B305A4621690190FFF72BF9A289019B22F44E
S214407B40906242F08002A281A5EB0B0203EB0B0091
S214407B50656123612060A2603546B3465A46494671
S214407B60FFF7B0F9D8F80830A2682068551B58448B
S214407B709E1BA5602060C8F808603EB37E683B4602
S214407B800837002EFAD0AE42D3F80090AB46B2D2B9
S214407B903546B346E2E75046FFF7FEFC034600286C
S214407BA0D2D121695046FEF7AFFC0C23CAF800300C
S214407BB0A389002243F040034FF0FF30A381C8F86A
S214407BC00820C8F8042003B0BDE8F08F0020C8F8AD
S214407BD0040003B0BDE8F08F21B1FF2A04D80A7034
S214407BE001207047084670478A2303604FF0FF30F5
S214407BF0704700BF2DE9F8432C4D06462868984646
S214407C000F469146FEF774FD294B1C68D4F8483160
S214407C10002B3ED05A681F2A1CDC02F1010E76B1BA
S214407C2003EB82010124C1F88890D3F88801944080
S214407C302043022EC3F88801C1F8088123D00232BF
S214407C40C3F804E0286843F82270FEF753FD00208E
S214407C50BDE8F883174B0BB34FF4C870AFF3008002
S214407C600346D8B1D4F848210260002141600A4654
S214407C70C4F848014FF0010EC0F88811C0F88C11C6
S214407C80002EDCD0CCE7D3F88C110C43C3F88C41E3
S214407C90D5E704F5A673C4F84831BBE72868FEF775
S214407CA029FD4FF0FF30BDE8F88300BF40040020B8
S214407CB0509340000000000010B502FB01F1FEF7B3
S214407CC01BFD0446D8B150F8042C22F00302043AB7
S214407CD0242A18D8132A14D900231B2A0360436089
S214407CE016D9242A8360C36011BF00F110020361D5
S214407CF0436100F1180200231360536093602046EE
S214407D0010BD0246F7E70021FBF7BEFE204610BD39
S214407D1000F10802EFE700BF81F0004102E000BF3B
S214407D2083F0004330B54FEA41044FEA430594EAF6
S214407D30050F08BF90EA020F1FBF54EA000C55EA31
S214407D40020C7FEA645C7FEA655C00F0E2804FEA02
S214407D505454D4EB5555B8BF6D420CDD2C4480EAE4
S214407D60020281EA030382EA000083EA010180EA14
S214407D70020281EA0303362D88BF30BD11F0004F62
S214407D804FEA01314FF4801C4CEA113102D0404298
S214407D9061EB410113F0004F4FEA03334CEA1333D3
S214407DA002D0524263EB430394EA050F00F0A780EB
S214407DB0A4F10104D5F1200E0DDB02FA0EFC22FAE6
S214407DC005F2801841F1000103FA0EF2801843FADA
S214407DD005F359410EE0A5F120050EF1200E012ACB
S214407DE003FA0EFC28BF4CF0020C43FA05F3C01809
S214407DF051EBE37101F0004507D54FF0000EDCF182
S214407E00000C7EEB00006EEB0101B1F5801F1BD32A
S214407E10B1F5001F0CD349085FEA30004FEA3C0C2E
S214407E2004F101044FEA445212F5800F80F09A8024
S214407E30BCF1004F08BF5FEA500C50F1000041EB28
S214407E40045141EA050130BD5FEA4C0C404141EB2C
S214407E50010111F4801FA4F10104E9D191F0000F53
S214407E6004BF01460020B1FA81F308BF2033A3F1D6
S214407E700B03B3F120020CDA0C3208DD02F1140CCD
S214407E80C2F10C0201FA0CF021FA02F10CE002F108
S214407E901402D8BFC2F1200C01FA02F120FA0CFC01
S214407EA0DCBF41EA0C019040E41AA2BF01EB04514A
S214407EB0294330BD6FEA04041F3C1CDA0C340EDC48
S214407EC004F11404C4F1200220FA04F001FA02F38B
S214407ED040EA030021FA04F345EA030130BDC4F149
S214407EE00C04C4F1200220FA02F001FA04F340EA3E
S214407EF00300294630BD21FA04F0294630BD94F0EF
S214407F00000F83F4801306BF81F480110134013DD5
S214407F104EE77FEA645C18BF7FEA655C29D094EA46
S214407F20050F08BF90EA020F05D054EA000C04BFC4
S214407F301946104630BD91EA030F1EBF00210020AF
S214407F4030BD5FEA545C05D14000494128BF41F04E
S214407F50004130BD14F580043CBF01F5801130BDB2
S214407F6001F0004545F0FE4141F470014FF000003D
S214407F7030BD7FEA645C1ABF194610467FEA655CEE
S214407F801CBF0B46024650EA013406BF52EA033590
S214407F9091EA030F41F4002130BD00BF90F0000F7E
S214407FA004BF0021704730B54FF4806404F13204BA
S214407FB04FF000054FF0000150E700BF90F0000F73
S214407FC004BF0021704730B54FF4806404F132049A
S214407FD010F0004548BF40424FF000013EE700BF6A
S214407FE042004FEAE2014FEA31014FEA02701FBFFA
S214407FF012F07F4393F07F4F81F06051704792F0CC
S214408000000F14BF93F07F4F704730B54FF4607445
S21440801001F0004521F0004120E700BF50EA010290
S21440802008BF704730B54FF000050AE050EA01023D
S21440803008BF704730B511F0004502D5404261EBAD
S21440804041014FF4806404F132045FEA915C3FF4EE
S214408050DCAE4FF003025FEADC0C18BF03325FEA87
S214408060DC0C18BF033202EBDC02C2F1200300FA3C
S21440807003FC20FA02F001FA03FE40EA0E0021FA61
S21440808002F11444C1E600BF70B54FF0FF0C4CF44B
S214408090E06C1CEA11541DBF1CEA135594EA0C0F01
S2144080A095EA0C0F00F0DEF82C4481EA030621EA3C
S2144080B04C5123EA4C5350EA013518BF52EA033577
S2144080C041F4801143F4801338D0A0FB02CE4FF029
S2144080D00005E1FB02E506F00042E0FB03E54FF059
S2144080E00006E1FB03569CF0000F18BF4EF0010E51
S2144080F0A4F1FF04B6F5007F64F5407404D25FEA4D
S2144081004E0E6D4146EB060642EAC62141EA5551FF
S2144081104FEAC52040EA5E504FEACE2EB4F1FD0C41
S21440812088BFBCF5E06F1ED8BEF1004F08BF5FEABF
S214408130500E50F1000041EB045170BD06F0004671
S21440814046EA010140EA020081EA0301B4EB5C041E
S214408150C2BFD4EB0C0541EA045170BD41F4801116
S2144081604FF0000E013C00F3AB8014F1360FDEBF3B
S214408170002001F0004170BDC4F10004203C35DA17
S2144081800C341BDC04F11404C4F1200500FA05F39A
S21440819020FA04F001FA05F240EA020001F000423B
S2144081A021F0004110EBD37021FA04F642EB0601B1
S2144081B05EEA430E08BF20EAD37070BDC4F10C04DB
S2144081C0C4F1200500FA04F320FA05F001FA04F29F
S2144081D040EA020001F0004110EBD37041F100018B
S2144081E05EEA430E08BF20EAD37070BDC4F1200596
S2144081F000FA05F24EEA020E20FA04F301FA05F2FE
S21440820043EA020321FA04F001F0004121FA04F2A5
S21440821020EA020000EBD3705EEA430E08BF20EA75
S214408220D37070BD94F0000F0FD101F000464000AF
S21440823041EB010111F4801F08BF013CF7D041EA31
S214408240060195F0000F18BF704703F00046520035
S21440825043EB030313F4801F08BF013DF7D043EA06
S2144082600603704794EA0C0F0CEA135518BF95EABC
S2144082700C0F0CD050EA410618BF52EA4306D1D143
S21440828081EA030101F000414FF0000070BD50EA62
S214408290410606BF1046194652EA430619D094EAEC
S2144082A00C0F02D150EA013613D195EA0C0F05D1D6
S2144082B052EA03361CBF104619460AD181EA03012A
S2144082C001F0004141F0FE4141F470014FF00000E2
S2144082D070BD41F0FE4141F4780170BD70B54FF07D
S2144082E0FF0C4CF4E06C1CEA11541DBF1CEA1355FD
S2144082F094EA0C0F95EA0C0F00F0A7F8A4EB0504DF
S21440830081EA030E52EA03354FEA013100F08880D5
S2144083104FEA03334FF0805545EA131343EA12639E
S2144083204FEA022245EA111545EA10654FEA002653
S2144083300EF000419D4208BF964244F1FD0404F50C
S214408340407402D25B084FEA3202B61A65EB030568
S2144083505B084FEA32024FF480104FF4002CB6EB25
S214408360020E75EB030E22BFB61A754640EA0C00A5
S2144083705B084FEA3202B6EB020E75EB030E22BFE5
S214408380B61A754640EA5C005B084FEA3202B6EB26
S214408390020E75EB030E22BFB61A754640EA9C00E5
S2144083A05B084FEA3202B6EB020E75EB030E22BFB5
S2144083B0B61A754640EADC0055EA060E18D04FEA73
S2144083C0051545EA16754FEA06164FEAC30343EA13
S2144083D052734FEAC2025FEA1C1CC0D111F4801FE0
S2144083E00BD141EA00014FF000004FF0004CB6E7D9
S2144083F011F4801F04BF01430020B4F1FD0C88BF78
S214408400BCF5E06F3FF6AFAEB5EB030C04BFB6EB82
S214408410020C5FEA500C50F1000041EB045170BD75
S2144084200EF0004E4EEA113114EB5C04C2BFD4EBA2
S2144084300C0541EA045170BD41F480114FF0000E26
S214408440013C90E645EA060E8DE60CEA135594EAA2
S2144084500C0F08BF95EA0C0F3FF43BAF94EA0C0FA5
S2144084600AD150EA01347FF434AF95EA0C0F7FF41A
S21440847025AF104619462CE795EA0C0F06D152EA6E
S21440848003353FF4FDAE1046194622E750EA410652
S21440849018BF52EA43067FF4C5AE50EA41047FF463
S2144084A00DAF52EA43057FF4EBAE12E74FF0FF3CC8
S2144084B006E000BF4FF0010C02E000BF4FF0010C99
S2144084C04DF804CD4FEA410C7FEA6C5C4FEA430C12
S2144084D018BF7FEA6C5C1BD001B050EA410C0CBF61
S2144084E052EA430C91EA030F02BF90EA020F0020C3
S2144084F0704710F1000F91EA030F58BF994208BF2A
S21440850090422CBFD8176FEAE37040F001007047E6
S2144085104FEA410C7FEA6C5C02D150EA013C07D13D
S2144085204FEA430C7FEA6C5CD6D152EA033CD3D088
S2144085305DF8040B704700BF8446104662468C4682
S2144085401946634600E000BF01B5FFF7B7FF0028B5
S21440855048BF10F1000F01BD4DF808EDFFF7F4FFDE
S2144085600CBF012000205DF808FB00BF4DF808ED69
S214408570FFF7EAFF34BF012000205DF808FB00BF8C
S2144085804DF808EDFFF7E0FF94BF012000205DF8AE
S21440859008FB00BF4DF808EDFFF7CEFF94BF012063
S2144085A000205DF808FB00BF4DF808EDFFF7C4FF5C
S2144085B034BF012000205DF808FB00BF4FEA410CA5
S2144085C07FEA6C5C02D150EA013C0AD14FEA430C88
S2144085D07FEA6C5C02D152EA033C02D14FF00000C5
S2144085E070474FF0010070474FEA410212F5001203
S2144085F015D211D56FF47873B3EB625212D94FEAA5
S214408600C12343F0004343EA505311F0004F23FA8E
S21440861002F018BF404270474FF00000704750EAE3
S214408620013005D111F0004008BF6FF000407047A0
S2144086304FF00000704700BFFF002CFF2EDFFF0109
S2144086403C3211010902042813E514482C0C3378F7
S2144086503A333BFB3E0043111610399235DA221A64
S21440866037C3230034C0361A068807C00D870E412C
S2144086704C0048005B0042034A812199244025383B
S21440868026825C006300617062807C052080283012
S2144086906C006D806E007002719473C112401711A9
S2144086A0184319001A4B320937C04F6050A86D0066
S2144086B03D38463F4F600C3CFF00E57FF9C0412403
S2144086C0E01476FF33A0422043184C0087D5883FFD
S2144086D0D703D910D382C808C9807C007D007C03AC
S2144086E07D487D487C087D207D107D0E9000910E53
S2144086F0911A9131915A91699175917E9188918F95
S214408700919691A391AF91C491D791E89120920010
S214408710930693E393059305930093049300930085
S2144087209300930093009300930096009708971940
S2144087309702970C972497309728972697029798F2
S214408740978097009700C3EDA400A800C511C651B6
S214408750BF80C710B666B8A5B764B97CB3AFB49748
S214408760B5FFB0C5B194B20FC45CC064C14B8C00B9
S214408770863D500051C852965300540055005AC882
S2144087805B965C00D300C3ED7F00DA00E51FE1672F
S214408790E000DD7F05001240D304C016C1128C00F5
S2144087A0863D5000512C52245300540055005A2CFC
S2144087B05B245C00FFFF0000FF000500DA10D703D3
S2144087C0DF0033803C40E1770000FFFFE014E177B4
S2144087D0E51FD703DA10E000FF010408FFFF0000A2
S2144087E0FF0112401711184319001A4B32094FCA9D
S2144087F050A85A236D00391235DA221A37C323009F
S21440880034C0361A068807C00D870E414C00FF005C
S214408810E004C064C14B8635508951C85296530017
S2144088205400550057005A505B3C5C00E000FFFF88
S214408830FF011101120017111875323619011A97E7
S214408840030F37404FBB509C5A576D803D3439021A
S2144088503588220A374034A006020DB70E01FF00C5
S214408860E004C0C8C196863D50895190522C5300B2
S2144088705400558857005AA05B785C00D304E0004B
S214408880FFFF0000FF011101120017111875323664
S21440889019011A97030F37404FBB509C5A576D80AB
S2144088A03D3439023588220A374034A006020DB7D7
S2144088B00E01FF00E004C0C8C1968635508951902D
S2144088C0522C53005400558857005AC85B965C009B
S2144088D0D302E000FFFF0000FF0111011200171154
S2144088E01875323619011A97030F37404FBB509C04
S2144088F05A576D803D3439023588220A374034A0B5
S21440890006020DB70E01FF00C0C8C1968C00863D1A
S21440891050005190522C5300540055885A005BC06A
S2144089205C01D302FFFF0000FF0111011200171186
S2144089301875323619011A97030F37404FBB509CB3
S2144089405A576D803D3439023588220A374034A064
S21440895006020DB70E01FF00E004C0C8C196863D72
S21440896050005190522C53005400558857005A409E
S2144089705BF05C01D302E000FFFF0000FF01110145
S214408980120017111875323619011A97030F37401F
S2144089904FBB509C5A576D803D3439023588220A69
S2144089A0374034A006020DB70E01FF00E004C0C8F1
S2144089B0C196863D50005190522C53005400558825
S2144089C057005A905B2C5C05D302E000FFFF000086
S2144089D00E001280FE05130011051200D5100CD4AF
S2144089E00D341601172518A019031AF01B89220307
S2144089F029182BF82C0131A032F033C43AB4363F54
S214408A00046027803D0F3E803F40407F416A4229B8
S214408A1044E54541470249644AA14B704C1A4D50C3
S214408A204E1364006788681A1438243C2530267232
S214408A305097517E52005300200021233814E900FD
S214408A40565557FF58FF59FF5F04EC0013FF807FD1
S214408A50813F82328301381185008603870188056D
S214408A6089308D308F859330958599309B859C08CD
S214408A709D129E239F45A055A164A272A37FA48BFE
S214408A80A595A6A7A7B5A8CBA9DDAAECAB1ACE7824
S214408A90CF6ED00AD10CD284D390D41E5A245B1FFA
S214408AA05C885D60AC6EBEFFBF0031503278823F5E
S214408AB01200363F530033C41B8922032802FFFFAF
S214408AC00E001280FE05130011031200D5100CD4C0
S214408AD00D341601172518A019031AF01B89220316
S214408AE029182BF82C0131A032F033C43AB4363F63
S214408AF0046027803D0F3E803F40407F416A4229C8
S214408B0044E54541470249644AA14B704C1A4D50D2
S214408B104E1364006788681A1438243C2530267241
S214408B205097517E52005300200021233814E9000C
S214408B30565557FF58FF59FF5F04EC0013FF807FE0
S214408B40813F82328301381185008603870188057C
S214408B5089308D308F859330958599309B859C08DC
S214408B609D129E239F45A055A164A272A37FA48B0D
S214408B70A595A6A7A7B5A8CBA9DDAAECAB1ACE7833
S214408B80CF6ED00AD10CD284D390D41E5A245B1F09
S214408B905C885D60AC6EBEFFBF0031503278823F6D
S214408BA01200363F530033C41B8922032802FFFFBE
S214408BB00E001280FE05130011021200D5100CD4D0
S214408BC00D341601172518A019031AF01B89220325
S214408BD029182BF82C0131A032F033C43AB4363F72
S214408BE0046027803D0F3E803F40407F416A4229D7
S214408BF044E54541470249644AA14B704C1A4D50E2
S214408C004E1364006788681A1438243C2530267250
S214408C105097517E52005300200021233814E9001B
S214408C20565557FF58FF59FF5F04EC0013FF807FEF
S214408C30813F82328301381185008603870188058B
S214408C4089308D308F859330958599309B859C08EB
S214408C509D129E239F45A055A164A272A37FA48B1C
S214408C60A595A6A7A7B5A8CBA9DDAAECAB1ACE7842
S214408C70CF6ED00AD10CD284D390D41E5A245B1F18
S214408C805C885D60AC6EBEFFBF0031503278823F7C
S214408C901200363F530033C41B8922032802FFFFCD
S214408CA00E001280FE05130011011200D5100CD4E0
S214408CB00D341601172518A019031AF01B89220334
S214408CC029182BF82C0131A032F033C43AB4363F81
S214408CD0046027803D0F3E803F40407F416A4229E6
S214408CE044E54541470249644AA14B704C1A4D50F1
S214408CF04E1364006788681A1438243C2530267260
S214408D005097517E52005300200021233814E9002A
S214408D10565557FF58FF59FF5F04EC0013FF807FFE
S214408D20813F82328301381185008603870188059A
S214408D3089308D308F859330958599309B859C08FA
S214408D409D129E239F45A055A164A272A37FA48B2B
S214408D50A595A6A7A7B5A8CBA9DDAAECAB1ACE7851
S214408D60CF6ED00AD10CD284D390D41E5A245B1F27
S214408D705C885D60AC6EBEFFBF0031503278823F8B
S214408D801200363F530033C41B8922032802FFFFDC
S214408D900E001280130011011200D5100C120D3473
S214408DA0172518A019031AF01B89220329182BF837
S214408DB02C0131A032F033C43AB4363F04602780E9
S214408DC03D0F3E803F40407F416A422944E5454151
S214408DD0470249644AA14B704C1A4D504E136400EA
S214408DE06788681A1438243C253026725097517E7E
S214408DF052005300200021233814E900565557FFEF
S214408E0058FF59FF5F04EC0013FF807F813F82329A
S214408E108301381184708500860387018805893070
S214408E208D308F859330958599309B859C089D1213
S214408E309E239F45A055A164A272A37FA48BA595AF
S214408E40A6A7A7B5A8CBA9DDAAECAB1ACE78CF6E5D
S214408E50D00AD10CD284D390D41E5A245B1F5C888F
S214408E605D60AC6EBEFFBF0031503278823F12016B
S214408E70362F8304530033F41B8A22038400840075
S214408E802802FFFF0E001280130011011200D510B9
S214408E900C540D341601172518A019031AF01B8917
S214408EA0220329182BF82C0131A032F033C43AB4EF
S214408EB0363F046027803D0F3E803F40407F416AFA
S214408EC0422944E54541470249644AA14B704C1A41
S214408ED04D504E1364006788681A1438243C253079
S214408EE026725097517E520053002000212338149A
S214408EF0E900565557FF58FF59FF5F04EC0013FF33
S214408F00807F813F823283013811847085008603DA
S214408F108701880589308D308F85933095859930C7
S214408F209B859C089D129E239F45A055A164A272D6
S214408F30A37FA48BA595A6A7A7B5A8CBA9DDAAEC29
S214408F40AB1ACE78CF6ED00AD10CD284D390D41E32
S214408F505A245B1F5C885D60AC6EBEFFBF00312844
S214408F60323C3400823F1200363F530033001B89A8
S214408F7022032802D900FFFF0E00128013001101C1
S214408F801200D5100C120D34172518A019031AF02C
S214408F901B89220329182BF82C0131A032F033C448
S214408FA03AB4363F046027803D0F3E803F40407FC6
S214408FB0416A422944E54541470249644AA14B700B
S214408FC04C1A4D504E1364006788681A1438243C77
S214408FD0253026725097517E5200530020002123A0
S214408FE03814E900565557FF58FF59FF5F04EC0008
S214408FF013FF807F813F8232830138118470850061
S21440900086038701880589308D308F859330958516
S21440901099309B859C089D129E239F45A055A16430
S214409020A272A37FA48BA595A6A7A7B5A8CBA9DDBA
S214409030AAECAB1ACE78CF6ED00AD10CD284D3909D
S214409040D41E5A245B1F5C885D60AC6EBEFFBF00BA
S2144090503128323C823F1201362F8304530033F4CA
S2144090601B8A2203840084002802FFFF0E00128021
S214409070FE05130011021200D5100CD40D34160153
S214409080172518A019031AF01B89220329182BF854
S2144090902C0131A032F033C43AB4363F0460278006
S2144090A03D0F3E803F40407F416A422944E545416E
S2144090B0470249644AA14B704C1A4D504E13640007
S2144090C06788681A1438243C253026725097517E9B
S2144090D05200530020002123380784023814E90048
S2144090E0565557FF58FF59FF5F04EC0013FF807F2B
S2144090F0813F8232830138118500860387018805C7
S21440910089308D308F859330958599309B859C0826
S2144091109D129E239F45A055A164A272A37FA48B57
S214409120A595A6A7A7B5A8CBA9DDAAECAB1ACE787D
S214409130CF6ED00AD10CD284D390D41E5A245B1F53
S2144091405C885D60AC6EBEFFBF0031503278823FB7
S2144091501200363F530033C41B8922032802FFFF08
S2144091600E001280FE05130011021200D5100CD41A
S2144091700D341601172518A019031AF01B8922036F
S21440918029182BF82C0131A032F033C43AB4363FBC
S214409190046027803D0F3E803F40407F416A422921
S2144091A044E54541470249644AA14B704C1A4D502C
S2144091B04E1364006788681A1438243C253026729B
S2144091C05097517E52005300200021233814E90066
S2144091D0565557FF58FF59FF5F04EC0013FF807F3A
S2144091E0813F8232830138118500860387018805D6
S2144091F089308D308F859330958599309B859C0836
S2144092009D129E239F45A055A164A272A37FA48B66
S214409210A595A6A7A7B5A8CBA9DDAAECAB1ACE788C
S214409220CF6ED00AD10CD284D390D41E5A245B1F62
S2144092305C885D60AC6EBEFFBF0031A032F0823FFE
S2144092401200363F530033C41B8922032802FFFF17
S2144092505355434345535300696E76616C696420A9
S214409260636F6D6D616E64004572726F723A204531
S2144092705350333220726563656976656420616E4B
S21440928020696E76616C696420636F6D6D616E6493
S214409290200A0000696D6167655F7472616E73666F
S2144092A065722025750D0A0070726F766973696F56
S2144092B06E0000007465737400000000535543430D
S2144092C04553530073657420776C616E5F677069B1
S2144092D06F20323700000000736574207765627334
S2144092E06F636B65745F6770696F2032360000008D
S2144092F07365742061705F6770696F203235000057
S21440930073657420636F6D6D5F6770696F2032316F
S21440931000000000736574206E65745F6770696F47
S2144093202032320073657420636C69656E74735FB7
S2144093306770696F20333200736574207370695F9D
S21440934062617564203430303030303000000000C8
S21440935018000020494E4600696E66004E414E0099
S2144093606E616E00303132333435363738394142EB
S21440937043444546000000003031323334353637FA
S214409380383961626364656600000000286E756C5B
S2144093906C290000300000002020202020202020C3
S2144093A020202020202020203030303030303030F8
S2144093B03030303030303030496E66696E6974799E
S2144093C0000000004E614E0043000000504F5349DD
S2144093D0580000002E0000000080E03779C341436B
S2144093E0176E05B5B5B89346F5F93FE9034F384DC6
S2144093F0321D30F94877825A3CBF737FDD4F157572
S214409400000000000000F03F000000000000244084
S21440941000000000000059400000000000408F405F
S214409420000000000088C34000000000006AF840CA
S2144094300000000080842E4100000000D0126341EE
S2144094400000000084D797410000000065CDCD4164
S214409450000000205FA00242000000E87648374245
S214409460000000A2941A6D42000040E59C30A242E3
S2144094700000901EC4BCD64200003426F56B0C4358
S2144094800080E03779C3414300A0D88557347643FF
S21440949000C84E676DC1AB43003D9160E458E14360
S2144094A0408CB5781DAF154450EFE2D6E41A4B44D5
S2144094B092D54D06CFF08044F64AE1C7022DB5441A
S2144094C0B49DD9794378EA440500000019000000AD
S2144094D07D0000000020202020202020202028285A
S2144094E0282828202020202020202020202020201F
S2144094F0202020202088101010101010101010105F
S214409500101010101004040404040404040404108E
S214409510101010101010414141414141010101011C
S21440952001010101010101010101010101010101E6
S21440953010101010101042424242424202020202F2
S21440954002020202020202020202020202020202B6
S2144095501010101020000000000000000000000066
S21440956000000000000000000000000000000000B6
S21440957000000000000000000000000000000000A6
S2144095800000000000000000000000000000000096
S2144095900000000000000000000000000000000086
S2144095A00000000000000000000000000000000076
S2144095B00000000000000000000000000000000066
S2144095C00000000000000000000000000000000056
S2144095D00000000000000000F8B500BFF8BC08BC62
S2144095E09E46704795544000F1004000F8B500BFD5
S2104095F0F8BC08BC9E467047CD0040000A
S20C4095FC5CA1FF7F01000000A6
S214409604BFF35F8F0138FBD17047000000093D006F
S21440961418000020000000000000000004030020A2
S2144096246C030020D403002000000000000000006B
S21440963400000000000000000000000000000000E1
S21440964400000000000000000000000000000000D1
S21440965400000000000000000000000000000000C1
S21440966400000000000000000000000000000000B1
S21440967400000000000000000000000000000000A1
S2144096840000000000000000000000000000000091
S2144096940000000000000000000000000000000081
S2144096A40000000000000000000000000000000071
S2144096B40000000000000000000000000000000061
S2144096C401000000000000000E33CDAB34126DE6FE
S2144096D4ECDE05000B000000000000000000000067
S2144096E40000000000000000000000000000000031
S2144096F40000000000000000000000000000000021
S2144097040000000000000000000000000000000010
S2144097140000000000000000000000000000000000
S21440972400000000000000000000000000000000F0
S21440973400000000000000000000000000000000E0
S21440974400000000000000000000000000000000D0
S21440975400000000000000000000000000000000C0
S21440976400000000000000000000000000000000B0
S21440977400000000000000000000000000000000A0
S2144097840000000000000000000000000000000090
S2144097940000000000000000000000000000000080
S2144097A40000000000000000000000000000000070
S2144097B40000000000000000000000000000000060
S2144097C40000000000000000000000000000000050
S2144097D40000000000000000000000000000000040
S2144097E40000000000000000000000000000000030
S2144097F40000000000000000000000000000000020
S214409804000000000000000000000000000000000F
S21440981400000000000000000000000000000000FF
S21440982400000000000000000000000000000000EF
S21440983400000000000000000000000000000000DF
S21440984400000000000000000000000000000000CF
S21440985400000000000000000000000000000000BF
S21440986400000000000000000000000000000000AF
S214409874000000000000000000000000000000009F
S214409884000000000000000000000000000000008F
S214409894000000000000000000000000000000007F
S2144098A4000000000000000000000000000000006F
S2144098B4000000000000000000000000000000005F
S2144098C4000000000000000000000000000000004F
S2144098D4000000000000000000000000000000003F
S2144098E4000000000000000000000000000000002F
S2144098F4000000000000000000000000000000001F
S214409904000000000000000000000000000000000E
S21440991400000000000000000000000000000000FE
S21440992400000000000000000000000000000000EE
S21440993400000000000000000000000000000000DE
S21440994400000000000000000000000000000000CE
S21440995400000000000000000000000000000000BE
S21440996400000000000000000000000000000000AE
S214409974000000000000000000000000000000009E
S214409984000000000000000000000000000000008E
S214409994000000000000000000000000000000007E
S2144099A4000000000000000000000000000000006E
S2144099B4000000000000000000000000000000005E
S2144099C4000000000000000000000000000000004E
S2144099D4000000000000000000000000000000003E
S2144099E4000000000000000000000000000000002E
S2144099F4000000000000000000000000000000001E
S214409A04000000000000000000000000000000000D
S214409A1400000000000000000000000000000000FD
S214409A2400000000000000000000000000000000ED
S214409A3400000000000000000000000000000000DD
S214409A44789501204300000000000000000000005C
S214409A5400000000000000000000000000000000BD
S214409A64000000004300000000000000000000006A
S214409A74000000000000000000000000000000009D
S214409A84000000004300000000000000000000004A
S214409A94000000000000000000000000000000007D
S214409AA4000000004300000000000000000000002A
S214409AB4000000000000000000000000000000005D
S214409AC4000000004300000000000000000000000A
S214409AD4000000000000000000000000000000003D
S214409AE400000000430000000000000000000000EA
S214409AF4000000000000000000000000000000001D
S214409B0400000000430000000000000000000000C9
S214409B1400000000000000000000000000000000FC
S214409B2400000000D97B4000596C40000000000053
S214409B34D4944000D49340007493400074934000FF
S214409B4474934000749340007493400074934000B0
S214409B54749340007493400074934000FFFFFFFFEB
S214409B64FFFFFFFFFFFFFFFFFFFF00000100415321
S214409B7443494900000000000000000000000000C7
S214409B8400000000000000000000000000004153F8
S214409B9443494900000000000000000000000000A7
S214409BA4000000000000000000000000000000006C
S214409BB40000000000000000B0050020B0050020B2
S214409BC4B8050020B8050020C0050020C0050020C8
S214409BD4C8050020C8050020D0050020D005002078
S214409BE4D8050020D8050020E0050020E005002028
S214409BF4E8050020E8050020F0050020F0050020D8
S214409C04F8050020F8050020000600200006002085
S214409C140806002008060020100600201006002033
S214409C2418060020180600202006002020060020E3
S214409C342806002028060020300600203006002093
S214409C443806002038060020400600204006002043
S214409C5448060020480600205006002050060020F3
S214409C6458060020580600206006002060060020A3
S214409C746806002068060020700600207006002053
S214409C847806002078060020800600208006002003
S214409C9488060020880600209006002090060020B3
S214409CA49806002098060020A0060020A006002063
S214409CB4A8060020A8060020B0060020B006002013
S214409CC4B8060020B8060020C0060020C0060020C3
S214409CD4C8060020C8060020D0060020D006002073
S214409CE4D8060020D8060020E0060020E006002023
S214409CF4E8060020E8060020F0060020F0060020D3
S214409D04F8060020F8060020000700200007002080
S214409D14080700200807002010070020100700202E
S214409D2418070020180700202007002020070020DE
S214409D34280700202807002030070020300700208E
S214409D44380700203807002040070020400700203E
S214409D5448070020480700205007002050070020EE
S214409D64580700205807002060070020600700209E
S214409D74680700206807002070070020700700204E
S214409D8478070020780700208007002080070020FE
S214409D9488070020880700209007002090070020AE
S214409DA49807002098070020A0070020A00700205E
S214409DB4A8070020A8070020B0070020B00700200E
S214409DC4B8070020B8070020C0070020C0070020BE
S214409DD4C8070020C8070020D0070020D00700206E
S214409DE4D8070020D8070020E0070020E00700201E
S214409DF4E8070020E8070020F0070020F0070020CE
S214409E04F8070020F807002000080020000800207B
S214409E140808002008080020100800201008002029
S214409E2418080020180800202008002020080020D9
S214409E342808002028080020300800203008002089
S214409E443808002038080020400800204008002039
S214409E5448080020480800205008002050080020E9
S214409E645808002058080020600800206008002099
S214409E746808002068080020700800207008002049
S214409E8478080020780800208008002080080020F9
S214409E9488080020880800209008002090080020A9
S214409EA49808002098080020A0080020A008002059
S214409EB4A8080020A8080020B0080020B008002009
S214409EC4B8080020B8080020C0080020C0080020B9
S214409ED4C8080020C8080020D0080020D008002069
S214409EE4D8080020D8080020E0080020E008002019
S214409EF4E8080020E8080020F0080020F0080020C9
S214409F04F8080020F8080020000900200009002076
S214409F140809002008090020100900201009002024
S214409F2418090020180900202009002020090020D4
S214409F342809002028090020300900203009002084
S214409F443809002038090020400900204009002034
S214409F5448090020480900205009002050090020E4
S214409F645809002058090020600900206009002094
S214409F746809002068090020700900207009002044
S214409F8478090020780900208009002080090020F4
S214409F9488090020880900209009002090090020A4
S214409FA49809002098090020A0090020A009002054
S214409FB4A8090020A8090020FFFFFFFF00000200B8
S8044024494E
