:020000040040BA
:10000000A0C50120492440001125400011254000D1
:10001000112540001125400011254000000000007E
:10002000000000000000000000000000112540005A
:10003000112540000000000011254000112540005E
:1000400011254000112540001125400011254000D8
:10005000112540001125400011254000000000003E
:1000600011254000112540000000000041284000FB
:10007000D119400000000000850B40001125400010
:100080000000000000000000112540001125400084
:100090001125400011254000112540002109400094
:1000A0001125400011254000000000000000000064
:1000B00000000000112540001125400011254000DE
:1000C00011254000112540001125400010B5054CB8
:1000D000237833B9044B13B10448AFF300800123F4
:1000E000237010BDC00900200000000004964000ED
:1000F0000C4B43B10C480D4910B5AFF300800C48D0
:10010000036823B910BD0A48036833B97047094B27
:10011000002BF7D0BDE810401847064B002BF5D058
:10012000184700BF0000000004964000C4090020EA
:10013000049640000000000080B485B000AFF86075
:10014000B9607A60BB68002B07D0BB681A68FB688F
:100150009A60BB685A68FB68DA607B68002B07D03E
:100160007B681A68FB689A617B685A68FB68DA6189
:1001700000BF1437BD4680BC704780B483B000AF69
:10018000786039603A6840F2011313407A6813626C
:1001900000BF0C37BD4680BC704780B483B000AF51
:1001A000786039603A6840F2022313407A6813623B
:1001B00000BF0C37BD4680BC704780B487B000AF2D
:1001C000F860B9607A60FA68BB689B0113447B6190
:1001D0007B6902221A607B694FF0FF329A627B6969
:1001E0001B6A7B697A685A6000BF1C37BD4680BCB9
:1001F000704780B483B000AF786039607A683B683C
:100200009B01134405221A6000BF0C37BD4680BC19
:10021000704780B485B000AFF860B9607A60FA6862
:10022000BB689B0113441C337A681A6000BF143703
:10023000BD4680BC704780B487B000AFF860B9603D
:100240007A60FA68BB689B0113447B617B697A68BA
:100250005A6200BF1C37BD4680BC704780B485B071
:1002600000AF786039607A683B689B011344FB609B
:10027000FB681B6A18461437BD4680BC704780B4C3
:100280008DB000AFF860B9607A603B6002233B61DB
:1002900008237B612023BB618023FB61BB6BDB0BED
:1002A0003B620023FB621AE0FB6A9B0007F130020D
:1002B000134453F8203CBA68B2FBF3F3BB62BB6A49
:1002C0001B0C7B62FA68BB6A9A4201D9002323E0C7
:1002D000FA687B6A9A4206D2FB6A0133FB62FB6AC8
:1002E000042BE1D900E000BFFB6A042B01D90023F5
:1002F00012E07B68002B08D0FB6A9B0007F13002FC
:10030000134453F8202C7B681A603B68002B02D002
:100310003B68FA6A1A60012318463437BD4680BC30
:100320007047000080B483B000AF78607B68072B13
:1003300025D801A252F823F0590340005F03400082
:10034000650340006B0340006F03400073034000EF
:10035000770340007B0340004FF4FA4310E04FF472
:1003600000430DE04FF400430AE0084B08E0084B5F
:1003700006E0084B04E0074B02E0064B00E00023D8
:1003800018460C37BD4680BC704700BF00093D00D1
:1003900000127A00001BB70080B500AF0620044BA6
:1003A000984702461346DB001344184680BD00BF41
:1003B0002503400080B500AF024B9847034618461E
:1003C00080BD00BF9903400080B58EB000AF78605B
:1003D0000023FB600023BB60302387F834300A23FE
:1003E00087F824300123BB6207F10C03FB62012371
:1003F0003B6307F12403194678680E4B9847302376
:1004000087F820300B233B7401237B6107F108033D
:10041000BB610123FB6107F1100319467868054BA6
:100420009847FB681A02BB68134318463837BD4625
:1004300080BD00BF6105400080B58AB000AF786024
:1004400000233B610023FB601C233B750123BB6140
:10045000302387F8243007F11003FB6101233B624E
:1004600007F1140319467868104B98471D233B7514
:100470000123BB61302387F8243007F10C03FB61B3
:1004800001233B6207F1140319467868074B98472C
:100490003B697F2B04D1FB68A22B01D1002300E034
:1004A000012318462837BD4680BD00BF61054000C6
:1004B00080B58AB000AF786000233B610023FB6009
:1004C0000023BB6001233B750123BB61302387F808
:1004D000243001233B6207F10C03FB6107F1140395
:1004E000194678681C4B9847AD23BB6007F1080399
:1004F000FB6107F1140319467868184B984707F118
:100500001003FB6107F1140319467868124B9847F2
:100510003A69BB689A4201D0012318E007F10C0345
:10052000FB6107F11403194678680C4B984707F1F3
:100530001003FB6107F1140319467868064B9847CE
:100540003A69FB689A4201D0012300E00023184673
:100550002837BD4680BD00BF6105400085054000CD
:1005600080B584B000AF7860396039687868044B32
:100570009847F860FB6818461037BD4680BD00BF3D
:10058000791F400080B584B000AF78603960396869
:100590007868044B9847F860FB6818461037BD46EA
:1005A00080BD00BF852040002DE9F0488AB000AF33
:1005B0007860396000237B623B683B6248E03B6ABD
:1005C0001B78FE2B26D1294B9847034619464FF03E
:1005D00000020B461446A60046EA93769D002B4681
:1005E00034465B1844EB020443F2AF614FF0000263
:1005F00013EB010B44EB020C584661461C4C43F2D2
:10060000B0624FF00003A04703460C461846194B52
:1006100098471AE03B6A1B783B720123FB6030234A
:100620003B7601237B613B6A01333B6107F10803A1
:1006300019467868104B9847F8617B6A01337B62F2
:10064000FB69082B01D1FB690BE03B6A02333B627B
:100650003B6A1B78FF2BB2D13B6A5B78FF2BAED194
:10066000002318462837BD46BDE8F088B503400092
:1006700029374000010000208505400080B58AB080
:1006800000AF7860012387F8233007F10C030022C4
:100690001A605A609A60DA601A61FF233B73012383
:1006A0003B6107F123037B610123BB6130233B776F
:1006B00007F10C03194678680F4B984700237B62BB
:1006C00078680E4B984778627B6A1B0ADBB2262B50
:1006D0000DD178680A4B98470346002B07D17868FC
:1006E000084B98470346002B01D1002300E001236B
:1006F00018462837BD4680BD85054000C903400027
:1007000039044000B104400080B584B000AF786087
:100710000B46FB700023FB60FB78112B5CD801A219
:1007200052F823F06D07400073074000790740003E
:100730007F074000850740008B074000910740007D
:10074000970740009D074000A3074000A90740000D
:10075000AF074000B5074000BB074000C10740009D
:10076000C7074000CD074000D3074000224BFB6085
:1007700033E0224BFB6030E0214BFB602DE0214B4E
:10078000FB602AE0204BFB6027E0204BFB6024E06D
:100790001F4BFB6021E01F4BFB601EE01E4BFB600C
:1007A0001BE01E4BFB6018E01D4BFB6015E01D4B72
:1007B000FB6012E01C4BFB600FE01C4BFB600CE08D
:1007C0001B4BFB6009E01B4BFB6006E01A4BFB6018
:1007D00003E01A4BFB6000E000BFFB68002B05D074
:1007E000F9687868164B9847002300E00123184603
:1007F0001037BD4680BD00BF38864000B887400036
:10080000CC874000E087400030884000848840006A
:10081000D8884000288940007C894000D089400069
:10082000C08A4000B08B4000A08C4000908D4000FA
:10083000848E4000788F40006C90400060914000B2
:10084000A905400080B483B000AF0346FB7197F95F
:100850000730002B0BDB084997F907305B09FA7961
:1008600002F01F02012000FA02F241F8232000BF2B
:100870000C37BD4680BC704700E100E080B483B017
:1008800000AF78607B68072B25D801A252F823F0CF
:10089000B1084000B7084000BD084000C308400050
:1008A000C7084000CB084000CF084000D3084000F4
:1008B0004FF4FA4310E04FF400430DE04FF40043CF
:1008C0000AE0084B08E0084B06E0084B04E0074B41
:1008D00002E0064B00E0002318460C37BD4680BC02
:1008E000704700BF00093D0000127A00001BB700EE
:1008F00080B500AF0620044B984702461346DB0044
:100900001344184680BD00BF7D08400080B500AF8D
:10091000024B98470346184680BD00BFF1084000CF
:1009200080B582B000AF002109480A4B9847786033
:100930007B6803F01003002B06D0074B1B78DBB25B
:100940000133DAB2044B1A7000BF0837BD4680BDD0
:10095000000001405D024000D00A002090B587B041
:1009600002AF1A4B9847F8601720194B9847391D6A
:1009700007F10802FB6800930B46F9680120154C4B
:10098000A047BB68144A13607B6843F480431A464F
:1009900000211248124B9847BB68FA68B2FBF3F388
:1009A0001A4600210D480F4B984717200E4B9847C9
:1009B0001022002109480D4B9847002107480C4B95
:1009C000984700BF1437BD4690BD00BF0D094000D9
:1009D000351C40007F024000DC090020000001407F
:1009E000BB014000130240004508400037024000B0
:1009F000F301400080B483B000AF0346FB7197F968
:100A00000730002B0BDB084997F907305B09FA79AF
:100A100002F01F02012000FA02F241F8232000BF79
:100A20000C37BD4680BC704700E100E080B483B065
:100A300000AF78607B68072B25D801A252F823F01D
:100A4000610A4000670A40006D0A4000730A4000D6
:100A5000770A40007B0A40007F0A4000830A40007A
:100A60004FF4FA4310E04FF400430DE04FF400431D
:100A70000AE0084B08E0084B06E0084B04E0074B8F
:100A800002E0064B00E0002318460C37BD4680BC50
:100A9000704700BF00093D0000127A00001BB7003C
:100AA00080B500AF0620044B984702461346DB0092
:100AB0001344184680BD00BF2D0A400080B500AF2A
:100AC000024B98470346184680BD00BFA10A40006C
:100AD00080B582B000AF78607868034B984700BF5C
:100AE0000837BD4680BD00BF351C400080B483B0D0
:100AF00000AF78607B6880221A6000BF0C37BD466B
:100B000080BC704780B483B000AF78607B680122FE
:100B10001A6000BF0C37BD4680BC704780B483B0FC
:100B200000AF78607B6802221A6000BF0C37BD46B8
:100B300080BC704780B483B000AF78607B685B682E
:100B400023F001027B685A6000BF0C37BD4680BCB1
:100B5000704780B483B000AF786039607B683A68D2
:100B60009A6100BF0C37BD4680BC704780B483B02B
:100B700000AF78607B6803F5807318460C37BD467C
:100B800080BC704780B500AF014B984700BF80BD67
:100B9000950B400080B582B000AF0B480B4B9847D7
:100BA00078607B6803F00103002B09D03B461946AF
:100BB0000548074B98473B68DBB21846054B9847FA
:100BC00000BF0837BD4680BD00400240632340009F
:100BD000F7234000D90B400080B582B000AF034638
:100BE000FB71FB790A2B0ED0174B1B6840F2FE32CB
:100BF000934224D8144B1B685A1C13490A601349AA
:100C0000FA79CA541BE0104B1B68B3F5806F05D20C
:100C10000D4B1B680D4A0021D15403E00B4B002201
:100C200083F8FF230A4909480A4B98470346002BDB
:100C300002D0094B01221A70034B00221A6000BF38
:100C40000837BD4680BD00BFE00900207891012033
:100C500050924000213E4000E409002090B587B04A
:100C600000AF002360224FF000611748174CA047E7
:100C70003B4600221A605A609A60DA601A615A6133
:100C80004FF4E1333B60C0237B604FF40063BB60F3
:100C90000E200F4B98470F4B984702463B4619468C
:100CA0000D480E4B98470C480D4B98470A480D4B82
:100CB0009847012108480C4B98470E200B4B98474A
:100CC00000BF1C37BD4690BD000E0E40B51540005C
:100CD000D10A4000BD0A40000040024065224000A9
:100CE000E92240001923400049234000F509400053
:100CF00080B500AF0B200E4B984700224FF4002127
:100D00000C480D4B98470B4B4FF40022C3F8B02012
:100D1000084B4FF40022C3F8C020064B4FF40022CA
:100D2000C3F8D420034B4FF400221A6400BF80BDE7
:100D3000351C4000000E0E40D114400080B500AFBD
:100D40000B200E4B984701224FF480610C480D4B4D
:100D500098470B4B4FF48062C3F8B020084B4FF418
:100D60008062C3F8C020064B4FF48062C3F8D020E5
:100D7000034B4FF480621A6400BF80BD351C4000F5
:100D8000000E0E40D114400098B500AF1520104B56
:100D9000984700234FF4F0424FF000610D480E4C8D
:100DA000A0470E480E4B98470C480E4B98470B48EF
:100DB0000D4B98470022002108480C4B9847012111
:100DC00006480B4B984705480A4B984700BF98BD0B
:100DD000351C4000000E0E40B5154000008000405C
:100DE0001D0B4000ED0A4000350B4000591D40002E
:100DF000530B4000050B400080B582B000AF786017
:100E00000B46FB70244B00221A70244B00221A70F0
:100E1000234B00221A604FF4806200212148224BAC
:100E200098470EE000BF214B5B6903F00203002BE3
:100E3000F9D07B685A1C7A601B7819461B481C4BFA
:100E400098477B681B78002BECD100BF174B5B6980
:100E500003F00203002BF9D00D211448144B9847DE
:100E600000BF124B5B6903F00203002BF9D00A218B
:100E70000E480F4B984700BF074B1B78DBB2002B87
:100E800005D1064B1B78DBB2FA789A42F4D800BF42
:100E90000837BD4680BD00BFE4090020D00A00200D
:100EA000E009002078910120893A4000004002408A
:100EB000C723400090B597B000AF3A4B1B693B6524
:100EC000394B1B68002B03D1384B00221A7066E0A7
:100ED000364B02221A70344B1A6807F10803344962
:100EE0001846344B984707F108037B650EE000BFB6
:100EF000314B5B6903F00203002BF9D07B6D5A1C68
:100F00007A651B7819462C482C4B98477B6D1B78CB
:100F1000002BECD10023002200212948294CA047B6
:100F20002748294B9847F864284B3B601E4B1B68A9
:100F30007B603B4600221946F86C254B98474FF4DE
:100F40008071F86C234B9847234B00221A70154B85
:100F50001B69224A136000BF1F4B1B78DBB2002BBA
:100F6000FAD0104B1B691E4A13601D4B1A681B4BAD
:100F70001B68D31A1B4A13604FF48071F86C1A4B2C
:100F80009847154B00221A70084B00221A70054B27
:100F90001B69BB64BA6C3B6DD31A144A13605C378F
:100FA000BD4690BD00000140740A00207B0A00206D
:100FB00094924000253B400000400240C72340007F
:100FC00000800040D91C40006D0B4000D90A002071
:100FD000390140007B014000E4090020EC090020B9
:100FE000F0090020F40900209B014000E8090020DE
:100FF00080B400AF00BFBD4680BC704780B582B0F2
:1010000000AF78607B68072B31D801A252F823F03B
:101010006D10400031104000391040004110400078
:10102000491040005110400059104000631040002A
:101030000020114B98471AE001200F4B984716E00B
:1010400000200E4B984712E010200C4B98470EE002
:1010500020200A4B98470AE03E210020084B984781
:1010600005E03E210120064B984700E000BF00BF8D
:101070000837BD4680BD00BF691A4000D51A400040
:10108000451B400080B582B000AF78607B68072BBD
:1010900026D801A252F823F0B9104000BD1040003C
:1010A000BD104000CF104000CF104000CF104000D6
:1010B000CF104000CF104000012312E00B4B9847A7
:1010C0000346002B14BF01230023DBB209E0084BC9
:1010D00098470346002B14BF01230023DBB200E036
:1010E000002318460837BD4680BD00BFA11A400046
:1010F000BD1B400080B483B000AF78607B68072BD5
:1011000025D801A252F823F0291140002F114000E8
:10111000351140003B1140003F1140004311400099
:10112000471140004B1140004FF4FA4310E04FF4D8
:1011300000430DE04FF400430AE0084B08E0084B81
:1011400006E0084B04E0074B02E0064B00E00023FA
:1011500018460C37BD4680BC704700BF00093D00F3
:1011600000127A00001BB70080B582B000AF0346C2
:10117000FB7100BFFB791846054B9847034683F087
:101180000103DBB2002BF5D100BF0837BD4680BD9F
:101190008510400080B586B000AFF8607A603B6093
:1011A0000B46FB72FB7A18460D4B984702467B684C
:1011B000B2FBF3F37B617B693A6802FB03F37B616B
:1011C0003B68013B1A04074B13407A68D2B21343C1
:1011D00043F47C52FB681A6000BF1837BD4680BDDF
:1011E000F51040000000FF0780B582B000AF7860C6
:1011F00039603B68002B08D1094B9847094A7B6846
:101200001B6843F00053936205E0074B9847054A7B
:101210007B681B68D36200BF0837BD4680BD00BF36
:10122000D51B400000040E40051C400080B582B074
:1012300000AF78607B68002B03D1054B98470346CD
:1012400002E0044B9847034618460837BD4680BD68
:10125000ED1B40001D1C400080B582B000AF03466E
:10126000FB71FB79033B042B08D8FB791846064B2E
:101270009847FB791846054B984700E000BF00BF30
:101280000837BD4680BD00BFFD0F4000691140001A
:1012900080B582B000AF786000BF7868044B984793
:1012A0000346002BF9D0002318460837BD4680BD01
:1012B0002D12400080B500AF0620044B984702462F
:1012C0001346DB001344184680BD00BFF5104000F4
:1012D00080B500AF024B98470346184680BD00BF5B
:1012E000B512400090B583B000AF1148114B98473C
:1012F0000620114B9847381D0923012206210F4C67
:10130000A0473B1D002118460D4B984700200D4B70
:10131000984700200C4B98470C4B98470C4B98472C
:1013200003461846034B984700BF0C37BD4690BD97
:10133000000E2707B12640005912400095114000C9
:10134000E911400091124000E919400019254000C0
:10135000D112400080B485B000AFF860B9607A6007
:101360007B68002B03D0FB68BA685A6602E0FB6812
:10137000BA681A6600BF1437BD4680BC704780B497
:1013800087B000AFF860B9607A60BB68B3F1405FC6
:1013900003D0BB68B3F1605F03D1FB689B6B7B61DB
:1013A00002E0FB68DB6B7B617A697B681340002B92
:1013B00001D1002300E0012318461C37BD4680BC44
:1013C000704780B487B000AFF860B9607A60FB689E
:1013D0007A685A64BB68B3F1C05F4AD0B3F1C05FAA
:1013E00008D8B3F1006F16D0B3F1805F2CD0002B7A
:1013F00069D064E0B3F1205F65D0B3F1205F03D81A
:10140000B3F1005F4AD05AE0B3F1405F5BD0B3F173
:10141000605F58D053E0FB681B6F7B61FB681A6FFD
:101420007B68D9437B690B401A40FB681A67FB68ED
:101430005B6F7B61FB685A6F7B68D9437B690B40AC
:101440001A40FB685A673AE0FB681B6F7B617A6859
:101450007B691A43FB681A67FB685B6F7B61FB68FB
:101460005A6F7B68D9437B690B401A40FB685A6707
:1014700025E0FB681B6F7B61FB681A6F7B68D943B3
:101480007B690B401A40FB681A67FB685B6F7B61E6
:101490007A687B691A43FB685A6710E0FB681B6F28
:1014A0007B617A687B691A43FB681A67FB685B6F2C
:1014B0007B617A687B691A43FB685A6700BFFB68E7
:1014C0007A685A6000E000BF1C37BD4680BC704798
:1014D00080B584B000AFF860B9607A60B968F86828
:1014E000194B98477B6803F001031A46B968F868FE
:1014F000164B98477B6803F00A03002B03D0FB6868
:10150000BA681A6202E0FB68BA685A627B6803F044
:101510000203002B04D0FB68BA68C3F8802008E0FF
:101520007B6803F00803002B03D0FB68BA68C3F89C
:101530008420FB68BA685A61FB68BA681A6000BF09
:101540001037BD4680BD00BF8116400055134000D6
:1015500080B584B000AFF860B9607A603B60B9686C
:10156000F868124B9847BA69B968F868104B984701
:101570003B68002B03D0FB68BA681A6502E0FB6881
:10158000BA685A657B68002B03D0FB68BA681A6397
:1015900002E0FB68BA685A63FB68BA681A61FB68C4
:1015A000BA681A6000BF1037BD4680BD8116400082
:1015B0005513400090B587B002AFF860B9607A600B
:1015C0003B60BB68B3F1005F16D0B3F1005F09D890
:1015D000B3F1805F10D0B3F1C05F0DD0B3F1006FF5
:1015E0000AD03DE0B3F1405F1AD0B3F1605F17D08D
:1015F000B3F1205F0ED033E07A68B968F8681C4B0D
:1016000098473B6803F001031A467968F868194B5C
:10161000984727E03A687968F868174B984721E0BF
:10162000BB68B3F1605F0CBF01230023DBB21A4635
:101630003B6803F00403002B14BF01230023DBB23B
:1016400019463B6803F00103002B14BF012300235C
:10165000DBB200930B467968F868084CA04701E0BC
:10166000002300E0012318461437BD4690BD00BF9B
:10167000C313400055134000D114400051154000E1
:1016800080B483B000AF786039607B683A685A6490
:1016900000BF0C37BD4680BC704780B483B000AF3C
:1016A00078607B68DB6C18460C37BD4680BC7047A1
:1016B00080B483B000AF78607B689B6C18460C37B1
:1016C000BD4680BC7047000080B584B000AF786034
:1016D0007868084B9847F8607B6803F01F03012285
:1016E00002FA03F31A46FB681A6300BF1037BD46BF
:1016F00080BD00BFD918400080B584B000AF7860CD
:101700007868084B9847F8607B6803F01F03012254
:1017100002FA03F31A46FB685A6300BF1037BD464E
:1017200080BD00BFD918400090B587B002AF786087
:1017300039607868634B9847F8603B6803F0F04382
:10174000B3F1005F67D0B3F1005F09D8B3F1805FF8
:101750002BD0B3F1C05F43D0B3F1006F0AD0A9E042
:10176000B3F1405F7ED0B3F1605F7BD0B3F1205F17
:101770006CD09FE07B6803F01F03012202FA03F3A1
:101780001A464FF00061F8684F4B98477B6803F0AA
:101790001F03012202FA03F319463B6803F0010319
:1017A0001A46F868494B984786E07B6803F01F03A8
:1017B000012202FA03F31A464FF08051F868424BB7
:1017C00098477B6803F01F03012202FA03F31946CE
:1017D0003B6803F001031A46F8683C4B98476BE0FE
:1017E0007B6803F01F03012202FA03F31A464FF04D
:1017F000C051F868344B98477B6803F01F030122FF
:1018000002FA03F319463B6803F001031A46F8682D
:101810002E4B984750E07B6803F01F03012202FA29
:1018200003F31A464FF00051F868274B98477B683E
:1018300003F01F03012202FA03F319463B6803F089
:1018400001031A46F868214B984735E07B6803F09E
:101850001F03012202FA03F33A681946F8681C4B89
:10186000984729E07B6803F01F03012202FA03F383
:1018700019463B6803F06053B3F1605F0CBF01236E
:101880000023DBB21A463B6803F00403002B14BFAD
:1018900001230023DBB218463B6803F00103002B51
:1018A00014BF01230023DBB200930346F868094C00
:1018B000A04701E0002300E0012318461437BD468D
:1018C00090BD00BFD9184000C3134000551340001D
:1018D000D11440005115400080B485B000AF78604D
:1018E0007B685B0903F5001303F207735B02FB607F
:1018F000FB6818461437BD4680BC704780B584B07D
:1019000000AF7860396078682C4B9847F860786849
:101910002B4B98470246FB681340FB60FB68002B8B
:101920003CD00023BB6034E0264ABB681B01134453
:101930001A683B689A4226D1224ABB681B011344AD
:1019400004331A68FB681340002B1CD01D4ABB6887
:101950001B0113440C331B681A49BA6812010A446C
:1019600010681849BA6812010A4404321268114614
:101970009847144ABB681B01134404331B68DB43BC
:10198000FA681340FB60BB680133BB60BB68062B81
:1019900003D8FB68002BC7D100E000BF0A4B1B68CF
:1019A000002B07D0094B1B68002B03D0074B1B688B
:1019B0007868984700BF1037BD4680BD9B16400031
:1019C000B1164000F8090020D40A0020680A00205F
:1019D00080B500AF0C210248024B984700BF80BD84
:1019E00000100E40FD18400080B485B000AF786054
:1019F0001C491C4B1B6B23F070027B6813430B6369
:101A00004FF40063FB6007E0FB68002B01D101236A
:101A100023E0FB68013BFB60124B9B6E03F0080365
:101A2000002BF1D00F4A0F4B1B6B23F0030343F045
:101A3000020313634FF40063FB6007E0FB68002BB5
:101A400001D1012309E0FB68013BFB60054B9B6E64
:101A500003F00803002BF1D0002318461437BD46CD
:101A600080BC704700040E4080B483B000AF786043
:101A70007B68012B07D1084A074B9B6843F025433D
:101A800043F480139360044B044A1A6000BF0C3780
:101A9000BD4680BC704700BF10140E40080000A572
:101AA00080B400AF094B5B6903F08003002B07D0C3
:101AB000074B9B6E03F08003002B01D0012300E055
:101AC00000231846BD4680BC704700BF10140E406E
:101AD00000040E4080B483B000AF7860184A184B01
:101AE0001B6A43F45C1343F00803136200BF144BFA
:101AF0009B6E03F40033002BF9D01149104B1B6A85
:101B000023F45C1323F070037A68134343F45C13EB
:101B10000B6200BF0A4B9B6E03F40033002BF9D01D
:101B2000074A074B1B6A23F09B7323F4803343F46B
:101B30005C13136200BF0C37BD4680BC704700BF0A
:101B400000040E4080B483B000AF786039607B68D9
:101B5000002B08D01649164B1B6A164A1A40164B22
:101B600013430B621EE01249114B1B6A23F45C13F2
:101B700023F003033A68120292B2134343F45C1356
:101B800043F001030B6200BF094B9B6E03F001039E
:101B9000002BF9D0064A064B1B6A43F09B7343F4B3
:101BA0008033136200BF0C37BD4680BC704700BF56
:101BB00000040E40FCFFC8FE0200370180B400AFF5
:101BC000034B9B6E03F480331846BD4680BC7047C0
:101BD00000040E4080B400AF034B4FF000529A62F5
:101BE00000BFBD4680BC704700040E4080B400AF0B
:101BF000034B9B6E03F002031846BD4680BC704742
:101C000000040E4080B400AF034B0022DA6200BF34
:101C1000BD4680BC704700BF00040E4080B400AFDA
:101C2000034B9B6E03F004031846BD4680BC70470F
:101C300000040E4080B483B000AF78607B68222B34
:101C400001D901232FE07B681F2B13D8184B9A6909
:101C500001217B6801FA03F31A4001217B6801FA34
:101C600003F39A421ED0124A01217B6801FA03F362
:101C7000136117E07B68203B7B600D4BD3F8082194
:101C800001217B6801FA03F31A4001217B6801FA04
:101C900003F39A4206D0064A01217B6801FA03F356
:101CA000C2F80031002318460C37BD4680BC70478F
:101CB00000040E4080B483B000AF78607B685B683E
:101CC00003F00203002B01D0012300E0002318469B
:101CD0000C37BD4680BC704780B584B000AF7860DB
:101CE000084611461A4603467B800B467B70134616
:101CF0003B7043F69823FB6006E0FB685A1EFA60CF
:101D0000002B01D1012320E07B681B6903F0020353
:101D1000002BF2D078680F4B98470346002B0ED06B
:101D20007A887B781B0403F470231343BB603B78F1
:101D3000002B06D0BB6843F08073BB6001E07B885A
:101D4000BB607B68BA68DA60002318461037BD466E
:101D500080BD00BFB51C400080B485B000AFF86006
:101D6000B9607A60FB68BA680C3253F8223023F00D
:101D7000F001FB68BA680C3243F82210FB68BA68BD
:101D80000C3253F822207B6842EA0301FB68BA68F0
:101D90000C3243F8221000BF1437BD4680BC704798
:101DA00080B483B000AF78607B6808221A607B68DB
:101DB00020221A607B6804221A6000BF0C37BD46DF
:101DC00080BC704780B584B000AF78603960002374
:101DD000FB607B684FF0FF329A627B681B6A786811
:101DE0000E4B984778680E4B98473B6859683B689C
:101DF0001B681A4678680B4B98470346012B01D1A4
:101E00000123FB603B685B7A012B02D17B68402297
:101E10001A60FB6818461037BD4680BD612140003E
:101E2000A11D4000291E400080B489B000AFF860B9
:101E3000B9607A600023FB61BB68344A934201D9E0
:101E400001235DE0BB68324A934237D97B68314A4F
:101E5000A2FB03239B0B043B7B61BA682E4B13440C
:101E60009B007A68B2FBF3F3043B3B6105E0FB693E
:101E70000133FB617B695B087B617B69FF2B09D9BF
:101E8000FB69062BF3D905E0FB690133FB613B6974
:101E90005B083B613B69FF2B02D9FB69062BF3D939
:101EA0007B69DAB23B691B029BB21A43FB691B04D4
:101EB00003F4E0231A43FB681A6120E0BB685B006F
:101EC0007A68B2FBF3F3043BBB6105E0FB690133C5
:101ED000FB61BB695B08BB61BB69FF2B02D9FB6976
:101EE000062BF3D9BB69DAB2BB691B029BB21A435A
:101EF000FB691B0403F4E0231A43FB681A61002307
:101F000018462437BD4680BC704700BF801A0600C3
:101F100000DC0500F11976050012FD3F80B485B0A4
:101F200000AF786039603B68002B01D100231DE0D1
:101F30007B681B78FB603B68012B09DDFB681B029B
:101F4000FB607B6801331B781A46FB681343FB6018
:101F50003B68022B09DDFB681B02FB607B680233D8
:101F60001B781A46FB681343FB60FB68184614375E
:101F7000BD4680BC7047000080B588B000AF786077
:101F800039603B68DB68FB613B689B68BB61002391
:101F9000FB7547F230533B61FB69002B01D10123F4
:101FA00069E07B6800225A603B681B7C1B0403F4D9
:101FB000FE023B685B681B0203F44073134343F467
:101FC00080527B685A607B680022DA603A683B681E
:101FD0005B68194610462A4B984702467B68DA60D0
:101FE000FB69012B05D17B6803221A600123FB7575
:101FF00034E07B6801221A600023FB752EE07B68C9
:102000001B6AFB60FB6803F48073002B01D005237F
:1020100031E03B695A1E3A61002B01D109232AE0C5
:10202000FB69012B07D1FB7D002B04D17B680222C9
:102030001A600123FB75FB6803F00203002B00D13B
:102040000CE0BB695A1CBA617A68126BD2B21A7082
:10205000FB69013BFB6147F230533B61FB69002B9D
:10206000CDD100BF7B681B6A03F00103002BF9D0C0
:102070007B681B6A002318462037BD4680BD00BF21
:102080001D1F400080B586B000AF786039603B68A6
:10209000DB687B613B689B683B617B69002B01D1FE
:1020A000012356E07B6800225A603B681B7C1B04BE
:1020B00003F4FE023B685B681B0203F440731A439F
:1020C0007B685A607B680022DA603A683B685B682C
:1020D00019461046214B984702467B68DA6019E0A2
:1020E0007B681B6AFB60FB6803F48073002B01D0E4
:1020F00005232EE0FB6803F00403002B00D109E068
:102100003B695A1C3A611B781A467B685A637B69A3
:10211000013B7B617B69002BE2D17B681B6AFB6022
:10212000FB6803F48073002B01D0052311E0FB68EA
:1021300003F00403002B00D1EFE700BF7B6802220D
:102140001A6000BF7B681B6A03F00103002BF9D003
:10215000002318461837BD4680BD00BF1D1F400034
:1021600080B483B000AF78607B6880221A607B689F
:102170001B6B00BF0C37BD4680BC704780B489B074
:1021800000AFF860B9607A60BB681A017B689A4258
:1021900002D81023FB6101E00823FB617B68DA00B1
:1021A000FB69B96801FB03F35B081A44FB69B96872
:1021B00001FB03F3B2FBF3F3BB61BB69DB087B619B
:1021C000BB6903F007033B617B69002B03D07B698C
:1021D000B3F5803F01D301230FE0FB69082B05D144
:1021E000FB685B6843F40022FB685A603B691A0491
:1021F0007B691A43FB681A62002318462437BD46E0
:1022000080BC704780B582B000AF786078680F4BB3
:1022100098477B6800225A607B6800225A627B687C
:1022200000229A6278680A4B98477868094B984769
:102230007868094B98477868084B98477868084B46
:10224000984700BF0837BD4680BD00BF2924400025
:10225000012340003123400079234000AD2340009A
:102260009323400080B584B000AFF860B9607A6015
:10227000F8681A4B98471A4B00221A60BB68002B6B
:1022800009D0BB681B687A681946F868154B9847EF
:102290000346002B01D001231BE0BB685A68BB68D2
:1022A0009B681A43BB681B691A43BB68DB681A4307
:1022B0000B4B1B6813430A4A1360094B1B68084AFF
:1022C0001360FB685A68064B1B681A43FB685A6028
:1022D000002318461037BD4680BD00BF05224000D0
:1022E0006C0A00207D21400080B483B000AF78608C
:1022F0007B6840221A6000BF0C37BD4680BC704727
:1023000080B483B000AF78607B6888221A6000BF19
:102310000C37BD4680BC704780B483B000AF786096
:102320007B6810221A6000BF0C37BD4680BC704726
:1023300080B483B000AF78607B6824221A6000BF4D
:102340000C37BD4680BC704780B483B000AF786066
:1023500039607B683A689A6000BF0C37BD4680BC24
:10236000704780B483B000AF78607B685B691846C3
:102370000C37BD4680BC704780B483B000AF786036
:102380007B684FF480721A6000BF0C37BD4680BC7A
:10239000704780B483B000AF78607B684FF4003240
:1023A0001A6000BF0C37BD4680BC704780B483B054
:1023B00000AF78607B684FF400221A6000BF0C37D2
:1023C000BD4680BC704780B483B000AF7860396090
:1023D0007B685B6903F00203002B01D1012305E058
:1023E0003B68C3F308027B68DA61002318460C37A8
:1023F000BD4680BC704780B483B000AF7860396060
:102400007B685B6903F00103002B01D1012306E027
:102410007B689B69C3F308023B681A600023184677
:102420000C37BD4680BC704780B483B000AF786085
:102430007B68044AC3F8E42000BF0C37BD4680BC6B
:10244000704700BF0041535580B584B000AF274BA3
:10245000FB60274BBB60FA68BB689A420DD907E066
:10246000BB681A1DBA60FA68111DF96012681A601B
:10247000BB68204A9342F3D320E0FA68BB689A42D3
:102480001CD21C4A1A4BD31A7B60FA687B6813442F
:10249000043BFB60BA687B681344043BBB600AE002
:1024A000BB681A1FBA60FA68111FF96012681A60D7
:1024B0007B68043B7B607B68002BF1D100BF0E4B37
:1024C000BB6004E0BB681A1DBA6000221A60BB68DA
:1024D0000A4A9342F6D30A4BFB600A4AFB689360B0
:1024E000094B9847094B9847FEE700BF0496400008
:1024F00000000020C0090020C0090020A095012094
:102500000000400000ED00E0393A40001531400085
:1025100080B400AFFEE7000080B400AF5D4B1B6BE2
:1025200003F00303032B00F2968001A252F823F07C
:102530004125400061254000AB254000AB2540000F
:10254000554B5B6903F08003002B04D0534B4FF4D1
:1025500000421A6080E0514B4FF4FA421A607BE06F
:102560004C4B1B6A03F08073002B03D04B4B4C4A3F
:102570001A6071E0494B4B4A1A60464B1B6A03F0E4
:102580007003102B08D0202B0AD0002B00D00BE0BA
:10259000424B444A1A6007E0404B434A1A6003E04A
:1025A0003E4B3F4A1A6000BF56E03A4B1B6A03F0AD
:1025B0008073002B03D0394B394A1A6019E0374B2E
:1025C000384A1A60334B1B6A03F07003102B08D093
:1025D000202B0AD0002B00D00BE0304B314A1A6080
:1025E00007E02E4B304A1A6003E02C4B2C4A1A604D
:1025F00000BF284B1B6B03F00303022B15D1254BA7
:102600009B6A1B0CC3F30A030133244A126802FBC2
:1026100003F3224A13601F4B9B6ADBB21F4A126806
:10262000B2FBF3F31D4A136016E01A4BDB6A1B0C76
:10263000C3F30A030133194A126802FB03F3174A72
:102640001360144BDB6ADBB2144A1268B2FBF3F37B
:10265000124A136000E000BF0E4B1B6B03F07003C7
:10266000702B08D10D4B1B68104AA2FB03235B089B
:102670000A4A13600AE0074B1B6B1B0903F00703B0
:10268000064A126822FA03F3044A136000BFBD46EB
:1026900080BC704700040E4010140E400C00002057
:1026A000001BB70000093D0000127A00ABAAAAAADD
:1026B00080B483B000AF78607B68184A934204D836
:1026C000174B4FF080621A6023E07B68154A9342F3
:1026D00003D8134B144A1A601BE07B68134A9342D9
:1026E00003D80F4B124A1A6013E07B68114A9342D9
:1026F00003D80B4B104A1A600BE07B680F4A9342D9
:1027000004D8074B4FF004221A6002E0044B0C4A35
:102710001A6000BF0C37BD4680BC7047FF2C3101EA
:10272000000A0E40FF59620200010004FF86930375
:1027300000020004FFB3C40400030004FFE0F50539
:102740000005000480B485B000AF7860104BFB60DA
:10275000104B1B68002B02D10E4B0F4A1A600D4B19
:102760001B68BB60BA687B681A44FB689A4202DD4A
:102770004FF0FF3306E0074B1A687B681344054AA5
:102780001360BB6818461437BD4680BC704700BF55
:10279000FCFF0120700A0020A0C5012080B483B096
:1027A00000AF78607B68072B25D801A252F823F090
:1027B000D1274000D7274000DD274000E327400015
:1027C000E7274000EB274000EF274000F3274000B9
:1027D0004FF4FA4310E04FF400430DE04FF4004390
:1027E0000AE0084B08E0084B06E0084B04E0074B02
:1027F00002E0064B00E0002318460C37BD4680BCC3
:10280000704700BF00093D0000127A00001BB700AE
:1028100080B500AF0620044B984702461346DB0004
:102820001344184680BD00BF9D27400080B500AF0F
:10283000024B98470346184680BD00BF1128400050
:1028400080B582B000AF314BDB6C7B607B6803F4FA
:102850000043002B27D02E4B1B78DBB2002B0BD173
:102860002A4A2A4BD3F8503143F00103C2F85031C1
:10287000274B01221A7016E0254B1B78DBB2012B87
:1028800011D1224A214BD3F8503123F00103C2F871
:102890005031204B02221A621C4B4FF400425A6402
:1028A0001B4B02221A707B6803F40023002B02D01A
:1028B000194B01221A707B6803F48063002B02D04D
:1028C000164B01221A707B6803F00203002B09D01B
:1028D00002224FF020510D48114B98470346DAB2BF
:1028E000104B1A707B6803F00403002B09D00422FC
:1028F0004FF0205105480A4B98470346DAB20A4B7D
:102900001A7000BF0837BD4680BD00BF000E0E40E4
:10291000780A0020680F0E40E4090020E509002035
:102920007F134000790A00207A0A002080B400AFAB
:102930000B4B4FF400425A61094B4FF40042C3F86D
:10294000B020074B4FF40042C3F8C020044B4FF4B3
:102950000042C3F8D42000BFBD4680BC704700BF12
:10296000000E0E4080B584B000AF13200D4B984789
:102970004FF0006103200C4B98474FF0006104209A
:10298000094B9847094B984703467B60084BBB604F
:102990003B1D19460748084B984700BF1037BD46F6
:1029A00080BD00BF351C4000291740002D28400085
:1029B000A086010000800140C51D400080B582B0A6
:1029C00000AF786039603868094B98477B68D3F866
:1029D000503123F001027B68C3F850217B684FF02F
:1029E000FF32C3F8582100BF0837BD4680BD00BF85
:1029F000351C40002DE9F04F85B000AF0B20674B30
:102A000098474FF060511420654B9847654A654BD5
:102A10001B6F43F400331367624A624B5B6F23F40E
:102A2000003353675F4B4FF400325A605E4B2222F3
:102A30005A645D4B4FF400721A6000BF5A4B9B6E94
:102A400003F40073002BF9D0584B984703461946FE
:102A50004FF000020B461446A60046EA93769D000E
:102A60002B4634465B1844EB0204DB1844EB0404A9
:102A70001946224643F2AF634FF00004CD1842EBF3
:102A80000406284631464A4C43F2B0624FF0000338
:102A9000A04703460C461846464B98471420464B21
:102AA0009847424B9847034619464FF000020B46A1
:102AB0001446A000F860F86840EA9370F8609B0044
:102AC000BB60D7E902345B1844EB0204DB1844EB2B
:102AD00004041946224643F2AF634FF00004CD18B8
:102AE00042EB040628463146314C43F2B0624FF0C7
:102AF0000003A04703460C4618462E4B9847142067
:102B00002E4B9847294B9847034619464FF0000231
:102B10000B46144660017860786840EAD3607860BC
:102B20005B013B60D7E900345B1A64EB02044FEAB7
:102B3000840B4BEA937B4FEA830A53465C465B184F
:102B400044EB02044FEA840949EA93794FEA830887
:102B500043464C461946224643F2AF634FF0000409
:102B6000CD1842EB040628463146114C43F2B062C0
:102B70004FF00003A04703460C4618460D4B9847FC
:102B80000F4B98470F4B98470B2106480E4B984721
:102B900000BF1437BD46BDE8F08F00BF351C4000B4
:102BA00029174000000E0E4000040E402D28400062
:102BB0002937400001000020F9164000C9164000E6
:102BC000652940002D294000BD29400080B500AF97
:102BD0000A480B4B9847002108480A4B98470121A7
:102BE0000648084B984702210448064B98470321A2
:102BF0000248044B984700BF80BD00BF00800140E1
:102C00007D0640000907400080B58AB000AF424B06
:102C10001B697B6200BF414B1B78DBB2022BFAD0F1
:102C20003E4B01221A703E4B3B623E4A3B6A536068
:102C30003C493C4B1A6F3B6A13430B673949394B8C
:102C40005A6F3B6A13434B67364A3B6A1366354BF0
:102C50004FF0FF32C3F85821324BD3F86431BB60D8
:102C6000BB68314BFB61FB6902221A622F4B1A468B
:102C7000FB691A60FB692E4A5A60FB6900221A61DF
:102C8000FB6900225A61FB6901221A62254B00226E
:102C9000C3F85021274B00221A70224BDB6C7B605B
:102CA0007B68204B4FF400421A641B4B1B69BB61CD
:102CB00000BF204B1B78DBB2022BFAD1164B1B69ED
:102CC0007B61194B5B68C3F5C3339F331A4A1360AA
:102CD000194B1B681846194B98470346FB740E4B5B
:102CE0001B69FB607A69BB69D31A154A1360FA68DD
:102CF0007B69D31A134A1360FA687B6AD31A124AA3
:102D00001360FB7C002B02D1044B00221A70FB7C69
:102D100018462837BD4680BD000001407B0A0020D0
:102D2000000081FF000E0E40680F0E40D90A0020FF
:102D30009F860100780A0020840A00204D2D400063
:102D40007C0A0020800A0020880A002080B487B016
:102D500000AF786000237B6100233B610023FB739D
:102D60000023BB7300237B730023BB6041E0FB7B2C
:102D7000002B10D12F4ABB6813441B78FF2B2DD199
:102D8000BB6801332B4AD35CD82B27D1BB687B614E
:102D90000123FB7322E0BB7B002B0ED1254ABB68CD
:102DA00013441B78FF2B19D1BB680133214AD35C34
:102DB000DA2B13D10123BB7310E01E4ABB68134406
:102DC0001B78FF2B0AD1BB6801331A4AD35CD92B7D
:102DD00004D1BB683B6101237B730FE0BB68C3F385
:102DE0000C03002B02D1144B144A1A60BB68013348
:102DF000BB607B685A1EBB689A42B8D8FB7B002B2D
:102E00000ED07B7B002B0BD03A697B699A4207D9A5
:102E10003A697B69D31A0233094A1360012303E03C
:102E2000074B00221A60002318461C37BD4680BCA1
:102E3000704700BFD80A002050140E40010000A5C2
:102E4000740A002080B483B000AF0346FB7197F989
:102E50000730002B0BDB084997F907305B09FA793B
:102E600002F01F02012000FA02F241F8232000BF05
:102E70000C37BD4680BC704700E100E080B483B0F1
:102E800000AF03463960FB7197F90730002B0ADB6E
:102E90000D4997F907303A68D2B21201D2B20B4409
:102EA00083F800230AE00949FB7903F00F03043B90
:102EB0003A68D2B21201D2B20B441A7600BF0C3774
:102EC000BD4680BC704700BF00E100E000ED00E0BF
:102ED00080B483B000AF78607B68072B25D801A24F
:102EE00052F823F0052F40000B2F4000112F400017
:102EF000172F40001B2F40001F2F4000232F4000A2
:102F0000272F40004FF4FA4310E04FF400430DE048
:102F10004FF400430AE0084B08E0084B06E0084B7A
:102F200004E0074B02E0064B00E0002318460C3794
:102F3000BD4680BC704700BF00093D0000127A000A
:102F4000001BB70080B500AF0620044B984702462F
:102F50001346DB001344184680BD00BFD12E40004D
:102F600080B500AF024B98470346184680BD00BFAE
:102F7000452F400080B48DB000AF786039607B6829
:102F8000FB623B68BB62FB6A7B627B6A5A09FB6A35
:102F90003B623B6A03F01F03012101FA03F3FA616C
:102FA000BB61BB6A7B61FB693B613B6903F5001355
:102FB00003F207735B02FB607B6903F00803002BDD
:102FC00003D0FB68BA695A6602E0FB68BA691A6600
:102FD0007B6903F01003002B04D0FB68BA69C3F8C7
:102FE000942003E0FB68BA69C3F890207B6903F082
:102FF0002003002B03D0FB68BA691A6502E0FB6866
:10300000BA695A657B6903F0C003002B03D0FB68E3
:10301000BA691A6202E0FB68BA695A627B6903F016
:103020008003002B04D0FB68BA69C3F8842003E056
:10303000FB68BA69C3F880207B6903F00103002BA9
:1030400006D0FB681A6FBB691A43FB681A6706E073
:10305000FB681A6FBB69DB431A40FB681A677B6920
:1030600003F00203002B06D0FB685A6FBB691A43BA
:10307000FB685A6706E0FB685A6FBB69DB431A407E
:10308000FB685A6700BF3437BD4680BC704780B4C8
:103090008DB000AF78600B46FB707B68FB62FB78FD
:1030A00087F82B30FB6A7B627B6A3B623B6A5B0979
:1030B000FB61FB6903F5001303F207735B02BB615D
:1030C00097F82B30012B09D1FB6A7B617B6903F0F8
:1030D0001F0301229A40BB691A610CE097F82B305C
:1030E000002B08D1FB6A3B613B6903F01F030122FF
:1030F0009A40BB695A61FB6AFB60FB6803F01F03DF
:1031000001229A40BB69C3F8A02000BF3437BD46F6
:1031100080BC70472DE9F04F9DB000AF914B9847B0
:10312000914B9847914A02231370914B9847914BCA
:10313000984700210B20904B9847042117208E4B75
:1031400098470B208D4B9847884A032313708C4B6C
:1031500098478C4B9847854A042313708A4B9847AD
:103160008A4B9847814A05231370894B98477F4AB9
:1031700001231370874B9847034619464FF000020E
:103180000B461446660146EAD3665D012B4634467B
:103190005B1A64EB02044FEA840949EA93794FEA27
:1031A000830843464C465B1844EB02044FEA840B09
:1031B0004BEA937B4FEA830A53465C461946224604
:1031C00043F2AF634FF00004CD1842EB04062846EB
:1031D0003146714C43F2B0624FF00003A047034602
:1031E0000C4618466D4B98476D4B98475F4A06232F
:1031F000137007206B4B9847664B98470346194658
:103200004FF000020B461446DB1844EB04045B1835
:1032100044EB02046001F865F86D40EAD360F8659C
:103220005801B865D7E91656ED1846EB04062B464B
:1032300034465B1844EB020443F2AF614FF00002E6
:103240005D1844EB020628463146534C43F2B06207
:103250004FF00003A04703460C4618464F4B9847D3
:103260000720514B98474B4B9847034619464FF060
:1032700000020B46144660017865786D40EAD36021
:1032800078655B013B65D7E914345B1A64EB020493
:10329000A000F864F86C40EA9370F8649B00BB648B
:1032A000D7E912345B1844EB020422017A647A6C89
:1032B00042EA13727A641B013B64D7E91034194661
:1032C000224643F2AF634FF00004CD1842EB0406F0
:1032D00028463146304C43F2B0624FF00003A0471D
:1032E00003460C4618462D4B9847304A002313706E
:1032F000002387F86F3037E12C4B1B78DBB2002BB3
:103300001BD005212A482B4B9847284A00231370CD
:10331000294A002313700BE0244B1B78DBB2002BEF
:1033200006D005212248234B9847204A00231370DA
:10333000214B1B78DBB2002BEED01F4B1B78DBB28E
:10334000002BD9D03C211D481A4B98471C491D48D9
:103350001D4B98470346002B38D0012387F86F3068
:1033600002E100BFE5124000F10F40008C0A00208E
:10337000A93640005D0940007D2E4000452E4000EA
:103380005D0C4000890D4000F10C40003D0D4000F7
:10339000F5294000612F400029374000010000203E
:1033A000CD2B4000F9164000C9164000E509002069
:1033B000A8924000F90D4000790A0020B492400024
:1033C000BC92400078910120213E40009E4B9847DE
:1033D000034619464FF000020B461446A000F8635E
:1033E000F86B40EA9370F8639B00BB63D7E90E3437
:1033F0005B1844EB0204E0007863786B40EA53709A
:103400007863DB003B63D7E90C345B1A64EB02049E
:103410002001F862F86A40EA1370F8621B01BB628F
:10342000D7E90A345B1844EB020422017A627A6A13
:1034300042EA13727A621B013B62D7E908341946EB
:10344000224643F2AF634FF00004CD1842EB04066E
:10345000284631467D4C43F2B0624FF00003A0474E
:1034600003460C4618467A4B98470720794B9847F5
:10347000754B9847034619464FF000020B46144619
:10348000DB1844EB04045B1844EB02046001F861B0
:10349000F86940EAD360F8615801B861D7E9065687
:1034A000ED1846EB04062B4634465B1844EB020449
:1034B00043F2AF614FF000025D1844EB020628466C
:1034C0003146624C43F2B0624FF00003A04703461E
:1034D0000C4618465E4B984707205F4B98475A4B5F
:1034E0009847034619464FF000020B461446600108
:1034F0007861786940EAD36078615B013B61D7E924
:1035000004345B1A64EB0204A000F860F86840EA37
:103510009370F8609B00BB60D7E902345B1844EB02
:10352000020422017A607A6842EA13727A601B010F
:103530003B60D7E900341946224643F2AF634FF0AF
:103540000004CD1842EB0406284631463F4C43F2B6
:10355000B0624FF00003A04703460C4618463C4BB0
:1035600098473E4A0023137097F86F3083F00103A9
:10357000DBB2002B7FF4E1AE00213948394B98478C
:1035800000213948374B984700213848354B984738
:1035900000213748334B984700213648314B984734
:1035A000002135482F4B9847002134482D4B984730
:1035B000334B08221A70294B1B78DBB2002B1BD02F
:1035C00005213048274B9847244B00221A702E4B78
:1035D00000221A700BE0214B1B78DBB2002B06D0C7
:1035E000052128481F4B98471C4B00221A70264B78
:1035F0001B78DBB2002BEED0234B1B78DBB2002B09
:10360000D9D0224B1B78DBB2002BD4D0204B1B69C6
:10361000BB661F4B1B697B661E4B1B68BA6ED31AB9
:103620001D4A13601D4B98471D4B9847184B1B694B
:103630003B663A6E7B6ED31A1A4A1360144B1B69B1
:10364000144A1360B7E700BF612F400029374000DC
:1036500001000020F9164000C9164000E5090020CD
:10366000C4924000F90D4000D8924000F092400012
:10367000009340001493400024934000389340008E
:103680008C0A0020A8924000790A00207A0A0020C3
:1036900000000140980A0020940A0020B50E400066
:1036A000092C4000900A002080B500AF0B20184B79
:1036B00098474FF060510720164B984700224FF46F
:1036C00000211548154B984700210120144B9847BD
:1036D00000210220124B984710210120114B9847DE
:1036E000102102200F4B98470B4B0622C3F8B02045
:1036F000094B0622C3F8C020074B0622C3F8D4208A
:10370000054B06221A64044B18225A6400BF80BD80
:10371000351C400029174000000E0E40D114400017
:103720008F304000752F400053B94AB9002908BFB7
:1037300000281CBF4FF0FF314FF0FF3000F07AB986
:10374000ADF1080C6DE904CE00F006F8DDF804E0F8
:10375000DDE9022304B070472DE9F0478C460D46A1
:103760000446089E002B51D18A4217466DD9B2FA01
:1037700082FEBEF1000F0BD0CEF1200C01FA0EF547
:1037800020FA0CFC02FA0EF74CEA050C00FA0EF4D3
:103790004FEA174A250CBCFBFAF81FFA87F90AFB17
:1037A00018CC45EA0C4508FB09F3AB420AD9ED19E0
:1037B00008F1FF3280F02381AB4240F22081A8F172
:1037C00002083D44ED1AA4B2B5FBFAF00AFB10550D
:1037D00044EA054400FB09F9A14509D9E41900F1BF
:1037E000FF3380F00A81A14540F2078102383C4452
:1037F000A4EB090440EA08400021002E61D024FA1D
:103800000EF4002334607360BDE8F0878B4207D963
:10381000002E54D0002186E821000846BDE8F0873C
:10382000B3FA83F1002940F08E80AB4202D382428A
:1038300000F2FA80841A65EB03050120AC46002EE5
:103840003FD086E81010BDE8F08712B90127B7FB1A
:10385000F2F7B7FA87FEBEF1000F34D1EB1B3A0C3A
:103860001FFA87FC0121B3FBF2F8250C02FB183389
:1038700045EA03450CFB08F3AB4207D9ED1908F103
:10388000FF3002D2AB4200F2D1808046ED1AA3B2E3
:10389000B5FBF2F002FB105543EA05440CFB00FCBB
:1038A000A44507D9E41900F1FF3302D2A44500F280
:1038B000B8801846A4EB0C0440EA08409DE7314666
:1038C0003046BDE8F087CEF1200405FA0EF307FA82
:1038D0000EF720FA04F83A0C25FA04F448EA030833
:1038E000B4FBF2F14FEA184502FB11441FFA87FCC2
:1038F00045EA044501FB0CF3AB4200FA0EF409D98A
:10390000ED1901F1FF3080F08A80AB4240F28780F0
:1039100002393D44EB1A1FFA88F5B3FBF2F002FBC3
:10392000103345EA034500FB0CF3AB4207D9ED1910
:1039300000F1FF386FD2AB426DD902383D44EB1A2B
:1039400040EA01418FE7C1F1200722FA07F88B40D6
:1039500005FA01F448EA030320FA07FE4FEA134C84
:10396000FD404EEA040EB5FBFCF94FEA1E440CFB89
:1039700019551FFA83F844EA054509FB08F4AC42DF
:1039800002FA01F200FA01FA08D9ED1809F1FF3044
:1039900043D2AC4241D9A9F102091D442D1B1FFAA3
:1039A0008EFEB5FBFCF00CFB10554EEA054400FB07
:1039B00008F8A04507D9E41800F1FF3529D2A04541
:1039C00027D902381C4440EA0940A4EB0804A0FBB4
:1039D00002894C45C6464D4615D312D056B1BAEBB6
:1039E0000E0364EB050404FA07F7CB401F43CC40F9
:1039F000376074600021BDE8F0871846F8E690460D
:103A0000E0E6C245EAD2B8EB020E69EB03050138E5
:103A1000E4E72846D7E7404691E78146BEE70146FE
:103A200078E702383C4445E7084608E7A8F1020871
:103A30003D442BE7704700BF70B50F4E0F4D761B0E
:103A4000B61018BF002405D0013455F8043B984740
:103A5000A642F9D10A4E0B4D761B05F0BDFDB610FE
:103A600018BF002406D0013455F8043B9847A642FD
:103A7000F9D170BD70BD00BFE4954000E4954000F1
:103A8000EC954000E495400070B4860746D0541E83
:103A9000002A41D0CAB2034602E014F1FF343BD3FE
:103AA00003F8012B9D07F8D1032C2ED9CDB245EA9E
:103AB00005250F2C45EA054519D903F110022646C4
:103AC000103E0F2E42F8105C42F80C5C42F8085C85
:103AD00042F8045C02F11002F2D8A4F1100222F0C4
:103AE0000F0204F00F041032032C13440DD91E46AC
:103AF0002246043A032A46F8045BFAD8221F22F031
:103B000003020432134404F003042CB1C9B21C4470
:103B100003F8011B9C42FBD170BC7047144603465E
:103B2000C2E700BF0EB4F0B59CB021AB0F4953F80B
:103B3000042B019305466FF00044086802954FF48A
:103B400002774FF6FF7602A90695ADF8147004943B
:103B50000794ADF8166000F06FFA029B00221A700D
:103B60001CB0BDE8F04003B0704700BF100000205B
:103B70002DE9F0414FF0010E744600254FF0FF365D
:103B80002B198B4200EB06070DD23F5D10F803C0E6
:103B9000BC452DD21D460124A3EB060E2B198B42EA
:103BA00000EB0607F1D34FF00108C2F800E04446ED
:103BB00000254FF0FF372B19994200EB070E0ED965
:103BC0001EF804E010F803C0F44518D91D4601247E
:103BD000A3EB07082B19994200EB070EF0D8013729
:103BE000701C874224BFC2F800803846BDE8F081CF
:103BF0000CD04FF0010E2E4674467544C0E70BD032
:103C00004FF001082F4644464544D4E7744512BF9F
:103C100001341D460124B3E7444512BF01341D465B
:103C20000124C8E72DE9F04FADF2144D16460546C4
:103C30008B461046194603AA1C46FFF799FF03ABB3
:103C400081460DF20C4243F8044F9342FBD14CB134
:103C5000631E721E04A812F8011F40F8213013F1F0
:103C6000FF33F8D203994A463144304603F060F8F6
:103C700000286FD109F1FF330093F31882460193B6
:103C800023468046544658469A4608EB0A073A1A95
:103C90000021284402F0FCFF002856D1002F54D008
:103CA000EB1904AA13F8013C52F823304BB124B1AC
:103CB000039A934201D2AAEB0203984400243846A7
:103CC000E3E74C4523460AF1FF3E38BF4B467345B8
:103CD00013D208EB030216F803C0A85C84452A44FB
:103CE00006EB030106D02CE011F801CF12F8010F0A
:103CF000844526D101337345F6D34C45009980F0B5
:103D00008980009B08EB0302019BA85C1B7898420A
:103D10002A447FD1019804F1FF3B06E010F801CD61
:103D200012F801EDF44503D119464B1E9B45F5D120
:103D300001348C4270D8039C3846A044AAEB04049A
:103D4000A3E7C9F101029044B7E700200DF2144D3A
:103D5000BDE8F08FA4EB09034B4538BF4B46013358
:103D600009F1FF38039306EB080358464FF0000AA9
:103D7000CB4699460AEB04073A1A0021284402F080
:103D800087FF0028E1D1002FDFD0EB1904AA13F838
:103D9000013C52F82330A3BB611E8B4515D20AEBC0
:103DA0000B0216F80B3015F802E09E452A4406EB8C
:103DB0000B005B4606D027E010F801CF12F801EFA8
:103DC000F44521D101338B42F6D3B8F1FF3F11D036
:103DD0000AEB080299F80010AB5C99422A440FD113
:103DE0004B4605E013F8010D12F8011D884207D17A
:103DF000B342F7D105EB0A000DF2144DBDE8F08F88
:103E0000039B9A443846B5E7CBF1010292449A44A9
:103E10003846AFE749468BE705EB080096E700BF59
:103E20000278002A00F001812DE9F04F91F800801E
:103E300085B04446B8F1000F16D0864601F1010C5A
:103E4000012703E013F8014B6CB19C46A24214BF5A
:103E5000002707F001071EF8012F6346002AF1D161
:103E60009CF80030FBB917B105B0BDE8F08F0E46E5
:103E7000054641460130ACEB060403F045FD07461C
:103E800088B1012CF0D02819874294BFC11B0121B1
:103E90001F2C8B460BD9234632463846FFF7C2FE0D
:103EA00005B0BDE8F08F002005B0BDE8F08F03AA93
:103EB00021463046FFF75CFE0399804602463144B6
:103EC000304602F035FF002857D108F1FF33009348
:103ED000F3188146054601935846B2466619321AD0
:103EE0000021384402F0D4FE0028DCD1002EDAD0C4
:103EF000C845434638BF4B469C4212D95A191AF856
:103F00000310B85C81423A440AEB030E06D02CE061
:103F10001EF8010F12F8011F884226D101339C427E
:103F2000F6D1C845009940F28380009BEA18019BB6
:103F3000B85C1B7898423A447AD1019809F1FF3B6A
:103F400006E010F801CD12F801EDF44503D1194651
:103F50004B1E5B45F5D109F10109894557D8039BF3
:103F600030461D44A4EB0309B8E7C8F1010215442B
:103F70001D444FF000093046B0E7A4EB0803434569
:103F800038BF4346013308F1FF39039306EB0903B9
:103F900058460025BB469A4667193A1A00215844EC
:103FA00002F076FE00287FF47EAF002F3FF47BAF57
:103FB000444515D908EB050216F808301BF8020035
:103FC00098425A4406EB0801434606D023E011F814
:103FD00001EF12F8010F86451DD101339C42F6D145
:103FE000B9F1FF3F12D005EB09029AF800301BF837
:103FF000021099425A4414D1534605E013F8010DBA
:1040000012F8011D88420CD1B342F7D15F467819EE
:1040100005B0BDE8F08FC8F1010215441D443846D3
:10402000BAE7039B38461D44B6E70B7813B97047CF
:10403000414690E7002070472DE9F04FC3B00C4691
:104040000B9192460F930C9002F044FB03681A9375
:10405000184603F0D5FCA3891990190603D52369E6
:10406000002B01F0038000230DF1C8091393159371
:1040700014932793269318931B930993CDF8949048
:10408000C846169317939AF800305446E3B1252B8F
:1040900002D119E0252B03D014F8013F002BF9D1F0
:1040A000A4EB0A0585B1269B279AC8F800A0013326
:1040B0002A44072BC8F80450279226937FDC08F186
:1040C0000808099B2B4409932378002B7FD00023F9
:1040D0001A468DF8773019460D939B464FF0FF3006
:1040E00063780A9004F1010A0AF1010AA3F12000A1
:1040F000582800F2C183DFE810F03802BF03BF0385
:104100004002BF03BF03BF03BF03BF03BF0345029A
:104110000302BF035D006B02BF0386029D039D0384
:104120009D039D039D039D039D039D039D03BF036D
:10413000BF03BF03BF03BF03BF03BF03BF03BF036F
:10414000BF0337035703BF035703BF03BF03BF03B7
:10415000BF039803BF03BF03AD03BF03BF03BF0388
:10416000BF03BF035902BF03BF031E03BF03BF0347
:10417000BF03BF03BF03BF03BF03BF03BF03BF032F
:10418000C602DB025703570357038B02DB02BF0350
:10419000BF039002BF039D02CC01B4020802BF031B
:1041A000E101BF037E00BF03BF030D020D980F9313
:1041B00040420D904BF0040B9AF8003094E725AA8A
:1041C0000B990C9803F08AFC40B9C84679E7279B05
:1041D00023B10C980B9925AA03F080FC0B9B9B89BB
:1041E00013F0400F099B18BF4FF0FF330993099854
:1041F00043B0BDE8F08F1BF0200F119340F0DD813C
:104200000F9A1BF0100F134640F06E851BF0400F05
:1042100000F06A8514880432002501230F920027DC
:104220008DF877700A994A1C00F065822BF08002A5
:10423000079254EA050240F06482002940F03C8471
:10424000002B40F0D7841BF001030E9300F004868E
:1042500042AE302306F8413D0A9B0E9A9342B8BF06
:10426000134608930023129317B1089B0133089358
:10427000079B13F00203109302D0089B02330893AC
:10428000079B13F0840540F00E830D9B089AA3EB67
:10429000020BBBF1000F40F30683BBF1100F279C0C
:1042A000269A29DD43462146A84610270C9C0B9DE3
:1042B00006E0ABF1100BBBF1100F03F1080318DDA2
:1042C0000132B74826921031072A279183E88100EE
:1042D000EFDD25AA2946204603F000FC00287FF4E4
:1042E0007DAFABF1100BBBF1100F2799269A4B460F
:1042F000E6DC45460C4698460132A94B26925C44C2
:10430000072A279488E8080800F398849DF87770B6
:1043100008F1080877B1269B013301340DF17701CC
:104320000122072B2794269388E8060000F3DB83FD
:1043300008F10808109B6BB1269B013302341EA9BB
:104340000222072B2794269388E8060000F3D683E1
:1043500008F10808802D00F015830A9B0E9A9F1A19
:10436000002F36DD102F269B8E4D27DD424621463D
:10437000B0464FF0100B2E460C9C0B9D04E0103FF6
:10438000102F02F1080215DD01331031072B2791A0
:10439000269382E84008F2DD25AA2946204603F04C
:1043A0009DFB00287FF41AAF103F102F2799269B02
:1043B0004A46E9DC35460C464646904601333C44C5
:1043C000072B2794269388E8A00000F3818308F147
:1043D0000808079BDF0500F16882269B0E99C8F844
:1043E000006001330C44072B2794C8F8041026936F
:1043F00000F34D8308F10808079B5B073AD50D9B36
:10440000089A9D1A002D35DD102D269B20DD1026E3
:104410000C9FDDF82CB004E0103D102D08F10808C9
:1044200016DD01335E4A26931034072B279488E863
:104430004400F1DD25AA5946384603F04FFB002819
:104440007FF4CCAE103D102D279C269BC846E8DC9F
:104450000133534A26932C44072B279488E82400E1
:1044600008DD25AA0B990C9803F038FB00287FF48F
:10447000B5AE279C099B0D9A08998A42ACBF9B1840
:104480005B180993002C40F00D8300232693C84647
:10449000F9E511931BF0200340F0E3811BF01002BB
:1044A00040F02E841BF0400300F02A840F9913463D
:1044B0000A4604320C880F920025B0E60F9A119339
:1044C000166800248DF87740151D002E00F0A78691
:1044D0000A9A531C00F009862146304602F0D8FBA8
:1044E000002800F0E186831B0E930A940F95CDF807
:1044F0001CB023EAE373089312949DF87770B3E637
:104500009AF8003001222B21EEE54BF0200B9AF8AF
:104510000030E9E51193002A40F09587224B18936B
:104520001BF0200F40F011810F9A1BF0100F134663
:1045300040F0E1831BF0400F00F0DD83043314886A
:104540000F9300251BF0010F00F00C8154EA0503C6
:1045500000F0088130239DF844208DF878308DF8E4
:1045600079204BF0020B022359E69AF8003000291B
:104570007FF4BAAD01222021B6E54BF0010B9AF889
:104580000030B1E50F9C23680D93184600282346A0
:1045900003F10403FFF60AAE0F939AF80030A3E587
:1045A00098934000A8934000789340004BF0100B84
:1045B0001BF0200F11933FF423AE0F9D073525F01C
:1045C000070303F10802D3E900450F92012326E611
:1045D0009AF800302A2B0AF1010400F02787A3F192
:1045E00030000928A24600F2AD8600231C461AF8C6
:1045F000013B04EB840400EB4404A3F130000928E0
:10460000F5D90A9472E54BF0800B9AF800306BE50F
:104610004BF0400B9AF8003066E59AF800306C2BAE
:1046200003BF9AF801304BF0200B0AF1010A4BF05E
:10463000100B59E5002A40F011871BF0200F40F0C5
:10464000F9841BF0100F40F0AC841BF0400F00F019
:10465000A8840F9A136804320F92BDF824201A80A0
:1046600011E50F99B34B0C6818933022782304316D
:104670008DF8793011934BF0020B0F9100258DF8D6
:1046800078200223CBE50F9911930A688DF8A020BA
:1046900000230A461F468DF8773004320123089321
:1046A000CDF81CB00A9712970F920E9328AEDFE553
:1046B0001193002A40F0EA861BF0200F5DD11BF019
:1046C000100F40F008831BF0400F00F004830F9997
:1046D000B1F900400431E51722462B460F91002A1C
:1046E00073F1000358DB0A999DF877704A1C4FF06C
:1046F00001037FF49BAD54EA050200F0DF81CDF8A1
:104700001CB0012B00F07B82022B40F0068218982F
:104710004E46230904F00F0143EA05732A091C469B
:104720001546435C06F8013D54EA0503F1D1A9EBB7
:1047300006030E9390E51193002A40F0A3867E4B6A
:1047400018931BF0200F3FF4EFAE0F9D073525F0B7
:10475000070303F108021BF0010F0F92D3E9004594
:104760007FF4F4AE02235AE51193002A40F08686C6
:104770004BF0100B1BF0200FA1D00F9D073525F03B
:104780000705D5E90023002A05F108011D4673F14C
:1047900000030F911446A6DA2D27644265EB450508
:1047A0008DF8777001233DE51193002A40F0628671
:1047B0000F9D073525F0070303F108020F921A68D1
:1047C00015925B681493149B159D23F000442846B2
:1047D00021464FF0FF32594B03F0F0FE002840F025
:1047E0004A83284621464FF0FF32544B03F0C8FE5F
:1047F000002840F0408315A80DC8149903F0B6FEB8
:10480000002840F030859DF877704D4E4D4B2BF0D1
:104810008000079011980322002108920A914728EE
:10482000D8BF1E460E9212911EE54BF0080B9AF867
:10483000003059E4A3F1300000231C461AF8013B74
:1048400004EB840400EB4404A3F130000928F5D9FB
:104850000D944BE44BF0100B11931BF020033FF42D
:104860001DAE0F9D073525F0070303F10802D3E9BC
:1048700000450F920023D2E41193002A40F0E7850F
:10488000119A002A3FF4A3AC002301211F4608918E
:104890008DF8A020CDF81CB08DF877300A931293D4
:1048A0000E9128AEE4E4279C34E5119B652B40F380
:1048B000A78015A80DC8149903F04EFE002800F03B
:1048C0005081269B204AC8F8002001330134012280
:1048D000072B27942693C8F8042000F36A8308F175
:1048E00008081F9B139A279C934203DB079BDD0755
:1048F0007FF582AD269B19991A9AC8F800200133DA
:104900000C44072BC8F804102794269300F39E83C9
:1049100008F10808139B5E1E002E7FF76DAD102E68
:10492000269B0A4D40F3F58122461027DDF830B072
:104930000B9C13E07893400064934000FFFFEF7FEF
:10494000589340005493400094934000A893400033
:1049500008F10808103E102E40F3DA8101331032BE
:10496000072B2792269388E8A000F1DD25AA21468F
:10497000584603F0B3F800287FF430AC279A269B02
:10498000C846E7E70D9B089A9F1A002F7FF7E5AC12
:10499000102F269BB64D27DD42462146B0464FF0EC
:1049A000100B2E460C9C0B9D04E0103F102F02F1C3
:1049B000080215DD01331031072B2791269382E879
:1049C0004008F2DD25AA2946204603F087F8002892
:1049D0007FF404AC103F102F2799269B4A46E9DC50
:1049E00035460C464646904601333C44072B2794F7
:1049F000269388E8A00000F3328208F10808ACE4AE
:104A0000139B269F012B40F3FE81013701340123C4
:104A1000072F27942697C8F80060C8F8043000F3E1
:104A2000038208F10808199A1A9BC8F80030013768
:104A30001444072F27942697C8F8042000F3008217
:104A400008F1080815A80DC8149903F085FD139BFB
:104A5000002840F00181013B013701361C44072F3B
:104A600026972794C8F80060C8F8043000F327811F
:104A700008F108081B9AC8F804200137144421AB38
:104A8000072F27942697C8F800307FF7B3AC25AAE4
:104A90000B990C9803F022F800287FF49FAB279C19
:104AA000C846A9E425AA0B990C9803F017F800282A
:104AB0003FF4EBACFFF792BBDDF81CB0012B00F02C
:104AC0003481022B25D1CDF81CB0002400251EE630
:104AD00025AA0B990C9803F001F800287FF47EAB0F
:104AE000279CC84675E425AA0B990C9802F0F6FF9E
:104AF00000287FF473AB279CC8461BE425AA0B99BA
:104B00000C9802F0EBFF00287FF468AB279CC846A6
:104B100020E4CDF81CB000240025494600E03146D1
:104B2000E20842EA4572E80804F007030546144625
:104B3000303354EA050201F8013C01F1FF36EED1B1
:104B4000079AD2077FF5F3AD302B3FF4F0AD023971
:104B5000302306F8013CA9EB01030E930E46FFF744
:104B60007BBB1F99002940F32E82129B139A93421C
:104B7000A8BF1346002B1F460DDD269BC8F800601A
:104B800001333C44072B2794C8F80470269300F3A4
:104B90001F8308F10808129B002FA8BFDB1B002B06
:104BA0001F4640F3D680102F269B314D40F3ED81F8
:104BB00042462146B0464FF0100B2E460C9C0B9DF2
:104BC00004E00832103F102F40F3DB810133103135
:104BD000072B2791269382E84008F2DD25AA294673
:104BE000204602F07BFF00287FF4F8AA2799269B35
:104BF0004A46E7E70A9B0E934E46FFF72DBB002D72
:104C000008BF0A2CC0F08F804E46204629460A2253
:104C10000023FEF789FD303206F8012D2046294693
:104C200000230A22FEF780FD04460D4654EA0503E0
:104C3000EBD1A9EB06030E93FFF70EBB25AA0B9948
:104C40000C9802F04BFF00287FF4C8AA9DF87770FB
:104C5000279CC846FFF75EBB5E1E002E7FF70AAF9B
:104C6000102E034D22DD22464FF0100B0C9C06E067
:104C7000A8934000103E102E08F1080815DD0137FA
:104C80001032072F2792269788E82008F2DD25AA00
:104C90000B99204602F022FF00287FF49FAA103EC5
:104CA000102E279A269FC846E9DC14460137344463
:104CB000072F2794269788E860007FF7D9AE25AAAA
:104CC0000B990C9802F00AFF00287FF487AA279C12
:104CD000269FC846CEE60F9A146813460433E5179C
:104CE0000F9322462B46FAE404321C680F920123EC
:104CF0000025FFF794BA1C6804330F93002521E4C4
:104D00000F990A4604320C680F920025FFF787BA04
:104D1000144601333444072B2794269388E8600017
:104D20007FF768ABB3E6DDF81CB0CDF81CB042AE3F
:104D30003034012306F8414D0E93FFF78DBA25AAB2
:104D40000B990C9802F0CAFE00287FF447AA279C12
:104D5000C8461F9A139B9A4244DB079BD90741D44C
:104D6000139B12989A1A1D1A9542A8BF1546002D3A
:104D70000EDD2699C8F80450013106442C44072959
:104D8000C8F800602794269100F33B8208F10808D8
:104D9000002DACBF561B1646002E7FF72DAB102EF4
:104DA000269BB04DB5DD22461027DDF830B00B9CB8
:104DB00004E008F10808103E102EA9DD013310327E
:104DC000072B2792269388E8A000F2DD25AA21462A
:104DD000584602F083FE00287FF400AA279A269BFB
:104DE000C846E8E7269B19981A99C8F800100133BD
:104DF0000444072B2794C8F80400269300F3F58198
:104E000008F10808ACE7079BDA073FF5FEAD01376C
:104E100001340123072F27942697C8F80060C8F8AB
:104E200004307FF725AE4AE725AA0B990C9802F0CB
:104E300055FE00287FF4D2A9279C269FC846F2E59C
:104E400025AA0B990C9802F049FE00287FF4C6A908
:104E5000279C269FC846F5E54E46FFF7FDB925AAD3
:104E60000B990C9802F03AFE00287FF4B7A9279C12
:104E7000C846FFF772BA159C22462046149C23466A
:104E8000214603F09BFB002840F086820A9B0133F9
:104E9000119B23F020030E9300F0E281472B00F0DA
:104EA0001E814BF480730793149B1F1E159B089360
:104EB000BBBF3B4603F1004700232D231093119BFA
:104EC000662B00F0BB81462B00F0DF800E9B089A1A
:104ED000452B0CBF0A9B0A9D23A820A908BF5D1C77
:104EE000049003911FA802213B4602900195009176
:104EF0000C9800F075FB119B672B064640F0E08193
:104F00001BF0010F00F046827419169A0898179B3F
:104F1000394603F021FB002840F06581239BA34222
:104F200006D230215A1C23921970239B9C42F9D837
:104F30009B1B13930E9B472B00F0E980119B652B65
:104F400040F3CD81119B662B1F9B129300F09E8135
:104F5000139B129A1946914200F38A811BF0010FAC
:104F600040F0138222EAE273089367230E921193B2
:104F7000109B002B40F0C4800A939DF87770FFF7D8
:104F800073B935460C464646904601333C44072BE0
:104F90002794269388E8A0003FF7D1AE08F10808CF
:104FA000D7E60F9A136804320F92099A1A60FFF736
:104FB0006AB825AA0B990C9802F090FD00287FF49E
:104FC0000DA9C8468DE4269B274AC8F80020013366
:104FD00001340122072B27942693C8F8042072DCA1
:104FE00008F1080829B9139B1BB9079BD8077FF55F
:104FF00003AA269B19981A9AC8F800200133024682
:105000002244072B2792C8F80400269300F38D81D1
:1050100008F108080029C0F265811399C8F80060FA
:1050200001338C18072B27942693C8F804107FF7B8
:10503000E1A92CE50F9A09991368CD1708460432A7
:1050400029460F92C3E90001FFF71DB825AA0B9965
:105050000C9802F043FD00287FF4C0A8279CC846A6
:1050600058E400BFA89340009493400040210C985E
:1050700001F042FB0B9A10601061002800F0F281F1
:105080000B9A40235361FEF7EEBF23A820A90A9C88
:10509000049003911FA803210290089A01943B46B3
:1050A00000910C9800F09CFA25460646119B462B71
:1050B00006EB05047FF429AF3378302B00F07881BC
:1050C0001F9D2C4421E725AA0B990C9802F006FDA0
:1050D00000287FF483A81F99279CC84682E70A9B73
:1050E000002B08BF01230A93DBE630460A9402F046
:1050F00087FC0F950E90CDF81CB00346FFF7F9B969
:105100002D2700238DF877700A93FFF7AEB81F9B09
:1051100012931A46033304DB0A9B19469142BFF6E9
:1051200017AF119B023B11939DF844308DF88430EA
:10513000129B013B002B1F93BDBF129BC3F10103C8
:105140002D222B22092B8DF8852040F316810DF19D
:1051500093042046AB4D00E0104685FB0312D9179F
:10516000C1EBA20101EB8102A3EB4202303209291B
:1051700000F8012C0B4600F1FF32EDDC3033023831
:10518000D9B2844202F8011C40F265810DF186001B
:10519000134601E013F8011B00F8011BA342F9D1EB
:1051A00001339B1A0DF18602134421AA9B1A139A0C
:1051B0001B93012A13440E9340F319810E9B199AF5
:1051C00013440E9323EAE373089300231293CFE66C
:1051D00025AA0B990C9802F081FC00287EF4FEAF02
:1051E000279CC846D7E42346A2E625AA0B990C982B
:1051F00002F074FC00287EF4F1AF1F9A279CC84689
:10520000AEE525AA0B990C9802F068FC00287EF404
:10521000E5AF1F9A139B279C9A1AC846B8E50A9BCC
:105220001296062B28BF06230A96374608930F9539
:10523000CDF81CB00E93744EFFF716B823A820A922
:105240000A9D049003911FA803210290089A0195DA
:105250003B4600910C9800F0C3F9064644192BE731
:1052600006230A931DE62D278DF87770FFF7CDBA38
:10527000199A139B1344129A0E93002A40F3B0809C
:1052800023EAE37308936723119371E6002B40F33D
:10529000C3800A9A002A40F099801BF0010F40F069
:1052A000958008930E9363E60A9B08930E930A90E9
:1052B0000F95CDF81CB012909DF87770FEF7D4BF13
:1052C000119B472B7FF420AE1BF0010F7FF4EEAE55
:1052D000239B9B1B13930E9B472B3FF418AF1F9BE5
:1052E000129321E74F421031484D2FDA1024DDF898
:1052F00030B004E008F10808103F102F26DD01331C
:105300001032072B27922693C8F80050C8F80440A3
:10531000F0DD25AA0B99584602F0E0FB00287EF448
:105320005DAF279A269BC846E6E725AA0B990C98FD
:1053300002F0D4FB00287EF451AF1F99279A269BD8
:10534000C84667E600200A90FEF7D0BE01333A4413
:10535000072B88E8A0002792269308F108087FF71A
:105360005CAE25AA0B990C9802F0B8FB00287EF4DD
:1053700035AF279A269BC8464FE6303330228DF84A
:1053800087308DF8862022AB0FE7129B199A1344C1
:105390000E9375E7239BCBE5149B1D4E002BB6BFE8
:1053A0002D279DF877708DF877701A4BFFF72FBA7D
:1053B000169A0898179B394603F0CEF800287FF418
:1053C0007FAEC5F101051F952C449EE5129B199AED
:1053D00013440A9A1A4422EAE2730E920893C7E52C
:1053E000129B0E9AC3F101031A441346D0E71BF037
:1053F000010312937FF4E2AE0E9B23EAE37308935A
:10540000B6E500BF676666668C934000A8934000CF
:10541000609340005C9340000A9B13B91BF0010F9E
:1054200002D0199B0133D4E701233AE70F9D9AF884
:105430000130286840EAE0700A9028460430A2460D
:105440000F90FEF751BE8DF87710FFF767B88DF813
:105450007710FFF715BA0DF18603A6E68DF87710E1
:10546000FFF7EBB80C9A0C2313604FF0FF3309934E
:10547000FEF7BDBE8DF87710FFF79AB98DF877105B
:10548000FFF776B98DF87710FFF759B98DF87710D7
:10549000FFF712B9024B13B1024800F005B870478C
:1054A0000000000035644000002301461A461846FB
:1054B00002F0A0BB02690B69934200F38D802DE9D5
:1054C000F04F03F1FF3801F1140700F1140B57F806
:1054D00028205BF828304FEA880483B00132B3FB00
:1054E000F2F90BEB0403009407EB040A0193B9F102
:1054F000000F39D000252E46BC46DE465CF8044B32
:10550000DEF80030A2B209FB0255220C2C0C09FB7C
:105510000242ADB2751B96B2C6EB134615FA83F381
:1055200006EB23469BB243EA0643E2454FEA1245A7
:105530004EF8043B4FEA2646E0D2009B5BF803306E
:1055400093B9019C231F9B450CD254F8043C4BB9E2
:10555000A4F1080302E01A68043B1AB99B4508F15C
:10556000FF38F8D3C0F81080044601F019FF002876
:105570002EDB09F101095D46002357F8041B28685A
:105580008AB29A1A0B0C12FA80F2C3EB104303EBA7
:10559000224392B242EA0342BA4545F8042B4FEA4D
:1055A0002343EAD25BF828200BEB880382B91A1F49
:1055B00093450BD253F8042C42B9083B02E01A6819
:1055C000043B1AB99B4508F1FF38F8D3C4F81080A2
:1055D000484603B0BDE8F08F00207047000000008F
:1055E0002DE9F04F016C9BB00446279E92469B46E6
:1055F00041B1426C4A60012393408B6001F0F8FC9A
:1056000000232364BBF1000F5D4635DB00233360CC
:105610009D4BAB4315D0504659460022002302F063
:105620009BFF804600282DD0269A01231360289BDB
:10563000002B00F0BD809548186001381BB0BDE814
:10564000F08F269A42F20F731360BAF1000F0DD15A
:10565000C5F3130555B9289B8D48002BEED000F1FA
:105660000803289A13601BB0BDE8F08F289B894877
:10567000002BE3D0C31CF4E701232BF0004533607B
:10568000AB46C5E718AA19AB0192009352465B4698
:10569000204601F025FF2B0D814671D0CBF313027C
:1056A00042F07F51189FCDF850805046A3F2FF364C
:1056B00041F440110022784B02F032FB6CA3D3E995
:1056C000002302F0E1FC6CA3D3E9002302F02AFBE3
:1056D000CDE90201304602F071FC69A3D3E9002351
:1056E00002F0D2FC02460B46DDE9020102F01AFB91
:1056F000CDE9040102F078FF002202900023DDE9E9
:10570000040102F033FF002840F07381029D162D42
:1057100000F25D81614B03EBC503D3E90001524602
:105720005B4602F041FF002800F0C5816B1E02932A
:1057300000230E93BF1B7B1E069300F154810023B0
:105740000893029B002BC0F24581069A0D931146E7
:105750001944002306910C93249B092B2AD8052B6E
:1057600040F35B86043B24930025249B023B032BE0
:1057700000F24286DFE813F0D403C902DF036104BC
:10578000189F199E3E4406F23243202B40F38E812F
:10579000C3F1400306F212409D402AFA00F028436C
:1057A00002F0FCFB0123013EA1F1F871149381E7A3
:1057B0003B4843E7002161642046259101F0F2FB5C
:1057C0004FF0FF330A93259A0F930123049020642E
:1057D00024920B93199B002BC0F2D980029A0E2AB7
:1057E00000F3D5802D4B03EBC203D3E90023CDE9B1
:1057F0000823259B002BC0F2BA83DDE908565046EA
:105800002A463346594602F069FD02F0EDFE804615
:1058100002F0D4FB2A46334602F036FC0B46024621
:105820005946504602F07CFA049D08F130032B7073
:105830000A9B012B06460F4605F1010568D00022A0
:10584000184B02F021FC0022002306460F4602F00E
:1058500083FE002840F08880CDF82C904FF0000A9D
:10586000DFF840B00C94DDE9088928E0AFF3008050
:1058700061436F63A787D23FB3C8608B288AC63F56
:10588000FB799F501344D33F0000F07F9593400075
:10589000B8934000C49340000000F83F00944000DB
:1058A000949340000000244002F0EEFB002200230D
:1058B00006460F4602F050FE002840F0C1834246E3
:1058C0004B463046394602F009FD02F08DFE044693
:1058D00002F074FB42464B4602F0D6FB02460B46F2
:1058E0003046394602F01CFA04F1300E049E05F8E9
:1058F00001EBA5EB060E0A9EB645CDE90601524620
:105900005B46D1D1A046DDF82C900C9C06460F4694
:1059100032463B463046394602F004FA06460F4608
:1059200002460B46DDE9080102F020FE48B9324686
:105930003B46DDE9080102F00FFEA8B118F0010FA7
:1059400012D015F8018C049A6B1E04E09A4200F004
:10595000018413F8018DB8F1390F03F10105F5D079
:1059600008F1010883F800804946204601F040FB19
:105970000022029B2A70269A01331360289B002B79
:1059800000F09E8304981D601BB0BDE8F08F0B9A59
:10599000002A3ED0249A012A40F311830A9B0C9AD4
:1059A0005F1EBA42C0F28F83D71B0A9B002BC0F246
:1059B0008B84089D0A9B089A1A440892069A012132
:1059C0001A442046069201F0ADFB064624E001236E
:1059D0000E93AFE6089A029BD21A5B420C93002307
:1059E00008920D93B8E6C7F10103089300230693CC
:1059F000A7E6029D284602F0E1FA02460B46DDE9E1
:105A0000040102F0A9FD00287FF480AE6B1E029312
:105A10007CE60C9F089D0B9E002D0CDD069900294D
:105A20000B4608DDA942089AA8BF2B46D21AED1AE8
:105A3000CB1A089206930C9BD3B10B9B002B00F062
:105A4000B782002F10DD31463A46204601F006FCB1
:105A50004A4601460646204601F06EFB494680460E
:105A6000204601F0C5FAC1460C9BDA1B40F0A1822A
:105A70000121204601F056FB0D9B002B80461CDDCA
:105A800001461A46204601F0E9FB249B012B804683
:105A900040F3548200230C93D8F8103008EB8303B2
:105AA000186901F0EFFAC0F1200010E0C3F1200501
:105AB0000AFA05F074E60E903CE6249B012B40F3B5
:105AC000878200230C930D9B0120002BE4D1069AC2
:105AD000104410F01F0000F0A180C0F12003042B3F
:105AE00040F39E84089BC0F11C00034408931346B6
:105AF000034405440693089B002B05DD49461A46DE
:105B0000204601F0FBFB8146069B002B05DD41464C
:105B10001A46204601F0F2FB80460E9B002B40F017
:105B200086800A9B002B40F366820B9B002B00F0C3
:105B30009880002D05DD31462A46204601F0DEFB27
:105B400006460C9B002B40F0378306960A9B049A6E
:105B5000DDF818B0013BD3180B930AF001030C9346
:105B60001746C24651464846FFF7A4FC3146054653
:105B7000484601F015FC5A460A905146204601F06D
:105B80002BFCC268804605F13003002A40F02B82CE
:105B900001464846089301F003FC41460690204622
:105BA00001F026FA069A089B32B9249921B90C9A79
:105BB000002A00F0EF83249A0A990029C0F29F82FC
:105BC00005D1249919B90C99002900F09882002A6E
:105BD00000F306830B9A3B7007F101089742454694
:105BE00000F00C83494600230A22204601F00AFAFD
:105BF0005E45814631464FF000034FF00A022046D1
:105C000000F0EB8101F0FEF95946064600230A2216
:105C1000204601F0F7F947468346A3E71C20089B7E
:105C200003440893069B03440544069363E74146F7
:105C3000484601F0B5FB0028BFF673AF029F494606
:105C400000230A222046013F029701F0DBF90B9B5B
:105C50008146002B40F0B6830F9B002B40F3BF839F
:105C60000A93DDF810B00A9F5D4602E001F0CAF920
:105C7000814641464846FFF71DFC00F1300A05F811
:105C800001ABA5EB0B03BB424FF00A024FF0000340
:105C900049462046EADB049B0A9A012AACBF9B18BE
:105CA00001331D464FF0000B49460122204601F00A
:105CB00025FB4146814601F073FB002840F33D82FD
:105CC00015F8012C04996B1E04E08B4200F0AE81A4
:105CD00013F8012D392A03F10105F6D001321A70AB
:105CE0004146204601F084F9002E3FF43DAEBBF161
:105CF000000F05D0B34503D05946204601F078F98E
:105D00003146204601F074F92EE600230B93029BE6
:105D1000259A13440F930133012B1F461E460A9305
:105D2000B8BF01270021172F61640AD9012204237B
:105D30005B0003F114008742114602F10102F7D221
:105D40006164204601F02EF90E2E049020643FF687
:105D500041AD002D3FF43EAD02990029CDE910ABD5
:105D600040F30282B84B01F00F020D1103EBC203A6
:105D7000E906D3E9006740F1AE81B44B504659467D
:105D8000D3E9082302F0AAFACDE9120105F00F05C4
:105D90004FF0030A8DB1DFF8B482EA0709D5304627
:105DA0003946D8E9002302F06FF90AF1010A0646E4
:105DB0000F466D1008F10808EFD13B463246DDE989
:105DC000120102F08BFA074688460E9B43B100226F
:105DD0009F4B3846414602F0C9FB002840F08682BE
:105DE000504602F0EBF83A46434602F04DF9994B23
:105DF000002201F097FF0A9B0546A1F15076002B87
:105E000000F03E81029B15930A9B12930B9B002B83
:105E100000F0FA81129A8C4B8F4903EBC20353E9CD
:105E20000223002002F05AFA2A46334601F078FF96
:105E300082468B463846414602F0D6FB054602F0C4
:105E4000BDF802460B463846414601F069FF303541
:105E50005FFA85F8049D06460F4685F800800246E5
:105E60000B4650465946013502F09EFB002854D19E
:105E700032463B460020764901F052FF02460B466F
:105E80005046594602F090FB002840F07082129A6A
:105E9000012A00F01181129B049ACDF84890134416
:105EA00099460DE000206A4901F03AFF52465B46F0
:105EB00002F05CFB002840F058824D4500F0FA806B
:105EC000504659460022654B02F0DEF80022634B33
:105ED00082468B463046394602F0D6F80F460646D3
:105EE00002F082FB804602F069F802460B4630461B
:105EF000394601F015FF08F130085FFA88F852467C
:105F00005B4605F8018B06460F4602F02FFB324632
:105F10003B460028C6D0DDF84890159B029323E548
:105F200000230B93259B002B40F3DC801F461E466D
:105F30000F930A93F6E601230B93F3E7BAF1000FF0
:105F40007FF4A8ADCBF31303002B7FF4BAAD2BF095
:105F500000473F0D3F05002F00F00D82089B0133E5
:105F60000893069B0133069301230C93ABE50A9B30
:105F7000002B3FF742AC40F021820022384BDDE994
:105F8000080102F081F852465B4602F003FBDDF89F
:105F900028804646002841D0259B049DDB43029380
:105FA0004146204601F024F8002E3FF4DDACA7E680
:105FB0000C9A4946204601F051F9814658E5149A59
:105FC000002A00F0878103F233430C9F089DF2E41E
:105FD000BAF1000F7FF475ADB4E701F013F847464E
:105FE00006468346BEE501462046069301F000F8CA
:105FF0000122069BE0E5249B022B7FF796AD0A9BCE
:10600000002BC9D141460522204600F0FBFF014686
:106010008046484601F0C4F90028BDDD029A049983
:106020003123013202920B704D1CB9E7029A013202
:106030000292049A3123137052E601230B9366E611
:10604000DDF82C900C9C8FE400944000D893400025
:106050000000F03F00001C400000E03F0000244032
:1060600000001440504601F0A9FF3A46434602F0B2
:106070000BF80022C14B01F055FE0546A1F1507608
:1060800041460022BE4B384601F04AFE2A463346BE
:1060900082468B4602F088FA8046002840F0108144
:1060A0002A4606F100435046594602F05FFA18B1FD
:1060B000464671E7DDF84890DDE910ABFFF78ABB93
:1060C0000498FFF7BBBA0C9B0D9A0C97FB1A1A4465
:1060D0000D92002769E4DDE910234FF0020ACDE9B3
:1060E000122357E60021012361642046259300F026
:1060F00059FF259B049020640A930F9329E6002AF8
:10610000D046CDF818B09A4611DD49460122204606
:1061100001F0F4F84146814601F042F9002840F3CD
:106120004681BAF1390F00F0068105F1310AB34614
:1061300087F800A07D1C069ED2E504D11AF0010F5D
:1061400001D0BDE5154615F8013C302B05F1FF32B5
:10615000F8D0C5E5049930220A70029A15F8018C2E
:1061600001320292FFF7FCBB00F0BB80029B5D4254
:10617000844B05F00F0203EBC203D3E90023DDE9F2
:10618000100101F081FF2D110746884600F02C8197
:106190007D4E4FF0020AEB0709D538464146D6E955
:1061A000002301F071FF0AF1010A074688466D10CD
:1061B00006F10806EFD108E67168204600F0F2FE0D
:1061C000336902339A00054606F10C010C3000F0E9
:1061D000DFFD29460122204601F090F80690B5E443
:1061E000392BCDF818B0D04600F0A58003F1010A94
:1061F000B34687F800A07D1C069E71E55A46D0463E
:10620000B3469A4616464FE5129B5E4901EBC30121
:106210002A46334651E9020101F036FFCDE9160165
:106220003846414602F0E0F9054601F0C7FE0B464C
:1062300002464146384601F073FD129B0F46049911
:106240003035012B0D70064601F1010526D0129B59
:10625000049ADFF83CB1CDF8489013444FF0000A9F
:10626000994652465B463046394601F00DFF0F46CF
:10627000064602F0B9F9804601F0A0FE08F13008A8
:1062800002460B463046394601F04AFD05F8018BBF
:106290004D4506460F46E4D1DDF848903B4B0022C1
:1062A000DDE9160101F03EFD32463B4602F05EF9A3
:1062B000002846D0159B029315F8018CFFF743BBCD
:1062C0004FF000084646A9E6089B0A9A9D1A00234B
:1062D000FFF771BB189B0C9F089DC3F13603FFF7B6
:1062E0006ABBDDE910784FF0020A6EE50A9B002BCD
:1062F0003FF4B8AE0F9B002B7FF7DEAE0022244B9D
:106300003846414601F0C0FE074688460AF10100C2
:1063100001F054FE3A46434601F0B6FE0022174B08
:1063200001F000FD029A0F9B1293013A0546A1F17C
:10633000507615926AE53922B3463A70069E7D1C66
:10634000C0E4DDE916230020104901F0E9FC3246E3
:106350003B4602F029F908B9AEE6154615F8013CAE
:10636000302B05F1FF32F8D0D7E5DDF84890159BCA
:106370000293FFF7E8BA0C97FFF7A5BB00001C409B
:106380000000144000944000D89340000000E03F1B
:1063900000002440392BCDF818B0D046DDF828B0E5
:1063A0009A46C8D0BBF1000F3FF7BFAEBFE67FF4FF
:1063B000BEAE1AF0010F3FF4BAAEB2E64FF00008DD
:1063C0004646E9E5314600230A22204600F01AFE3F
:1063D0000F9B002B06460ADD0A93FFF7AABB249BFE
:1063E000022B23DC0F9B3BE44FF0020AEDE4249BDD
:1063F000022B1BDC0F9BEFE7002565642946204636
:1064000000F0D0FD4FF0FF330A930F930123049067
:10641000259520640B93FFF7DDB90125FFF7A5B99A
:106420003FF469ABC0F13C00FFF7F9BB0F9B0A9347
:10643000E5E500BF38B50A4C0A4D641BA4100AD02C
:1064400004F18043013B05EB8305013C55F8043919
:106450009847002CF9D1BDE8384003F0C7B800BF19
:10646000FC954000F8954000F8B5244F0C460646D0
:1064700000F08CFDBB685D68C4F57E610F3125F0CE
:106480000305294421F47F6121F00F01A1F5805417
:10649000B4F5805F07DB0021304601F023FABB68CA
:1064A0002B44984204D0304600F076FD0020F8BD21
:1064B0006142304601F016FA01300DD0104BBA6837
:1064C00019682D1B45F001053046091B5560196000
:1064D00000F062FD0120F8BD0021304601F002FA13
:1064E000BA68831A0F2BDEDD064C0549246843F099
:1064F0000103001B53600860D5E700BFB005002012
:106500009C0A0020B8090020002944D02DE9F04160
:106510000D46804600F03AFD55F8047C694927F0A5
:106520000103A5F10804E2188E685068B24220F019
:1065300003005ED0FE0750600BD455F8087CE41BC6
:1065400001F1080EA56875453B446DD0E768EF6022
:10655000BD6015186D68ED073ED543F0010262601D
:10656000E350B3F5007F17D2DB08581C9A104D6832
:1065700051F83070A7600123934001EBC0022B4318
:10658000083AE2604B6041F83040FC604046BDE8AC
:10659000F04100F001BD70475A0A042A52D89A0906
:1065A00002F13907FF0002F13805C819CA59083845
:1065B00090424FD0516821F003018B4232D2926851
:1065C0009042F7D1C368A060E3609C60C46040461D
:1065D000BDE8F04100F0E0BC95683B4FBD4203448C
:1065E00040D0D068E86043F0010285606260E3500B
:1065F000B7E7FF07034407D455F8082CA41A13443F
:10660000A068E268C2609060304A126843F00100FE
:10661000934260608C60B9D32D4B40461968FFF7F8
:1066200023FFB3E71046CDE711184968C90744D4E2
:106630009168D268CA60034443F0010091606060D1
:10664000E350A3E7142A16D802F15C07FF0002F119
:106650005B05AAE7AA1001234D6893402B434B60CA
:106660000346B0E743F001024C610C61E560A560B0
:106670006260E3508AE7542A06D81A0B02F16F07CA
:10668000FF0002F16E0590E7B2F5AA7F06D8DA0B9B
:1066900002F17807FF0002F1770586E740F25450D7
:1066A000824206D89A0C02F17D07FF0002F17C05B8
:1066B0007BE74FF47E777E2577E743F00101616049
:1066C000136063E7B0050020B8050020BC09002076
:1066D000CC0A0020044A054B1268506B002808BF02
:1066E0001846F030704700BF10000020440400201E
:1066F000704700BF704700BF2DE9F04F01F10B0656
:10670000162E83B0054640F29E8036F0070600F153
:10671000BD80B14200F2BA8000F038FCB6F5FC7FD3
:10672000C0F09382730A00F0B880042B00F27981E4
:10673000B30903F1390003F1380EC300BF4F3B44E6
:10674000A3F108015C68A14206D10CE0002A80F2A6
:10675000AA80E468A14206D0636823F003039A1B71
:106760000F2AF3DD70463C69DFF8E4E2744500F07F
:10677000AB81636823F003039A1B0F2A00F3908117
:10678000002AC7F814E0C7F810E080F29D80B3F546
:10679000007F80F06181DB0803F1010C99107A68B9
:1067A00057F83C80C4F8088001238B4007EBCC01EC
:1067B00013430839E1607B6047F83C40C8F80C405F
:1067C0008210012494409C4200F28B801C4206D12E
:1067D00020F0030064001C4200F10400FAD007EB33
:1067E000C009CC468046DCF80C309C4507D16DE1F1
:1067F000002A80F27B81DB689C4500F06781596844
:1068000021F003018A1B0F2AF2DDD3F80CC0D3F864
:10681000088000939C19284646F0010642F00105C5
:106820005E60C8F80CC0CCF808807C613C61C4F89C
:106830000CE0C4F808E065605A5000F0ADFB009B26
:1068400003F108041EE0102920D800F09FFB102659
:1068500018230220794F3B44A3F108025C6894425C
:1068600000F03D816368E168A66823F003032344D8
:1068700028465A68F16042F001028E605A6000F0CA
:106880008BFB0834204603B0BDE8F08F00240C23B6
:1068900020462B6003B0BDE8F08F40204FF400731A
:1068A0004FF03F0E4AE72344E1685A68A66842F079
:1068B0000102F16028468E605A6000F06DFB0834DA
:1068C000204603B0BDE8F08F234428465A6842F0C2
:1068D00001025A6000F060FB0834204603B0BDE8B6
:1068E000F08FBC68636823F00308B04504D3A8EBBD
:1068F00006030F2B00F38580DFF85891504BD9F831
:1069000000201B680132334404EB080A00F0558173
:1069100003F580530F3323F47F6B2BF00F0B594695
:10692000284600F0DFFF411C024600F0FC80824553
:1069300000F2F780434B19685944196000F04D810B
:10694000D9F8000001301BBFA2EB0A0A5144C9F874
:106950000020196012F0070100F01581C1F1080054
:10696000C1F580510244083102EB0B09C9F30B0950
:10697000A1EB0909494628460193009200F0B2FFB5
:10698000431C9DE80C0000F04381801A484440F00D
:1069900001001968BA604944BC425060196017D0C0
:1069A000B8F10F0F40F2FB806068A8F10C0222F0F2
:1069B000070204EB020E00F001004FF0050C10433B
:1069C0000F2A6060CEF804C0CEF808C000F217812C
:1069D0001D4BBC681A68914288BF19601B4B1A682E
:1069E0009142626888BF196022F003029642A2EBCE
:1069F000060301D80F2B04DC284600F0CDFA002452
:106A000040E7A21943F0010346F0010666602846FC
:106A1000BA60536000F0C0FA0834204603B0BDE805
:106A2000F08F142B71D9542B00F2A380330B03F198
:106A30006F0003F16E0EC30080E600BFB0050020BA
:106A4000CC0A00209C0A0020C40A0020C80A0020AA
:106A5000B8050020B80900205A0A042A5BD9142A74
:106A600000F2AE8002F15C01C9005B3207EB010C61
:106A70007958ACF1080C8C4500F088804A6822F007
:106A80000302934273D289688C45F7D1DCF80C205D
:106A90007B68E260C4F808C09460CCF80C408FE6D4
:106AA000A11946F0010C42F00106C4F804C02846C2
:106AB00079613961C1F80CE0C1F808E04E60E2503C
:106AC00000F06AFA0834DDE67B6879E608F101082F
:106AD00018F0030F0CF1080C7FF485AE2DE0DC6894
:106AE000A34208BF02303FF43EAEBBE619441C4649
:106AF0004A68DB6854F8086F42F001024A60284691
:106B0000F3609E6000F048FABCE603F15C0003F11C
:106B10005B0EC30012E69A0902F13901C90038324E
:106B2000A4E7BC4254D0BC68626822F003025DE76F
:106B300059F80839994540F0868010F0030F00F1AC
:106B4000FF30F5D17B6823EA04037B6064009C423C
:106B50003FF6C7AE002C3FF4C4AE1C4240467FF463
:106B60003EAE64001C4200F10400FAD037E68C46C9
:106B70008CE7B3F5AA7F15D8F30B03F1780003F186
:106B8000770EC300DAE54FF48051EDE67B68921092
:106B9000012101FA02F213437B60624679E7012387
:106BA000536029E740F25452934222D8B30C03F1C8
:106BB0007D0003F17C0EC300C0E503F1100BAEE6CF
:106BC000542A29D81A0B02F16F01C9006E324DE721
:106BD000204B196859441960B2E6CAF30B0000282B
:106BE0007FF4AEAE08EB0B03BA6843F001035360C9
:106BF000EEE67F204FF47E734FF07E0E9EE504F1AB
:106C0000080128460093FFF77FFC009B1968DFE628
:106C100001204FF00009BCE6B2F5AA7F05D8DA0BD7
:106C200002F17801C900773220E740F254518A42DC
:106C300005D89A0C02F17D01C9007C3216E74FF4A9
:106C40007E717E2212E77B6880E7F00806F1080378
:106C500000E600BF9C0A002082B049B15AB16BB176
:106C600013780B601278101C18BF012002B0704717
:106C700001A9002AF3D1104602B070476FF001005D
:106C8000F4E700BF0000000000000000000000006A
:106C900001F0FF01102A2BDB10F0070F08D010F8CD
:106CA000013B013A8B422DD010F0070F42B3F6D1D1
:106CB000F0B441EA012141EA014122F007047FF0EA
:106CC00000070023F0E80256083C85EA010586EA41
:106CD000010685FA47F5A3FA87F586FA47F6A5FA7D
:106CE00087F68EB9EED1F0BC01F0FF0102F0070289
:106CF00032B110F8013B013A83EA010313B1F8D134
:106D00000020704701387047002D06BF3546033814
:106D1000073815F0010F07D1013015F4807F02BF4D
:106D2000013015F4C03F0130F0BC0138704700BF9E
:106D3000032A70B422D940EA01039B0711D00378DB
:106D40000C78A3421DD10A44013105E010F8013F3F
:106D500011F8014BA34214D19142F7D1002070BC2D
:106D600070470D680668AE420C46034601F1040107
:106D700000F1040008D1043A032AF2D8002ADED137
:106D8000ECE7181B70BC704721461846D7E700BFD8
:106D9000844641EA000313F003036DD1403A41D326
:106DA00051F8043B40F8043B51F8043B40F8043BE5
:106DB00051F8043B40F8043B51F8043B40F8043BD5
:106DC00051F8043B40F8043B51F8043B40F8043BC5
:106DD00051F8043B40F8043B51F8043B40F8043BB5
:106DE00051F8043B40F8043B51F8043B40F8043BA5
:106DF00051F8043B40F8043B51F8043B40F8043B95
:106E000051F8043B40F8043B51F8043B40F8043B84
:106E100051F8043B40F8043B51F8043B40F8043B74
:106E2000403ABDD2303211D351F8043B40F8043B14
:106E300051F8043B40F8043B51F8043B40F8043B54
:106E400051F8043B40F8043B103AEDD20C3205D324
:106E500051F8043B40F8043B043AF9D2043208D01C
:106E6000D2071CBF11F8013B00F8013B01D30B888E
:106E700003806046704700BF082A13D38B078DD06C
:106E800010F003038AD0C3F10403D21ADB071CBF3E
:106E900011F8013B00F8013B80D331F8023B20F8A8
:106EA000023B7BE7043AD9D3013A11F8013B00F8E1
:106EB000013BF9D20B7803704B7843708B78837069
:106EC000604670478842F0B50DD98B1898420AD2B7
:106ED0008418002A51D0224613F8014D02F8014DC2
:106EE0009942F9D1F0BD0F2A48D941EA00039B0726
:106EF00046D100F1100401F11003154653F8106C4F
:106F000044F8106C53F80C6C44F80C6C53F8086C93
:106F100044F8086C103D53F8046C44F8046C0F2DD1
:106F200003F1100304F11004E8D8A2F1100323F0D8
:106F30000F0302F00F0E1033BEF1030F1944034488
:106F400021D91E1F0D467446043C55F8047B46F8B3
:106F5000047F032CF8D8AEF1040424F003040434B5
:106F60002144234402F0030262B1013B0A4411F8B8
:106F7000014B03F8014F8A42F9D1F0BD0346F3E714
:106F80000346F2E7F0BD7246EEE700BF0148FFF7A7
:106F9000AFBB00BF889501200148FFF7ABBB00BF26
:106FA00088950120C36C70B505460C464BB153F86B
:106FB000240080B1026843F8242000230361C360E9
:106FC00070BD2122042100F077FEE864034600280A
:106FD000EDD1002070BD012101FA04F6721D284692
:106FE000920000F069FE0028F3D044608660E4E778
:106FF00031B1C36C4A6853F82200086043F822108C
:10700000704700BFF0B50C6983B00D46064601F12C
:10701000140E0027DEF8000081B202FB0133010CE0
:10702000180C02FB01019BB2013703EB0143BC4288
:107030004EF8043B4FEA1143ECDC3BB1AA689442A2
:1070400007DA05EB8402013453612C61284603B052
:10705000F0BD6968019301313046FFF7A3FF2A694B
:10706000023205F10C01074692000C30FFF790FE4A
:10707000F26C6968019B52F82100286042F82150A7
:107080003D46DEE7020C12040346B2B903041020A9
:1070900013F07F4F04BF1B02083013F0704F04BF82
:1070A0001B01043013F0404F04BF9B000230002B43
:1070B00002DB5B0003D4202070470020E8E70130AA
:1070C000704700BF036813F00702014607D0DA07D4
:1070D00021D4980721D49B080B600220704798B2F6
:1070E00098B1104613F0FF0F04BF1B0A08301A07AF
:1070F00004BF1B0904309A0704BF9B080230DA075B
:1071000007D45B0804D1202070471B0C1020E9E74E
:1071100001300B607047002070475B080B60012056
:10712000704700BF10B50C460121FFF73BFF01225D
:107130004461026110BD00BF2DE9F04F0C69156973
:10714000AC4283B08B46164604DA2246B3462C4640
:107150000E461546DBF80830DBF8041004EB050892
:107160009845C8BF0131FFF71DFF00F1140909EB75
:10717000880AD145009005D24B46002143F8041BF4
:107180009A45FBD806F1140C0CEB85030BF1140B9C
:107190009C450BEB840E4CD2CDF804A09A46DCF84B
:1071A0000050AFB2EFB100214D465E460C4656F896
:1071B000042B286893B281B207FB0313120C010C55
:1071C000234407FB021101EB13419BB243EA014345
:1071D000B64545F8043B4FEA1144E8D82C60DCF88A
:1071E00000502D0C1DD0D9F8003048461C46594699
:1071F00000220E88240C05FB064422449BB243EA7D
:10720000024340F8043B51F8043B04681B0CA6B24F
:1072100005FB036303EB12438E454FEA1342E8D8A4
:1072200003600CF1040CE24509F10409B7D8DDF85C
:1072300004A0B8F1000F0BDD5AF8043CAAF1040ACF
:107240001BB105E05AF8043D13B9B8F10108F9D1B2
:107250000098C0F8108003B0BDE8F08F12F003036F
:107260002DE9F041144607462ED10D46A4101CD03E
:10727000BE6C96B3E3074FF0000806D4641014D038
:107280003068A8B10646E307F8D5324629463846A5
:10729000FFF752FFB5B16A68FB6C641053F8221017
:1072A000296043F822500546EAD12846BDE8F0811E
:1072B000324631463846FFF73FFF3060C0F8008065
:1072C0000646E0E70546D9E75A1E0B4D002355F860
:1072D0002220FFF797FE0546C8E701213846FFF751
:1072E00061FE40F2712101220023416102610646E4
:1072F000B8640360BEE700BFC89440002DE9F843BE
:1073000091460A698B684FEA691404EB020808F198
:1073100001059D420E460746496804DD5B009D421B
:1073200001F10101FADC3846FFF73CFE002C00F1C8
:10733000140306DD03EB8402002143F8041B9A4288
:10734000FBD1346906F1140119F01F0901EB840E19
:107350001DD0C9F1200C00220C6804FA09F4144372
:1073600043F8044B51F8042B8E4522FA0CF2F3D863
:107370001A600AB108F10205FB6C7268013D53F80E
:1073800022100561316043F82260BDE8F883043BB8
:1073900051F8042B43F8042F8E45F9D8ECE700BFD1
:1073A00030B40B6905460069C01A0FD19B00143533
:1073B000143119442B4401E09D4207D253F8044D87
:1073C00051F8042D9442F7D002D3012030BC70470D
:1073D0004FF0FF30FAE700BF2DE9F0410F690E468C
:1073E00011697F1A002F904617D1890006F1140504
:1073F00002F1140E6B18714401E09D425CD253F807
:10740000042D51F8044DA242F7D05ED233462C46EB
:10741000464675469846012705E058DB06F11405F7
:1074200008F1140400277168FFF7BCFDD8F810308C
:107430003669C76004EB830CA64605EB860700F1AE
:10744000140400235EF8041B55F8048B8AB213FA67
:1074500088F3090C9A1AC1EB184303EB224392B24A
:1074600042EA0342F44544F8042B4FEA2343E9D8A7
:10747000AF4217D9A446AE465EF8042B13FA82F346
:10748000191401EB12419BB243EA014277454CF8D3
:10749000042B4FEA2143EFD8ED432F4427F0030795
:1074A00004373C44043C22B954F8043D013E002B0F
:1074B000FAD00661BDE8F0810021FFF773FD0122DB
:1074C000002302614361BDE8F0817446ABE73346B7
:1074D00006F1140402F11405164601279846A2E7A6
:1074E0002DE9F04182B001211C46C3F30A5715462D
:1074F000089EFFF757FDC4F3130480460FB144F410
:10750000801401941DB302A840F8085DFFF7DAFD6E
:10751000002834D19DE80C00C8F81420002B0CBFC3
:1075200001210221C8F81830C8F81010DFB908EBA3
:107530008103A0F2324030601869FFF7A3FD099B78
:10754000C0EB41101860404602B0BDE8F08101A8D0
:10755000FFF7B8FD019BC8F8143001212030C8F8AE
:107560001010002FE3D0099BA7F233470744C0F166
:10757000350037601860404602B0BDE8F0819DE8F4
:107580000A00C0F1200203FA02F20A43C340019349
:10759000C8F81420C2E700BF002900F095802DE94B
:1075A000F04F0D46164683B0804606F10B07FFF7F5
:1075B000EDFC55F804EC162F2EF00304A5F1080994
:1075C0003CD810221746BE423DD8944243DAC44B01
:1075D000996809EB0400884200F0B480436823F006
:1075E000010101444968C9074CD51EF0010F00F0A4
:1075F0009B8031464046FFF77FF8064600283AD088
:1076000055F8043C23F001034B44A0F108029A42D0
:1076100000F02181221F242A00F20781132A00F2A0
:10762000DB8003462A4611681960516859609268E8
:107630009A6029464046FEF767FF1CE027F00707DF
:10764000002F3A46BFDA00260C233046C8F8003037
:1076500003B0BDE8F08F2E46E31B0F2B1ED8D9F8E0
:10766000043003F0010323434C44C9F80430636839
:1076700043F0010363604046FFF78EFC304603B0E1
:10768000BDE8F08F23F00303E11891421FDBC368CC
:1076900082682E46D3600C469A60DDE7D9F8042054
:1076A00009EB070102F001024C4443F001031743C8
:1076B000C9F804704B60636843F0010308316360EC
:1076C0004046FEF721FFD6E71146FFF715B81EF03A
:1076D000010F8ED155F8081CA9EB010ADAF8041045
:1076E00021F003010B442344934225DBC2688168E7
:1076F0005646CA609160DAF80C1056F8080F221F3F
:10770000242AC160886000F29480132A6FD9296806
:10771000CAF808106968CAF80C101B2A00F2A28087
:1077200008350AF1100263E055F8083CA9EB030A9A
:10773000DAF8041021F0030163189342FFF659AF01
:107740005646D8E7416821F0030BA34407F1100027
:10775000834556DA1EF0010F7FF44BAF55F8081C35
:10776000A9EB010ADAF8041021F003018B44584513
:10777000E2DC5646DAF80C1056F8080F221F242ACD
:10778000C160886000F28F80132A40F28A802968E5
:10779000CAF808106968CAF80C101B2A00F28A801F
:1077A00008350AF110022968116069685160A968FA
:1077B00091600AEB0701ABEB070242F0010299600E
:1077C0004A60DAF8043003F001031F434046CAF868
:1077D0000470FFF7E1FB51E72B6803606B684360BF
:1077E0001B2A2DD800F1080305F108021BE73246D9
:1077F0002968116069685160A96891601C46D1468A
:107800002AE709EB0701ABEB070B4BF0010299608C
:107810004A6055F8043C03F001031F43404645F815
:10782000047CFFF7B9FB2E4628E72946FFF74AFB01
:10783000FFE6294630461C46D146FFF743FB0BE7DF
:10784000AB688360EB68C360242A17D000F1100393
:1078500005F11002E7E650F8043C23F003031C4452
:107860002E46F9E6A968CAF81010E968CAF814109B
:10787000242A0CD010350AF11802B9E72B690361EC
:107880006B69436105F1180200F11803CBE62A6920
:10789000CAF818206A69CAF81C2018350AF12002B3
:1078A000A6E732467FE7294630460193FFF70AFBF9
:1078B000019B7EE7A968CAF81010E968CAF814109D
:1078C000242A03D010350AF118026CE72A69CAF895
:1078D00018206A69CAF81C2018350AF1200262E7EC
:1078E000B005002038B5074C002305460846236044
:1078F000FAF728FF431C00D038BD2368002BFBD0CB
:107900002B6038BD9C950120C9B2002941D0820767
:10791000F0B467D00378002B68D0994237D0431C6D
:1079200004E013F8010B90B381422FD09A071C4654
:10793000F7D1256841EA012343EA034383EA0506B8
:10794000A6F10130A5F1013220EA060022EA050283
:10795000024312F0803F11D1204650F8046F83EAB1
:107960000607A7F10135A6F1013225EA070522EA4B
:1079700006022A4312F0803FEFD00446207818B95F
:1079800005E014F8010F10B18142FAD12046F0BC95
:107990007047830724D00378002BF9D0431C03E001
:1079A00002780133002AF3D099071846F8D11968F4
:1079B000A1F1013222EA010212F0803F08D153F80E
:1079C000041FA1F1013222EA010212F0803FF6D039
:1079D0001A78184642B110F8013F002BFBD17047CE
:1079E0000346E4E70446A4E7184670471846CEE786
:1079F0000000000000000000000000000000000087
:107A000090F800F06DE9024520F007016FF0000CDE
:107A100010F0070491F820F040F049804FF0000486
:107A20006FF00700D1E9002391F840F000F1080061
:107A300082FA4CF2A4FA8CF283FA4CF3A2FA8CF399
:107A40004BBBD1E9022382FA4CF200F10800A4FA00
:107A50008CF283FA4CF3A2FA8CF3E3B9D1E9042354
:107A600082FA4CF200F10800A4FA8CF283FA4CF38B
:107A7000A2FA8CF37BB9D1E9062301F1200182FA45
:107A80004CF200F10800A4FA8CF283FA4CF3A2FA4B
:107A90008CF3002BC6D0002A04BF04301A4612BA59
:107AA000B2FA82F2FDE8024500EBD2007047D1E95C
:107AB000002304F00305C4F100004FEAC50514F0EB
:107AC000040F91F840F00CFA05F562EA05021CBFBC
:107AD00063EA050362464FF00004A9E72DE9F04F81
:107AE000936883B09046002B70D082460C4617688E
:107AF0008D68086842E0A38913F4906F2ED0656901
:107B0000216905EB4505A0EB010B05EBD5750BF1E4
:107B100001006D103044A8422A4684BF05462A461B
:107B20005B0538D511465046FEF7E6FD00283CD0EF
:107B30005A4621690190FFF72BF9A289019B22F493
:107B4000906242F08002A281A5EB0B0203EB0B00D6
:107B5000656123612060A2603546B3465A464946B6
:107B6000FFF7B0F9D8F80830A2682068551B5844D0
:107B70009E1BA5602060C8F808603EB37E683B4647
:107B80000837002EFAD0AE42D3F80090AB46B2D2FE
:107B90003546B346E2E75046FFF7FEFC03460028B1
:107BA000D2D121695046FEF7AFFC0C23CAF8003051
:107BB000A389002243F040034FF0FF30A381C8F8AF
:107BC0000820C8F8042003B0BDE8F08F0020C8F8F2
:107BD000040003B0BDE8F08F21B1FF2A04D80A7079
:107BE00001207047084670478A2303604FF0FF303A
:107BF000704700BF2DE9F8432C4D0646286898468B
:107C00000F469146FEF774FD294B1C68D4F84831A5
:107C1000002B3ED05A681F2A1CDC02F1010E76B1FF
:107C200003EB82010124C1F88890D3F888019440C5
:107C30002043022EC3F88801C1F8088123D0023204
:107C4000C3F804E0286843F82270FEF753FD0020D3
:107C5000BDE8F883174B0BB34FF4C870AFF3008047
:107C60000346D8B1D4F848210260002141600A4699
:107C7000C4F848014FF0010EC0F88811C0F88C110B
:107C8000002EDCD0CCE7D3F88C110C43C3F88C4128
:107C9000D5E704F5A673C4F84831BBE72868FEF7BA
:107CA00029FD4FF0FF30BDE8F88300BF40040020FD
:107CB000509340000000000010B502FB01F1FEF7F8
:107CC0001BFD0446D8B150F8042C22F00302043AFC
:107CD000242A18D8132A14D900231B2A03604360CE
:107CE00016D9242A8360C36011BF00F1100203611A
:107CF000436100F118020023136053609360204633
:107D000010BD0246F7E70021FBF7BEFE204610BD7E
:107D100000F10802EFE700BF81F0004102E000BF80
:107D200083F0004330B54FEA41044FEA430594EA3B
:107D3000050F08BF90EA020F1FBF54EA000C55EA76
:107D4000020C7FEA645C7FEA655C00F0E2804FEA47
:107D50005454D4EB5555B8BF6D420CDD2C4480EA29
:107D6000020281EA030382EA000083EA010180EA59
:107D7000020281EA0303362D88BF30BD11F0004FA7
:107D80004FEA01314FF4801C4CEA113102D04042DD
:107D900061EB410113F0004F4FEA03334CEA133318
:107DA00002D0524263EB430394EA050F00F0A78030
:107DB000A4F10104D5F1200E0DDB02FA0EFC22FA2B
:107DC00005F2801841F1000103FA0EF2801843FA1F
:107DD00005F359410EE0A5F120050EF1200E012A10
:107DE00003FA0EFC28BF4CF0020C43FA05F3C0184E
:107DF00051EBE37101F0004507D54FF0000EDCF1C7
:107E0000000C7EEB00006EEB0101B1F5801F1BD36F
:107E1000B1F5001F0CD349085FEA30004FEA3C0C73
:107E200004F101044FEA445212F5800F80F09A8069
:107E3000BCF1004F08BF5FEA500C50F1000041EB6D
:107E4000045141EA050130BD5FEA4C0C404141EB71
:107E5000010111F4801FA4F10104E9D191F0000F98
:107E600004BF01460020B1FA81F308BF2033A3F11B
:107E70000B03B3F120020CDA0C3208DD02F1140C12
:107E8000C2F10C0201FA0CF021FA02F10CE002F14D
:107E90001402D8BFC2F1200C01FA02F120FA0CFC46
:107EA000DCBF41EA0C019040E41AA2BF01EB04518F
:107EB000294330BD6FEA04041F3C1CDA0C340EDC8D
:107EC00004F11404C4F1200220FA04F001FA02F3D0
:107ED00040EA030021FA04F345EA030130BDC4F18E
:107EE0000C04C4F1200220FA02F001FA04F340EA83
:107EF0000300294630BD21FA04F0294630BD94F034
:107F0000000F83F4801306BF81F480110134013D1A
:107F10004EE77FEA645C18BF7FEA655C29D094EA8B
:107F2000050F08BF90EA020F05D054EA000C04BF09
:107F30001946104630BD91EA030F1EBF00210020F4
:107F400030BD5FEA545C05D14000494128BF41F093
:107F5000004130BD14F580043CBF01F5801130BDF7
:107F600001F0004545F0FE4141F470014FF0000082
:107F700030BD7FEA645C1ABF194610467FEA655C33
:107F80001CBF0B46024650EA013406BF52EA0335D5
:107F900091EA030F41F4002130BD00BF90F0000FC3
:107FA00004BF0021704730B54FF4806404F13204FF
:107FB0004FF000054FF0000150E700BF90F0000FB8
:107FC00004BF0021704730B54FF4806404F13204DF
:107FD00010F0004548BF40424FF000013EE700BFAF
:107FE00042004FEAE2014FEA31014FEA02701FBF3F
:107FF00012F07F4393F07F4F81F06051704792F011
:10800000000F14BF93F07F4F704730B54FF460748A
:1080100001F0004521F0004120E700BF50EA0102D5
:1080200008BF704730B54FF000050AE050EA010282
:1080300008BF704730B511F0004502D5404261EBF2
:1080400041014FF4806404F132045FEA915C3FF433
:10805000DCAE4FF003025FEADC0C18BF03325FEACC
:10806000DC0C18BF033202EBDC02C2F1200300FA81
:1080700003FC20FA02F001FA03FE40EA0E0021FAA6
:1080800002F11444C1E600BF70B54FF0FF0C4CF490
:10809000E06C1CEA11541DBF1CEA135594EA0C0F46
:1080A00095EA0C0F00F0DEF82C4481EA030621EA81
:1080B0004C5123EA4C5350EA013518BF52EA0335BC
:1080C00041F4801143F4801338D0A0FB02CE4FF06E
:1080D0000005E1FB02E506F00042E0FB03E54FF09E
:1080E0000006E1FB03569CF0000F18BF4EF0010E96
:1080F000A4F1FF04B6F5007F64F5407404D25FEA92
:108100004E0E6D4146EB060642EAC62141EA555144
:108110004FEAC52040EA5E504FEACE2EB4F1FD0C86
:1081200088BFBCF5E06F1ED8BEF1004F08BF5FEA04
:10813000500E50F1000041EB045170BD06F00046B6
:1081400046EA010140EA020081EA0301B4EB5C0463
:10815000C2BFD4EB0C0541EA045170BD41F480115B
:108160004FF0000E013C00F3AB8014F1360FDEBF80
:10817000002001F0004170BDC4F10004203C35DA5C
:108180000C341BDC04F11404C4F1200500FA05F3DF
:1081900020FA04F001FA05F240EA020001F0004280
:1081A00021F0004110EBD37021FA04F642EB0601F6
:1081B0005EEA430E08BF20EAD37070BDC4F10C0420
:1081C000C4F1200500FA04F320FA05F001FA04F2E4
:1081D00040EA020001F0004110EBD37041F10001D0
:1081E0005EEA430E08BF20EAD37070BDC4F12005DB
:1081F00000FA05F24EEA020E20FA04F301FA05F243
:1082000043EA020321FA04F001F0004121FA04F2EA
:1082100020EA020000EBD3705EEA430E08BF20EABA
:10822000D37070BD94F0000F0FD101F000464000F4
:1082300041EB010111F4801F08BF013CF7D041EA76
:10824000060195F0000F18BF704703F0004652007A
:1082500043EB030313F4801F08BF013DF7D043EA4B
:108260000603704794EA0C0F0CEA135518BF95EA01
:108270000C0F0CD050EA410618BF52EA4306D1D188
:1082800081EA030101F000414FF0000070BD50EAA7
:10829000410606BF1046194652EA430619D094EA31
:1082A0000C0F02D150EA013613D195EA0C0F05D11B
:1082B00052EA03361CBF104619460AD181EA03016F
:1082C00001F0004141F0FE4141F470014FF0000027
:1082D00070BD41F0FE4141F4780170BD70B54FF0C2
:1082E000FF0C4CF4E06C1CEA11541DBF1CEA135542
:1082F00094EA0C0F95EA0C0F00F0A7F8A4EB050424
:1083000081EA030E52EA03354FEA013100F088801A
:108310004FEA03334FF0805545EA131343EA1263E3
:108320004FEA022245EA111545EA10654FEA002698
:108330000EF000419D4208BF964244F1FD0404F551
:10834000407402D25B084FEA3202B61A65EB0305AD
:108350005B084FEA32024FF480104FF4002CB6EB6A
:10836000020E75EB030E22BFB61A754640EA0C00EA
:108370005B084FEA3202B6EB020E75EB030E22BF2A
:10838000B61A754640EA5C005B084FEA3202B6EB6B
:10839000020E75EB030E22BFB61A754640EA9C002A
:1083A0005B084FEA3202B6EB020E75EB030E22BFFA
:1083B000B61A754640EADC0055EA060E18D04FEAB8
:1083C000051545EA16754FEA06164FEAC30343EA58
:1083D00052734FEAC2025FEA1C1CC0D111F4801F25
:1083E0000BD141EA00014FF000004FF0004CB6E71E
:1083F00011F4801F04BF01430020B4F1FD0C88BFBD
:10840000BCF5E06F3FF6AFAEB5EB030C04BFB6EBC7
:10841000020C5FEA500C50F1000041EB045170BDBA
:108420000EF0004E4EEA113114EB5C04C2BFD4EBE7
:108430000C0541EA045170BD41F480114FF0000E6B
:10844000013C90E645EA060E8DE60CEA135594EAE7
:108450000C0F08BF95EA0C0F3FF43BAF94EA0C0FEA
:108460000AD150EA01347FF434AF95EA0C0F7FF45F
:1084700025AF104619462CE795EA0C0F06D152EAB3
:1084800003353FF4FDAE1046194622E750EA410697
:1084900018BF52EA43067FF4C5AE50EA41047FF4A8
:1084A0000DAF52EA43057FF4EBAE12E74FF0FF3C0D
:1084B00006E000BF4FF0010C02E000BF4FF0010CDE
:1084C0004DF804CD4FEA410C7FEA6C5C4FEA430C57
:1084D00018BF7FEA6C5C1BD001B050EA410C0CBFA6
:1084E00052EA430C91EA030F02BF90EA020F002008
:1084F000704710F1000F91EA030F58BF994208BF6F
:1085000090422CBFD8176FEAE37040F0010070472B
:108510004FEA410C7FEA6C5C02D150EA013C07D182
:108520004FEA430C7FEA6C5CD6D152EA033CD3D0CD
:108530005DF8040B704700BF8446104662468C46C7
:108540001946634600E000BF01B5FFF7B7FF0028FA
:1085500048BF10F1000F01BD4DF808EDFFF7F4FF23
:108560000CBF012000205DF808FB00BF4DF808EDAE
:10857000FFF7EAFF34BF012000205DF808FB00BFD1
:108580004DF808EDFFF7E0FF94BF012000205DF8F3
:1085900008FB00BF4DF808EDFFF7CEFF94BF0120A8
:1085A00000205DF808FB00BF4DF808EDFFF7C4FFA1
:1085B00034BF012000205DF808FB00BF4FEA410CEA
:1085C0007FEA6C5C02D150EA013C0AD14FEA430CCD
:1085D0007FEA6C5C02D152EA033C02D14FF000000A
:1085E00070474FF0010070474FEA410212F5001248
:1085F00015D211D56FF47873B3EB625212D94FEAEA
:10860000C12343F0004343EA505311F0004F23FAD3
:1086100002F018BF404270474FF00000704750EA28
:10862000013005D111F0004008BF6FF000407047E5
:108630004FF00000704700BFFF002CFF2EDFFF014E
:108640003C3211010902042813E514482C0C33783C
:108650003A333BFB3E0043111610399235DA221AA9
:1086600037C3230034C0361A068807C00D870E4171
:108670004C0048005B0042034A8121992440253880
:1086800026825C006300617062807C052080283057
:108690006C006D806E007002719473C112401711EE
:1086A000184319001A4B320937C04F6050A86D00AB
:1086B0003D38463F4F600C3CFF00E57FF9C0412448
:1086C000E01476FF33A0422043184C0087D5883F42
:1086D000D703D910D382C808C9807C007D007C03F1
:1086E0007D487D487C087D207D107D0E9000910E98
:1086F000911A9131915A91699175917E9188918FDA
:10870000919691A391AF91C491D791E89120920055
:10871000930693E3930593059300930493009300CA
:108720009300930093009300930096009708971985
:108730009702970C97249730972897269702979837
:10874000978097009700C3EDA400A800C511C651FB
:10875000BF80C710B666B8A5B764B97CB3AFB4978D
:10876000B5FFB0C5B194B20FC45CC064C14B8C00FE
:10877000863D500051C852965300540055005AC8C7
:108780005B965C00D300C3ED7F00DA00E51FE16774
:10879000E000DD7F05001240D304C016C1128C003A
:1087A000863D5000512C52245300540055005A2C41
:1087B0005B245C00FFFF0000FF000500DA10D70318
:1087C000DF0033803C40E1770000FFFFE014E177F9
:1087D000E51FD703DA10E000FF010408FFFF0000E7
:1087E000FF0112401711184319001A4B32094FCAE2
:1087F00050A85A236D00391235DA221A37C32300E4
:1088000034C0361A068807C00D870E414C00FF00A1
:10881000E004C064C14B8635508951C8529653005C
:108820005400550057005A505B3C5C00E000FFFFCD
:10883000FF011101120017111875323619011A972C
:10884000030F37404FBB509C5A576D803D3439025F
:108850003588220A374034A006020DB70E01FF000A
:10886000E004C0C8C196863D50895190522C5300F7
:108870005400558857005AA05B785C00D304E00090
:10888000FFFF0000FF0111011200171118753236A9
:1088900019011A97030F37404FBB509C5A576D80F0
:1088A0003D3439023588220A374034A006020DB71C
:1088B0000E01FF00E004C0C8C19686355089519072
:1088C000522C53005400558857005AC85B965C00E0
:1088D000D302E000FFFF0000FF0111011200171199
:1088E0001875323619011A97030F37404FBB509C49
:1088F0005A576D803D3439023588220A374034A0FA
:1089000006020DB70E01FF00C0C8C1968C00863D5F
:1089100050005190522C5300540055885A005BC0AF
:108920005C01D302FFFF0000FF01110112001711CB
:108930001875323619011A97030F37404FBB509CF8
:108940005A576D803D3439023588220A374034A0A9
:1089500006020DB70E01FF00E004C0C8C196863DB7
:1089600050005190522C53005400558857005A40E3
:108970005BF05C01D302E000FFFF0000FF0111018A
:10898000120017111875323619011A97030F374064
:108990004FBB509C5A576D803D3439023588220AAE
:1089A000374034A006020DB70E01FF00E004C0C836
:1089B000C196863D50005190522C5300540055886A
:1089C00057005A905B2C5C05D302E000FFFF0000CB
:1089D0000E001280FE05130011051200D5100CD4F4
:1089E0000D341601172518A019031AF01B8922034C
:1089F00029182BF82C0131A032F033C43AB4363F99
:108A0000046027803D0F3E803F40407F416A4229FD
:108A100044E54541470249644AA14B704C1A4D5008
:108A20004E1364006788681A1438243C2530267277
:108A30005097517E52005300200021233814E90042
:108A4000565557FF58FF59FF5F04EC0013FF807F16
:108A5000813F8232830138118500860387018805B2
:108A600089308D308F859330958599309B859C0812
:108A70009D129E239F45A055A164A272A37FA48B43
:108A8000A595A6A7A7B5A8CBA9DDAAECAB1ACE7869
:108A9000CF6ED00AD10CD284D390D41E5A245B1F3F
:108AA0005C885D60AC6EBEFFBF0031503278823FA3
:108AB0001200363F530033C41B8922032802FFFFF4
:108AC0000E001280FE05130011031200D5100CD405
:108AD0000D341601172518A019031AF01B8922035B
:108AE00029182BF82C0131A032F033C43AB4363FA8
:108AF000046027803D0F3E803F40407F416A42290D
:108B000044E54541470249644AA14B704C1A4D5017
:108B10004E1364006788681A1438243C2530267286
:108B20005097517E52005300200021233814E90051
:108B3000565557FF58FF59FF5F04EC0013FF807F25
:108B4000813F8232830138118500860387018805C1
:108B500089308D308F859330958599309B859C0821
:108B60009D129E239F45A055A164A272A37FA48B52
:108B7000A595A6A7A7B5A8CBA9DDAAECAB1ACE7878
:108B8000CF6ED00AD10CD284D390D41E5A245B1F4E
:108B90005C885D60AC6EBEFFBF0031503278823FB2
:108BA0001200363F530033C41B8922032802FFFF03
:108BB0000E001280FE05130011021200D5100CD415
:108BC0000D341601172518A019031AF01B8922036A
:108BD00029182BF82C0131A032F033C43AB4363FB7
:108BE000046027803D0F3E803F40407F416A42291C
:108BF00044E54541470249644AA14B704C1A4D5027
:108C00004E1364006788681A1438243C2530267295
:108C10005097517E52005300200021233814E90060
:108C2000565557FF58FF59FF5F04EC0013FF807F34
:108C3000813F8232830138118500860387018805D0
:108C400089308D308F859330958599309B859C0830
:108C50009D129E239F45A055A164A272A37FA48B61
:108C6000A595A6A7A7B5A8CBA9DDAAECAB1ACE7887
:108C7000CF6ED00AD10CD284D390D41E5A245B1F5D
:108C80005C885D60AC6EBEFFBF0031503278823FC1
:108C90001200363F530033C41B8922032802FFFF12
:108CA0000E001280FE05130011011200D5100CD425
:108CB0000D341601172518A019031AF01B89220379
:108CC00029182BF82C0131A032F033C43AB4363FC6
:108CD000046027803D0F3E803F40407F416A42292B
:108CE00044E54541470249644AA14B704C1A4D5036
:108CF0004E1364006788681A1438243C25302672A5
:108D00005097517E52005300200021233814E9006F
:108D1000565557FF58FF59FF5F04EC0013FF807F43
:108D2000813F8232830138118500860387018805DF
:108D300089308D308F859330958599309B859C083F
:108D40009D129E239F45A055A164A272A37FA48B70
:108D5000A595A6A7A7B5A8CBA9DDAAECAB1ACE7896
:108D6000CF6ED00AD10CD284D390D41E5A245B1F6C
:108D70005C885D60AC6EBEFFBF0031503278823FD0
:108D80001200363F530033C41B8922032802FFFF21
:108D90000E001280130011011200D5100C120D34B8
:108DA000172518A019031AF01B89220329182BF87C
:108DB0002C0131A032F033C43AB4363F046027802E
:108DC0003D0F3E803F40407F416A422944E5454196
:108DD000470249644AA14B704C1A4D504E1364002F
:108DE0006788681A1438243C253026725097517EC3
:108DF00052005300200021233814E900565557FF34
:108E000058FF59FF5F04EC0013FF807F813F8232DF
:108E100083013811847085008603870188058930B5
:108E20008D308F859330958599309B859C089D1258
:108E30009E239F45A055A164A272A37FA48BA595F4
:108E4000A6A7A7B5A8CBA9DDAAECAB1ACE78CF6EA2
:108E5000D00AD10CD284D390D41E5A245B1F5C88D4
:108E60005D60AC6EBEFFBF0031503278823F1201B0
:108E7000362F8304530033F41B8A220384008400BA
:108E80002802FFFF0E001280130011011200D510FE
:108E90000C540D341601172518A019031AF01B895C
:108EA000220329182BF82C0131A032F033C43AB434
:108EB000363F046027803D0F3E803F40407F416A3F
:108EC000422944E54541470249644AA14B704C1A86
:108ED0004D504E1364006788681A1438243C2530BE
:108EE00026725097517E52005300200021233814DF
:108EF000E900565557FF58FF59FF5F04EC0013FF78
:108F0000807F813F8232830138118470850086031F
:108F10008701880589308D308F859330958599300C
:108F20009B859C089D129E239F45A055A164A2721B
:108F3000A37FA48BA595A6A7A7B5A8CBA9DDAAEC6E
:108F4000AB1ACE78CF6ED00AD10CD284D390D41E77
:108F50005A245B1F5C885D60AC6EBEFFBF00312889
:108F6000323C3400823F1200363F530033001B89ED
:108F700022032802D900FFFF0E0012801300110106
:108F80001200D5100C120D34172518A019031AF071
:108F90001B89220329182BF82C0131A032F033C48D
:108FA0003AB4363F046027803D0F3E803F40407F0B
:108FB000416A422944E54541470249644AA14B7050
:108FC0004C1A4D504E1364006788681A1438243CBC
:108FD000253026725097517E5200530020002123E5
:108FE0003814E900565557FF58FF59FF5F04EC004D
:108FF00013FF807F813F82328301381184708500A6
:1090000086038701880589308D308F85933095855B
:1090100099309B859C089D129E239F45A055A16475
:10902000A272A37FA48BA595A6A7A7B5A8CBA9DDFF
:10903000AAECAB1ACE78CF6ED00AD10CD284D390E2
:10904000D41E5A245B1F5C885D60AC6EBEFFBF00FF
:109050003128323C823F1201362F8304530033F40F
:109060001B8A2203840084002802FFFF0E00128066
:10907000FE05130011021200D5100CD40D34160198
:10908000172518A019031AF01B89220329182BF899
:109090002C0131A032F033C43AB4363F046027804B
:1090A0003D0F3E803F40407F416A422944E54541B3
:1090B000470249644AA14B704C1A4D504E1364004C
:1090C0006788681A1438243C253026725097517EE0
:1090D0005200530020002123380784023814E9008D
:1090E000565557FF58FF59FF5F04EC0013FF807F70
:1090F000813F82328301381185008603870188050C
:1091000089308D308F859330958599309B859C086B
:109110009D129E239F45A055A164A272A37FA48B9C
:10912000A595A6A7A7B5A8CBA9DDAAECAB1ACE78C2
:10913000CF6ED00AD10CD284D390D41E5A245B1F98
:109140005C885D60AC6EBEFFBF0031503278823FFC
:109150001200363F530033C41B8922032802FFFF4D
:109160000E001280FE05130011021200D5100CD45F
:109170000D341601172518A019031AF01B892203B4
:1091800029182BF82C0131A032F033C43AB4363F01
:10919000046027803D0F3E803F40407F416A422966
:1091A00044E54541470249644AA14B704C1A4D5071
:1091B0004E1364006788681A1438243C25302672E0
:1091C0005097517E52005300200021233814E900AB
:1091D000565557FF58FF59FF5F04EC0013FF807F7F
:1091E000813F82328301381185008603870188051B
:1091F00089308D308F859330958599309B859C087B
:109200009D129E239F45A055A164A272A37FA48BAB
:10921000A595A6A7A7B5A8CBA9DDAAECAB1ACE78D1
:10922000CF6ED00AD10CD284D390D41E5A245B1FA7
:109230005C885D60AC6EBEFFBF0031A032F0823F43
:109240001200363F530033C41B8922032802FFFF5C
:109250005355434345535300696E76616C696420EE
:10926000636F6D6D616E64004572726F723A204576
:109270005350333220726563656976656420616E90
:1092800020696E76616C696420636F6D6D616E64D8
:10929000200A0000696D6167655F7472616E7366B4
:1092A00065722025750D0A0070726F766973696F9B
:1092B0006E00000074657374000000005355434352
:1092C0004553530073657420776C616E5F677069F6
:1092D0006F20323700000000736574207765627379
:1092E0006F636B65745F6770696F203236000000D2
:1092F0007365742061705F6770696F20323500009C
:1093000073657420636F6D6D5F6770696F203231B4
:1093100000000000736574206E65745F6770696F8C
:109320002032320073657420636C69656E74735FFC
:109330006770696F20333200736574207370695FE2
:10934000626175642034303030303030000000000D
:1093500018000020494E4600696E66004E414E00DE
:109360006E616E0030313233343536373839414230
:10937000434445460000000030313233343536373F
:10938000383961626364656600000000286E756CA0
:109390006C29000030000000202020202020202008
:1093A000202020202020202030303030303030303D
:1093B0003030303030303030496E66696E697479E3
:1093C000000000004E614E0043000000504F534922
:1093D000580000002E0000000080E03779C34143B0
:1093E000176E05B5B5B89346F5F93FE9034F384D0B
:1093F000321D30F94877825A3CBF737FDD4F1575B7
:10940000000000000000F03F0000000000002440C9
:1094100000000000000059400000000000408F40A4
:10942000000000000088C34000000000006AF8400F
:109430000000000080842E4100000000D012634133
:109440000000000084D797410000000065CDCD41A9
:10945000000000205FA00242000000E8764837428A
:10946000000000A2941A6D42000040E59C30A24228
:109470000000901EC4BCD64200003426F56B0C439D
:109480000080E03779C3414300A0D8855734764344
:1094900000C84E676DC1AB43003D9160E458E143A5
:1094A000408CB5781DAF154450EFE2D6E41A4B441A
:1094B00092D54D06CFF08044F64AE1C7022DB5445F
:1094C000B49DD9794378EA440500000019000000F2
:1094D0007D0000000020202020202020202028289F
:1094E0002828282020202020202020202020202064
:1094F00020202020208810101010101010101010A4
:1095000010101010100404040404040404040410D3
:109510001010101010104141414141410101010161
:10952000010101010101010101010101010101012B
:109530001010101010104242424242420202020237
:1095400002020202020202020202020202020202FB
:1095500010101010200000000000000000000000AB
:1095600000000000000000000000000000000000FB
:1095700000000000000000000000000000000000EB
:1095800000000000000000000000000000000000DB
:1095900000000000000000000000000000000000CB
:1095A00000000000000000000000000000000000BB
:1095B00000000000000000000000000000000000AB
:1095C000000000000000000000000000000000009B
:1095D0000000000000000000F8B500BFF8BC08BCA7
:1095E0009E46704795544000F1004000F8B500BF1A
:0C95F000F8BC08BC9E467047CD0040004F
:0895FC005CA1FF7F01000000EB
:10960400BFF35F8F0138FBD17047000000093D00B4
:1096140018000020000000000000000004030020E7
:109624006C030020D40300200000000000000000B0
:109634000000000000000000000000000000000026
:109644000000000000000000000000000000000016
:109654000000000000000000000000000000000006
:1096640000000000000000000000000000000000F6
:1096740000000000000000000000000000000000E6
:1096840000000000000000000000000000000000D6
:1096940000000000000000000000000000000000C6
:1096A40000000000000000000000000000000000B6
:1096B40000000000000000000000000000000000A6
:1096C40001000000000000000E33CDAB34126DE643
:1096D400ECDE05000B0000000000000000000000AC
:1096E4000000000000000000000000000000000076
:1096F4000000000000000000000000000000000066
:109704000000000000000000000000000000000055
:109714000000000000000000000000000000000045
:109724000000000000000000000000000000000035
:109734000000000000000000000000000000000025
:109744000000000000000000000000000000000015
:109754000000000000000000000000000000000005
:1097640000000000000000000000000000000000F5
:1097740000000000000000000000000000000000E5
:1097840000000000000000000000000000000000D5
:1097940000000000000000000000000000000000C5
:1097A40000000000000000000000000000000000B5
:1097B40000000000000000000000000000000000A5
:1097C4000000000000000000000000000000000095
:1097D4000000000000000000000000000000000085
:1097E4000000000000000000000000000000000075
:1097F4000000000000000000000000000000000065
:109804000000000000000000000000000000000054
:109814000000000000000000000000000000000044
:109824000000000000000000000000000000000034
:109834000000000000000000000000000000000024
:109844000000000000000000000000000000000014
:109854000000000000000000000000000000000004
:1098640000000000000000000000000000000000F4
:1098740000000000000000000000000000000000E4
:1098840000000000000000000000000000000000D4
:1098940000000000000000000000000000000000C4
:1098A40000000000000000000000000000000000B4
:1098B40000000000000000000000000000000000A4
:1098C4000000000000000000000000000000000094
:1098D4000000000000000000000000000000000084
:1098E4000000000000000000000000000000000074
:1098F4000000000000000000000000000000000064
:109904000000000000000000000000000000000053
:109914000000000000000000000000000000000043
:109924000000000000000000000000000000000033
:109934000000000000000000000000000000000023
:109944000000000000000000000000000000000013
:109954000000000000000000000000000000000003
:1099640000000000000000000000000000000000F3
:1099740000000000000000000000000000000000E3
:1099840000000000000000000000000000000000D3
:1099940000000000000000000000000000000000C3
:1099A40000000000000000000000000000000000B3
:1099B40000000000000000000000000000000000A3
:1099C4000000000000000000000000000000000093
:1099D4000000000000000000000000000000000083
:1099E4000000000000000000000000000000000073
:1099F4000000000000000000000000000000000063
:109A04000000000000000000000000000000000052
:109A14000000000000000000000000000000000042
:109A24000000000000000000000000000000000032
:109A34000000000000000000000000000000000022
:109A440078950120430000000000000000000000A1
:109A54000000000000000000000000000000000002
:109A640000000000430000000000000000000000AF
:109A740000000000000000000000000000000000E2
:109A8400000000004300000000000000000000008F
:109A940000000000000000000000000000000000C2
:109AA400000000004300000000000000000000006F
:109AB40000000000000000000000000000000000A2
:109AC400000000004300000000000000000000004F
:109AD4000000000000000000000000000000000082
:109AE400000000004300000000000000000000002F
:109AF4000000000000000000000000000000000062
:109B0400000000004300000000000000000000000E
:109B14000000000000000000000000000000000041
:109B240000000000D97B4000596C40000000000098
:109B3400D4944000D4934000749340007493400044
:109B440074934000749340007493400074934000F5
:109B5400749340007493400074934000FFFFFFFF30
:109B6400FFFFFFFFFFFFFFFFFFFF00000100415366
:109B7400434949000000000000000000000000000C
:109B8400000000000000000000000000000041533D
:109B940043494900000000000000000000000000EC
:109BA40000000000000000000000000000000000B1
:109BB4000000000000000000B0050020B0050020F7
:109BC400B8050020B8050020C0050020C00500200D
:109BD400C8050020C8050020D0050020D0050020BD
:109BE400D8050020D8050020E0050020E00500206D
:109BF400E8050020E8050020F0050020F00500201D
:109C0400F8050020F80500200006002000060020CA
:109C14000806002008060020100600201006002078
:109C24001806002018060020200600202006002028
:109C340028060020280600203006002030060020D8
:109C44003806002038060020400600204006002088
:109C54004806002048060020500600205006002038
:109C640058060020580600206006002060060020E8
:109C74006806002068060020700600207006002098
:109C84007806002078060020800600208006002048
:109C940088060020880600209006002090060020F8
:109CA4009806002098060020A0060020A0060020A8
:109CB400A8060020A8060020B0060020B006002058
:109CC400B8060020B8060020C0060020C006002008
:109CD400C8060020C8060020D0060020D0060020B8
:109CE400D8060020D8060020E0060020E006002068
:109CF400E8060020E8060020F0060020F006002018
:109D0400F8060020F80600200007002000070020C5
:109D14000807002008070020100700201007002073
:109D24001807002018070020200700202007002023
:109D340028070020280700203007002030070020D3
:109D44003807002038070020400700204007002083
:109D54004807002048070020500700205007002033
:109D640058070020580700206007002060070020E3
:109D74006807002068070020700700207007002093
:109D84007807002078070020800700208007002043
:109D940088070020880700209007002090070020F3
:109DA4009807002098070020A0070020A0070020A3
:109DB400A8070020A8070020B0070020B007002053
:109DC400B8070020B8070020C0070020C007002003
:109DD400C8070020C8070020D0070020D0070020B3
:109DE400D8070020D8070020E0070020E007002063
:109DF400E8070020E8070020F0070020F007002013
:109E0400F8070020F80700200008002000080020C0
:109E1400080800200808002010080020100800206E
:109E2400180800201808002020080020200800201E
:109E340028080020280800203008002030080020CE
:109E4400380800203808002040080020400800207E
:109E5400480800204808002050080020500800202E
:109E640058080020580800206008002060080020DE
:109E7400680800206808002070080020700800208E
:109E8400780800207808002080080020800800203E
:109E940088080020880800209008002090080020EE
:109EA4009808002098080020A0080020A00800209E
:109EB400A8080020A8080020B0080020B00800204E
:109EC400B8080020B8080020C0080020C0080020FE
:109ED400C8080020C8080020D0080020D0080020AE
:109EE400D8080020D8080020E0080020E00800205E
:109EF400E8080020E8080020F0080020F00800200E
:109F0400F8080020F80800200009002000090020BB
:109F14000809002008090020100900201009002069
:109F24001809002018090020200900202009002019
:109F340028090020280900203009002030090020C9
:109F44003809002038090020400900204009002079
:109F54004809002048090020500900205009002029
:109F640058090020580900206009002060090020D9
:109F74006809002068090020700900207009002089
:109F84007809002078090020800900208009002039
:109F940088090020880900209009002090090020E9
:109FA4009809002098090020A0090020A009002099
:109FB400A8090020A8090020FFFFFFFF00000200FD
:04000005004024494A
:00000001FF
